depart,fin,A_final,drawdown_t0_pct,B10_declenche,B10_mois_attente,B10_final,B10_ecart_pct,B20_declenche,B20_mois_attente,B20_final,B20_ecart_pct,B30_declenche,B30_mois_attente,B30_final,B30_ecart_pct
1949-05,1959-05,4.510480398821663,0.0,True,1,5.419207732099102,20.14701878573375,True,6,6.48152067730381,43.69912080755456,True,6,6.48152067730381,43.69912080755456
1949-06,1959-06,5.5136809147835555,0.0,True,4,5.723258442843013,3.801045640808276,True,5,6.594513187886681,19.602735265385874,True,6,7.370302975161496,33.67300518606133
1949-07,1959-07,5.912649560827166,0.0,True,3,6.04005934718101,2.15486788187087,True,4,6.959540866167372,17.705958971019207,True,5,7.778273132563006,31.55308889091075
1949-08,1959-08,5.0321383719602695,0.0,True,2,6.228133389854459,23.767132965946036,True,3,7.176245522631065,42.60827092152395,True,4,8.02047129469566,59.384951323810384
1949-09,1959-09,5.526854063322923,0.0,True,1,6.376148085346899,15.36668079694785,True,2,7.346792575708239,32.92901335070009,True,3,8.211081794195252,48.567009371303804
1949-10,1959-10,6.746785361028686,0.0,True,1,7.773852165418432,15.223054379680878,True,2,8.688381402966066,28.778091165499053,True,3,10.319213313161876,52.95007564296517
1949-11,1959-11,7.9528655161185275,0.0,True,1,8.888454189791647,11.764170685106002,True,2,10.556840285282039,32.742597795547866,True,40,3.1816642240677413,-59.99348640286598
1949-12,1959-12,7.959967245928488,0.0,True,1,9.454073913983143,18.770261508536844,True,6,10.152953464082627,27.550191481954258,True,39,2.849307930304511,-64.20452695000814
1950-01,1960-01,10.298573589799005,0.0,True,4,10.114943748673317,-1.7830609212481474,True,38,3.103826738316235,-69.86158606090214,True,38,3.103826738316235,-69.86158606090214
1950-02,1960-02,9.447691734921817,0.0,True,3,10.773296540012735,14.030991296964546,True,37,3.30584595342778,-65.00895619605927,True,37,3.30584595342778,-65.00895619605927
1950-03,1960-03,10.854318205101938,0.0,True,3,12.295346408262736,13.276082163165803,True,36,3.450545513759974,-68.21038918742876,True,36,3.450545513759974,-68.21038918742876
1950-04,1960-04,10.99627429261907,0.0,True,2,12.673088081698966,15.24892654055936,True,35,3.5565543071161048,-67.65673343103728,True,35,3.5565543071161048,-67.65673343103728
1950-05,1960-05,10.49108469539376,0.0,True,7,9.69944068295555,-7.54587381022469,True,34,3.219247679531021,-69.31444390164468,True,34,3.219247679531021,-69.31444390164468
1950-06,1960-06,12.645120111407682,0.0,True,6,10.692081248160143,-15.445000490628969,True,33,3.5487054225696144,-71.93616674808663,True,33,3.5487054225696144,-71.93616674808663
1950-07,1960-07,11.203709396454553,0.0,True,5,10.728780296339908,-4.239034442154821,True,32,3.560885849210226,-68.21690278456278,True,32,3.560885849210226,-68.21690278456278
1950-08,1960-08,10.26407682234832,0.0,True,4,11.537140614267493,12.4031007751938,True,31,3.8291809151603977,-62.69337241491614,True,31,3.8291809151603977,-62.69337241491614
1950-09,1960-09,11.840799382120101,0.0,True,29,3.065332033690735,-74.11211916722903,True,30,3.9943657384790754,-66.26608044292462,True,30,3.9943657384790754,-66.26608044292462
1950-10,1960-10,11.775244913338359,0.0,True,28,3.124290820024493,-73.4672964934643,True,29,4.071193616674808,-65.42582641263638,True,29,4.071193616674808,-65.42582641263638
1950-11,1960-11,11.728200455580867,0.0,True,27,3.2170403139136736,-72.57004323810952,True,28,4.1920534114965,-64.25663572708028,True,28,4.1920534114965,-64.25663572708028
1950-12,1960-12,13.312825041703466,0.0,True,26,3.390842518307465,-74.52950438629378,True,27,4.418531183846279,-66.80996580361504,True,27,4.418531183846279,-66.80996580361504
1951-01,1961-01,12.941609633544138,0.0,True,25,3.733598260478368,-71.15043363075154,True,26,4.865168539325842,-62.40677414101938,True,26,4.865168539325842,-62.40677414101938
1951-02,1961-02,12.512557452396585,0.0,True,24,3.8102771737772114,-69.5483741970958,True,25,4.965087119361668,-60.319166259566835,True,25,4.965087119361668,-60.319166259566835
1951-03,1961-03,12.869769704832956,0.0,True,23,3.966659168728599,-69.17847591912225,True,24,5.168865005699398,-59.83716007164956,True,24,5.168865005699398,-59.83716007164956
1951-04,1961-04,13.619847707333223,0.0,True,22,4.112743995401264,-69.80330409137487,True,23,5.359224881941052,-60.65135971340172,True,23,5.359224881941052,-60.65135971340172
1951-05,1961-05,13.199166863161203,0.0,True,21,4.19717077803604,-68.20124465771913,True,22,5.4692395375346035,-58.5637518319492,True,22,5.4692395375346035,-58.5637518319492
1951-06,1961-06,13.287309722328466,0.0,True,20,4.341431106445727,-67.32648521656546,True,21,5.657221950822342,-57.423872333496185,True,21,5.657221950822342,-57.423872333496185
1951-07,1961-07,12.843181985429391,0.0,True,19,4.361950463622502,-66.03683986903603,True,20,5.683960267057481,-55.74336427291973,True,20,5.683960267057481,-55.74336427291973
1951-08,1961-08,11.028011011699933,0.0,True,18,4.00482367348979,-63.68498662867712,True,19,5.21859631981762,-52.6787168213646,True,19,5.21859631981762,-52.6787168213646
1951-09,1961-09,9.965555555555556,0.0,True,17,3.810777036315013,-61.76051585813902,True,18,4.965738479075069,-50.17098192476794,True,18,4.965738479075069,-50.17098192476794
1951-10,1961-10,8.053243685262585,0.0,True,16,3.322861213166379,-58.7388468171253,True,17,4.329946262823644,-46.23351245725452,True,17,4.329946262823644,-46.23351245725452
1951-11,1961-11,8.425675246266286,0.0,True,15,3.3135387768363698,-60.673314838419444,True,16,4.317798404168702,-48.754274548119206,True,16,4.317798404168702,-48.754274548119206
1951-12,1961-12,8.62700228832952,0.0,True,14,3.5805153582764735,-58.496413486291274,True,15,4.6656896270965635,-45.91760299625469,True,15,4.6656896270965635,-45.91760299625469
1952-01,1962-01,7.997142252328535,0.0,True,13,3.7768113768713607,-52.77298742845717,True,14,4.921478586549423,-38.459534277804906,True,14,4.921478586549423,-38.459534277804906
1952-02,1962-02,8.28489525909592,0.0,True,12,3.756167054060133,-54.66246782134914,True,13,4.89457743038593,-40.92167399446345,True,13,4.89457743038593,-40.92167399446345
1952-03,1962-03,8.18192695572902,0.0,True,11,3.589038014546,-56.13456299517634,True,12,4.676795310210064,-42.839928350431535,True,12,4.676795310210064,-42.839928350431535
1952-04,1962-04,6.7996250986582485,0.0,True,10,3.4451025967858837,-49.33393316837871,True,11,4.489236280736037,-33.97817944960104,True,11,4.489236280736037,-33.97817944960104
1952-05,1962-05,6.1430754021748895,0.0,True,9,3.416760390892504,-44.38029541875984,True,10,4.452304184986159,-27.523204689789928,True,10,4.452304184986159,-27.523204689789928
1952-06,1962-06,5.857850903920373,0.0,True,8,3.6037839594111616,-38.479418160006,True,9,4.696010421755414,-19.833903273082566,True,9,4.696010421755414,-19.833903273082566
1952-07,1962-07,5.570080170609375,0.0,True,7,3.52503061658044,-36.71490340156457,True,8,4.5933886989089725,-17.53460348477447,True,8,4.5933886989089725,-17.53460348477447
1952-08,1962-08,5.578182820250373,0.0,True,6,3.541451100947239,-36.51245907375472,True,7,4.614785865494219,-17.270802800846763,True,7,4.614785865494219,-17.270802800846763
1952-09,1962-09,4.858014131647453,0.0,True,5,3.2649021519082244,-32.79348179250709,True,6,4.254421104054714,-12.42468653313793,True,6,4.254421104054714,-12.42468653313793
1952-10,1962-10,4.021070778661048,0.0,True,4,3.1479343180625325,-21.714028642123417,True,5,4.102002931118711,2.0127015144113525,True,5,4.102002931118711,2.0127015144113525
1952-11,1962-11,4.102489685588277,0.0,True,3,3.6035590212691506,-12.161655544725214,True,4,4.695717309884384,14.460185637518341,True,4,4.695717309884384,14.460185637518341
1952-12,1962-12,3.9032453079058014,0.0,True,2,3.550098722851216,-9.0475119342181,True,3,4.62605438853607,18.518156652011086,True,3,4.62605438853607,18.518156652011086
1953-01,1963-01,3.2264180161047693,0.0,True,1,3.645172577541176,12.97893079403163,True,2,4.749943006025077,47.220322423058136,True,2,4.749943006025077,47.220322423058136
1953-02,1963-02,3.750243682987178,0.0,True,1,4.88685881778212,30.307767464582327,True,1,4.88685881778212,30.307767464582327,False,,1.0,-73.33506607753364
1953-03,1963-03,5.208076860446182,0.0,True,9,4.231088768355604,-18.75909511840189,True,10,4.5022100847433775,-13.553309496325905,False,,1.0,-80.79905449178933
1953-04,1963-04,4.692724754692518,0.0,True,8,4.213705516602725,-10.20769943114168,True,9,4.4837129423688715,-4.453954221684198,False,,1.0,-78.69041863152012
1953-05,1963-05,4.660661290806079,0.0,True,7,4.113639370287076,-11.737002248974715,True,8,4.37723471944593,-6.081252287508098,False,,1.0,-78.54381733397652
1953-06,1963-06,4.483293383775667,0.0,True,6,4.107500992194735,-8.382061119195662,True,7,4.370703004026014,-2.5113319631746567,False,,1.0,-77.6949685332028
1953-07,1963-07,3.5920026933934164,0.0,True,5,3.6697446752215903,2.1643074480751645,True,6,3.904895971170359,8.71083082293984,False,,1.0,-72.16037722245454
1953-08,1963-08,3.298532249004811,0.0,True,4,3.5736208493186936,8.339727477179547,True,5,3.8026126861679668,15.281961766941654,False,,1.0,-69.68348572909339
1953-09,1963-09,2.887040610375496,0.0,True,3,3.444053446223046,19.293557348855693,True,4,3.664742813705341,26.93769531799881,False,,1.0,-65.3624546739598
1953-10,1963-10,3.1766741488963706,0.0,True,2,3.5946553776954624,13.157825109141452,True,5,4.206322177157186,32.412768197157774,False,,1.0,-68.52053584572353
1953-11,1963-11,3.0260719519689876,0.0,True,1,3.3872469903426388,11.935441195925423,True,4,3.9636211647419417,30.982383355521836,False,,1.0,-66.95385913248607
1953-12,1963-12,3.2641883847069724,0.0,True,3,3.8196228985417497,17.016006687513507,True,48,2.6163764765762525,-19.846033126206176,False,,1.0,-69.36451325281674
1954-01,1964-01,3.7359159886258055,0.0,True,40,2.5496887249250633,-31.75197909461225,True,47,2.8141581659703525,-24.67287341208404,False,,1.0,-73.23280279737143
1954-02,1964-02,3.56889669035418,0.0,True,39,2.422123587733456,-32.13242640842364,True,46,2.673361185926665,-25.09278306788537,False,,1.0,-71.9801359702357
1954-03,1964-03,3.7839251989225664,0.0,True,38,2.3483398662670045,-37.93905157174697,True,45,2.591924161771256,-31.50170720844906,False,,1.0,-73.57241627596815
1954-04,1964-04,3.565199780111681,0.0,True,37,2.36768887864115,-33.588886326954125,True,44,2.613280173053677,-26.70031599261976,False,,1.0,-71.95108095825489
1954-05,1964-05,4.025781106132221,0.0,True,36,2.520328952424871,-37.39528091614789,True,43,2.7817530167751796,-30.90153330647041,False,,1.0,-75.16010002439619
1954-06,1964-06,3.905053290815593,0.0,True,35,2.6118476673583886,-33.116209361309664,True,42,2.8827646173096095,-26.178610056624162,False,,1.0,-74.39215484326607
1954-07,1964-07,3.9767025089605728,0.0,True,34,2.5155829682576276,-36.741987548997,True,41,2.7765147498568497,-30.180476321761052,False,,1.0,-74.85353762956287
1954-08,1964-08,3.6986551504260623,0.0,True,33,2.4519829375144107,-33.70609484282531,True,40,2.706317731639557,-26.82968209869997,False,,1.0,-72.96314581031416
1954-09,1964-09,3.464634389320582,0.0,True,32,2.3388478979325185,-32.49365921143649,True,39,2.5814476279345966,-25.49148516531291,True,120,1.0,-71.13692564264765
1954-10,1964-10,3.675540967663506,0.0,True,31,2.32380293597725,-36.776573668434395,True,38,2.564842109727908,-30.218649926833898,True,119,0.9935673619611742,-72.96813256327891
1954-11,1964-11,3.699892917240324,0.0,True,30,2.3236300053800627,-37.19737145492276,True,37,2.5646512417025433,-30.683095455220222,True,118,0.9934934235929117,-73.14804925938401
1954-12,1964-12,3.4164115813417957,0.0,True,29,2.337541311198217,-31.579048497425255,True,36,2.580005513965178,-24.482005386719806,True,117,0.9994413545509065,-70.74587382828224
1955-01,1965-01,3.3624847746650426,0.0,True,28,2.3869610329721005,-29.011989854738296,True,35,2.634551354102603,-21.64867558797954,True,116,1.0205712971254406,-69.64829982829868
1955-02,1965-02,3.3054579143845877,0.0,True,27,2.3308546614403194,-29.484666820382756,True,34,2.572625283651094,-22.170381523975113,True,115,0.9965824043114284,-69.85039803488247
1955-03,1965-03,3.222674253200569,0.0,True,26,2.1765621397279222,-32.46099454307895,True,33,2.402328589909444,-25.45543231607743,True,114,0.930612949072895,-71.12295950642032
1955-04,1965-04,3.398827233600047,0.0,True,25,2.2608561986011835,-33.48128506648222,True,32,2.4953661484953247,-26.581553665726453,True,113,0.9666537959136728,-71.55919587916829
1955-05,1965-05,3.1338267653530703,0.0,True,24,2.1071016831911455,-32.762662362616254,True,31,2.325663266388141,-25.78839098254616,True,112,0.9009143711541778,-71.25194088216689
1955-06,1965-06,3.0076602264022467,0.0,True,23,2.036949504265621,-32.27461378833295,True,30,2.2482344707653814,-25.249718999851524,True,111,0.8709200397624113,-71.043270376182
1955-07,1965-07,3.0003554923569147,0.0,True,22,2.108216124817462,-29.734455460763986,True,29,2.326893304773822,-22.446079782834595,True,110,0.9013908628607575,-69.95719790015035
1955-08,1965-08,3.24338706344286,0.0,True,21,2.412535546844977,-25.616785796633636,True,28,2.6627786142981362,-17.901300023328304,True,109,1.0315059602540193,-68.19664319808089
1955-09,1965-09,3.150558673600741,0.0,True,20,2.351356544462378,-25.366997156252403,True,27,2.5952537484359435,-17.625601764468822,True,108,1.0053482086376444,-68.08984333281303
1955-10,1965-10,3.056626829923992,0.0,True,19,2.403120436553685,-21.37998616555221,True,26,2.6523869106949722,-13.225033401904406,True,107,1.027480426870846,-66.38515317565292
1955-11,1965-11,3.4915581773799844,0.0,True,18,2.638459764814388,-24.433171931442633,True,25,2.912137085657329,-16.59491442750195,True,106,1.128102330701675,-67.69057614419626
1955-12,1965-12,3.330663158636567,0.0,True,17,2.724290984551533,-18.205748981630943,True,24,3.0068712489131135,-9.721544758551936,True,105,1.1648004074825629,-65.02797334932593
1956-01,1966-01,3.472299626883295,0.0,True,16,2.82526323879794,-18.634232572438712,True,23,3.118316968167456,-10.194473310287755,True,104,1.2079721991735335,-65.21117619513157
1956-02,1966-02,3.430687999271718,0.0,True,15,2.8964145722849897,-15.573361002228891,True,22,3.1968485568256537,-6.816109261340719,True,103,1.2383937300263714,-63.90246707688769
1956-03,1966-03,3.4853044702569513,0.0,True,14,3.044116516793482,-12.65851971408808,True,21,3.3598710580450883,-3.5989226560345644,True,102,1.3015453118966833,-62.656194802954246
1956-04,1966-04,3.2823763045590915,0.0,True,13,2.985320113749904,-9.050034586119459,True,20,3.294975929421247,0.3838568065658743,True,101,1.2764062666874791,-61.11334751854621
1956-05,1966-05,3.1000348053968843,0.0,True,12,2.9093651525632156,-6.150564906617495,True,19,3.211142451169598,3.5840773651729663,True,100,1.2439308922717975,-59.87364754401388
1956-06,1966-06,2.972972972972973,0.0,True,11,2.872377219275997,-3.383675351625548,True,18,3.170317901300024,6.63796577100082,True,99,1.2281162968379025,-58.69063365181601
1956-07,1966-07,2.995962745333174,0.0,True,10,2.880255168703405,-3.8621166705095744,True,17,3.1790130002332844,6.109897567493072,True,98,1.2314846002809658,-58.895196470675224
1956-08,1966-08,2.9634791063217802,0.0,True,9,2.8111597878718,-5.139881638613475,True,16,3.102750620321083,4.699594935635099,True,97,1.2019421144730247,-59.441518858391596
1956-09,1966-09,2.9873203547039036,0.0,True,8,2.815752055952655,-5.743217277688107,True,15,3.1078192267724227,4.033677602697638,True,96,1.2039055889191033,-59.69948160988474
1956-10,1966-10,2.835760390428212,0.0,True,7,2.7688494350933825,-2.3595419260625805,True,14,3.0560515767819663,7.768328632324595,True,95,1.1838518603714994,-58.25275420421778
1956-11,1966-11,2.4977721082324194,0.0,True,6,2.671220505725924,6.944124202597801,True,13,2.9482959726846656,18.037028396920697,True,94,1.1421095438002677,-54.27486999170248
1956-12,1966-12,2.6443165677240774,0.0,True,5,2.7901391130581814,5.514564599185312,True,12,3.079549551460141,16.459186053909658,True,93,1.1929544950420217,-54.88609383600469
1957-01,1967-01,2.576895980837648,0.0,True,4,2.8112942894473902,9.096149412035981,True,11,3.1028990732296995,20.41227493478679,True,92,1.2019996220927842,-53.354748075548585
1957-02,1967-02,2.6149674620390453,0.0,True,3,2.872223503189608,9.837829528860187,True,10,3.1701482408330333,21.230886688015627,True,91,1.2280505738438914,-53.03763462944554
1957-03,1967-03,2.501942314964419,0.0,True,2,2.796825762816078,11.786180923833678,True,9,3.086929781774225,23.381333107119428,True,90,1.1958134452814997,-52.20459568035621
1957-04,1967-04,2.4372806050636773,0.0,True,1,2.7615863500115285,13.306048727999386,True,8,3.0480351197166677,25.058850974487346,True,89,1.1807464489044799,-51.55475957707253
1957-05,1967-05,2.8935900391976017,0.0,True,7,3.193731045744704,10.372616800627776,True,53,1.1327030259268451,-60.85475099848816,True,88,1.2371860700114192,-57.243906246149045
1957-06,1967-06,2.8586898293410887,0.0,True,6,3.1687909570971105,10.847666108200983,True,52,1.1238576618453417,-60.686267873126184,True,87,1.2275247898918036,-57.059881862918274
1957-07,1967-07,3.036716307388514,0.0,True,5,3.1309354653998693,3.102665790087622,True,51,1.110431662793059,-63.43314454197411,True,86,1.212860346853101,-60.060136539520045
1957-08,1967-08,2.5357985986515326,0.0,True,4,2.8474964477339735,12.291900833457081,True,50,1.0099059051831127,-60.17404908575339,True,85,1.103061869983487,-56.500414876399695
1957-09,1967-09,2.50101067346746,0.0,True,3,2.8076898606663425,12.262210251733773,True,49,0.9957879218659507,-60.18457928108851,True,84,1.087641612513658,-56.511916400351616
1957-10,1967-10,2.6938587733208044,0.0,True,26,1.5728442757863934,-41.6137070226774,True,48,1.035005377921189,-61.57907800618273,True,83,1.1304765738603222,-58.035046786556364
1957-11,1967-11,2.6082703696140492,0.0,True,25,1.459937362838332,-44.02660936356986,True,47,0.9607073282637965,-63.16688103135741,True,82,1.0493251070052496,-59.769312291021414
1957-12,1967-12,2.7219264946026773,0.0,True,24,1.467024049012436,-46.10346561814194,True,46,0.9653707004836368,-64.53354995449452,True,81,1.0544186390411014,-61.2620457924961
1958-01,1968-01,2.510426630954658,0.0,True,23,1.4998628383321142,-40.25466349670811,True,45,0.9869801656249295,-60.68476355950687,True,80,1.078021409265299,-57.05823878806798
1958-02,1968-02,2.5556081490457436,0.0,True,22,1.5428058705193854,-39.63057790782736,True,44,1.015238696963543,-60.274085941437065,True,79,1.1088865703277113,-56.609679353942965
1958-03,1968-03,2.5683044643194077,0.0,True,21,1.5558133686905633,-39.42254937820042,True,43,1.023798241457379,-60.137193402080456,True,78,1.1182356662257749,-56.46015954256796
1958-04,1968-04,2.6161489120865298,0.0,True,20,1.6643082479882956,-36.38327542062911,True,42,1.095192965829516,-58.13720844521666,True,77,1.196215998619817,-54.27569152912761
1958-05,1968-05,2.611461328285443,0.0,True,19,1.6714749451353328,-35.99465069495243,True,41,1.099908989026032,-57.881475129935076,True,76,1.2013670382754287,-53.996368804580875
1958-06,1968-06,2.6199137606515865,0.0,True,18,1.7501028712509143,-33.199981711777625,True,40,1.151649855961971,-56.04245173033675,True,75,1.2578805977506307,-51.98770980011995
1958-07,1968-07,2.8043561931420564,0.0,True,17,1.832216989758595,-34.66532553035845,True,39,1.205684801167347,-57.006716760310184,True,74,1.3168998463725012,-53.040920779146084
1958-08,1968-08,2.865555612011585,0.0,True,16,1.9338766459400147,-32.51303035844916,True,38,1.2725816278177675,-55.590405487736085,True,73,1.3899673849642222,-51.49396580761236
1958-09,1968-09,3.1385363357215965,0.0,True,15,2.1029284016093635,-32.99652523774689,True,37,1.3838256199652503,-55.908567818218735,True,72,1.5114727701420436,-51.8414761384455
1958-10,1968-10,2.871865332719015,0.0,True,14,1.9948907278712509,-30.536759326993412,True,36,1.312731758316974,-54.28992636384833,True,71,1.4338210527180566,-50.07352759954979
1958-11,1968-11,2.751021650987996,0.0,True,13,1.962109089246525,-28.677075713240676,True,35,1.2911599010161638,-53.06616723454505,True,70,1.4102593593651158,-48.73688620885124
1958-12,1968-12,2.5570069829039244,0.0,True,12,1.9420720555961957,-24.049012435991223,True,34,1.27797459214297,-50.02068431226541,True,69,1.395857808302457,-45.41048117446989
1959-01,1969-01,2.65435876611605,0.0,True,11,2.092012618873445,-21.18576261887346,True,33,1.3766425224330765,-48.13653150408798,True,68,1.5036270877319813,-43.352529924500715
1959-02,1969-02,2.4554098772672055,0.0,True,10,2.0100356620336504,-18.138487564008777,True,32,1.3226978360448587,-46.131281449556596,True,67,1.444706423601127,-41.162311149084395
1959-03,1969-03,2.40703405896581,0.0,True,9,2.1043114484272127,-12.576581931236275,True,31,1.3847357297049288,-42.471286413791546,True,66,1.51246683042646,-37.1647100383658
1959-04,1969-04,2.5546346958480846,0.0,True,8,2.177372896854425,-14.767739575713257,True,30,1.4328135929778638,-43.913171017893816,True,65,1.5649795026412425,-38.7395972823542
1959-05,1969-05,2.500069078988684,0.0,True,7,2.275203456474031,-8.994376371616685,True,29,1.4971906943159512,-40.1140269723432,True,64,1.6352948908587532,-34.59001174798518
1959-06,1969-06,2.449924080635007,0.0,True,6,2.2684368141916607,-7.407873079736649,True,28,1.492737926002813,-39.07003332054667,True,63,1.6304313893019395,-33.44971780189447
1959-07,1969-07,2.182206314114936,0.0,True,5,2.132395299926847,-2.2825987564008776,True,27,1.4032162225180707,-35.697362186068545,True,62,1.532652004962086,-29.765943987578357
1959-08,1969-08,2.1816500856465466,0.0,True,4,2.1982329005120707,0.7601042428676097,True,26,1.4465404547540075,-33.69512075877578,True,61,1.5799725606500006,-27.579011361862594
1959-09,1969-09,2.234010725999468,0.0,True,3,2.3044874725676663,3.154718361375264,True,25,1.516460951779227,-32.119352242555536,True,60,1.6563426796907732,-25.85789045619974
1959-10,1969-10,2.230820784551909,0.0,True,2,2.434962509144111,9.150969275786402,True,24,1.602319651600966,-28.173537619122826,True,59,1.7501211767702078,-21.548105123928906
1959-11,1969-11,2.253395842076709,0.0,True,1,2.5162422275054857,11.664456839795157,True,23,1.655805522335296,-26.519544794698792,True,58,1.808540703071728,-19.741544326051773
1959-12,1969-12,2.6838309253840524,0.0,True,21,1.5399644527227772,-42.62066070714159,True,22,1.7660867537664253,-34.195305037194146,True,57,1.9289945203453744,-28.12533374957895
1960-01,1970-01,2.4096093512271386,0.0,True,20,1.5061223954405043,-37.49516307805316,True,21,1.7272754623883988,-28.317199569766295,True,56,1.8866031892082842,-21.70501877213017
1960-02,1970-02,2.344974681299628,0.0,True,19,1.5611222970624308,-33.42690181212412,True,20,1.7903513324457883,-23.651570879496976,True,55,1.9554973176803068,-16.60902212400288
1960-03,1970-03,2.3820423033723768,0.0,True,18,1.6552110865530287,-30.51294327520282,True,19,1.8982557483584175,-20.30973817421455,True,54,2.073355076690518,-12.958931344117374
1960-04,1970-04,1.9361195560602178,0.0,True,17,1.3866848556793663,-28.378139080361777,True,18,1.5903001857827321,-17.861467758798355,True,53,1.7369930087165122,-10.28482702529514
1960-05,1970-05,2.0497738929861304,0.0,True,16,1.3288516655407845,-35.17081712827845,True,17,1.5239749983076474,-25.651555836360775,True,52,1.664549838567896,-18.793490137443225
1960-06,1970-06,1.9622348870717585,0.0,True,15,1.4022876181356703,-28.53619985177702,True,16,1.6081939962843457,-18.042737549924404,True,51,1.7565373840605312,-10.482817544753242
1960-07,1970-07,1.9747752361963467,0.0,True,14,1.4160933411161318,-28.290910521862877,True,15,1.6240268971275127,-17.761430903114682,True,50,1.7738307468596728,-10.17556254775186
1960-08,1970-08,1.8134892621730812,0.0,True,13,1.398418080578201,-22.887986725518605,True,14,1.6037562711074007,-11.565163105204167,True,49,1.7516903132522204,-3.4077372394699434
1960-09,1970-09,1.6840526062602428,0.0,True,12,1.354626720796469,-19.561496133741695,True,13,1.553534760926958,-7.7502237666508655,True,48,1.696836259375796,0.7591005808269768
1960-10,1970-10,1.6912788186167063,0.0,True,11,1.38660615322057,-18.01433696457734,True,12,1.5902099269655736,-5.9758858526825716,True,47,1.7368944242254953,2.6971073667260814
1960-11,1970-11,1.5463924734106604,0.0,True,10,1.3054573596636783,-15.58046342631153,True,11,1.497145564907372,-3.184631932065185,True,46,1.6352455986132448,5.745832751411006
1960-12,1970-12,1.4646755754730194,0.0,True,9,1.30327336643209,-11.019655939084283,True,10,1.494640882731232,2.0458665222525596,True,45,1.6325098789875374,11.458804005816493
1961-01,1971-01,1.4063661010141582,0.0,True,8,1.377883297370682,-2.0252766063499794,True,9,1.5802062413972067,12.36094500981566,True,44,1.7259679764711682,22.725368254150812
1961-02,1971-02,1.4643332699258131,0.0,True,7,1.4641411922110803,-0.01311707646597382,True,8,1.6791299050025952,14.66856210182701,True,43,1.8340165786252394,25.245845074472385
1961-03,1971-03,1.5142713124566822,0.0,True,6,1.5762134935365606,4.090560295921231,True,7,1.8076584606358734,19.374807259817505,True,42,1.9744008938327187,30.386204743557087
1961-04,1971-04,1.4999118835647656,0.0,True,5,1.6187652895922557,7.924025893108944,True,6,1.8564583944460742,23.77116381223159,True,41,2.027702241975633,35.18809099348519
1961-05,1971-05,1.4626845229942893,0.0,True,4,1.6109934217861523,10.139500108215893,True,5,1.8475453362517018,26.311949515234943,True,40,2.017967023487755,37.96324441559935
1961-06,1971-06,1.5182925074119915,0.0,True,3,1.7297160808798935,13.925088376302686,True,4,1.9837007619348481,30.653398620544415,True,39,2.1666817281861275,42.70515843349245
1961-07,1971-07,1.5250392491663136,0.0,True,2,1.7456139775566824,14.463544365231872,True,3,2.001933043000805,31.270919361268422,True,38,2.186595795371458,43.37964065953022
1961-08,1971-08,1.433539070252189,0.0,True,2,1.7277493211784796,20.523350708155654,True,14,1.8237582571138213,27.22068724593496,True,45,2.094672721635572,46.118983786544156
1961-09,1971-09,1.592577046427892,0.0,True,1,1.8264247730366827,14.683605238020036,True,27,1.968266191132366,23.590013779687126,True,44,2.2143039521438603,39.03904725429046
1961-10,1971-10,1.7137592045189582,0.0,True,11,1.7441821299528448,1.775215873599123,True,26,1.8468509362081544,7.766069546891452,True,43,2.077711513559848,21.237073918039084
1961-11,1971-11,1.8424700930772833,0.0,True,10,1.8699170188009069,1.489680935758475,True,25,1.979987030882711,7.463727000081044,True,42,2.227489923583375,20.896937863617303
1961-12,1971-12,1.8942761412815858,0.0,True,9,2.077392981811501,9.66685038887869,True,24,2.1996757720677635,16.122233930453113,True,41,2.4746402582480718,30.637777899363527
1962-01,1972-01,1.890294744365181,0.0,True,8,2.186677077592014,15.67915977708374,True,23,2.315392721082921,22.488449379914076,True,40,2.6048220896937866,37.79978479327391
1962-02,1972-02,2.0107926115192165,0.0,True,7,2.3133535427766554,15.046849164063957,True,22,2.4495258166491043,21.81891869984598,True,39,2.755722127993289,37.0465612518466
1962-03,1972-03,2.219775628303424,0.0,True,7,2.5308212652439024,14.012480945121952,True,21,2.583788603388182,16.398638242684616,True,38,2.9067680691579585,30.94873338075179
1962-04,1972-04,2.42239665704212,0.0,True,6,2.6510734247967473,9.440104166666675,True,20,2.7065575099294796,11.730566588311596,True,37,3.0448833688971564,25.69714212762857
1962-05,1972-05,2.6602612868303246,0.0,True,5,2.8874412474593494,8.53976117886177,True,19,2.947872254194699,10.811380400421488,True,36,3.316363006328537,24.66305557075379
1962-06,1972-06,2.5734615891421795,0.0,True,4,2.946122332317073,14.480913363821134,True,18,3.0077814703736725,16.876874442733225,True,35,3.383761011106856,31.486750196057002
1962-07,1972-07,2.7923993193420307,0.0,True,3,3.126905487804878,11.979166666666675,True,17,3.192348220799222,14.322768906541295,True,34,3.5913990260983755,28.61337564516424
1962-08,1972-08,2.870053706147625,0.0,True,2,3.2288332063008127,12.500793953252032,True,16,3.2964091756504823,14.855313285239525,True,33,3.7084678375371602,29.21248928525837
1962-09,1972-09,3.307482087084329,0.0,True,10,3.1151350416011767,-5.815512840848469,True,15,3.5021723271459835,5.886358109751133,True,32,3.939951852054495,19.122394266017405
1962-10,1972-10,3.6029519181910565,0.0,True,9,3.271849630131653,-9.189750392940043,True,14,3.6783577855232226,2.09289130258572,True,31,4.138160894384564,14.85473545986762
1962-11,1972-11,3.3769541274222856,0.0,True,8,3.510475998211943,3.9539142597586174,True,13,3.946632082353895,16.86957931425792,True,30,4.4399700899126415,31.478543159891338
1962-12,1972-12,3.666453116309849,0.0,True,7,3.754877503641004,2.4117146606295936,True,12,4.221399043527599,15.135770446623976,True,29,4.7490835476281665,29.528004231183115
1963-01,1973-01,3.5415469635988397,0.0,True,6,3.724091190932818,5.15436415809889,True,11,4.186787711761368,18.219178082191778,True,28,4.710145720486587,32.996844850540775
1963-02,1973-02,3.413052895348915,0.0,True,5,3.692425269290113,8.185410027541874,True,10,4.151187484801816,21.626813649995945,True,27,4.670095383998104,36.83044263281723
1963-03,1973-03,3.272877921883012,0.0,True,4,3.7735151191798013,15.296543569481912,True,9,4.2423522736483745,29.62146388911404,True,26,4.772655979281794,45.824442377487216
1963-04,1973-04,2.8697828038955904,0.0,True,3,3.2951664768057216,14.822852528515185,True,8,3.7045716138445326,29.088919510415813,True,25,4.1676515110065475,45.22532873739307
1963-05,1973-05,2.9312493970091653,0.0,True,2,3.2858152244444767,12.096064831504428,True,7,3.694058523141768,26.02334441112102,True,25,4.298950108950958,46.65930893963834
1963-06,1973-06,3.011485219945504,0.0,True,1,3.370719116353516,11.928794935759734,True,6,3.7895112263921527,25.835292210423933,True,24,4.410032921111959,46.440463725462465
1963-07,1973-07,3.634645056165194,0.0,True,5,4.086228418578261,12.424414363297398,True,22,4.597016286407325,26.477722456274734,False,,1.0,-72.4869970919507
1963-08,1973-08,3.614622589123755,0.0,True,7,3.9946079514306523,10.512449168282668,True,22,4.605267377913613,27.406589882182054,False,,1.0,-72.33459440526495
1963-09,1973-09,3.547208223219225,0.0,True,6,3.777976877193844,6.5056416046867405,True,21,4.3555197102187515,22.787257926064285,False,,1.0,-71.80881591742414
1963-10,1973-10,3.459244810834683,0.0,True,5,3.8453979397301516,11.16293150707346,True,20,4.43324749318467,28.15651206006924,False,,1.0,-71.09195634642842
1963-11,1973-11,3.485240702697214,0.0,True,10,3.6655685449750663,5.174042703515358,True,19,4.208846251804059,20.761996396600367,False,,1.0,-71.30757714306206
1963-12,1973-12,3.490962146388912,0.0,True,9,3.538197382581764,1.3530721392013056,True,18,4.062597277641,16.374715831375998,False,,1.0,-71.35460202470512
1964-01,1974-01,3.3534545125700848,0.0,True,8,3.655759388118925,9.014730166032713,True,17,4.197583269660695,25.171916121911874,False,,1.0,-70.18000404503472
1964-02,1974-02,3.5591676781138695,0.0,True,7,3.6858933808729657,3.560543200545485,True,16,4.232183452660573,18.909358462801016,False,,1.0,-71.90354345626291
1964-03,1974-03,3.654270682474615,0.0,True,6,3.669101155903157,0.4058394880178673,True,15,4.2129024346530075,15.287092848855298,False,,1.0,-72.63475842673988
1964-04,1974-04,3.751176718821009,0.0,True,5,3.797433517083871,1.2331276751312403,True,14,4.360255067870316,16.236994274179107,False,,1.0,-73.3416984867005
1964-05,1974-05,3.6385856306416198,0.0,True,4,3.9209188074562733,7.759420980422749,True,13,4.502042240899529,23.730556263029314,False,,1.0,-72.51679357004271
1964-06,1974-06,3.3861812242976215,0.0,True,3,3.7814299680421937,11.672403736352187,True,12,4.341879616266237,28.223486241993754,False,,1.0,-70.46820787899723
1964-07,1974-07,3.4313975603608284,0.0,True,8,3.965871271308386,15.57597747115478,True,76,2.256964435535326,-34.226087306013156,False,,1.0,-70.8573552784468
1964-08,1974-08,3.189129463760962,0.0,True,7,3.5926798908869415,12.653936809767185,True,75,2.044582435304225,-35.88901113807294,False,,1.0,-68.6434805684968
1964-09,1974-09,3.245072829292738,0.0,True,8,3.60197698382302,10.998340354908741,True,74,1.9844559325184503,-38.84710646229282,False,,1.0,-69.1840506329114
1964-10,1974-10,2.9721762857615346,0.0,True,7,3.277844649924314,10.28432820849523,True,73,1.8058800182871384,-39.24048089144774,True,120,1.0,-66.35462018889709
1964-11,1974-11,3.2477115049077567,0.0,True,6,3.581450274479765,10.276121172329544,True,72,1.9731470456726297,-39.245002436610456,True,119,1.0926235551042547,-66.35712397935765
1964-12,1974-12,3.1539435288315314,0.0,True,5,3.4988692527949516,10.936331637212525,True,71,1.9276502534577258,-38.881269247966564,True,118,1.0674298590922366,-66.15570794675271
1965-01,1975-01,3.1857245204343663,0.0,True,4,3.6088435374149666,13.281720194780334,True,70,1.9882389586379097,-37.58911211924823,True,117,1.1009806512637186,-65.44018027291317
1965-02,1975-02,3.522789286685847,0.0,True,4,4.031081680202998,14.428691362217139,True,69,2.1469250980924106,-39.05610232759097,True,116,1.188852568471714,-66.25252117789432
1965-03,1975-03,3.9592944728409116,0.0,True,20,3.226109724430122,-18.518065615986067,True,68,2.253221600928424,-43.09032540053354,True,115,1.24771390021004,-68.48645866659248
1965-04,1975-04,3.8115651346206145,0.0,True,19,3.226016213377835,-15.362427259191058,True,67,2.2531562897205184,-40.886323330670635,True,114,1.247677734347832,-67.26599991654032
1965-05,1975-05,4.01937772428006,0.0,True,18,3.170549773055869,-21.118392185353297,True,66,2.2144166955543163,-44.906479374218144,True,113,1.226225814079648,-69.49214783491675
1965-06,1975-06,4.275537444227486,0.0,True,17,3.260327576409319,-23.74461412304617,True,65,2.27712047908283,-46.740719528553555,True,112,1.2609478237887912,-70.50785216508326
1965-07,1975-07,3.9491797302223843,0.0,True,16,3.1168240769380167,-21.076671869717522,True,64,2.176892894642974,-44.87734052761407,True,111,1.2054471352464147,-69.47601229639315
1965-08,1975-08,3.234019337676612,0.0,True,15,2.9208321045021974,-9.68414843800578,True,63,2.0400056268117583,-36.92042582907554,True,110,1.129646270047711,-65.06989748369058
1965-09,1975-09,3.1758298331344887,0.0,True,14,2.795541680753267,-11.974449903252015,True,62,1.9524986560962987,-38.5200480288575,True,109,1.081189578667705,-65.95568290884812
1965-10,1975-10,3.479747017622414,0.0,True,13,3.1304982700455333,-10.036613173549313,True,61,2.1864434028144113,-37.16659884348922,True,108,1.210735697096994,-65.20621496432099
1965-11,1975-11,3.153143115150456,0.0,True,12,3.1144719143151036,-1.2264334165341895,True,60,2.1752500665671928,-31.01327827096113,True,107,1.2045374247124117,-61.79883434644115
1965-12,1975-12,3.062468702171629,0.0,True,11,3.1233123053351655,1.9867502032067108,True,59,2.1814244876838136,-28.769084688540904,True,106,1.2079564896857744,-60.556119681184015
1966-01,1976-01,3.167113263238073,0.0,True,10,3.349752915027225,5.766754662964613,True,58,2.339578089596929,-26.12900470743089,True,105,1.2955335160173034,-59.094184251158
1966-02,1976-02,3.070670885824029,0.0,True,9,3.3295401414174837,8.430381021572298,True,57,2.3254608208111653,-24.268640069933223,True,104,1.2877161258015606,-58.06401357610827
1966-03,1976-03,2.90130532481632,0.0,True,8,3.306320627818818,13.959761474885092,True,56,2.30924354549428,-20.406738107080237,True,103,1.2787358640163577,-55.925498323851386
1966-04,1976-04,2.997373976623243,0.0,True,7,3.349824846605909,11.758655167204978,True,55,2.3396283289876263,-21.944063462398322,True,102,1.2955613359113103,-56.776787080441224
1966-05,1976-05,3.077277680546841,0.0,True,15,3.4702684183871058,12.770727202311782,True,54,2.340884313755043,-23.930026576637676,True,101,1.296256833261465,-57.87650749050647
1966-06,1976-06,3.2457890159876914,0.0,True,14,3.6137650072988348,11.337027437661984,True,53,2.437680547810316,-24.897134847548575,True,100,1.3498574230432179,-58.41204045012589
1966-07,1976-07,3.096617745163442,0.0,True,13,3.4571379628802092,11.642386868054944,True,52,2.33202710917522,-24.691153345692207,True,99,1.2913521859481714,-58.297978884700456
1966-08,1976-08,3.238558070866142,0.0,True,12,3.528867637858611,8.964161229779233,True,51,2.3804126663551823,-26.497761835144473,True,98,1.3181455258655463,-59.298382273163554
1966-09,1976-09,3.2962338699221387,0.0,True,11,3.597580957488008,9.142163434325369,True,50,2.4267635282119295,-26.377689691379423,True,97,1.3438121600756698,-59.231892726488724
1966-10,1976-10,3.2242925150240804,0.0,True,10,3.460444782077636,7.324157654839558,True,49,2.3342577381221523,-27.604033218285128,True,96,1.292587389242047,-59.910976339180145
1966-11,1976-11,3.2416685248991164,0.0,True,9,3.3564214853874343,3.5399350552625997,True,48,2.264088381136114,-30.156696659582916,True,95,1.2537313432835822,-61.324505153635364
1966-12,1976-12,3.436987810756836,0.0,True,8,3.717080763845444,8.149372895999019,True,47,2.507372630584737,-27.047380769366036,True,94,1.3884491800086243,-59.60273191359142
1967-01,1977-01,3.391727211214469,0.0,True,7,3.6959439330294637,8.969374683468857,True,46,2.493114691505022,-26.494245077795707,True,93,1.3805538940896636,-59.296434880583114
1967-02,1977-02,3.3978070938306955,0.0,True,6,3.782814967080763,11.331069204873812,True,45,2.5517139168136165,-24.901153998804315,True,92,1.4130030184584994,-58.41426604164639
1967-03,1977-03,3.460105250140838,0.0,True,5,3.751050138528912,8.408556022283765,True,44,2.5302868166814876,-26.872547689741623,True,91,1.4011378336648537,-59.50591868244983
1967-04,1977-04,3.5478069076841723,0.0,True,4,3.79766586230524,7.042631155599244,True,43,2.561731651318533,-27.793938115118532,True,90,1.4185503053233366,-60.016135538523606
1967-05,1977-05,3.3375433284194593,0.0,True,3,3.7433640182321923,12.15926356242738,True,42,2.5251021115615915,-24.342491974257328,True,89,1.3982668206034135,-58.104908820297396
1967-06,1977-06,3.3302078732147398,0.0,True,2,3.7059686596955346,11.28340334256861,True,41,2.4998769134927934,-24.933307208850163,True,88,1.3842984518228985,-58.43207077381035
1967-07,1977-07,3.3177812548684917,0.0,True,2,3.6997530043583025,11.512867188857246,True,40,2.460795691469854,-25.830080332785734,True,87,1.3626573562754725,-58.9286558818211
1967-08,1977-08,3.905219411922423,0.0,True,32,2.4799746490597445,-36.49589466116766,True,39,2.634282355423593,-32.54457489939562,True,86,1.4587250142576953,-62.646784715750236
1967-09,1977-09,3.976388123059725,0.0,True,31,2.489869083204056,-37.383650535396725,True,38,2.644792435957337,-33.48756826277211,True,85,1.4645449360837934,-63.168964126246685
1967-10,1977-10,3.691442898150503,0.0,True,30,2.4024792841197167,-34.917609444171184,True,37,2.5519651137671002,-30.86808643184775,True,84,1.4131421179285304,-61.718434852763224
1967-11,1977-11,3.865189035990824,0.0,True,29,2.3349776760376857,-39.58956070982633,True,36,2.4802634553648133,-35.830733444864784,True,83,1.3734375652028763,-64.46648398269603
1967-12,1977-12,3.790972909378482,0.0,True,28,2.3012599795678987,-39.296322221801816,True,35,2.4444477937371576,-35.51924922254543,True,82,1.3536047627658538,-64.29400063985756
1968-01,1978-01,3.895496113397348,0.0,True,27,2.417642551742404,-37.93749290552045,True,34,2.5680718624244525,-34.07587152783012,True,81,1.4220611759469195,-63.494735085059325
1968-02,1978-02,3.8692962504723027,0.0,True,26,2.4701369707518257,-36.16056226115252,True,33,2.623832562158686,-32.18837761935623,True,80,1.452938476304405,-62.44954166724626
1968-03,1978-03,4.002321566322594,0.0,True,25,2.5766014605168563,-35.62232774603654,True,32,2.7369214306168894,-31.61665335322813,True,79,1.51556105771237,-62.13295127345565
1968-04,1978-04,3.80076507310775,0.0,True,24,2.6174751220250485,-31.132941087441836,True,31,2.7803383120569523,-26.847930388300245,True,78,1.5396030101125315,-59.4922869343868
1968-05,1978-05,3.7404228838710565,0.0,True,23,2.5870114268417272,-30.836391842294454,True,30,2.747979120509227,-26.532929408632132,True,77,1.5216842163831354,-59.31785619896789
1968-06,1978-06,3.6202935087157853,0.0,True,22,2.6217128911423058,-27.582863521132094,True,29,2.784839761463373,-23.076961722608225,True,76,1.5420956726154873,-57.40412569028113
1968-07,1978-07,3.4943511107506695,0.0,True,21,2.649239471792349,-24.185080782473822,True,28,2.8140790868488343,-19.4677638949595,True,75,1.5582868509270975,-55.40554450487545
1968-08,1978-08,3.301245338109001,0.0,True,20,2.6417051345113323,-19.978527375231746,True,27,2.8060759519108553,-14.99947248639768,True,74,1.5538551418119095,-52.93124313196367
1968-09,1978-09,3.1374761524287833,0.0,True,19,2.7301259979567893,-12.9833705399372,True,26,2.8999984928182787,-7.569066602360253,True,73,1.6058644336565073,-48.81668080844614
1968-10,1978-10,3.3822058225280616,0.0,True,18,2.791881077604147,-17.453838586401304,True,25,2.965596065250921,-12.317693811009466,True,72,1.642188869260408,-51.44621718991252
1968-11,1978-11,3.476287566774049,0.0,True,17,2.822387339664762,-18.810303076166345,True,24,2.998000472250273,-13.75855953618994,True,71,1.6601327008944096,-52.24409175001043
1968-12,1978-12,3.532411658073782,0.0,True,16,2.8386668054031556,-19.639411252790516,True,23,3.0152928705280666,-14.639256055102567,True,70,1.6697083084113449,-52.7317744919392
1969-01,1979-01,3.3944794728617804,0.0,True,15,2.9384293768209164,-13.435052404555636,True,22,3.121262817324552,-8.04885278351346,True,69,1.7283888108386305,-49.08236079620539
1969-02,1979-02,3.4533647230088595,0.0,True,14,2.872261530894093,-16.827159559574724,True,21,3.0509779097399106,-11.652021884278586,True,68,1.689468779123951,-51.07760359433031
1969-03,1979-03,3.33183235380387,0.0,True,13,2.901154981270574,-12.926141738242091,True,20,3.0816691535165064,-7.508276939617287,True,67,1.7064639523723413,-48.78301873669862
1969-04,1979-04,3.2668430501748094,0.0,True,12,2.9433292973627454,-9.902947519769967,True,19,3.1264676182007265,-4.29697508628617,True,66,1.7312709518576732,-47.00477111182209
1969-05,1979-05,3.14116843252802,0.0,True,11,2.95725812554391,-5.854837489121801,True,18,3.1412631187608957,0.003014363441811163,True,65,1.7394639106425,-44.623666383831086
1969-06,1979-06,3.1478527267322045,0.0,True,10,2.9547372204775058,-6.134832948654889,True,17,3.1385853592367634,-0.2944028294824874,True,64,1.7379811102919696,-44.78836015634782
1969-07,1979-07,3.3843288182290863,0.0,True,9,2.9861941427976846,-11.764065988119121,True,16,3.171999577989119,-6.273895110200101,True,63,1.756484121795496,-48.099483940966195
1969-08,1979-08,3.346590820459756,0.0,True,8,3.0440661773052327,-9.039785841310666,True,15,3.233472496445563,-3.38010620607192,True,62,1.7905245441014865,-46.49705804620884
1969-09,1979-09,3.257996676834561,0.0,True,7,3.1067246206818266,-4.643100382155973,True,14,3.3000296412405112,1.2901475530904705,True,61,1.8273803396809056,-43.91092069939214
1969-10,1979-10,3.024987091020044,0.0,True,6,3.0478498997313554,0.7557985546180257,True,13,3.2374916477012965,7.024974001115325,True,60,1.792750135621983,-40.73527979858397
1969-11,1979-11,2.9300266647285156,0.0,True,5,3.0507160694691433,4.1190548261379245,True,12,3.240536154777515,10.597497073555463,True,59,1.794436021198759,-38.75700713580284
1969-12,1979-12,2.797864592871471,0.0,True,4,3.107131370842635,11.053672102614541,True,11,3.3004617000005028,17.963596537501193,True,58,1.827619590769359,-34.67805427661321
1970-01,1980-01,2.9472529099515334,0.0,True,3,3.201104846948428,8.613171137765342,True,10,3.4002823453757154,15.37124397755305,True,57,1.8828949381702853,-36.113560807333336
1970-02,1980-02,2.842044456767873,0.0,True,2,3.19955825040675,12.579458170948566,True,9,3.398639517299934,19.584319281375763,True,56,1.8819852276362825,-33.78058449597307
1970-03,1980-03,2.597796929172858,0.0,True,1,3.1008503916152708,19.364618411593316,True,8,3.2937899089159846,26.79166227071996,True,55,1.8239251088453348,-29.78954250184309
1970-04,1980-04,3.247171667486473,0.0,True,16,2.9888466126265745,-7.955386450506308,True,52,1.6870024178805212,-48.04702089599182,True,54,1.9099915149323279,-41.17984170480311
1970-05,1980-05,3.383626008074466,0.0,True,15,2.984554169242422,-11.794206507448656,True,51,1.6845796229678989,-50.21377602170195,True,53,1.907248473383316,-43.632999958270155
1970-06,1980-06,3.2134455196411778,0.0,True,14,2.991084255526629,-6.919714765831109,True,50,1.6882654164455186,-47.462454050441316,True,52,1.9114214574842465,-40.518006426395516
1970-07,1980-07,3.1584644028233213,0.0,True,13,2.9688514884243333,-6.0033259906141385,True,49,1.675716518252049,-46.94521436574869,True,51,1.8972138376152785,-39.932397657564955
1970-08,1980-08,3.2426824749907373,0.0,True,12,3.009969265060555,-7.176564826343257,True,48,1.6989247311827955,-47.60742859389436,True,50,1.923489727504138,-40.682143801032126
1970-09,1980-09,3.4261271206135255,0.0,True,11,3.0806596257825216,-10.083323900986496,True,47,1.7388246741758564,-49.24809813056555,True,49,1.9686636713914119,-42.53967812382635
1970-10,1980-10,3.3822486046731632,0.0,True,10,3.11300096645277,-7.960610519533695,True,46,1.7570791806726818,-48.049969530773936,True,48,1.9893310706486207,-41.18318009208387
1970-11,1980-11,3.5788632835460965,0.0,True,9,3.1011902170600667,-13.34706102583304,True,45,1.7504128088694928,-51.090257710679964,True,47,1.981783533404737,-44.62533557747146
1970-12,1980-12,3.5544199200861537,0.0,True,8,3.07485655577129,-13.492028941342415,True,44,1.7355492323720783,-51.17208232588312,True,46,1.9649552795203848,-44.71797582451211
1971-01,1981-01,3.4528107001761152,0.0,True,7,3.157954080433249,-8.539611503400014,True,43,1.782452182972617,-48.376776552456214,True,45,2.0180578931994266,-41.55318468236637
1971-02,1981-02,3.201247973051666,0.0,True,6,3.1111638355114795,-2.8140318494075167,True,42,1.7560422441076446,-45.14507283127912,True,44,1.9881570711215588,-37.894312222670436
1971-03,1981-03,3.0517663213082016,0.0,True,5,3.192911809008036,4.625042445560834,True,41,1.802183464056142,-40.94621690157457,True,43,2.0403972680864086,-33.14044873489033
1971-04,1981-04,3.109250540884376,0.0,True,4,3.3408748574264484,7.449522433023059,True,40,1.885698629867704,-39.3519883627214,True,42,2.1349515238346934,-31.33549401176783
1971-05,1981-05,3.0694939197909075,0.0,True,3,3.2823217504113944,6.933645616570727,True,39,1.8526493483517128,-39.64316604745337,True,41,2.0975337663963494,-31.665159755741346
1971-06,1981-06,2.9830777105806967,0.0,True,2,3.4249954289396003,14.814153744351444,True,38,1.9331790214464033,-35.19515047866173,True,40,2.1887079050228815,-26.629202542738327
1971-07,1981-07,2.9411968034145004,0.0,True,1,3.407947550346965,15.869415687879274,True,37,1.923556643274164,-34.599526252678345,True,39,2.1778136345300525,-25.954848312027934
1971-08,1981-08,3.4025145185585046,0.0,True,20,1.7101128364910194,-49.739734329906135,True,36,1.920490063100784,-43.55674156199013,True,38,2.174341711758078,-36.096034274109414
1971-09,1981-09,3.0703181303407803,0.0,True,19,1.6312826426100524,-46.86926326982952,True,35,1.8319622181596584,-40.33314658646381,True,37,2.0741121976325267,-32.44634237943554
1971-10,1981-10,3.269515374419564,0.0,True,18,1.629961075020841,-50.14670713055731,True,34,1.8304780719860037,-44.01377995321499,True,36,2.072431876034552,-36.61348430262482
1971-11,1981-11,3.0905551620945584,0.0,True,17,1.6518128887848362,-46.55287473771039,True,33,1.8550180849599966,-39.97783609522124,True,35,2.1002156041785476,-32.04406671210583
1971-12,1981-12,2.8307207027939305,0.0,True,16,1.6808064187925162,-40.622668384996274,True,32,1.8875783845412906,-33.318098720292525,True,34,2.1370797457261688,-24.504040839604414
1972-01,1982-01,2.772210747418169,0.0,True,15,1.7326582544367695,-37.49904273870814,True,31,1.9458090070963807,-29.810206207859103,True,33,2.20300733054207,-20.532472771278755
1972-02,1982-02,2.497868946849416,0.0,True,14,1.65163347066842,-33.87829762839881,True,30,1.8548165949165532,-25.74403884334887,True,32,2.099987481047697,-15.928836711132133
1972-03,1982-03,2.27771189790502,0.0,True,13,1.5886117632643597,-30.25405167679357,True,29,1.7840419885592969,-21.673939965795853,True,31,2.019857840341628,-11.320749467944546
1972-04,1982-04,2.2134240569258603,0.0,True,12,1.61712611561966,-26.940067785039602,True,28,1.8160641622928582,-17.952271431660506,True,30,2.0561127262105128,-7.107148321764933
1972-05,1982-05,2.014317571264769,0.0,True,11,1.6028711274678196,-20.426096146230133,True,27,1.8000555326217291,-10.636954256845755,True,29,2.0379880652654707,1.1751123228220361
1972-06,1982-06,1.944072546958795,0.0,True,10,1.5784133749641711,-18.808926270094283,True,26,1.772588999626506,-8.820840950639862,True,28,2.0068909877453365,3.231280688820548
1972-07,1982-07,1.808368880763762,0.0,True,9,1.5583294860546177,-13.826791500832524,True,25,1.7500344007391242,-3.2258064516129115,True,27,1.981355107037042,9.565870554033197
1972-08,1982-08,1.7516020045343,0.0,True,8,1.5586139294099115,-11.01780396601557,True,24,1.7503538361738513,-0.07125867390066487,True,26,1.9817167656591226,13.137388546549623
1972-09,1982-09,1.5994727620740494,0.0,True,7,1.5120855605612726,-5.463500447451263,True,23,1.6981015706394604,6.166332488058024,True,25,1.9225577610549303,20.199468640024463
1972-10,1982-10,1.5996399286908962,0.0,True,6,1.588320755831636,-0.7076075469386156,True,22,1.7837151815376144,11.507292956694371,True,24,2.0194878357513453,26.24640080121292
1972-11,1982-11,1.6216235089218232,0.0,True,5,1.72758203455768,6.534101476261034,True,21,1.9401083131843289,19.639873405280017,True,23,2.196553115132631,35.45395112044623
1972-12,1982-12,1.5393168892114737,0.0,True,4,1.7540680869871546,13.95107136683784,True,20,1.9698526665487213,27.969275225570534,True,22,2.230229096827141,44.884338790669155
1973-01,1983-01,1.5688467525226322,0.0,True,3,1.7730601510175414,13.016784345988142,True,19,1.991181124805881,26.92005268227473,True,21,2.2543767648245256,43.69642931660427
1973-02,1983-02,1.578805854740574,0.0,True,2,1.7691435848177262,12.055803410257049,True,18,1.9867827445892543,25.840852352027667,True,20,2.2493970037974145,42.47457957185181
1973-03,1983-03,1.6199923955680302,0.0,True,1,1.8551614434843877,14.516676038710564,True,17,2.083382477246368,28.604460301547018,True,19,2.3587653531040047,45.603483050729565
1973-04,1983-04,1.889701618920297,0.0,True,7,1.935649866422821,2.4315080773851028,True,17,2.18647088607595,15.704556962025329,False,,1.0,-47.081592671156116
1973-05,1983-05,1.890912721400109,0.0,True,6,1.9313937747655674,2.1408208272819973,True,16,2.1816632911392406,15.376202531645578,False,,1.0,-47.11548615212874
1973-06,1983-06,1.897480706377591,0.0,True,5,1.9881820056299644,4.780090724902708,True,15,2.245810126582279,18.357468354430374,False,,1.0,-47.298541869811025
1973-07,1983-07,1.8009176422980333,0.0,True,4,2.034754720025819,12.984329334982881,True,14,2.298417721518988,27.62481012658231,False,,1.0,-44.47275230620955
1973-08,1983-08,1.8822737802867213,0.0,True,4,2.1337025169499393,13.35771338348657,True,14,2.556489685774297,35.819226328747675,False,,1.0,-46.87276577546159
1973-09,1983-09,2.036369503587571,0.0,True,11,2.310400326315582,13.456831986790107,True,13,2.615790571837921,28.453631191665174,False,,1.0,-50.8929986312282
1973-10,1983-10,1.9909207550220973,0.0,True,10,2.299146370230583,15.481561203829264,True,12,2.60304906038308,30.74599045777633,False,,1.0,-49.77198376793751
1973-11,1983-11,2.088878130995284,0.0,True,9,2.290165320123449,9.636138467889355,True,11,2.592880889123812,24.127915872640514,False,,1.0,-52.127413027990684
1973-12,1983-12,2.297255502925606,0.0,True,8,2.4311051483163295,5.826502329421479,True,10,2.7524502371645965,19.81471950591869,False,,1.0,-56.46979629708242
1974-01,1984-01,2.2913099170767888,0.0,True,7,2.5053812584773247,9.342749307070797,True,9,2.8365442127665492,23.795746338206424,False,,1.0,-56.356842322064324
1974-02,1984-02,2.2357118339581596,0.0,True,6,2.4647392423974366,10.244048672131466,True,8,2.7905301080802882,24.81618005035402,False,,1.0,-55.271516444515335
1974-03,1984-03,2.4471019717250244,0.0,True,5,2.6854936997503485,9.741797880914449,True,7,3.040464035832023,24.24754141686718,False,,1.0,-59.13533593800039
1974-04,1984-04,2.3757612469847587,0.0,True,4,2.698393976922018,13.580183208507801,True,6,3.0550694801852805,28.593287059576312,False,,1.0,-57.908228309171704
1974-05,1984-05,2.082716975439273,0.0,True,3,2.4424770497926125,17.273593992648053,True,5,2.7653252841106672,32.77489532764879,False,,1.0,-51.98579491152
1974-06,1984-06,2.25467371444338,0.0,True,2,2.5500702757956395,13.10152149554753,True,4,2.8871402539956317,28.05135552433542,False,,1.0,-55.647684470084236
1974-07,1984-07,2.22563785220438,0.0,True,2,2.5312658227848104,13.73215189873418,False,,1.0,-55.06906035905386,False,,1.0,-55.06906035905386
1974-08,1984-08,2.6007450217216093,0.0,True,2,2.9445132214046263,13.218066239167637,False,,1.0,-61.54947941270951,False,,1.0,-61.54947941270951
1974-09,1984-09,2.6960000000000006,0.0,True,11,2.6225874692469286,-2.723016719327598,False,,1.0,-62.90801186943621,False,,1.0,-62.90801186943621
1974-10,1984-10,3.1305726725181175,0.0,True,10,2.7712858047022957,-11.476713860369347,False,,1.0,-68.05696258775438,False,,1.0,-68.05696258775438
1974-11,1984-11,2.909975582369402,0.0,True,9,2.8146048461176627,-3.2773723886055706,False,,1.0,-65.63545048079868,False,,1.0,-65.63545048079868
1974-12,1984-12,3.0082904822344956,0.0,True,8,2.842605841051872,-5.507601149592323,False,,1.0,-66.75852927416702,False,,1.0,-66.75852927416702
1975-01,1985-01,3.0302486652027905,0.0,True,7,2.953353839485589,-2.537574773984941,False,,1.0,-66.99940795343679,False,,1.0,-66.99940795343679
1975-02,1985-02,2.883399362098942,0.0,True,6,3.0345222468766697,5.241136096656374,False,,1.0,-65.31871328180985,False,,1.0,-65.31871328180985
1975-03,1985-03,2.8050934565894536,0.0,True,5,3.098274380197854,10.451734608687936,False,,1.0,-64.3505638769041,False,,1.0,-64.3505638769041
1975-04,1985-04,2.770732066249855,0.0,True,4,3.0602329229640173,10.448533087719202,False,,1.0,-63.90845537968291,False,,1.0,-63.90845537968291
1975-05,1985-05,2.8945511635240817,0.0,True,3,3.142021932881344,8.549538611574214,False,,1.0,-65.45232944569852,False,,1.0,-65.45232944569852
1975-06,1985-06,2.8421150171868317,0.0,True,2,3.172461009168664,11.62324501239973,False,,1.0,-64.81493556901103,False,,1.0,-64.81493556901103
1975-07,1985-07,2.8230295589239884,0.0,True,2,3.147471046395241,11.492670576035868,False,,1.0,-64.57706236766595,False,,1.0,-64.57706236766595
1975-08,1985-08,3.1308658636595355,0.0,True,83,1.7850262844562261,-42.98617819513401,False,,1.0,-68.05995390581369,False,,1.0,-68.05995390581369
1975-09,1985-09,3.2678398205018033,0.0,True,82,1.7832009749960687,-45.43181205490532,False,,1.0,-69.39874489177251,False,,1.0,-69.39874489177251
1975-10,1985-10,2.973189646258659,0.0,True,81,1.8168105384943725,-38.89355356862039,False,,1.0,-66.36608763728344,False,,1.0,-66.36608763728344
1975-11,1985-11,2.9477939936763384,0.0,True,80,1.7920705748882346,-39.20638352840744,False,,1.0,-66.0763268347375,False,,1.0,-66.0763268347375
1975-12,1985-12,3.013127409570572,0.0,True,79,1.8369886325343157,-39.03382158021251,False,,1.0,-66.81189129859865,False,,1.0,-66.81189129859865
1976-01,1986-01,2.796798701270814,0.0,True,78,1.8287213847640014,-34.61376451823065,False,,1.0,-64.24483465522141,False,,1.0,-64.24483465522141
1976-02,1986-02,2.946972839378149,0.0,True,77,1.9152873879540808,-35.00831217846472,False,,1.0,-66.06687422979394,False,,1.0,-66.06687422979394
1976-03,1986-03,3.4503990009746595,0.0,True,76,2.2268340147821983,-35.46155055826389,False,,1.0,-71.01784461108636,False,,1.0,-71.01784461108636
1976-04,1986-04,3.398246925032639,0.0,True,75,2.2220334509019835,-34.612360434030506,False,,1.0,-70.57306246248143,False,,1.0,-70.57306246248143
1976-05,1986-05,3.577833053615655,0.0,True,74,2.3407164760856376,-34.57725832902748,False,,1.0,-72.05012126014574,False,,1.0,-72.05012126014574
1976-06,1986-06,3.638441261878803,0.0,True,73,2.478796924493967,-31.872009300653747,False,,1.0,-72.51570307105565,False,,1.0,-72.51570307105565
1976-07,1986-07,3.772152362322618,0.0,True,72,2.4585079078022143,-34.82479837350887,False,,1.0,-73.48993614392944,False,,1.0,-73.48993614392944
1976-08,1986-08,3.9115940010214985,0.0,True,71,2.602284725810438,-33.47252488037202,False,,1.0,-74.43497459759746,False,,1.0,-74.43497459759746
1976-09,1986-09,3.6959444352434576,0.0,True,70,2.506696077550378,-32.17711679734011,False,,1.0,-72.94331618018145,False,,1.0,-72.94331618018145
1976-10,1986-10,3.6396141420967774,0.0,True,69,2.374394839709747,-34.762457035023466,False,,1.0,-72.524559995695,False,,1.0,-72.524559995695
1976-11,1986-11,4.012559357386943,0.0,True,68,2.53900545907937,-36.7235414373329,False,,1.0,-75.07825029032793,False,,1.0,-75.07825029032793
1976-12,1986-12,3.7710289830389603,0.0,True,67,2.6425763260171182,-29.924263698245447,False,,1.0,-73.48203886796622,False,,1.0,-73.48203886796622
1977-01,1987-01,4.0399841208108045,0.0,True,66,2.814950126929211,-30.322742794239876,False,,1.0,-75.24742746267763,False,,1.0,-75.24742746267763
1977-02,1987-02,4.020712290145321,0.0,True,65,2.86737020645654,-28.685018983218402,False,,1.0,-75.12878495556674,False,,1.0,-75.12878495556674
1977-03,1987-03,4.282112833220158,0.0,True,64,3.0281448677914313,-29.283860894570136,False,,1.0,-76.64704226749677,False,,1.0,-76.64704226749677
1977-04,1987-04,4.564536531314657,0.0,True,63,3.2679778940983533,-28.4050445937142,False,,1.0,-78.09197071510819,False,,1.0,-78.09197071510819
1977-05,1987-05,4.928710700458005,0.0,True,62,3.4782521398243205,-29.428762384022644,False,,1.0,-79.71071826335691,False,,1.0,-79.71071826335691
1977-06,1987-06,4.8586676259513295,0.0,True,61,3.394568721497091,-30.133753060903544,False,,1.0,-79.41822579797893,False,,1.0,-79.41822579797893
1977-07,1987-07,4.99946918626254,0.0,True,60,3.438335430099072,-31.22599016017793,False,,1.0,-79.99787651961566,False,,1.0,-79.99787651961566
1977-08,1987-08,4.964130555015201,0.0,True,59,3.654721654348168,-26.37740660031902,False,,1.0,-79.85548548900044,False,,1.0,-79.85548548900044
1977-09,1987-09,4.940919918394948,0.0,True,58,3.6521465639251454,-26.08367218565362,False,,1.0,-79.76085391959057,False,,1.0,-79.76085391959057
1977-10,1987-10,4.481651150383593,0.0,True,57,3.196403297912969,-28.677998562217788,False,,1.0,-77.68679519122304,False,,1.0,-77.68679519122304
1977-11,1987-11,4.595358616456919,0.0,True,56,3.18541493496282,-30.681907532630916,False,,1.0,-78.23891270599,False,,1.0,-78.23891270599
1977-12,1987-12,4.431930286090101,0.0,True,55,3.027767169141599,-31.682879158897393,False,,1.0,-77.43646818772028,False,,1.0,-77.43646818772028
1978-01,1988-01,4.621252936907116,0.0,True,54,3.316772628220969,-28.22784916765888,False,,1.0,-78.36084686008824,False,,1.0,-78.36084686008824
1978-02,1988-02,4.833324397912176,0.0,True,53,3.5443030687664283,-26.669456113944246,False,,1.0,-79.31030657838807,False,,1.0,-79.31030657838807
1978-03,1988-03,4.820377549671792,0.0,True,52,3.6871616157077707,-23.508862579471177,False,,1.0,-79.25473700565037,False,,1.0,-79.25473700565037
1978-04,1988-04,4.957214980358426,0.0,True,51,3.851981443623211,-22.29545301372632,False,,1.0,-79.82738283568052,False,,1.0,-79.82738283568052
1978-05,1988-05,5.012404543518282,0.0,True,50,3.8495355289465993,-23.199823647024452,False,,1.0,-80.04949538055273,False,,1.0,-80.04949538055273
1978-06,1988-06,5.009687649960131,0.0,True,49,3.8990575786848782,-22.16964706939546,False,,1.0,-80.03867566458044,False,,1.0,-80.03867566458044
1978-07,1988-07,4.983027275616193,0.0,True,48,3.919027868263204,-21.352470064924876,False,,1.0,-79.93187785879937,False,,1.0,-79.93187785879937
1978-08,1988-08,4.899541842049196,0.0,True,47,3.842409801630984,-21.576140678004187,False,,1.0,-79.58992835987789,False,,1.0,-79.58992835987789
1978-09,1988-09,4.837478951416752,0.0,True,46,3.92071838564015,-18.9512052658774,False,,1.0,-79.32807542848057,False,,1.0,-79.32807542848057
1978-10,1988-10,4.740449234532681,0.0,True,45,3.9289842293262645,-17.117892525778977,False,,1.0,-78.90495287418511,False,,1.0,-78.90495287418511
1978-11,1988-11,4.956723413596808,0.0,True,44,4.15312661469683,-16.212258216700736,False,,1.0,-79.82538228264066,False,,1.0,-79.82538228264066
1978-12,1988-12,5.0249506402192665,0.0,True,43,4.234577539145868,-15.728972435018985,False,,1.0,-80.09930700620048,False,,1.0,-80.09930700620048
1979-01,1989-01,5.083279948750801,0.0,True,42,4.434280434929121,-12.767337631703102,False,,1.0,-80.32766225582861,False,,1.0,-80.32766225582861
1979-02,1989-02,5.266957357958661,0.0,True,41,4.491047559140025,-14.731651427672821,False,,1.0,-81.0137061677755,False,,1.0,-81.0137061677755
1979-03,1989-03,5.353576884138656,0.0,True,40,4.610827174083974,-13.873896389818707,False,,1.0,-81.32089962203108,False,,1.0,-81.32089962203108
1979-04,1989-04,5.41741789514618,0.0,True,39,4.733638206815986,-12.62187450857053,False,,1.0,-81.54102158343801,False,,1.0,-81.54102158343801
1979-05,1989-05,5.480408918544155,0.0,True,38,4.811340226450699,-12.208371711634825,False,,1.0,-81.75318639789299,False,,1.0,-81.75318639789299
1979-06,1989-06,5.274102566565183,0.0,True,37,4.626273504369511,-12.28320939950127,False,,1.0,-81.03942827469014,False,,1.0,-81.03942827469014
1979-07,1989-07,5.536132928503888,0.0,True,36,4.907817660009435,-11.349352998000573,False,,1.0,-81.93684991103989,False,,1.0,-81.93684991103989
1979-08,1989-08,5.349674416147591,0.0,True,35,4.8344303911216935,-9.631315570732157,False,,1.0,-81.30727363553986,False,,1.0,-81.30727363553986
1979-09,1989-09,5.4253122045607824,0.0,True,34,5.00370116595152,-7.771184822411437,False,,1.0,-81.56788103071099,False,,1.0,-81.56788103071099
1979-10,1989-10,5.516561583953148,0.0,True,33,4.99144070271606,-9.518988834722453,False,,1.0,-81.87276649083643,False,,1.0,-81.87276649083643
1979-11,1989-11,5.777936773955497,0.0,True,32,5.232851919663919,-9.433901332195093,False,,1.0,-82.69278396213025,False,,1.0,-82.69278396213025
1979-12,1989-12,5.923745751179319,0.0,True,31,5.4641158200975,-7.7591096982903895,False,,1.0,-83.1187893268222,False,,1.0,-83.1187893268222
1980-01,1990-01,5.494691319354152,0.0,True,30,5.2216417114101485,-4.969334801069358,False,,1.0,-81.80061550541222,False,,1.0,-81.80061550541222
1980-02,1990-02,5.113459346715172,0.0,True,29,4.857006660975444,-5.0152483544133375,False,,1.0,-80.44376747333703,False,,1.0,-80.44376747333703
1980-03,1990-03,4.572846424524,0.0,True,28,4.209507615752701,-7.9455720800665315,True,120,1.0,-78.13178254495847,False,,1.0,-78.13178254495847
1980-04,1990-04,4.3091605054795235,0.0,True,27,4.153955024374901,-3.6017567901512004,True,119,0.9868030666651101,-77.09987675301738,False,,1.0,-76.7936237527379
1980-05,1990-05,4.832591857870095,0.0,True,26,4.65184328173792,-3.7401994922831694,True,118,1.105080143893771,-77.13276485176173,False,,1.0,-79.30717036715082
1980-06,1990-06,4.648760679406756,0.0,True,25,4.484678633208275,-3.5295868622649773,True,117,1.0653689320874102,-77.08273224718107,False,,1.0,-78.48889050301437
1980-07,1990-07,4.550930182429251,0.0,True,24,4.357667984633702,-4.246652663266914,True,116,1.0351966031196997,-77.25307658824333,False,,1.0,-78.02647019589723
1980-08,1990-08,3.7573140605836204,0.0,True,23,3.6475818861905505,-2.9204951362523435,True,115,0.8665103425732436,-76.93803795473384,True,120,1.0,-73.38524318500352
1980-09,1990-09,2.9652538133473514,0.0,True,22,2.9462600813245565,-0.6405432120953458,True,114,0.699906105478737,-76.39641833261341,True,119,0.8077296612528038,-72.76018472290602
1980-10,1990-10,3.5232807747439074,0.0,True,21,3.5374637746276365,0.402550940174784,True,113,0.8403509620435984,-76.1486235196603,True,118,0.9698106540171689,-72.47421604973677
1980-11,1990-11,3.152137536814149,0.0,True,20,3.1528191202570035,0.02162289668183881,True,112,0.7489757491965598,-76.23911582381186,True,117,0.8643586953299996,-72.57864908383398
1980-12,1990-12,3.3765072991718967,0.0,True,19,3.3485596904275154,-0.8277076359715085,True,111,0.7954753847924231,-76.44088064055076,True,116,0.9180218004439848,-72.81149664124423
1981-01,1991-01,3.2110708421962473,0.0,True,18,3.270552984521376,1.8524082852200419,True,110,0.7769443087078414,-75.8041990697271,True,115,0.8966359321235321,-72.07673152703575
1981-02,1991-02,3.695390630137983,0.0,True,17,3.7080768539527775,0.3432985869296523,True,109,0.8808813743622929,-76.16269935908232,True,114,1.0165849512498284,-72.4904603329616
1981-03,1991-03,3.5848007515362728,0.0,True,16,3.6916237952957562,2.979887897917455,True,108,0.8769728272924524,-75.53635785987201,True,113,1.0120742756377712,-71.76762822301784
1981-04,1991-04,3.402476352553169,0.0,True,15,3.666239357041763,7.752089277289764,True,107,0.870942564237695,-74.40268575021389,True,112,1.0051150245377214,-70.4593090328608
1981-05,1991-05,3.4205146365434125,0.0,True,14,3.6210797969132607,5.863596028126583,True,106,0.8602145731635116,-74.85131143795374,True,111,0.9927343401452824,-70.97704744370029
1981-06,1991-06,2.9604317552641146,0.0,True,13,3.270246894165749,10.465201177184191,True,105,0.7768715946558508,-73.75816573800593,True,110,0.8965520161580577,-69.71549793154843
1981-07,1991-07,3.081240275616804,0.0,True,12,3.3867563970076158,9.915361804416678,True,104,0.8045492979591702,-73.88878419103115,True,109,0.9284935890896929,-69.86623872090512
1981-08,1991-08,2.8577915447978315,0.0,True,11,3.136144216296362,9.740132096241538,True,103,0.7450145011165609,-73.93041131804226,True,108,0.8597871998897544,-69.91427868646107
1981-09,1991-09,3.207892160150225,0.0,True,10,3.3580695527149373,4.681497540044477,True,102,0.7977345236645882,-75.13212776993007,True,107,0.9206289694080115,-71.30112474339228
1981-10,1991-10,3.3857863522993608,0.0,True,9,3.541420483903578,4.596690854357144,True,101,0.8412909079083202,-75.15227423204121,True,106,0.9708954025983925,-71.32437485492737
1981-11,1991-11,3.005213707706512,0.0,True,8,3.1854949677622266,5.998949745018289,True,100,0.7567381410218993,-74.81915715074324,True,105,0.8733169171121977,-70.93993964979326
1981-12,1991-12,2.991961561292606,0.0,True,7,3.2271148316222216,7.85950171859906,True,99,0.7666252507884304,-74.37716912187776,True,104,0.884727178802981,-70.4298614578205
1982-01,1992-01,2.781102487491823,0.0,True,6,3.0922216543481675,11.186900456046533,True,98,0.7345803682066147,-73.5867206796429,True,103,0.8477456437798061,-69.51764102212725
1982-02,1992-02,2.826890339947884,0.0,True,68,0.9373499892818111,-66.84165720771851,True,97,0.7117574953011047,-74.82189226646031,True,102,0.8214068088182593,-70.9430961218891
1982-03,1992-03,2.6645552360174536,0.0,True,67,0.849809620365262,-68.10688669995749,True,96,0.6452855110580396,-75.78261833961798,True,101,0.7446945285635705,-72.05182619232846
1982-04,1992-04,2.3530213238079773,0.0,True,66,0.7639217853340033,-67.53442998562709,True,95,0.5800683445378572,-75.34793507102128,True,100,0.6694303761167464,-71.55017809046525
1982-05,1992-05,2.5045900363790246,0.0,True,65,0.8059616851101513,-67.82061441578841,True,94,0.6119904804631018,-75.56524335024992,True,99,0.7062702548312307,-71.80096364783472
1982-06,1992-06,2.211258312112639,0.0,True,64,0.7007117053165732,-68.31163046495855,True,93,0.5320710663115464,-75.93808631958493,True,98,0.6140389100624868,-72.23124468548257
1982-07,1992-07,2.233937276750612,0.0,True,63,0.6988909310064907,-68.71483643340841,True,92,0.5306884986716344,-76.2442525045488,True,97,0.6124433519116096,-72.58457709240417
1982-08,1992-08,2.5354705210167077,0.0,True,62,0.7933708879931683,-68.70912592290634,True,91,0.6024299168291336,-76.23991634548514,True,96,0.6952368451138389,-72.57957292932544
1982-09,1992-09,2.5176906057681316,0.0,True,61,0.7642894543563289,-69.6432336600331,True,90,0.5803475264714173,-76.94921190309017,True,95,0.6697525672318934,-73.39813852832182
1982-10,1992-10,2.309829663252585,0.0,True,60,0.7365416445567415,-68.11272899147114,True,89,0.5592777960304133,-75.7870545638908,True,94,0.6454369538966457,-72.05694583609363
1982-11,1992-11,2.239678454636875,0.0,True,59,0.7767897618453561,-65.31690697666247,True,88,0.5898393786617614,-73.6641044413943,True,93,0.6807066802112683,-69.60694608630178
1982-12,1992-12,2.1112194963744293,0.0,True,58,0.7434623440152093,-64.78517059491219,True,87,0.5645328872648676,-73.26034132242845,True,92,0.6515016146124641,-69.14098151654626
1983-01,1993-01,2.1008012616817244,0.0,True,57,0.747803649806897,-64.4038842013895,True,86,0.5678293688053382,-72.97081931725509,True,91,0.6553059333591755,-68.8068573971346
1983-02,1993-02,2.09674147895572,0.0,True,56,0.7447098709248917,-64.4825135383026,True,85,0.5654801712449279,-73.03052489205466,True,90,0.6525948317773593,-68.87576087337274
1983-03,1993-03,2.192724120442992,0.0,True,55,0.8166666959513359,-62.75561123547333,True,84,0.6201191109539717,-71.71923703613521,True,89,0.7156511359257721,-67.36246346479781
1983-04,1993-04,2.422165769704604,0.0,True,54,0.9189169006511738,-62.06217955250683,True,83,0.6977607073943186,-71.19269390552843,True,88,0.8052537553356889,-66.75480409278948
1983-05,1993-05,2.3849356605168275,0.0,True,53,0.9028031578244535,-62.145596932840874,True,82,0.6855250671687716,-71.25603518292753,True,87,0.7911331619343323,-66.82790336730133
1983-06,1993-06,2.208331689390651,0.0,True,52,0.8605300056577981,-61.03257450898394,True,81,0.6534258158233115,-70.41088442635117,True,86,0.7540888824048623,-65.85255348969162
1983-07,1993-07,2.244817843866171,0.0,True,51,0.8952384884893679,-60.1197713687303,True,80,0.6797809906122156,-69.71776607756055,True,85,0.7845041855974798,-65.05265726833515
1983-08,1993-08,2.288128861093669,0.0,True,50,0.9236355394060366,-59.63358728998499,True,79,0.7013437089836877,-69.34859216589477,True,84,0.8093887337812188,-64.62661052252315
1983-09,1993-09,2.1383161448069092,0.0,True,49,0.8831836008195021,-58.697239275661275,True,78,0.6706273588288367,-68.63759549973398,True,83,0.7739403973382472,-63.806081751857405
1983-10,1993-10,2.1057403233373835,0.0,True,48,0.8654924392840954,-58.89842495334952,True,77,0.6571939380496291,-68.79036171905358,True,82,0.7584375001202924,-63.982382266477835
1983-11,1993-11,1.7603130391492066,0.0,True,47,0.7206901459430777,-59.05897815246536,True,76,0.5472412855710972,-68.91227449888177,True,81,0.63154616706129,-64.12307623611488
1983-12,1993-12,1.7604160981299437,0.0,True,46,0.765087168746464,-56.53941306494519,True,75,0.5809532545375404,-66.99909440985708,True,80,0.6704516103204321,-61.9151624986479
1984-01,1994-01,1.9840056492188185,0.0,True,45,0.8886046323661191,-55.21158759220278,True,74,0.6747437079830355,-65.99083736234779,True,79,0.7786908878424628,-60.75157910215305
1984-02,1994-02,1.9935996490773322,0.0,True,44,0.8784170816304298,-55.93814023608128,True,73,0.6670080002134724,-66.54253021552378,True,78,0.76976346090998,-61.38826262001811
1984-03,1994-03,1.7487185587102325,0.0,True,43,0.8395293836514235,-51.99173820911363,True,72,0.6374794240913663,-63.545910751839955,True,77,0.7356858802149636,-57.93000099698325
1984-04,1994-04,1.7962091134260945,0.0,True,42,0.8664711329301421,-51.76112143883779,True,71,0.6579370890030004,-63.37079663580766,True,76,0.7592951366848653,-57.727909795726205
1984-05,1994-05,2.1099978873451977,0.0,True,41,0.9213069689313087,-56.33611889107157,True,70,0.6995755567378075,-66.84472714719092,True,75,0.8073481900519548,-61.73701429304456
1984-06,1994-06,1.9892069450961989,0.0,True,40,0.9068259928381412,-54.41268717296346,True,69,0.688579724453769,-65.38420870934225,True,74,0.7946584023554981,-60.0514966874365
1984-07,1994-07,2.0452457868680303,0.0,True,39,0.8982804335068157,-56.07958518851712,True,68,0.6820908291903558,-66.64993354002358,True,73,0.7871698647759656,-61.51221189012244
1984-08,1994-08,1.9489928383817385,0.0,True,38,0.9061495169786655,-53.506780572316146,True,67,0.6880660563800743,-64.69632710649773,True,72,0.7940656014984774,-59.25764395533668
1984-09,1994-09,1.8371154640724188,0.0,True,37,0.859379557426651,-53.221255047212736,True,66,0.6525522465473336,-64.4795191533149,True,71,0.7530807360123059,-59.00743580139939
1984-10,1994-10,1.776379632098107,0.0,True,36,0.8780832364010781,-50.568942554021426,True,65,0.6667545016835971,-62.465540043595084,True,70,0.7694709098376842,-56.68319451913264
1984-11,1994-11,1.6690687642730269,0.0,True,35,0.8379348334112304,-49.79626655608775,True,64,0.6362686350605143,-61.87882436721264,True,69,0.7342885639091289,-56.00609276101618
1984-12,1994-12,1.7087190061164728,0.0,True,34,0.8663749327916841,-49.2968165221761,True,63,0.6578640414003125,-61.49957722449129,True,68,0.7592108357837694,-55.56842095943664
1985-01,1995-01,1.555149554297341,0.0,True,33,0.8192307151667645,-47.321419158499175,True,62,0.6220660463735534,-59.99959973916336,True,67,0.7178980051481291,-53.837365469812006
1985-02,1995-02,1.3839946631563829,0.0,True,32,0.7491060854714071,-45.873629038209465,True,61,0.568818346622549,-58.90024999624757,True,66,0.656447267476751,-52.56865615510134
1985-03,1995-03,1.2829073919222687,0.0,True,31,0.7089796459834905,-44.73649068923227,True,60,0.5383491575343266,-58.036787306394665,True,65,0.6212841683292678,-51.57217331187445
1985-04,1995-04,1.3525155134798885,0.0,True,30,0.7382701721587137,-45.41503111788954,True,59,0.5605903180239123,-58.552023068366225,True,64,0.6469516755670199,-52.166783366315904
1985-05,1995-05,1.2099314961123653,0.0,True,29,0.6780919339478428,-43.9561713926266,True,58,0.5148952067097059,-57.44426784788086,True,63,0.5942170351719528,-50.8883736739449
1985-06,1995-06,1.1269523365936964,0.0,True,28,0.6377058858671014,-43.413233624891504,True,57,0.4842288891594355,-57.0319991861363,True,62,0.5588264390721974,-50.41259324584259
1985-07,1995-07,1.3634009957244344,0.0,True,27,0.7325939247196579,-46.26717106580968,True,56,0.5562801759146377,-59.199078065872925,True,61,0.6419775374667465,-52.91351997835121
1985-08,1995-08,1.425082788619613,0.0,True,26,0.7958351929098302,-44.155160720121735,True,55,0.6043011362404501,-57.59536631371442,True,60,0.6973963339501286,-51.062749510458126
1985-09,1995-09,1.4104660593223675,0.0,True,25,0.7868670558013516,-44.2122658251424,True,54,0.5974913652063262,-57.63872790435099,True,59,0.689537488302769,-51.11279114124556
1985-10,1995-10,1.3644020968401331,0.0,True,24,0.7755154394633174,-43.16078513369622,True,53,0.5888717480891714,-56.84030760045295,True,58,0.6795899819734649,-50.19137074419988
1985-11,1995-11,1.468622069422648,0.0,True,23,0.8233862097321155,-43.93477894174577,True,52,0.6252214359691065,-57.42802392892702,True,57,0.7215394961269702,-50.86962730918068
1985-12,1995-12,1.5186025110103203,0.0,True,22,0.8727483017820308,-42.52951016119454,True,51,0.6627035284660505,-56.360961893500594,True,56,0.7647958667152713,-49.6381797626256
1986-01,1996-01,1.5979929823483796,0.0,True,21,0.914241310360096,-42.78815235993435,True,50,0.6942103937732756,-56.55735654401452,True,55,0.8011565005810605,-49.86482985653063
1986-02,1996-02,1.4753772314441274,0.0,True,20,0.8840472057154303,-40.07992079082663,True,49,0.6712831194995406,-54.500916430540556,True,54,0.7746971807700022,-47.49158626965432
1986-03,1996-03,1.3497647179736803,0.0,True,19,0.9403387826245857,-30.333133611889107,True,48,0.7140269742448829,-47.09989343055223,True,53,0.8240259107865505,-38.95040373972654
1986-04,1996-04,1.3927711604688633,0.0,True,18,0.968208270224871,-30.4833200380935,True,47,0.7351890982290125,-47.21393441392641,True,52,0.8484481512889376,-39.08201322869756
1986-05,1996-05,1.317047142993395,0.0,True,17,0.964469642926171,-26.77030218264497,True,46,0.7323502482451063,-44.39453043566724,True,51,0.8451719642148449,-35.82826790133484
1986-06,1996-06,1.276226776759512,0.0,True,16,0.9897083422651576,-22.450432768842067,True,45,0.7515147371036793,-41.114326169220284,True,50,0.8672888252804162,-32.042734012950014
1986-07,1996-07,1.181793052875294,0.0,True,15,0.9089740233269963,-23.085177974648865,True,44,0.6902107873630984,-41.59630692668056,True,49,0.7965407375443496,-32.59896598593368
1986-08,1996-08,1.0881217329747785,0.0,True,14,0.8858714941858218,-18.58709670617752,True,43,0.6726683555450301,-38.180781142377775,True,48,0.7762958184058507,-28.657263715929805
1986-09,1996-09,1.2074459653311038,0.0,True,13,0.9469080660521574,-21.577603202102893,True,42,0.7190152249215741,-40.45156093387525,True,47,0.8297826230052158,-31.27786693314477
1986-10,1996-10,1.210295536003094,0.0,True,12,0.8990478382642859,-25.71666906800956,True,41,0.6826735422583716,-43.59447573335291,True,46,0.7878423473066247,-34.90496131974409
1986-11,1996-11,1.1624376486202512,0.0,True,11,0.9233614349019375,-20.566798916232965,True,40,0.7011355733486323,-39.68402742453833,True,45,0.8091485339534391,-30.392091574644596
1986-12,1996-12,1.0287296287480128,0.0,True,10,0.8504860962247376,-17.3265674033518,True,39,0.6457991791317342,-37.223624061680184,True,44,0.7452873294205911,-27.55265245663988
1987-01,1997-01,0.9142924836519806,0.0,True,9,0.8051824200616384,-11.933824847221885,True,38,0.6113987615262614,-33.12875557238133,True,43,0.7055873790387928,-22.826951806445127
1987-02,1997-02,0.9086929355330917,0.0,True,8,0.8151534106682881,-10.293854085035669,True,37,0.6189700288021028,-31.883477399438643,True,42,0.7143250327099047,-21.3898331573536
1987-03,1997-03,0.8347780767470576,0.0,True,7,0.7908354213302502,-5.263992507810222,True,36,0.6005046622048702,-28.06415514110028,True,41,0.6930149967068758,-16.982127824032055
1987-04,1997-04,0.822826404523347,0.0,True,6,0.8412513222028162,2.239222948872488,True,35,0.6387869428244072,-22.366742327083145,True,40,0.7371948278510161,-10.407003980619244
1987-05,1997-05,0.8101281305517958,0.0,True,5,0.8815626943769921,8.817687120251062,True,34,0.6693965567561527,-17.37152044082061,True,39,0.7725199848951263,-4.642246607466127
1987-06,1997-06,0.8522761255919513,0.0,True,4,0.9051141574976366,6.199637690072146,True,33,0.6872798773867637,-19.359482596158482,True,38,0.7931583082387386,-6.936462911260389
1987-07,1997-07,0.830257553668925,0.0,True,3,0.8930988041312469,7.568886327456492,True,32,0.6781562651661334,-18.31977171790282,True,37,0.7826291641854359,-5.736580085663567
1987-08,1997-08,0.7003444590348846,0.0,True,2,0.8007638027431535,14.33856474664661,True,31,0.6080435750630828,-13.179355213147225,True,36,0.7017153116227077,0.1957397635032665
1987-09,1997-09,0.6877010697062151,0.0,True,1,0.7857535062534482,14.258002621563604,True,30,0.596645814188913,-13.240528411014507,True,35,0.6885616765024134,0.1251425705308229
1987-10,1997-10,0.7229919209454496,0.0,True,28,0.475802057065812,-34.18985146561386,True,29,0.5489890912244478,-24.06705036115202,True,34,0.6335632297176459,-12.369251804481951
1987-11,1997-11,0.7333019494172376,0.0,True,27,0.4809280992507225,-34.41608881131151,True,28,0.5549036121872754,-24.328087136784127,True,33,0.6403889081570553,-12.67050242182245
1987-12,1997-12,0.7076024856241884,0.0,True,26,0.44110616359452,-37.661869120568085,True,27,0.5089563365459825,-28.073127654855067,True,32,0.587363256432178,-16.992482592248848
1988-01,1998-01,0.7039304352832408,0.0,True,25,0.4807029026083786,-31.711589879622416,True,26,0.5546437761941534,-21.207586944158606,True,31,0.6400890433079522,-9.069275708984037
1988-02,1998-02,0.6667906623707897,0.0,True,24,0.4865770948708068,-27.027008275615216,True,25,0.5614215263613455,-15.80243125103189,True,30,0.6479109351356532,-2.8314324570786753
1988-03,1998-03,0.6293604861490327,0.0,True,23,0.4777744790051107,-24.085720422560243,True,24,0.5512649076314732,-12.408719682326307,True,29,0.6361896454627446,1.085095023282845
1988-04,1998-04,0.5701389364776417,0.0,True,22,0.4521642148948355,-20.692275870801303,True,23,0.5217153178154431,-8.493301468123382,True,28,0.6020878138235771,5.6037003091418125
1988-05,1998-05,0.5715779068961618,0.0,True,21,0.45301759164477096,-20.742634349743973,True,22,0.5226999594735903,-8.5514059995764,True,27,0.6032241437780739,5.536644523886602
1988-06,1998-06,0.5700616505938191,0.0,True,20,0.45762819658539455,-19.723034147500606,True,21,0.5280197595433024,-7.374972690536663,True,26,0.6093634820044522,6.894312460712526
1988-07,1998-07,0.5868152451146708,0.0,True,19,0.4734902501995404,-19.31186959755712,True,20,0.5463216862989048,-6.900563533902915,True,25,0.6304848995529743,7.4418063950894675
1988-08,1998-08,0.5155271423064063,0.0,True,18,0.407836900970427,-20.889344614172224,True,19,0.4705696545582205,-8.720682978407579,True,24,0.5430629404385264,5.341289696004803
1988-09,1998-09,0.4801084527929172,0.0,True,17,0.3875576397888644,-19.277063852065158,True,18,0.44717107314933563,-6.86040402995951,True,23,0.5160597065943706,7.488152643911072
1988-10,1998-10,0.4847490613789884,0.0,True,16,0.39212864018519894,-19.10687994532837,True,17,0.45244517677353074,-6.6640427345153075,True,22,0.5221463086406114,7.714764244253991
1988-11,1998-11,0.5031863930031205,0.0,True,15,0.4302643473243373,-14.492054374437535,True,16,0.4964468511980308,-1.339372824624041,True,21,0.5729266308856177,13.859722530705376
1988-12,1998-12,0.45897310918797035,0.0,True,14,0.40015535388394835,-12.81507655384958,True,15,0.46170654543210665,0.5955547698583974,True,20,0.5328344311055698,16.092734070690383
1989-01,1999-01,0.4591087130675431,0.0,True,13,0.41915050276089927,-8.703431054414612,True,14,0.48362349464400967,5.339646336195769,True,19,0.5581277809192802,21.56767341445982
1989-02,1999-02,0.4491877594917714,0.0,True,12,0.4153429739081215,-7.534663371491512,True,13,0.4792302984111313,6.6881918049928935,True,18,0.5530577938492678,23.123968131949766
1989-03,1999-03,0.4822541588151535,0.0,True,11,0.45781089784080076,-5.068543324625175,True,12,0.5282305635839356,9.53364609270373,True,17,0.6096067613172036,26.407776931347104
1989-04,1999-04,0.4953981138035823,0.0,True,10,0.4828149522476157,-2.540009984970515,True,11,0.5570806975879281,12.451113975940986,True,16,0.6429013829582072,29.774693331413783
1989-05,1999-05,0.4701831950797785,0.0,True,9,0.4657624496306804,-0.9402176631064019,True,10,0.5374052090612382,14.296983534269824,True,15,0.620194800520587,31.904927060473764
1989-06,1999-06,0.5320314707504303,0.0,True,8,0.5067572001495144,-4.750521724827017,True,9,0.5847056998810892,9.900585214698276,True,14,0.6747821360616545,26.83124460849551
1989-07,1999-07,0.5110123714484262,0.0,True,7,0.5163582667548182,1.0461381377596668,True,8,0.5957835856366399,16.588877084900332,True,13,0.687566617920986,34.54989670252602
1989-08,1999-08,0.5064174353493345,0.0,True,6,0.504063512969332,-0.4648185895058443,True,7,0.5815976744845391,14.845507655822354,True,12,0.671195305941058,32.53795368993511
1989-09,1999-09,0.4940252705352562,0.0,True,5,0.5089461462032105,3.020265674221112,True,6,0.5872313457603204,18.8666614410391,True,11,0.6776968685872131,37.17858356779122
1989-10,1999-10,0.5047078097432758,0.0,True,4,0.5186773007277119,2.767837294125064,True,5,0.5984593293296132,18.575404972240285,True,10,0.6906545714761936,36.8424577831481
1989-11,1999-11,0.4979563328994582,0.0,True,3,0.5364892277084956,7.738207602395852,True,4,0.6190110555378588,24.310308884623154,True,9,0.7143723797913418,43.46084839041098
1989-12,1999-12,0.48654546332897086,0.0,True,2,0.5473619759950208,12.49965671243547,True,3,0.6315562308104115,29.80415570813648,True,8,0.7288501934493966,49.80104602405775
1990-01,2000-01,0.525416824083498,0.0,True,2,0.6517480558163737,24.044002007975184,True,3,0.6604641572699496,25.70289472972609,True,7,0.7521526562290092,43.15351579025168
1990-02,2000-02,0.5769983166623257,0.0,True,1,0.6657511811864065,15.381823821857221,True,6,0.7683130234883868,33.1568916756517,True,7,0.9512007053160818,64.85328948936066
1990-03,2000-03,0.6783527265267866,0.0,True,5,0.7828558912664652,15.405431518605672,True,5,0.7828558912664652,15.405431518605672,True,6,0.9692053279958062,42.87630757499941
1990-04,2000-04,0.6075315702658122,0.0,True,4,0.691871737911193,13.882433732370437,True,4,0.691871737911193,13.882433732370437,True,5,0.8565634903614745,40.990778468796904
1990-05,2000-05,0.49296877829693214,0.0,True,3,0.6286941790420262,27.53225086870348,True,3,0.6286941790420262,27.53225086870348,True,4,0.7783472728572451,57.889770533991026
1990-06,2000-06,0.5451133116094307,0.0,True,2,0.6702133351707594,22.94936133406369,True,3,0.8297495651345105,52.21597922176948,True,3,0.8297495651345105,52.21597922176948
1990-07,2000-07,0.5067554548541903,0.0,True,1,0.6054071136872714,19.46731068962373,True,2,0.7495170014535231,47.90506826792482,True,2,0.7495170014535231,47.90506826792482
1990-08,2000-08,0.6490499596395001,0.0,True,1,0.8035485023947387,23.80379822241285,True,19,0.8715653663945165,34.283247914938244,True,20,0.9695555845621023,49.38073258653615
1990-09,2000-09,0.7504591703004743,0.0,True,2,0.7012923392636619,-6.5515664252762225,True,18,0.8139822546837968,8.464562350259342,True,19,0.9054983954076632,20.65924852981851
1990-10,2000-10,0.5771033694396704,0.0,True,1,0.647510112613746,12.20002289060207,True,17,0.7515578195953158,30.229324483935894,True,18,0.83605557219918,44.87102596731245
1990-11,2000-11,0.6523603372667462,0.0,True,7,0.6289354324596323,-3.590792307401669,True,16,0.757187421656729,16.068892972430902,True,17,0.842318111221451,29.11853512593794
1990-12,2000-12,0.5780476176698865,0.0,True,6,0.5918901582416526,2.3947059288238925,True,15,0.7125879059958286,23.274949020337576,True,16,0.7927042656682793,37.13476908073336
1991-01,2001-01,0.5943187565094271,0.0,True,5,0.5943743838811281,0.009359854638901766,True,14,0.7155787128572129,20.40318516278601,True,15,0.7960313293706812,33.940132404024936
1991-02,2001-02,0.4878425034893117,0.0,True,4,0.5531562460285021,13.388284553320261,True,13,0.6659554066871877,36.51032903527609,True,14,0.740828867826558,51.858204754147486
1991-03,2001-03,0.4944348175341282,0.0,True,3,0.5581435887571831,12.885170898923871,True,12,0.6719597641883701,35.90462086379836,True,13,0.7475082960960192,51.184396726758166
1991-04,2001-04,0.5336519699363301,0.0,True,2,0.5982716040901706,12.10894699059204,True,11,0.7202706509631214,34.970110023028056,True,12,0.8012507827455003,50.14481869917904
1991-05,2001-05,0.5142433273541835,0.0,True,3,0.5937597237089938,15.46279594213258,True,10,0.6855253942039548,33.30759151140161,True,11,0.7625991118246466,48.295382994713854
1991-06,2001-06,0.5568276275430467,0.0,True,5,0.5716423469466464,2.6605575353666255,True,9,0.670375453260243,20.391916654390172,True,10,0.745745860864795,33.92759697562664
1991-07,2001-07,0.49172475980224495,0.0,True,4,0.5227922168080451,6.318058301211926,True,8,0.6130880106688997,24.681134811162032,True,9,0.6820175829508974,38.69905254012058
1991-08,2001-08,0.47965492277668176,0.0,True,3,0.47222394858808986,-1.549233383361237,True,7,0.5537856760717359,15.455017716886443,True,8,0.6160478784362456,28.435641788058085
1991-09,2001-09,0.40870129500878893,0.0,True,2,0.43084273835419296,5.417512402285851,True,6,0.5052571726898911,23.625048136690108,True,7,0.5620633085135684,37.524229890556505
1991-10,2001-10,0.4109993228209346,0.0,True,1,0.4569215884622929,11.173319052247166,True,5,0.5358403179993746,30.37498804659371,True,6,0.5960849212021821,45.03306650504779
1991-11,2001-11,0.47151562434572575,0.0,True,4,0.5529550112555858,17.271832088886807,True,5,0.6151238218566121,30.45672085843536,True,7,0.6706131560652042,42.22501258484188
1991-12,2001-12,0.45869846417711296,0.0,True,3,0.5449523026783384,18.804039088284586,True,4,0.6062213676152384,32.161194108808644,True,6,0.6609076256932633,44.08324363564322
1992-01,2002-01,0.45396981798615543,0.0,True,2,0.5167903359617904,13.838038452492608,True,3,0.5748931469732979,26.63686531487215,True,41,0.6886770358328627,51.70106217366745
1992-02,2002-02,0.4961771532714335,0.0,True,2,0.6088210314587501,22.702350852840425,True,4,0.6637418010460306,33.77113328773744,True,40,0.72931998842768,46.98782151073888
1992-03,2002-03,0.5698836190520497,0.0,True,1,0.633955715436575,11.243014230011305,True,20,0.6719844647317472,17.91608712135526,True,39,0.7594293744058854,33.26043230881564
1992-04,2002-04,0.6608436343312034,0.0,True,2,0.7204572795552583,9.020839745908415,True,19,0.7004852942789888,5.998644443008683,True,38,0.791638998718779,19.792180417981164
1992-05,2002-05,0.6411521848728047,0.0,True,1,0.7374560627593371,15.020439789289286,True,18,0.7170128497538177,11.831927999444103,True,37,0.8103172744430822,26.38454544202129
1992-06,2002-06,0.6658738581959448,0.0,True,17,0.6474149942644823,-2.7721262374638234,True,17,0.6474149942644823,-2.7721262374638234,True,36,0.7316626944218663,9.880074944549321
1992-07,2002-07,0.6208526814110124,0.0,True,16,0.6020733195420851,-3.024769390742965,True,16,0.6020733195420851,-3.024769390742965,True,35,0.6804207364955158,9.594555498918545
1992-08,2002-08,0.5325970925391117,0.0,True,15,0.5863088743878965,10.08488078534533,True,15,0.5863088743878965,10.08488078534533,True,34,0.6626048741510188,24.41015608855579
1992-09,2002-09,0.5392980548396812,0.0,True,14,0.571923757233396,6.04966068409305,True,14,0.571923757233396,6.04966068409305,True,33,0.6463478308788076,19.84983536996985
1992-10,2002-10,0.5153142407290338,0.0,True,13,0.5266485194318852,2.1994887404656938,True,13,0.5266485194318852,2.1994887404656938,True,32,0.5951809552674723,15.49864300770112
1992-11,2002-11,0.5211344942927505,0.0,True,12,0.5617003950863497,7.784151929657357,True,12,0.5617003950863497,7.784151929657357,True,31,0.6347941091379999,21.8100348547261
1992-12,2002-12,0.5068818519404784,0.0,True,11,0.522898185723498,3.15977652814059,True,11,0.522898185723498,3.15977652814059,True,30,0.5909425930262995,16.583892432529247
1993-01,2003-01,0.489899423042356,0.0,True,10,0.5083302146583009,3.762158261278725,True,10,0.5083302146583009,3.762158261278725,True,29,0.5744789011806523,17.26466171628531
1993-02,2003-02,0.49329719494967084,0.0,True,9,0.5097381897706647,3.3328782302666893,True,9,0.5097381897706647,3.3328782302666893,True,28,0.5760700951961096,16.779519748715344
1993-03,2003-03,0.42883744947274155,0.0,True,8,0.48594706744993155,13.317311267336063,True,8,0.48594706744993155,13.317311267336063,True,27,0.5491830493063498,28.063220686899882
1993-04,2003-04,0.37436553440431225,0.0,True,7,0.47733525776915786,27.50512905219502,True,7,0.47733525776915786,27.50512905219502,True,26,0.5394505903260914,44.097290148373666
1993-05,2003-05,0.40990495004220934,0.0,True,6,0.5134848664008377,25.269252383500707,True,6,0.5134848664008377,25.269252383500707,True,25,0.5803043244658135,41.57046027525588
1993-06,2003-06,0.4636605410923941,0.0,True,5,0.5536273949290953,19.403603684871996,True,5,0.5536273949290953,19.403603684871996,True,24,0.6256705746208,34.94151845371765
1993-07,2003-07,0.46924162444418926,0.0,True,4,0.582890115770906,24.21960998479875,True,4,0.582890115770906,24.21960998479875,True,23,0.6587412346563435,40.38422858087538
1993-08,2003-08,0.4919268926027032,0.0,True,3,0.630452855995231,28.15986795509593,True,3,0.630452855995231,28.15986795509593,True,22,0.7124932839213634,44.83722980699025
1993-09,2003-09,0.5082660597412378,0.0,True,2,0.6228644187013228,22.546923361049885,True,18,0.6331525190598485,24.57107983605895,True,21,0.7039173681237688,38.493876313940504
1993-10,2003-10,0.5359389980292312,0.0,True,1,0.6436207756175282,20.092170561251788,True,17,0.6542517170127541,22.07578090390614,True,20,0.7273747365230689,35.71968809841983
1993-11,2003-11,0.6156429082548788,0.0,True,14,0.5415907499375329,-12.028427084014748,True,16,0.6258117280412888,1.651739937236485,True,19,0.6957561271302024,13.012936200697123
1993-12,2003-12,0.6129926440698985,0.0,True,13,0.5724795199095756,-6.609071830183866,True,15,0.6615039080046717,7.913841120945264,True,18,0.7354374750299641,19.97492663975646
1994-01,2004-01,0.5330736087382942,0.0,True,12,0.5782152321041168,8.468178245151936,True,14,0.6681315617458543,25.335704261785175,True,17,0.7428058743301144,39.34395966219846
1994-02,2004-02,0.5521733042625968,0.0,True,11,0.5920657679269826,7.22462736905769,True,13,0.6841359483765439,23.89877292061002,True,16,0.7605990053315332,37.74642842382245
1994-03,2004-03,0.6129886479223436,0.0,True,10,0.6281771084117702,2.4777719034285717,True,12,0.7258628434412746,18.413749732805897,True,15,0.8069895435821842,31.64836678744132
1994-04,2004-04,0.5962809089872119,0.0,True,9,0.630665068081086,5.766436351664517,True,11,0.7287376974525944,22.213823462897974,True,14,0.8101857081846613,35.873159105624985
1994-05,2004-05,0.535738993658215,0.0,True,8,0.6024921420153118,12.460013018892413,True,10,0.6961836932580338,29.948295998438667,True,13,0.7739932770330777,44.47208177772881
1994-06,2004-06,0.5744482760792156,0.0,True,8,0.6953950026475612,21.054415446042206,True,9,0.7347525859745538,27.90578657306868,True,42,0.7771854032508583,35.29249466207565
1994-07,2004-07,0.5538443934024438,0.0,True,7,0.6641350156537424,19.913647870252493,True,8,0.7017233634552772,26.700454462374413,True,41,0.7422487046767953,34.01755321867994
1994-08,2004-08,0.5372069653048474,0.0,True,6,0.6498276299841147,20.96411103220874,True,7,0.686606216252219,27.81037115976195,True,40,0.7262585246226099,35.191568897562966
1994-09,2004-09,0.5532444856088868,0.0,True,5,0.6346858080749738,14.720674960990298,True,8,0.70115419073525,26.73496238531461,True,39,0.7093357642898431,28.21379746951589
1994-10,2004-10,0.5388512026253653,0.0,True,4,0.631627772242886,17.21747472502595,True,7,0.6977758977093036,29.49324309004655,True,38,0.7059180509006643,31.0042637858696
1994-11,2004-11,0.5713706815296176,0.0,True,3,0.6391236249833611,11.857966403239661,True,6,0.706056764392079,23.572452563000446,True,37,0.7142955447173228,25.014385198253585
1994-12,2004-12,0.5825039319456514,0.0,True,2,0.6736920373203513,15.65450469494991,True,5,0.7442454033513444,27.76658877914384,True,36,0.75292979630035,29.25746162527183
1995-01,2005-01,0.6106005312651811,0.0,True,2,0.70555299118027,15.550667752997981,True,5,0.784409742791409,28.465289927948547,True,35,0.7462994978615535,22.223853345689104
1995-02,2005-02,0.6884597409436107,0.0,True,4,0.808726080427625,17.46889938969791,True,25,0.6521323749958342,-5.276614417276715,True,34,0.7694344356087071,11.761718202158278
1995-03,2005-03,0.7229855111075314,0.0,True,3,0.8037906236653948,11.176588094286855,True,24,0.6481525711809992,-10.350544897074998,True,33,0.7647387661104391,5.775116425078353
1995-04,2005-04,0.6550284855787109,0.0,True,2,0.7583244933665809,15.76969705319138,True,23,0.6114900518790896,-6.646800048879631,True,32,0.721481590223046,10.145070956055369
1995-05,2005-05,0.7305009655504803,0.0,True,15,0.5591632824083027,-23.454819531013683,True,22,0.6263589099836697,-14.256251596920578,True,31,0.7390249784713547,1.1668722319143177
1995-06,2005-06,0.797939713722843,0.0,True,14,0.5744070729760152,-28.013725461027718,True,21,0.6434345734694558,-19.363009209371572,True,30,0.759172120371669,-4.858461445702589
1995-07,2005-07,0.7135109335734968,0.0,True,13,0.5900559828233393,-17.30246096326158,True,20,0.660964040125754,-7.364553362142701,True,29,0.7798546931135861,9.298212041099085
1995-08,2005-08,0.6851823844938683,0.0,True,12,0.6155432912346469,-10.16358488414183,True,19,0.6895142028727907,0.63221391514936,True,28,0.8135403054249566,18.733394762608203
1995-09,2005-09,0.7577878933024284,0.0,True,11,0.6730979972132554,-11.175936807342712,True,18,0.753985358321206,-0.501794105557829,True,27,0.8896081852105744,17.39540748449744
1995-10,2005-10,0.7707039056021534,0.0,True,10,0.6746946729541973,-12.457343468753256,True,17,0.7557739093726741,-1.937189641956527,True,26,0.8917184511958393,15.701820727006277
1995-11,2005-11,0.7934174543677532,0.0,True,9,0.7374534509518071,-7.053538223524702,True,16,0.8260745192574735,4.116000311052348,True,25,0.9746643562967847,22.843825899124038
1995-12,2005-12,0.8109174734436774,0.0,True,8,0.7989046407727514,-1.4813878186533347,True,15,0.8949104058122355,10.35776575535734,True,24,1.0558820715209776,30.208326506644735
1996-01,2006-01,0.7999821263322366,0.0,True,7,0.8256013566785176,3.2024753432605024,True,14,0.9248153126631634,15.604496928357992,True,23,1.0911661120118699,36.39881143528236
1996-02,2006-02,0.8052239536465667,0.0,True,6,0.8035657438674265,-0.20593150161899443,True,13,0.9001316418009934,11.786495884110781,True,22,1.0620424753288937,31.894048918849126
1996-03,2006-03,0.7969252832621333,0.0,True,5,0.8459237661713004,6.148441257704462,True,12,0.947579901574147,18.904484708443945,True,21,1.1180254726143835,40.2923832505174
1996-04,2006-04,0.7670250847273075,0.0,True,4,0.8383157550243221,9.294437915594367,True,11,0.939057622449093,22.42854127553684,True,20,1.1079702518032288,44.45032813980707
1996-05,2006-05,0.7044632971385291,0.0,True,3,0.7669661673336011,8.87240974071375,True,10,0.8591338302765033,21.95579723829941,True,19,1.0136701981946086,43.892549450347815
1996-06,2006-06,0.6881786003572895,0.0,True,2,0.7688430051222549,11.721434628029105,True,9,0.861236210937934,25.147194418831997,True,18,1.0161507437704556,47.65799797362036
1996-07,2006-07,0.7469645282931333,0.0,True,5,0.7983332773799348,6.876999795985306,True,15,0.9391133329363861,25.723953061375802,True,25,1.0956145816277274,46.675583662758946
1996-08,2006-08,0.8003590041106962,0.0,True,4,0.8336588099486864,4.160608635244967,True,14,0.9806682568865309,22.528546795844704,True,24,1.1440945456762137,42.947669708227096
1996-09,2006-09,0.7481573917722809,0.0,True,3,0.8329780722935126,11.337277617521524,True,13,0.9798674762773303,30.970767254756424,True,23,1.1431603166738613,52.796768333180985
1996-10,2006-10,0.80126555807779,0.0,True,3,0.8946743618797804,11.657658670126182,True,12,0.9963819055176092,24.35102139019889,True,22,1.1624268405835314,45.07385583528083
1996-11,2006-11,0.7742174729643069,0.0,True,2,0.8878516705664644,14.677296957284813,True,11,0.9887836033183183,27.71393540531775,True,21,1.1535622974094637,48.99719235123041
1996-12,2006-12,0.8897019061170839,0.0,True,8,0.9449466850837823,6.209358279089527,True,10,1.046594130606224,17.634246190823987,True,20,1.2210068266764202,37.237744269341476
1997-01,2007-01,0.948358456978474,0.0,True,7,0.9535915020883824,0.551800331551977,True,9,1.0561688662817899,11.36810754520039,True,19,1.2321771717811805,29.92736688477158
1997-02,2007-02,0.9486511828420539,0.0,True,6,0.9656983052669803,1.796985312752697,True,8,1.0695779922643864,12.74723645629674,True,18,1.247820900219664,31.536324709081253
1997-03,2007-03,0.960243620649433,0.0,True,5,0.948337906526922,-1.2398639122912392,True,7,1.0503501440554497,9.383714868636739,True,17,1.2253887718149208,27.612279369912862
1997-04,2007-04,0.908584458767947,0.0,True,4,0.9545235119932507,5.0561125916238625,True,6,1.057201132029159,16.35694643761991,True,16,1.2333814624298887,35.74758521649939
1997-05,2007-05,0.8907229676298695,0.0,True,3,0.9805989439049625,10.090227774663152,True,5,1.0860814851989256,21.932578890256615,True,15,1.2670746653113967,42.25238501292539
1997-06,2007-06,0.8802909590700492,0.0,True,2,0.9950047779907424,13.031352615716774,True,4,1.1020369477013707,25.19007906949049,True,14,1.2856890718597889,46.052740700416535
1997-07,2007-07,0.8483854800178836,0.0,True,1,0.946211673218347,11.530866039621657,True,5,1.1304268897694043,33.24448807699718,True,13,1.2226413730189276,44.11389655008651
1997-08,2007-08,0.9089203057475223,0.0,True,4,1.0858753737202416,19.468711046914766,True,12,1.174455570606235,29.21436160900035,True,40,1.201905018900033,32.234367666761685
1997-09,2007-09,0.9383923375323059,0.0,True,3,1.1000705169627376,17.22927319031584,True,11,1.189808681525019,26.792241788105798,True,39,1.2176169636775527,29.755637911486453
1997-10,2007-10,1.0169324391485723,0.0,True,10,1.1864020771355603,16.66478828513689,True,11,1.2484815076989408,22.769365951609654,True,38,1.2141307399194383,19.391484938367242
1997-11,2007-11,0.9425598061102677,0.0,True,9,1.1114822982033457,17.92167361667829,True,10,1.1696414918557494,24.092018805957437,True,37,1.1374599312765628,20.677746271677332
1997-12,2007-12,1.0032138957738321,0.0,True,8,1.0850509891982432,8.157492013334377,True,9,1.1418271436233023,13.816918648495236,True,36,1.110410868081322,10.685355611507275
1998-01,2008-01,0.8174215667466698,0.0,True,7,0.96346583365762,17.86645628793537,True,8,1.0138799482933138,24.033912186651317,True,35,0.9859840167594077,20.62123840010912
1998-02,2008-02,0.8081800558114556,0.0,True,6,0.9642136421534334,19.306785068497124,True,7,1.0146668864623514,25.549607314124078,True,34,0.9867493030816739,22.095230634085027
1998-03,2008-03,0.7578756677640517,0.0,True,5,0.8878393579762813,17.148418367310757,True,28,0.7964106160614314,5.084600276331441,True,33,0.908589994407244,19.88641845275787
1998-04,2008-04,0.8854778962820131,0.0,True,4,0.9817194491876532,10.868882589813222,True,27,0.8806230364794383,-0.5482756625500906,True,32,1.0046642569214888,13.46011697637186
1998-05,2008-05,0.9149857250245362,0.0,True,3,1.0163490075411703,11.078127203997191,True,26,0.911686480169436,-0.3605788336218829,True,31,1.0401031794563784,13.674252068630576
1998-06,2008-06,0.8516203450730783,0.0,True,2,0.9555915165201883,12.208629355630073,True,25,0.8571857302086983,0.6535054226707526,True,30,0.9779256605944279,14.831176386528355
1998-07,2008-07,0.8167064229313564,0.0,True,1,0.9481793521214015,16.0979423570782,True,24,0.8505368625254252,4.1423011554927,True,29,0.9703402586305073,18.811390652190774
1998-08,2008-08,0.9266353792097898,0.0,True,20,0.72733327027824,-21.5081480162682,True,23,0.8312114647664695,-10.297892416399568,True,28,0.9482927586504557,2.337206189896901
1998-09,2008-09,0.8398875461626883,0.0,True,19,0.6264631099884834,-25.41107284532399,True,22,0.7159349648290988,-14.758235420909504,True,27,0.8167788482114425,-2.751403810763209
1998-10,2008-10,0.6323103451580633,0.0,True,18,0.4771961254499631,-24.531343017853857,True,21,0.5453495758064383,-13.75286202693501,True,26,0.622165448374365,-1.6044173342067092
1998-11,2008-11,0.5719189448860164,0.0,True,17,0.47359586506951845,-17.191785775883627,True,20,0.5412351239771891,-5.365064609801051,True,25,0.6174714504678404,7.9648534095863255
1998-12,2008-12,0.64004126520625,0.0,True,16,0.4929179857235851,-22.986530319299835,True,19,0.563316842039003,-11.987418208499879,True,24,0.6426635155730326,0.40970020361694726
1999-01,2009-01,0.5513423108091798,0.0,True,15,0.4447637381284878,-19.330744365378294,True,18,0.5082851745574151,-7.809510608495074,True,23,0.5798802961621797,5.176092020058465
1999-02,2009-02,0.52677215445372,0.0,True,14,0.4210830268670336,-20.063537279469447,True,17,0.4812223692401013,-8.646961466832915,True,22,0.5490055267454875,4.220681010526128
1999-03,2009-03,0.512075516256972,0.0,True,13,0.4511886812398116,-11.890206245792445,True,16,0.5156277320793083,0.6936898386201484,True,21,0.5882570984840078,14.877021026876424
1999-04,2009-04,0.5285898956562662,0.0,True,12,0.49117655240712826,-7.077952786571484,True,15,0.5613266961225218,6.19323235939111,True,20,0.6403930452519968,21.15120824565182
1999-05,2009-05,0.5910319551380523,0.0,True,11,0.5298018771872236,-10.359859127502958,True,14,0.6054685140476961,2.442602093531776,True,19,0.6907525122064981,16.872278427848
1999-06,2009-06,0.5680882888166053,0.0,True,10,0.5540562043430124,-2.4700534670101026,True,13,0.6331868594416529,11.45923475392452,True,18,0.7223751585883623,27.15895976189804
1999-07,2009-07,0.5798293122888657,0.0,True,9,0.5762213678875246,-0.622242498762049,True,12,0.6585176655651983,13.570951245240037,True,17,0.7512739659748623,29.568124627784332
1999-08,2009-08,0.601754589207963,0.0,True,8,0.583771288048649,-2.9884776089508236,True,11,0.6671458700657258,10.866768950417427,True,16,0.7611175066318769,26.483041472715563
1999-09,2009-09,0.575573146058098,0.0,True,7,0.5637809688600567,-2.048771260230231,True,10,0.6443005209349998,11.940684750077724,True,15,0.7350542482820953,27.70822497822014
1999-10,2009-10,0.559285211079206,0.0,True,6,0.5583012957821707,-0.17592371075515478,True,9,0.6380382375064299,14.08101356287621,True,14,0.7279098833645614,30.150032388658097
1999-11,2009-11,0.503579813376599,0.0,True,5,0.5199569370802896,3.2521406276949216,True,8,0.5942175134112309,17.998676203259368,True,13,0.6779167382989172,34.61952212765556
1999-12,2009-12,0.5570006665138579,0.0,True,4,0.5867706704796454,5.344698086648836,True,7,0.6705736261793841,20.390094032804985,True,12,0.7650280834691626,37.34778600128104
2000-01,2010-01,0.5219138471931504,0.0,True,3,0.5673867929252187,8.712730267001255,True,6,0.6484213310579121,24.2391506845657,True,11,0.7397555000874095,41.7390061723425
2000-02,2010-02,0.5073283325450713,0.0,True,2,0.5633803835604245,11.048476384940242,True,5,0.6438427237912726,26.90848953011575,True,10,0.7345319675692693,44.78433796204615
2000-03,2010-03,0.5452999706942705,0.0,True,1,0.6170092969171624,13.150436471066062,True,4,0.7051309522371338,29.310652875951583,True,9,0.8044530233887458,47.52486092462544
2000-04,2010-04,0.6151988739102133,0.0,True,3,0.7030619634792329,14.282062808496443,True,8,0.8020926047227233,30.379400668374213,True,15,0.9322666234991487,51.539065338928204
2000-05,2010-05,0.5981160205602957,0.0,True,5,0.6718685520922172,12.33080689977717,True,7,0.7086116110256361,18.473939280514795,True,14,0.8236143184633038,37.701430851453985
2000-06,2010-06,0.5388899578141467,0.0,True,4,0.645316239786514,19.749167790035482,True,6,0.6806072093598506,26.29799451460173,True,13,0.7910649983095531,46.795275517525404
2000-07,2010-07,0.6064095415098022,0.0,True,3,0.6559533962419873,8.170032187955645,True,7,0.7402701431438874,22.074290140753238,True,13,0.8902124513814799,46.80053502540249
2000-08,2010-08,0.5233333689178626,0.0,True,2,0.6068984016066467,15.967839555421047,True,6,0.6849095823042425,30.8744335795907,True,12,0.8236385647654223,57.383154540388695
2000-09,2010-09,0.5949828732109586,0.0,True,3,0.6796431662107592,14.22903024803257,True,10,0.7899444977012453,32.76760277789723,True,11,0.874535983071841,46.98506838561778
2000-10,2010-10,0.6329231890836061,0.0,True,4,0.7142796156956861,12.854075820775979,True,10,0.8589575218579159,35.712758937080395,True,11,0.9414579300805755,48.74758048345318
2000-11,2010-11,0.6783652398776395,0.0,True,3,0.7712973297711655,13.699418017097798,True,9,0.9275242194201527,36.72932586985964,True,10,1.0166102624331437,49.86178575666926
2000-12,2010-12,0.7419955040335304,0.0,True,7,0.8624161837722171,16.229300458570563,True,8,0.9547683252267464,28.675756124743423,True,20,1.0633746738328154,43.31281902009503
2001-01,2011-01,0.7395444087679823,0.0,True,6,0.8631749877959018,16.71712713424167,True,7,0.9556083860471498,29.215821892171647,True,19,1.064310292848752,43.914318089673856
2001-02,2011-02,0.8246250642292413,0.0,True,5,0.895733582221053,8.623133236712288,True,6,0.9916535290488364,20.25507980111094,True,18,1.1044556256692275,33.93427796201387
2001-03,2011-03,0.7504096248374962,0.0,True,4,0.8224676812719578,9.602496296614804,True,5,0.9105419232352422,21.33931829997826,True,17,1.0141174513738007,35.141850238582876
2001-04,2011-04,0.7068690829548913,0.0,True,3,0.8304469271387944,17.48242314790691,True,4,0.9193756294622397,30.063069899594062,True,16,1.0239560051147174,44.857941846080294
2001-05,2011-05,0.730932564427762,0.0,True,2,0.8172934809460093,11.815168829679678,True,4,0.9917183989654904,35.67850814553519,True,17,1.1218971631205672,53.488463603873846
2001-06,2011-06,0.7568858166172543,0.0,True,2,0.9162347353948426,21.053230920585285,True,3,1.0042364558225947,32.68004681483176,True,16,1.1360584134214766,50.09640668111028
2001-07,2011-07,0.8290380810014863,0.0,True,2,1.0059695048840473,21.341772825299653,True,14,1.0479298838680249,26.403105946848072,True,20,1.2333359673185154,48.76710679304781
2001-08,2011-08,0.8358791843196115,0.0,True,11,0.9065857861052001,8.458949943004313,True,13,0.9543774092029556,14.176477546787947,True,19,1.1232316238769504,34.377269460446946
2001-09,2011-09,0.890084381278978,0.0,True,10,0.8807797982170371,-1.0453596600101034,True,12,0.92721103152519,4.171138268134089,True,18,1.091258806604028,22.601725134866314
2001-10,2011-10,0.8670745894886718,0.0,True,9,0.9099457984154589,4.944350745195858,True,11,0.9579145480956038,10.476602556246274,True,17,1.1273945747430922,30.02279024321719
2001-11,2011-11,0.7884699516893761,0.0,True,8,0.8538835020257259,8.296264200835402,True,10,0.8988968687954864,14.005215654637126,True,16,1.0579351312163618,34.17570688009475
2001-12,2011-12,0.8020160074061286,0.0,True,7,0.8559831300858276,6.728933360599498,True,9,0.9011071809567859,12.355261320922617,True,15,1.0605365051532039,32.23383266166713
2002-01,2012-01,0.8804446978335235,0.0,True,6,0.8911281097070847,1.2134108933643972,True,8,0.9381048651379207,6.548982286596683,True,14,1.1040800430468436,25.400271676757313
2002-02,2012-02,0.9183411520585427,0.0,True,5,0.9843388398795698,7.1866198822831295,True,7,1.0362292969736626,12.83707526890887,True,13,1.2195652419315388,32.8008920429816
2002-03,2012-03,0.9146135942689937,0.0,True,4,1.0208160810857323,11.611732810687236,True,6,1.0746294743101832,17.4954626788685,True,12,1.2647594105392017,38.28346948528165
2002-04,2012-04,0.8284408842605724,0.0,True,3,0.9638537994764088,16.345513335776474,True,5,1.0146643661231827,22.478789422473366,True,11,1.1941849132854447,44.14847649042797
2002-05,2012-05,0.7261941395989355,0.0,True,2,0.8648291040439604,19.090620109051095,True,4,0.9104194797347197,25.36860738610871,True,10,1.0714963920674399,47.54957849965695
2002-06,2012-06,0.8479491312239688,0.0,True,3,0.9598744150505846,13.199528097287839,True,7,1.0799574097655378,27.36110811348762,True,69,0.719073189658889,-15.198546330138264
2002-07,2012-07,0.8802503355962881,0.0,True,3,1.0063167786974796,14.321658056033936,True,9,1.1102788510895851,26.132170155603983,True,68,0.694186438269328,-21.137611631913668
2002-08,2012-08,0.9189764327965654,0.0,True,2,1.0230808936540563,11.32830583486102,True,65,0.6503534677656085,-29.230669628110274,True,67,0.7057508099451202,-23.202512626202154
2002-09,2012-09,0.9453144899070581,0.0,True,4,1.0635759969496184,12.510281848550475,True,64,0.6525789646767659,-30.966998639687993,True,66,0.7081658754832127,-25.086742767178094
2002-10,2012-10,1.0333094920652557,0.0,True,5,1.1198563600080775,8.375696595009718,True,63,0.6568555972534794,-36.43186264159494,True,65,0.7128067931602151,-31.01710584932865
2002-11,2012-11,1.0250066192396339,0.0,True,4,1.1847928746937992,15.588802301852201,True,62,0.6949443331491627,-32.20099069558366,True,64,0.754139941271993,-26.425846710002133
2002-12,2012-12,1.2117077264700227,0.0,True,59,0.6629295814528333,-45.289646424546916,True,61,0.7647749084603461,-36.88453974884624,True,63,0.829918710091541,-31.508342155308277
2003-01,2013-01,1.335580351897016,0.0,True,58,0.7103433718074547,-46.8138797640662,True,60,0.8194728404771171,-38.642939804170986,True,62,0.8892758316208323,-33.41652335947192
2003-02,2013-02,1.3821959478849797,0.0,True,57,0.7371725825490876,-46.66656463021032,True,59,0.8504238008250158,-38.47299276731896,True,61,0.9228632058977099,-33.23210017292667
2003-03,2013-03,1.5550433917701758,0.0,True,56,0.7906492515944791,-49.155807755663496,True,58,0.9121160466052161,-41.344656269243174,True,60,0.9898104193511816,-36.348373004277654
2003-04,2013-04,1.7699037977786918,0.0,True,55,0.8839456477306137,-50.05685343802274,True,57,1.0197454914375388,-42.384128859581814,True,59,1.106607778985976,-37.47638824354079
2003-05,2013-05,1.6350553325950115,0.0,True,54,0.8784407809105096,-46.27455331946913,True,56,1.013394916450064,-38.0207570809426,True,58,1.0997162597381032,-32.7413428882108
2003-06,2013-06,1.50579702326626,0.0,True,53,0.8722407907315185,-42.074477684945855,True,55,1.0062424268731143,-33.1754272770144,True,57,1.0919545185277442,-27.483286149738852
2003-07,2013-07,1.4292606771157383,0.0,True,52,0.8716668356645475,-39.01274626658172,True,54,1.0055802955607038,-29.64332457603365,True,56,1.0912359866321133,-23.65031767093474
2003-08,2013-08,1.2944163270830618,0.0,True,51,0.8538448931072462,-34.03630074480236,True,53,0.9850203826089005,-23.902351816851553,True,55,1.0689247729040026,-17.420326788306152
2003-09,2013-09,1.414593333039764,0.0,True,50,0.9218866285688049,-34.83027192077889,True,52,1.063515313993704,-24.81830013235269,True,54,1.1541059307622665,-18.41429591059547
2003-10,2013-10,1.3568651813185928,0.0,True,49,0.9137326402507036,-32.658553492931105,True,51,1.0541086351487257,-22.312942386483105,True,53,1.1438979876316708,-15.695530891282939
2003-11,2013-11,1.5505926893234738,0.0,True,48,0.9988010716378828,-35.585851880053596,True,50,1.152246059766915,-25.68995922006817,True,52,1.2503947933582105,-19.360203232754834
2003-12,2013-12,1.5258836113234127,0.0,True,47,1.0389422135661297,-31.91209304194271,True,49,1.1985540523539873,-21.451803829620363,True,51,1.3006473174010862,-14.761040242576362
2004-01,2014-01,1.3830739427705565,0.0,True,46,0.9511411183323162,-31.22991555845509,True,48,1.0972641469872657,-20.664823979747617,True,50,1.190729501482571,-13.907025166180453
2004-02,2014-02,1.3440660682200198,0.0,True,45,0.9464563695301286,-29.58260074346313,True,47,1.0918596840750798,-18.764433542983728,True,49,1.1848646844766773,-11.844758788842647
2004-03,2014-03,1.265671053204375,0.0,True,44,0.9456120178538291,-25.28769497731921,True,46,1.0908856153443782,-13.80970493221615,True,48,1.183807644221327,-6.467984613837019
2004-04,2014-04,1.2161507729690804,0.0,True,43,0.9122129347789348,-24.99178925390305,True,45,1.0523554585737545,-13.468339455595634,True,47,1.141995474845795,-6.097541503200665
2004-05,2014-05,1.302233728508406,0.0,True,42,0.9331476269827756,-28.34253893487968,True,44,1.0765063303431974,-17.33386205744797,True,46,1.1682035265545438,-10.292330709893527
2004-06,2014-06,1.2785450890346213,0.0,True,41,0.9669293467689838,-24.372683054997,True,43,1.1154779079887613,-12.75412047994221,True,45,1.2104947171938296,-5.322485098446849
2004-07,2014-07,1.3792224464893366,0.0,True,40,0.996180010165382,-27.77234646223661,True,42,1.149222326773574,-16.676071383641077,True,44,1.2471134977014964,-9.578509190022933
2004-08,2014-08,1.391886148356899,0.0,True,39,0.9836690651611188,-29.328338648794972,True,41,1.134789335565942,-18.471109371585882,True,43,1.2314510991142897,-11.526449159078167
2004-09,2014-09,1.494287005119383,0.0,True,38,1.0314304171951838,-30.97507950871996,True,40,1.1898882248774507,-20.370837677037358,True,42,1.2912433316248242,-13.58799700452037
2004-10,2014-10,1.523825085271951,0.0,True,37,1.046751191116196,-31.307654583637046,True,39,1.2075627167100609,-20.75450598750631,True,41,1.31042334302553,-14.004346319599792
2004-11,2014-11,1.6019313255499228,0.0,True,36,1.1134632640059383,-30.492447070182582,True,38,1.2845237105544465,-19.814058813445968,True,40,1.3939399019922492,-12.983791517172117
2004-12,2014-12,1.518942862415091,0.0,True,35,1.11288420711615,-26.732977608737386,True,37,1.2838556936303704,-15.477025147011537,True,39,1.3932149831464353,-8.277327763912767
2005-01,2015-01,1.5520746707600113,0.0,True,34,1.1271450773468223,-27.378166876797994,True,36,1.3003074496393956,-16.221334312306745,True,38,1.4110681056465426,-9.085037451479149
2005-02,2015-02,1.6011055653033066,0.0,True,33,1.198796990179629,-25.126923785782108,True,35,1.3829671869792615,-13.624234594595386,True,37,1.5007688291283252,-6.266715846183068
2005-03,2015-03,1.6459912845628784,0.0,True,32,1.2248832479734604,-25.583855791876232,True,34,1.4130610551283176,-14.151364689419932,True,36,1.5334261037847472,-6.838747071982509
2005-04,2015-04,1.7731117550345625,0.0,True,31,1.2448454052027111,-29.793178480256266,True,33,1.4360899821739534,-19.007362164492537,True,35,1.5584166431147874,-12.10838015766187
2005-05,2015-05,1.8235255516073567,0.0,True,30,1.311369348376058,-28.08604479272889,True,32,1.5128339440881609,-17.03796293094633,True,34,1.6416976832934949,-9.97122678942386
2005-06,2015-06,1.7468674491821052,0.0,True,29,1.2904888630396534,-26.125541829526412,True,31,1.4887456069426677,-14.776269508043782,True,33,1.6155574929304446,-7.516881507703454
2005-07,2015-07,1.7299102490840028,0.0,True,28,1.3127780892015457,-24.112936500800018,True,30,1.5144591086093993,-12.454469276003543,True,32,1.6434612799128823,-4.997309497235236
2005-08,2015-08,1.5217567828832892,0.0,True,27,1.204698523723795,-20.83501534054347,True,29,1.3897753682737575,-8.672963780681497,True,31,1.5081569337529561,-0.8936940044101727
2005-09,2015-09,1.2809610808660488,0.0,True,26,1.1088907553057366,-13.432908160174284,True,28,1.2792487310989102,-0.13367695496110388,True,30,1.3882155978903905,8.372972342908946
2005-10,2015-10,1.4024988057178553,0.0,True,25,1.2169824376126785,-13.227559791769094,True,27,1.403946449762258,0.10321891459021959,True,29,1.5235351130570018,8.630047087790228
2005-11,2015-11,1.3278154133733189,0.0,True,24,1.2593511629286251,-5.156157230526503,True,26,1.4528242475429414,9.414624420727069,True,28,1.5765763392236982,18.734601462292222
2005-12,2015-12,1.1813793064923472,0.0,True,23,1.213832699750712,2.7470764960936034,True,25,1.4003128202600408,18.532025452327638,True,27,1.5195919696875342,28.628625991374413
2006-01,2016-01,1.0521615248693381,0.0,True,22,1.117190783301989,6.1805394794992585,True,24,1.2888238855778236,22.492968533312908,True,26,1.3986063674699851,32.926963627915406
2006-02,2016-02,0.9889746831771818,0.0,True,21,1.0220711232364434,3.34654067715221,True,23,1.1790910702764106,19.22358482306752,True,25,1.279526471513404,29.379092637922245
2006-03,2016-03,0.982356623754518,0.0,True,20,1.0687470624660806,8.794203308914694,True,22,1.2329377957060048,25.508167389738578,True,24,1.3379598803724229,36.1989982068637
2006-04,2016-04,0.9857934027870199,0.0,True,19,1.062840427099097,7.815737465299621,True,21,1.2261237287998428,24.379380642370375,True,23,1.3305653887976086,34.97406099856772
2006-05,2016-05,1.114282814163789,0.0,True,18,1.0991226777937422,-1.3605285998621208,True,20,1.2679799918631418,13.793372359843348,True,22,1.375986983395526,23.48633272497631
2006-06,2016-06,1.004562346261056,0.0,True,17,0.99331980074831,-1.119148607808207,True,19,1.1459227057333952,14.07183536178489,True,21,1.243532813754936,23.788515305527746
2006-07,2016-07,1.0719721598441077,0.0,True,16,1.0566684969456026,-1.4276175699125093,True,18,1.2190036100870556,13.71597656643715,True,20,1.3228387758132585,23.402344330064807
2006-08,2016-08,1.0462580448504288,0.0,True,15,1.0769565331073228,2.934122075140899,True,17,1.2424084805778497,18.747806690027623,True,19,1.3482372815862633,28.862787552472756
2006-09,2016-09,1.019981919172002,0.0,True,14,1.0490521132068973,2.850069544222289,True,16,1.2102171275713685,18.650841237832427,True,18,1.313303857558237,28.75756254820152
2006-10,2016-10,1.0625407408446292,0.0,True,13,1.1112420578967608,4.583477619259857,True,15,1.2819612623754182,20.650551371457837,True,17,1.391159183556158,30.927608709883934
2006-11,2016-11,1.1249913206872417,0.0,True,12,1.1675827627263375,3.785935167311094,True,14,1.3469575434045467,19.7304831277906,True,16,1.4616918711688278,29.929168722466272
2006-12,2016-12,1.1096341946948272,0.0,True,11,1.2189766126064765,9.853915680898861,True,13,1.406246988222155,26.730682502885795,True,15,1.5260316122099324,37.52564759683017
2007-01,2017-01,1.0953736376386236,0.0,True,10,1.2143192861019332,10.858911003165028,True,12,1.4008741604726735,27.890074430916513,True,14,1.5202011250612748,38.78379694607976
2007-02,2017-02,1.0860520150964663,0.0,True,9,1.2192712428741885,12.26637637294834,True,11,1.4065868822958596,29.513767549238644,True,13,1.5264004585830233,40.545796827921166
2007-03,2017-03,1.093801644526584,0.0,True,8,1.2058961766302079,10.248159039122706,True,10,1.3911570156123207,27.185493144365978,True,12,1.509656270308506,38.01919917225129
2007-04,2017-04,1.1032349237747847,0.0,True,7,1.2242295769249658,10.967260965252134,True,9,1.412306961133628,28.015070108670482,True,11,1.5326077757925012,38.91943980059944
2007-05,2017-05,1.0992864635050277,0.0,True,6,1.2531715800409038,13.998636537852027,True,8,1.445695300412655,31.512153420239297,True,10,1.5688401458140726,42.71440592581239
2007-06,2017-06,1.1044785746892223,0.0,True,5,1.2775876285898498,15.67337365048813,True,7,1.4738623664425965,33.44417901970722,True,9,1.5994064926542089,44.81100216038587
2007-07,2017-07,1.15515723040729,0.0,True,5,1.3016374680064644,12.680545448131596,True,6,1.465898398157215,26.900335259154517,True,14,1.7695761759027195,53.189204839136515
2007-08,2017-08,1.1857162946184736,0.0,True,5,1.44537674168124,21.899036746080736,True,7,1.5684944521353972,32.28244051753455,True,13,1.7448032213544395,47.15182959646032
2007-09,2017-09,1.2127163077597645,0.0,True,4,1.4976144880216768,23.492566104615275,True,6,1.6251818284880335,34.01170727968616,True,12,1.8078626199615269,49.07547695974903
2007-10,2017-10,1.3150971792302732,0.0,True,3,1.6193973575075025,23.138987983788105,True,5,1.7573382065763232,33.62801124741927,True,11,1.954874216908558,48.648651048947315
2007-11,2017-11,1.449233993190342,0.0,True,2,1.6718786210306147,15.362917850839475,True,4,1.814289842992797,25.189572665130598,True,11,2.6495293215094353,82.82274180422478
2007-12,2017-12,1.4871483650797175,0.0,True,1,1.6748199554606338,12.619560683231246,True,9,2.0217782459106948,35.95000293076467,True,10,2.654190635864838,78.47517424548033
2008-01,2018-01,1.6993445635708597,0.0,True,8,2.0513834097404406,20.71615455254325,True,8,2.0513834097404406,20.71615455254325,True,9,2.6930562972048437,58.476176929408695
2008-02,2018-02,1.6223044588628113,0.0,True,7,1.959903586723103,20.80985021128148,True,7,1.959903586723103,20.80985021128148,True,8,2.5729615785509585,58.59918059736644
2008-03,2018-03,1.7128443164925424,0.0,True,6,1.9053789301110313,11.240637094954975,True,6,1.9053789301110313,11.240637094954975,True,7,2.501381605180378,46.03671688636326
2008-04,2018-04,1.6222300521516622,0.0,True,5,1.9953951470089322,23.00321673626491,True,5,1.9953951470089322,23.00321673626491,True,6,2.6195549016087245,61.478632339121674
2008-05,2018-05,1.5484017201193425,0.0,True,4,1.9717669669072257,27.3420806297769,True,4,1.9717669669072257,27.3420806297769,True,5,2.5885358249640316,67.17469319037706
2008-06,2018-06,1.6544678660493215,0.0,True,3,1.9808869737279144,19.72955258768756,True,4,2.600508570615764,57.18096579448706,True,4,2.600508570615764,57.18096579448706
2008-07,2018-07,1.6860312735248544,0.0,True,2,2.0030195757318476,18.800855428042595,True,3,2.629564252219313,55.96177209227486,True,3,2.629564252219313,55.96177209227486
2008-08,2018-08,1.7490535743107674,0.0,True,1,2.0306780013250605,16.101532345872837,True,2,2.6658742354535048,52.418100543547965,True,2,2.6658742354535048,52.418100543547965
2008-09,2018-09,2.1421261010350037,0.0,True,1,2.8121833092766915,31.280007648379726,True,1,2.8121833092766915,31.280007648379726,True,5,3.1869320148723244,48.77424878640457
2008-10,2018-10,2.5557317377445203,0.0,True,4,2.8963059661065316,13.32589893267022,True,22,2.484169418612294,-2.8000716223597677,False,,1.0,-60.8722627171145
2008-11,2018-11,2.625746128823451,0.0,True,3,2.9532002716551147,12.47089881375507,True,21,2.5329678175352393,-3.533407524427501,False,,1.0,-61.91558700124289
2008-12,2018-12,2.2591155768458027,0.0,True,2,2.644511007581503,17.059571218299197,True,20,2.2682042053204534,0.402309141143653,False,,1.0,-55.734889783894594
2009-01,2019-01,2.5986189728610656,0.0,True,10,2.22282155678371,-14.461428166346558,True,19,2.354187301536934,-9.406214372975718,False,,1.0,-61.518021285782986
2009-02,2019-02,2.8255778616937217,0.0,True,9,2.28827195831171,-19.015788262863065,True,18,2.4235057331885774,-14.22973098551007,False,,1.0,-64.60900923818198
2009-03,2019-03,2.614924662711649,0.0,True,8,2.269081006468319,-13.225759853620167,True,17,2.403180622071926,-8.097519735813218,False,,1.0,-61.75798047799164
2009-04,2019-04,2.521304311381858,0.0,True,7,2.3817463926681683,-5.535147744113511,True,16,2.522504380069945,0.04759713782542807,False,,1.0,-60.33798873520637
2009-05,2019-05,2.16342242058283,0.0,True,6,2.2043849746670876,1.8934145127895263,True,15,2.3346611423766386,7.915177367334314,False,,1.0,-53.77694201160224
2009-06,2019-06,2.136471174199975,0.0,True,5,2.276582972644735,6.558094494171041,True,14,2.4111259442932163,12.855533620578274,False,,1.0,-53.19384543653106
2009-07,2019-07,2.0780035976259144,0.0,True,4,2.3028639298917666,10.820978968600038,True,13,2.4389600705344248,17.370348796359036,False,,1.0,-51.87688793501205
2009-08,2019-08,1.973248587328318,0.0,True,3,2.2154255233774363,12.27300693913147,True,12,2.3463541725690895,18.908189654195475,False,,1.0,-49.3221479330209
2009-09,2019-09,2.146979788280736,0.0,True,8,2.22709674777606,3.7316121899535926,True,11,2.4655136071150925,14.836367839747222,False,,1.0,-53.42294298910086
2009-10,2019-10,2.2847667204132844,0.0,True,7,2.346989875827899,2.723392058308649,True,10,2.5982416257369056,13.72021495774054,False,,1.0,-56.231855485924044
2009-11,2019-11,2.4925135492293125,0.0,True,6,2.3845455383008995,-4.331692036811463,True,9,2.639817725627432,5.909864620140826,False,,1.0,-59.87985700983648
2009-12,2019-12,2.2430905594684085,0.0,True,5,2.4216753508655193,7.961550666925987,True,8,2.6809223872004497,19.519132916140624,False,,1.0,-55.41865236876613
2010-01,2020-01,2.2754548913320596,0.0,True,4,2.375462446384882,4.395057684236403,True,7,2.629762263629214,15.570837007001327,False,,1.0,-56.052743396086555
2010-02,2020-02,2.087981173273237,0.0,True,3,2.16435759108172,3.657907398118465,True,6,2.396058050375904,14.75477274633219,False,,1.0,-52.10684785857798
2010-03,2020-03,1.7057810952989825,0.0,True,2,1.936492061379712,13.525238772815197,True,5,2.1437988862269743,25.678429203790532,False,,1.0,-41.37583053558674
2010-04,2020-04,1.8262602420098755,0.0,True,1,2.0671829414354,13.192134060826909,True,4,2.2884805860340927,25.30966471216196,False,,1.0,-45.24329134496964
2010-05,2020-05,2.2395907336697816,0.0,True,15,2.443037564766839,9.084107557620168,True,18,2.5938235437086004,15.816854602643172,False,,1.0,-55.3489847512717
2010-06,2020-06,2.3754657537750568,0.0,True,14,2.488848936930498,4.7730927282472635,True,17,2.642462425648607,11.239760937375888,False,,1.0,-57.90299235378098
2010-07,2020-07,2.276325584809118,0.0,True,13,2.4242897981061278,6.500134000357316,True,16,2.5739186518404527,13.073396398885073,False,,1.0,-56.06955320128972
2010-08,2020-08,2.6223484427803077,0.0,True,12,2.583946757191352,-1.4644005717348918,True,15,2.7434297495675555,4.617285209393196,False,,1.0,-61.86624234650662
2010-09,2020-09,2.474570808006959,0.0,True,11,2.5890119706985883,4.624687332499544,True,14,2.748807591578034,11.082195857306964,False,,1.0,-59.58895187948132
2010-10,2020-10,2.496849208634657,0.0,True,10,2.565786358763623,2.7609656959084905,True,13,2.7241484787085595,9.103444024086471,False,,1.0,-59.94952372206625
2010-11,2020-11,2.6601100528930144,0.0,True,9,2.9517621046989455,10.963909237091297,True,12,3.133946916336381,17.812678950182658,False,,1.0,-62.40757035926219
2010-12,2020-12,2.682997814040974,0.0,True,8,3.0646071556190813,14.223244595318896,True,11,3.253756842343629,21.273182755337828,False,,1.0,-62.72825886153599
2011-01,2021-01,2.702051783956116,0.0,True,7,3.0890867875647663,14.323744863319622,True,10,3.2797473742117296,21.379885969831424,False,,1.0,-62.991086775698854
2011-02,2021-02,2.7264462179819633,0.0,True,6,3.2345464087904228,18.635988029301398,True,9,3.4341848645047013,25.958283785498093,False,,1.0,-63.3222180065532
2011-03,2021-03,2.991132843333231,0.0,True,6,3.3537732650290963,12.123848745271681,True,59,1.820629996331136,-39.13242601748577,False,,1.0,-66.56785063128025
2011-04,2021-04,2.925217315380914,0.0,True,5,3.3116861621853984,13.211628577897972,True,58,1.7977825836288805,-38.54191364942135,False,,1.0,-65.81450565255584
2011-05,2021-05,2.9771904107087783,0.0,True,4,3.3171400033791976,11.418469959047318,True,57,1.8007432569028299,-39.515348080335656,False,,1.0,-66.41128506920286
2011-06,2021-06,2.9330955604522777,0.0,True,3,3.309260955669293,12.824859860993133,True,56,1.796466035555533,-38.75187498908077,False,,1.0,-65.90632731223384
2011-07,2021-07,2.774687964950783,0.0,True,2,3.1359402962429983,13.01956601446619,True,55,1.7023771492179327,-38.64617676935326,False,,1.0,-63.95991143394253
2011-08,2021-08,3.1366736644631046,0.0,True,9,3.2881221810826284,4.828316006709832,True,54,1.7526649179247704,-44.12345352398114,False,,1.0,-68.11909344190043
2011-09,2021-09,3.3852503767115802,0.0,True,8,3.4476870976842298,1.8443752758193321,True,53,1.837717667201605,-45.71398086699995,False,,1.0,-70.4600874759699
2011-10,2021-10,3.2144455236143514,0.0,True,7,3.382137794358478,5.216833494679096,True,52,1.8027779788304057,-43.91636238391292,False,,1.0,-68.8904356084532
2011-11,2021-11,3.2985235831887896,0.0,True,6,3.256776229612782,-1.2656375655089036,True,51,1.7359566125654837,-47.371708317838426,False,,1.0,-69.68340608214577
2011-12,2021-12,3.40514703708303,0.0,True,5,3.3703172170957063,-1.0228580325024716,True,50,1.7964772667713247,-47.242299753661996,False,,1.0,-70.63269253545552
2012-01,2022-01,3.0675318744312703,0.0,True,4,3.1608139318461435,3.0409482682936417,True,49,1.6848059121119925,-45.076172601324295,False,,1.0,-67.40050174098344
2012-02,2022-02,2.7281873120482474,0.0,True,3,3.105192368247621,13.818884595439629,True,48,1.6551579982479299,-39.33121853699689,False,,1.0,-63.34562529545569
2012-03,2022-03,2.7590880601692263,0.0,True,2,3.256737600275322,18.03674001168245,True,47,1.7359360220031994,-37.082978718094004,False,,1.0,-63.75614050032655
2012-04,2022-04,2.8198939384868433,0.0,True,1,3.1427775430102556,11.450203857549045,True,46,1.6751919913943927,-40.59379437890129,False,,1.0,-64.53767333757948
2012-05,2022-05,3.1933351516435615,0.0,True,23,1.9071301884563245,-40.277794284300114,True,45,1.7021406697298764,-46.69708662262367,False,,1.0,-68.68477774763745
2012-06,2022-06,2.9303524678075847,0.0,True,22,1.8451368173203364,-37.03362180520144,True,44,1.6468107090890483,-43.80161679590885,False,,1.0,-65.87441234507278
2012-07,2022-07,3.197406343371984,0.0,True,21,1.9436120108136752,-39.212855605836374,True,43,1.7347012122225576,-45.74661378843885,False,,1.0,-68.72465077599739
2012-08,2022-08,3.1778072401189603,0.0,True,20,1.9638782140238014,-38.20020959011081,True,42,1.7527890852549108,-44.842812895432395,False,,1.0,-68.53176028503964
2012-09,2022-09,2.9240971977957555,0.0,True,19,1.8132697525396546,-37.98873190991959,True,41,1.618368903009716,-44.65406607449043,False,,1.0,-65.80141040613081
2012-10,2022-10,3.0898929134246305,0.0,True,18,1.9286386919563676,-37.582345214067836,True,40,1.7213373133434327,-44.29136020006539,False,,1.0,-67.63641886567302
2012-11,2022-11,2.9609316526237004,0.0,True,17,1.9553114454516918,-33.96296588882496,True,39,1.7451431231265706,-41.06101295583138,False,,1.0,-66.22684623220216
2012-12,2022-12,2.510249942761934,0.0,True,16,1.8242658928098288,-27.32732060925146,True,38,1.6281831137422658,-35.13860568199687,False,,1.0,-60.16332943723772
2013-01,2023-01,2.453357046538812,0.0,True,15,1.9104376294645387,-22.129653645001333,True,37,1.7050926076137658,-30.4996143949245,False,,1.0,-59.239524413668335
2013-02,2023-02,2.3743148409600527,0.0,True,14,1.9187184662310341,-19.18854091586264,True,36,1.712483371561064,-27.874629681857087,False,,1.0,-57.882586473003286
2013-03,2023-03,2.2617908986272686,0.0,True,13,1.9603792196788195,-13.326239801008244,True,35,1.7496661833084164,-22.642443014058998,False,,1.0,-55.787248033983936
2013-04,2023-04,2.0818650502205487,0.0,True,12,2.0173530544717564,-3.0987597270994094,True,34,1.8005161367612663,-13.51427237944538,False,,1.0,-51.96614689823138
2013-05,2023-05,2.242389219531106,0.0,True,11,2.15937097799164,-3.7022226478963027,True,33,1.9272691423594037,-14.052871572295345,False,,1.0,-55.40470890200299
2013-06,2023-06,2.4265747968169205,0.0,True,10,2.320245020487119,-4.3818874435389565,True,32,2.0708515008648036,-14.659482016327697,False,,1.0,-58.78964863099385
2013-07,2023-07,2.42694200896672,0.0,True,9,2.3190691346752788,-4.444806422769398,True,31,2.0698020061447227,-14.715638095285655,False,,1.0,-58.79588402585054
2013-08,2023-08,2.436304509868652,0.0,True,8,2.2804173066342472,-6.398510637851629,True,30,2.0353047028844253,-16.459346742573068,False,,1.0,-58.9542277679438
2013-09,2023-09,2.203795016533156,0.0,True,7,2.2271654790126756,1.0604644399407004,True,29,1.9877766934801542,-9.802105977752218,False,,1.0,-54.62372895401477
2013-10,2023-10,2.153753435595068,0.0,True,6,2.157341491361574,0.16659547500683658,True,28,1.9254577968347935,-10.599896672814735,False,,1.0,-53.56942983941397
2013-11,2023-11,2.13811569116587,0.0,True,5,2.3410677071135497,9.492097026658763,True,27,2.089436043217718,-2.2767546278848916,False,,1.0,-53.229846068118
2013-12,2023-12,2.0541116705777496,0.0,True,4,2.3394793524378654,13.892510614082232,True,26,2.088018414202246,1.6506767431470726,False,,1.0,-51.31715503477301
2014-01,2024-01,2.4329771035359475,0.0,True,20,2.086864330017857,-14.225895221745844,True,25,2.2641326132044153,-6.939830633265864,False,,1.0,-58.898092442108975
2014-02,2024-02,2.6390408508281418,0.0,True,19,2.252464465742474,-14.648366847536987,True,24,2.443799620135324,-7.398189028849266,False,,1.0,-62.107445222524845
2014-03,2024-03,2.722545375823705,0.0,True,18,2.3216638917883734,-14.724510658120614,True,23,2.5188771779199293,-7.48080086056071,False,,1.0,-63.26966636148532
2014-04,2024-04,2.6849388043017006,0.0,True,17,2.208726057688713,-17.736446948065222,True,22,2.396345861546563,-10.748585490766693,False,,1.0,-62.75520326951809
2014-05,2024-05,2.6303239801043987,0.0,True,16,2.213455715530404,-15.848552031124663,True,21,2.4014772792504533,-8.700323708597391,False,,1.0,-61.98186962655796
2014-06,2024-06,2.610659473291958,0.0,True,15,2.2764399893030594,-12.802109482607428,True,20,2.4698117398650754,-5.395101692419435,False,,1.0,-61.69550221963526
2014-07,2024-07,2.5031941447188584,0.0,True,14,2.248762519301938,-10.164278546021299,True,19,2.4397832125769647,-2.5332007217928165,False,,1.0,-60.051041102434624
2014-08,2024-08,2.5055933415410068,0.0,True,13,2.2226487579184666,-11.292518180485011,True,18,2.4114512228298164,-3.757278451789403,False,,1.0,-60.08929368462588
2014-09,2024-09,2.3445452814229677,0.0,True,12,2.180769662097463,-6.985389475016024,True,17,2.3660147153885123,0.9157184608741709,False,,1.0,-57.347806078922346
2014-10,2024-10,2.381005327237635,0.0,True,11,2.2475795297372057,-5.603758881767195,True,16,2.438499734194559,2.4147113951915156,False,,1.0,-58.00093395170318
2014-11,2024-11,2.1883366695590167,0.0,True,10,2.1973602712191918,0.41234978994313387,True,15,2.384014610563831,8.941857243759777,False,,1.0,-54.30319228706635
2014-12,2024-12,2.2861191798413483,0.0,True,9,2.294352188128122,0.3601303186365312,True,14,2.4892454869231213,8.885201999655568,False,,1.0,-56.25774855406279
2015-01,2025-01,2.2389734525491405,0.0,True,8,2.275830953839252,1.6461785756391345,True,13,2.4691509700026697,10.280493374830545,False,,1.0,-55.336674543350696
2015-02,2025-02,1.9765729649099844,0.0,True,7,2.136828817326742,8.107763045522365,True,12,2.3183413241353827,17.290955876296877,False,,1.0,-49.40738248711495
2015-03,2025-03,1.8544061302681991,0.0,True,6,2.0483812251447104,10.460227223712693,True,11,2.222380568499185,19.84324966493538,False,,1.0,-46.074380165289256
2015-04,2025-04,1.8465861441669342,0.0,True,5,2.072985337715627,12.26041873344772,True,10,2.2490746726100586,21.796358091092593,False,,1.0,-45.84601410777193
2015-05,2025-05,1.8462686893788158,0.0,True,4,2.1833892622274362,18.25956182802655,True,9,2.368856836940217,28.305097224891362,False,,1.0,-45.83670265586025
2015-06,2025-06,2.000787221414795,0.0,True,3,2.328447247119446,16.37655529771709,True,8,2.5262367440455833,26.262139072401357,False,,1.0,-50.019672791948324
2015-07,2025-07,1.995110088587745,0.0,True,2,2.361943047420225,18.386602370004844,True,7,2.5625778385649993,28.442929200911472,False,,1.0,-49.87745259170845
2015-08,2025-08,2.26137557118718,0.0,True,5,2.438505448588048,7.8328376611886075,True,10,2.7425969059933535,21.28002711878334,False,,1.0,-55.77912785734134
2015-09,2025-09,2.5840949152152466,0.0,True,4,2.5648967080139053,-0.7429373854768828,True,9,2.8847496648673077,11.634818360649014,False,,1.0,-61.3017310582532
2015-10,2025-10,2.7464793455989853,0.0,True,3,2.991805140909791,8.932373575061515,True,8,3.3648952999244983,22.516679592601907,False,,1.0,-63.58974985184504
2015-11,2025-11,2.544827767810256,0.0,True,2,2.868652209403881,12.724807772443691,True,7,3.2263847015136187,26.782045619135197,False,,1.0,-60.70460985025841
2015-12,2025-12,2.6447539654644316,0.0,True,2,3.1409642373130935,18.762057958065114,True,51,2.6610695876356787,0.6169051028677375,False,,1.0,-62.18929953189822
2016-01,2026-01,3.0438370161488275,0.0,True,5,3.4234157597111436,12.470403032373035,True,50,2.818777914691593,-7.393927475853735,False,,1.0,-67.1467297790722
2016-02,2026-02,3.6720004542402824,0.0,True,34,2.940342057390617,-19.9253351399991,True,49,3.1109710255479066,-15.278577322737553,False,,1.0,-72.76688790042934
2016-03,2026-03,3.0470031333035386,0.0,True,33,2.5513018635737508,-16.26848572329337,True,48,2.699354707747155,-11.409519791975587,False,,1.0,-67.18086735553148
2016-04,2026-04,3.5572268173922437,0.0,True,32,2.96205851978314,-16.731243976323494,True,47,3.1339477010373207,-11.899132050995364,False,,1.0,-71.88821373124902
2016-05,2026-05,3.8485394238925728,0.0,True,31,3.314027590624324,-13.888693200071767,True,46,3.5063416470150415,-8.89162716518097,False,,1.0,-74.0161165092455
2016-06,2026-06,4.49811760717826,0.0,True,30,3.500530857961396,-22.177871641792535,True,45,3.7036677572195615,-17.661829221425574,False,,1.0,-77.76847812062175
