depart,fin,A_final,drawdown_t0_pct,B10_declenche,B10_mois_attente,B10_final,B10_ecart_pct,B20_declenche,B20_mois_attente,B20_final,B20_ecart_pct,B30_declenche,B30_mois_attente,B30_final,B30_ecart_pct
1934-01,1944-01,1.9343505168199768,-55.456763377821424,True,0,1.9343505168199768,0.0,True,0,1.9343505168199768,0.0,True,0,1.9343505168199768,0.0
1934-02,1944-02,1.7908930193150094,-52.0048386276664,True,0,1.7908930193150094,0.0,True,0,1.7908930193150094,0.0,True,0,1.7908930193150094,0.0
1934-03,1944-03,1.9421492879973614,-54.307610007555866,True,0,1.9421492879973614,0.0,True,0,1.9421492879973614,0.0,True,0,1.9421492879973614,0.0
1934-04,1944-04,1.878828835391018,-53.38465067432083,True,0,1.878828835391018,0.0,True,0,1.878828835391018,0.0,True,0,1.878828835391018,0.0
1934-05,1944-05,2.1295068006242244,-57.96500716735791,True,0,2.1295068006242244,0.0,True,0,2.1295068006242244,0.0,True,0,2.1295068006242244,0.0
1934-06,1944-06,2.201565081062322,-57.24906968324777,True,0,2.201565081062322,0.0,True,0,2.201565081062322,0.0,True,0,2.201565081062322,0.0
1934-07,1944-07,2.371340371042025,-59.1107135653007,True,0,2.371340371042025,0.0,True,0,2.371340371042025,0.0,True,0,2.371340371042025,0.0
1934-08,1944-08,2.431813968155281,-60.54755963639966,True,0,2.431813968155281,0.0,True,0,2.431813968155281,0.0,True,0,2.431813968155281,0.0
1934-09,1944-09,2.451289407359129,-61.33967937538494,True,0,2.451289407359129,0.0,True,0,2.451289407359129,0.0,True,0,2.451289407359129,0.0
1934-10,1944-10,2.491848531285782,-60.872279872187775,True,0,2.491848531285782,0.0,True,0,2.491848531285782,0.0,True,0,2.491848531285782,0.0
1934-11,1944-11,2.4074547367092727,-59.61567528871616,True,0,2.4074547367092727,0.0,True,0,2.4074547367092727,0.0,True,0,2.4074547367092727,0.0
1934-12,1944-12,2.444148404000484,-59.1876892387868,True,0,2.444148404000484,0.0,True,0,2.444148404000484,0.0,True,0,2.444148404000484,0.0
1935-01,1945-01,2.5167237645444565,-59.0224126023348,True,0,2.5167237645444565,0.0,True,0,2.5167237645444565,0.0,True,0,2.5167237645444565,0.0
1935-02,1945-02,2.6809385414319764,-60.09552976690649,True,0,2.6809385414319764,0.0,True,0,2.6809385414319764,0.0,True,0,2.6809385414319764,0.0
1935-03,1945-03,2.858964824519963,-62.461802639859975,True,0,2.858964824519963,0.0,True,0,2.858964824519963,0.0,True,0,2.858964824519963,0.0
1935-04,1945-04,2.7256693601409387,-59.483643245855625,True,0,2.7256693601409387,0.0,True,0,2.7256693601409387,0.0,True,0,2.7256693601409387,0.0
1935-05,1945-05,2.622399883339823,-56.13591465501679,True,0,2.622399883339823,0.0,True,0,2.622399883339823,0.0,True,0,2.622399883339823,0.0
1935-06,1945-06,2.5724652095209377,-54.306369898747406,True,0,2.5724652095209377,0.0,True,0,2.5724652095209377,0.0,True,0,2.5724652095209377,0.0
1935-07,1945-07,2.3948030637398623,-51.74776742272207,True,0,2.3948030637398623,0.0,True,0,2.3948030637398623,0.0,True,0,2.3948030637398623,0.0
1935-08,1945-08,2.2517852156755733,-48.319518034602474,True,0,2.2517852156755733,0.0,True,0,2.2517852156755733,0.0,True,0,2.2517852156755733,0.0
1935-09,1945-09,2.356162086489657,-47.06197479123455,True,0,2.356162086489657,0.0,True,0,2.356162086489657,0.0,True,0,2.356162086489657,0.0
1935-10,1945-10,2.390952792606808,-45.477481788646614,True,0,2.390952792606808,0.0,True,0,2.390952792606808,0.0,True,0,2.390952792606808,0.0
1935-11,1945-11,2.2577716502482317,-40.17922253852208,True,0,2.2577716502482317,0.0,True,0,2.2577716502482317,0.0,True,0,2.2577716502482317,0.0
1935-12,1945-12,2.296585600599159,-39.999546123600716,True,0,2.296585600599159,0.0,True,0,2.296585600599159,0.0,True,0,2.296585600599159,0.0
1936-01,1946-01,2.2634673524536097,-36.50258715534432,True,0,2.2634673524536097,0.0,True,0,2.2634673524536097,0.0,True,0,2.2634673524536097,0.0
1936-02,1946-02,2.1471501838222715,-32.66859244809373,True,0,2.1471501838222715,0.0,True,0,2.1471501838222715,0.0,True,0,2.1471501838222715,0.0
1936-03,1946-03,2.040402988381793,-31.04122394941652,True,0,2.040402988381793,0.0,True,0,2.040402988381793,0.0,True,0,2.040402988381793,0.0
1936-04,1946-04,2.1693198666692313,-30.74861050057246,True,0,2.1693198666692313,0.0,True,0,2.1693198666692313,0.0,True,0,2.1693198666692313,0.0
1936-05,1946-05,2.2955766758362817,-34.2184196467344,True,0,2.2955766758362817,0.0,True,0,2.2955766758362817,0.0,True,0,2.2955766758362817,0.0
1936-06,1946-06,2.187533571195432,-31.20323601923377,True,0,2.187533571195432,0.0,True,0,2.187533571195432,0.0,True,0,2.187533571195432,0.0
1936-07,1946-07,2.006516048460803,-26.906365294090616,True,0,2.006516048460803,0.0,True,0,2.006516048460803,0.0,True,15,2.4099136396889804,20.10437900746538
1936-08,1946-08,1.929433100390467,-25.219167534972854,True,0,1.929433100390467,0.0,True,0,1.929433100390467,0.0,True,14,2.3704292293875904,22.856253938417304
1936-09,1946-09,1.6275187173530241,-24.131460614535317,True,0,1.6275187173530241,0.0,True,0,1.6275187173530241,0.0,True,13,2.028321662135051,24.62662582669941
1936-10,1946-10,1.512852994439669,-19.90603715781536,True,0,1.512852994439669,0.0,True,7,1.5359680367886615,1.5279106716878266,True,12,1.9902086386437532,31.5533396806269
1936-11,1946-11,1.4669439358692355,-17.407217351515957,True,0,1.4669439358692355,0.0,True,6,1.5356827041450414,4.685848354189126,True,11,1.9898389229474511,35.645192313936306
1936-12,1946-12,1.5380541589639194,-18.54905305633372,True,0,1.5380541589639194,0.0,True,5,1.5877065678170983,3.228261408338584,True,10,2.0572481010135695,33.75654485401185
1937-01,1947-01,1.500271117222615,-15.728189370174107,True,0,1.500271117222615,0.0,True,4,1.6021127471809462,6.788215062545899,True,9,2.075914702097096,38.369303938887
1937-02,1947-02,1.514283497311269,-12.941486517245416,True,0,1.514283497311269,0.0,True,3,1.670341198454917,10.305712333307525,True,8,2.164320743026594,42.92705077150467
1937-03,1947-03,1.4552806666257352,-12.737180232153367,True,0,1.4552806666257352,0.0,True,2,1.6085163974477727,10.529634202956561,True,7,2.0842121404386753,43.21719433483595
1937-04,1947-04,1.4910503097496517,-17.633352817248127,True,0,1.4910503097496517,0.0,True,1,1.5548592087561812,4.279459827029108,True,6,2.014686604814501,35.11862018611352
1937-05,1947-05,1.533273544360721,-20.986609911548882,True,0,1.533273544360721,0.0,True,0,1.533273544360721,0.0,True,5,1.9867172885776025,29.573571257693555
1937-06,1947-06,1.6482803695525936,-23.612285643718923,True,0,1.6482803695525936,0.0,True,0,1.6482803695525936,0.0,True,4,2.064145373478619,25.23023458921052
1937-07,1947-07,1.6532044865589912,-18.737657458849487,True,0,1.6532044865589912,0.0,True,2,1.8913086711576514,14.402585193453854,True,3,2.2019142277756316,33.19067578619597
1937-08,1947-08,1.6046553536119494,-17.57972506708153,True,0,1.6046553536119494,0.0,True,1,1.8614763658950346,16.004745922855147,True,2,2.1671826271612833,35.05595592742894
1937-09,1947-09,1.8207710038950675,-28.93261737788325,True,0,1.8207710038950675,0.0,True,0,1.8207710038950675,0.0,True,1,2.119792311079444,16.422784992989104
1937-10,1947-10,2.1837856660660693,-38.94733204801453,True,0,2.1837856660660693,0.0,True,0,2.1837856660660693,0.0,True,0,2.1837856660660693,0.0
1937-11,1947-11,2.363211590330856,-43.98948031739335,True,0,2.363211590330856,0.0,True,0,2.363211590330856,0.0,True,0,2.363211590330856,0.0
1937-12,1947-12,2.3607910536190677,-44.55625343322925,True,0,2.3607910536190677,0.0,True,0,2.3607910536190677,0.0,True,0,2.3607910536190677,0.0
1938-01,1948-01,2.2671523464166503,-42.76458985301586,True,0,2.2671523464166503,0.0,True,0,2.2671523464166503,0.0,True,0,2.2671523464166503,0.0
1938-02,1948-02,2.206219639036384,-43.799201704490464,True,0,2.206219639036384,0.0,True,0,2.206219639036384,0.0,True,0,2.206219639036384,0.0
1938-03,1948-03,2.3927237160500967,-47.18448529747179,True,0,2.3927237160500967,0.0,True,0,2.3927237160500967,0.0,True,0,2.3927237160500967,0.0
1938-04,1948-04,2.681242531125851,-49.00875204407944,True,0,2.681242531125851,0.0,True,0,2.681242531125851,0.0,True,0,2.681242531125851,0.0
1938-05,1948-05,2.7811920597196687,-48.22105455849829,True,0,2.7811920597196687,0.0,True,0,2.7811920597196687,0.0,True,0,2.7811920597196687,0.0
1938-06,1948-06,2.8261756791248005,-46.70780882498745,True,0,2.8261756791248005,0.0,True,0,2.8261756791248005,0.0,True,0,2.8261756791248005,0.0
1938-07,1948-07,2.3002267248882995,-35.80172936342403,True,0,2.3002267248882995,0.0,True,0,2.3002267248882995,0.0,True,0,2.3002267248882995,0.0
1938-08,1948-08,2.2199889782784474,-35.13445416436405,True,0,2.2199889782784474,0.0,True,0,2.2199889782784474,0.0,True,0,2.2199889782784474,0.0
1938-09,1948-09,2.2993445793798233,-37.79546965152865,True,0,2.2993445793798233,0.0,True,0,2.2993445793798233,0.0,True,0,2.2993445793798233,0.0
1938-10,1948-10,2.1266069670806274,-30.591214470035467,True,0,2.1266069670806274,0.0,True,0,2.1266069670806274,0.0,True,0,2.1266069670806274,0.0
1938-11,1948-11,2.0096304235439386,-30.290053328123946,True,0,2.0096304235439386,0.0,True,0,2.0096304235439386,0.0,True,0,2.0096304235439386,0.0
1938-12,1948-12,2.0598639775690493,-32.09013802603965,True,0,2.0598639775690493,0.0,True,0,2.0598639775690493,0.0,True,0,2.0598639775690493,0.0
1939-01,1949-01,2.1181889913592142,-32.877990088844676,True,0,2.1181889913592142,0.0,True,0,2.1181889913592142,0.0,True,0,2.1181889913592142,0.0
1939-02,1949-02,2.0572687977733133,-33.18376798483547,True,0,2.0572687977733133,0.0,True,0,2.0572687977733133,0.0,True,0,2.0572687977733133,0.0
1939-03,1949-03,2.0825458383873534,-33.00415445791298,True,0,2.0825458383873534,0.0,True,0,2.0825458383873534,0.0,True,0,2.0825458383873534,0.0
1939-04,1949-04,2.382960342711569,-41.203650635696086,True,0,2.382960342711569,0.0,True,0,2.382960342711569,0.0,True,0,2.382960342711569,0.0
1939-05,1949-05,2.2851214171402168,-38.79376625681559,True,0,2.2851214171402168,0.0,True,0,2.2851214171402168,0.0,True,0,2.2851214171402168,0.0
1939-06,1949-06,2.1267884787535714,-37.462998485462606,True,0,2.1267884787535714,0.0,True,0,2.1267884787535714,0.0,True,0,2.1267884787535714,0.0
1939-07,1949-07,2.1975964886372195,-35.684824776606526,True,0,2.1975964886372195,0.0,True,0,2.1975964886372195,0.0,True,0,2.1975964886372195,0.0
1939-08,1949-08,2.313863386995811,-36.36678898869633,True,0,2.313863386995811,0.0,True,0,2.313863386995811,0.0,True,0,2.313863386995811,0.0
1939-09,1949-09,2.122440256978156,-29.327066337821307,True,0,2.122440256978156,0.0,True,0,2.122440256978156,0.0,True,3,2.1655214976001083,2.029797563456004
1939-10,1949-10,2.1593485605753524,-28.34011725117904,True,0,2.1593485605753524,0.0,True,0,2.1593485605753524,0.0,True,2,2.2338533522745068,3.450336507011298
1939-11,1949-11,2.232934815477209,-29.340022591860247,True,0,2.232934815477209,0.0,True,0,2.232934815477209,0.0,True,1,2.2776514409273823,2.002594305047656
1939-12,1949-12,2.3517982020898733,-30.724965584995324,True,0,2.3517982020898733,0.0,True,0,2.3517982020898733,0.0,True,0,2.3517982020898733,0.0
1940-01,1950-01,2.4172970523907504,-30.826081280775398,True,0,2.4172970523907504,0.0,True,0,2.4172970523907504,0.0,True,0,2.4172970523907504,0.0
1940-02,1950-02,2.4840075352801683,-30.98230045319028,True,0,2.4840075352801683,0.0,True,0,2.4840075352801683,0.0,True,0,2.4840075352801683,0.0
1940-03,1950-03,2.521898684973871,-31.081139220953723,True,0,2.521898684973871,0.0,True,0,2.521898684973871,0.0,True,0,2.521898684973871,0.0
1940-04,1950-04,2.570798965737684,-30.099510113563877,True,0,2.570798965737684,0.0,True,0,2.570798965737684,0.0,True,0,2.570798965737684,0.0
1940-05,1950-05,3.0826716307144726,-39.421791036117625,True,0,3.0826716307144726,0.0,True,0,3.0826716307144726,0.0,True,0,3.0826716307144726,0.0
1940-06,1950-06,3.4267350075245235,-44.32206046002336,True,0,3.4267350075245235,0.0,True,0,3.4267350075245235,0.0,True,0,3.4267350075245235,0.0
1940-07,1950-07,3.0777306351497713,-42.16448416428561,True,0,3.0777306351497713,0.0,True,0,3.0777306351497713,0.0,True,0,3.0777306351497713,0.0
1940-08,1950-08,3.197743016618868,-40.628700829852406,True,0,3.197743016618868,0.0,True,0,3.197743016618868,0.0,True,0,3.197743016618868,0.0
1940-09,1950-09,3.178365465384141,-37.80080316513049,True,0,3.178365465384141,0.0,True,0,3.178365465384141,0.0,True,0,3.178365465384141,0.0
1940-10,1950-10,3.2809766865812895,-36.88897737270962,True,0,3.2809766865812895,0.0,True,0,3.2809766865812895,0.0,True,0,3.2809766865812895,0.0
1940-11,1950-11,3.202672452884729,-35.09014657865745,True,0,3.202672452884729,0.0,True,0,3.202672452884729,0.0,True,0,3.202672452884729,0.0
1940-12,1950-12,3.329044525573113,-37.42031967127244,True,0,3.329044525573113,0.0,True,0,3.329044525573113,0.0,True,0,3.329044525573113,0.0
1941-01,1951-01,3.570218024124042,-36.96799229572893,True,0,3.570218024124042,0.0,True,0,3.570218024124042,0.0,True,0,3.570218024124042,0.0
1941-02,1951-02,3.950297637316872,-40.57432579857727,True,0,3.950297637316872,0.0,True,0,3.950297637316872,0.0,True,0,3.950297637316872,0.0
1941-03,1951-03,3.861058258025072,-39.87331514908291,True,0,3.861058258025072,0.0,True,0,3.861058258025072,0.0,True,0,3.861058258025072,0.0
1941-04,1951-04,4.038339501837278,-41.402500406253594,True,0,4.038339501837278,0.0,True,0,4.038339501837278,0.0,True,0,4.038339501837278,0.0
1941-05,1951-05,4.129370731722581,-42.33117199790903,True,0,4.129370731722581,0.0,True,0,4.129370731722581,0.0,True,0,4.129370731722581,0.0
1941-06,1951-06,3.9211666859219543,-39.96142959591431,True,0,3.9211666859219543,0.0,True,0,3.9211666859219543,0.0,True,0,3.9211666859219543,0.0
1941-07,1951-07,3.796778986891432,-36.530263744151256,True,0,3.796778986891432,0.0,True,0,3.796778986891432,0.0,True,0,3.796778986891432,0.0
1941-08,1951-08,3.9819813635992274,-36.48043082509144,True,0,3.9819813635992274,0.0,True,0,3.9819813635992274,0.0,True,0,3.9819813635992274,0.0
1941-09,1951-09,4.0714292783660735,-35.93088182635324,True,0,4.0714292783660735,0.0,True,0,4.0714292783660735,0.0,True,0,4.0714292783660735,0.0
1941-10,1951-10,4.2167546997476695,-38.12943436803551,True,0,4.2167546997476695,0.0,True,0,4.2167546997476695,0.0,True,0,4.2167546997476695,0.0
1941-11,1951-11,4.296501648168644,-40.6540497909331,True,0,4.296501648168644,0.0,True,0,4.296501648168644,0.0,True,0,4.296501648168644,0.0
1941-12,1951-12,4.729178117746908,-44.1428147400787,True,0,4.729178117746908,0.0,True,0,4.729178117746908,0.0,True,0,4.729178117746908,0.0
1942-01,1952-01,4.7856510269739445,-42.68510108320412,True,0,4.7856510269739445,0.0,True,0,4.7856510269739445,0.0,True,0,4.7856510269739445,0.0
1942-02,1952-02,4.842308666687897,-44.109594006652856,True,0,4.842308666687897,0.0,True,0,4.842308666687897,0.0,True,0,4.842308666687897,0.0
1942-03,1952-03,5.122972037923018,-46.77488793408126,True,0,5.122972037923018,0.0,True,0,5.122972037923018,0.0,True,0,5.122972037923018,0.0
1942-04,1952-04,5.317743171756492,-48.61846353538651,True,0,5.317743171756492,0.0,True,0,5.317743171756492,0.0,True,0,5.317743171756492,0.0
1942-05,1952-05,5.244823139549629,-47.66270578864892,True,0,5.244823139549629,0.0,True,0,5.244823139549629,0.0,True,0,5.244823139549629,0.0
1942-06,1952-06,5.12134562530003,-44.65974628471895,True,0,5.12134562530003,0.0,True,0,5.12134562530003,0.0,True,0,5.12134562530003,0.0
1942-07,1952-07,5.072198036214589,-42.242254691380154,True,0,5.072198036214589,0.0,True,0,5.072198036214589,0.0,True,0,5.072198036214589,0.0
1942-08,1952-08,5.11521499970173,-42.223685643112674,True,0,5.11521499970173,0.0,True,0,5.11521499970173,0.0,True,0,5.11521499970173,0.0
1942-09,1952-09,4.976431883598204,-41.27083606602005,True,0,4.976431883598204,0.0,True,0,4.976431883598204,0.0,True,0,4.976431883598204,0.0
1942-10,1952-10,4.535101707552823,-36.59663513463859,True,0,4.535101707552823,0.0,True,0,4.535101707552823,0.0,True,0,4.535101707552823,0.0
1942-11,1952-11,4.602451271649171,-35.23604790576815,True,0,4.602451271649171,0.0,True,0,4.602451271649171,0.0,True,0,4.602451271649171,0.0
1942-12,1952-12,4.759928659973916,-34.55786150140231,True,0,4.759928659973916,0.0,True,0,4.759928659973916,0.0,True,0,4.759928659973916,0.0
1943-01,1953-01,4.513449774310286,-30.30160196844903,True,0,4.513449774310286,0.0,True,0,4.513449774310286,0.0,True,0,4.513449774310286,0.0
1943-02,1953-02,4.207817631311249,-25.817372362686054,True,0,4.207817631311249,0.0,True,0,4.207817631311249,0.0,False,,1.0934659689119628,-74.0134657743897
1943-03,1953-03,4.084126077989435,-22.83919546580293,True,0,4.084126077989435,0.0,True,0,4.084126077989435,0.0,False,,1.0949347378496306,-73.19047656852324
1943-04,1953-04,3.7591512237499667,-19.917493818655906,True,0,3.7591512237499667,0.0,False,,1.0965665697267764,-70.82941056484317,False,,1.0965665697267764,-70.82941056484317
1943-05,1953-05,3.638143399934624,-16.42321779865117,True,0,3.638143399934624,0.0,False,,1.0981739633413712,-69.81498960813074,False,,1.0981739633413712,-69.81498960813074
1943-06,1953-06,3.44992460362406,-14.601492310522545,True,0,3.44992460362406,0.0,False,,1.0997388476324703,-68.12281501812468,False,,1.0997388476324703,-68.12281501812468
1943-07,1953-07,3.4310366405236903,-12.488095094053165,True,0,3.4310366405236903,0.0,False,,1.1012430267531839,-67.90348975739595,False,,1.1012430267531839,-67.90348975739595
1943-08,1953-08,3.626394132815489,-16.4582143797955,True,0,3.626394132815489,0.0,False,,1.1027492632303615,-69.59102560718627,False,,1.1027492632303615,-69.59102560718627
1943-09,1953-09,3.3908149392490667,-14.32341576939844,True,0,3.3908149392490667,0.0,False,,1.104031851923691,-67.44051587291311,False,,1.104031851923691,-67.44051587291311
1943-10,1953-10,3.5277525095599738,-14.750171264191291,True,0,3.5277525095599738,0.0,False,,1.1049442371223057,-68.6785216897166,False,,1.1049442371223057,-68.6785216897166
1943-11,1953-11,3.7824317505437532,-18.33414020222911,True,0,3.7824317505437532,0.0,False,,1.105911901752082,-70.76188085632744,False,,1.105911901752082,-70.76188085632744
1943-12,1953-12,3.784942500682247,-16.886547365272463,True,0,3.784942500682247,0.0,False,,1.1070257977645273,-70.75184636054624,False,,1.1070257977645273,-70.75184636054624
1944-01,1954-01,3.761500037922831,-13.837767219054363,True,0,3.761500037922831,0.0,False,,1.1077583490962242,-70.55009071040848,False,,1.1077583490962242,-70.55009071040848
1944-02,1954-02,3.871599264914769,-14.045800537390363,True,0,3.871599264914769,0.0,False,,1.108299478901135,-71.37360033759761,False,,1.108299478901135,-71.37360033759761
1944-03,1954-03,3.8469183880089504,-11.258557309276851,True,0,3.8469183880089504,0.0,False,,1.1088957675159035,-71.17444001483393,False,,1.1088957675159035,-71.17444001483393
1944-04,1954-04,4.071225484808465,-12.417737515088723,True,0,4.071225484808465,0.0,False,,1.1094374529392914,-72.74929976049984,False,,1.1094374529392914,-72.74929976049984
1944-05,1954-05,4.1594619071916314,-10.486196898698152,True,0,4.1594619071916314,0.0,False,,1.1097868390332601,-73.31898058461698,False,,1.1097868390332601,-73.31898058461698
1944-06,1954-06,4.004250915262391,-5.8810446317096865,True,27,3.078341854854547,-23.123152869334383,False,,1.1100260986771646,-72.27880764299141,False,,1.1100260986771646,-72.27880764299141
1944-07,1954-07,4.060146648239713,-3.037584334296517,True,26,3.214595603401072,-20.825628187721545,False,,1.1103389301143036,-72.65273827989209,False,,1.1103389301143036,-72.65273827989209
1944-08,1954-08,4.20169313579216,-4.059004445983472,True,25,3.2905802405898243,-21.68442258291099,False,,1.1108354680477943,-73.5621942834156,False,,1.1108354680477943,-73.5621942834156
1944-09,1954-09,4.370336965110083,-5.232365567773433,True,24,3.3797270778063537,-22.66667067578798,False,,1.1114147843801998,-74.56912834747047,False,,1.1114147843801998,-74.56912834747047
1944-10,1954-10,4.36325307481589,-2.4996480669499666,True,23,3.470451571672542,-20.461831753387816,False,,1.1119668771981037,-74.51518722083239,False,,1.1119668771981037,-74.51518722083239
1944-11,1954-11,4.5641952707394875,-2.7765661850144063,True,22,3.618822719111498,-20.712798106791364,False,,1.1124733287472193,-75.6260794563468,False,,1.1124733287472193,-75.6260794563468
1944-12,1954-12,4.669137258519949,-0.24865578940898025,True,21,3.797084549522896,-18.676955949534047,False,,1.1131819754605707,-76.1587223971772,False,,1.1131819754605707,-76.1587223971772
1945-01,1955-01,4.614209873992408,0.0,True,20,3.8782596638215234,-15.949647507778176,False,,1.1139552914557322,-75.85815726036988,False,,1.1139552914557322,-75.85815726036988
1945-02,1955-02,4.612921113430361,0.0,True,19,4.020728732035849,-12.837687158151578,False,,1.1146832470495902,-75.83563170407947,False,,1.1146832470495902,-75.83563170407947
1945-03,1955-03,4.5783536996646275,0.0,True,18,4.001977460082106,-12.589159278470385,False,,1.1155126916505493,-75.63506961613162,False,,1.1155126916505493,-75.63506961613162
1945-04,1955-04,4.6187337639199,0.0,True,17,4.15309909616931,-10.081435552488049,False,,1.1166270985904694,-75.82395618225041,False,,1.1166270985904694,-75.82395618225041
1945-05,1955-05,4.4307751419906305,0.0,True,16,4.148549203679223,-6.369674137528247,False,,1.1176141753402462,-74.77610261128865,False,,1.1176141753402462,-74.77610261128865
1945-06,1955-06,4.602411907003718,0.0,True,15,4.40212054066446,-4.351878327849478,False,,1.1185653641959223,-75.69610485115976,False,,1.1185653641959223,-75.69610485115976
1945-07,1955-07,5.039736888129449,-1.693542633090328,True,14,4.737280377739249,-6.001434541207962,False,,1.1196920050222507,-77.78272894246597,False,,1.1196920050222507,-77.78272894246597
1945-08,1955-08,4.989463747754766,-0.9970018073128029,True,13,4.721762430650798,-5.365332441275539,False,,1.1210952003521355,-77.53074765085482,False,,1.1210952003521355,-77.53074765085482
1945-09,1955-09,4.879523515021818,0.0,True,12,4.9477732854306815,1.398697438361629,False,,1.122656090758859,-76.99250577842867,False,,1.122656090758859,-76.99250577842867
1945-10,1955-10,4.448245491351796,0.0,True,11,4.712570553515446,5.94223189069818,False,,1.1243659049426904,-74.7233845989691,False,,1.1243659049426904,-74.7233845989691
1945-11,1955-11,4.596858326952966,0.0,True,10,5.0440354732036825,9.72788618758953,False,,1.126087502063559,-75.50310620927951,False,,1.126087502063559,-75.50310620927951
1945-12,1955-12,4.561433454369126,0.0,True,9,5.104887727718527,11.914111622714962,False,,1.1280871406164508,-75.2690211991162,False,,1.1280871406164508,-75.2690211991162
1946-01,1956-01,4.269106417108288,0.0,True,8,4.981701009769427,16.691891066604537,False,,1.1299708667258106,-73.53144296901353,False,,1.1299708667258106,-73.53144296901353
1946-02,1956-02,4.284649454340914,0.0,True,7,5.027690773755582,17.34193957598722,False,,1.1317748133094632,-73.58535802356418,False,,1.1317748133094632,-73.58535802356418
1946-03,1956-03,4.719893238704738,-2.674783250322821,True,6,5.388570279087926,14.167206895694328,False,,1.1335169932717,-75.98426625465862,False,,1.1335169932717,-75.98426625465862
1946-04,1956-04,4.486373330929437,0.0,True,5,5.46696269382952,21.857061162070845,False,,1.1355851799157375,-74.68812566072205,False,,1.1355851799157375,-74.68812566072205
1946-05,1956-05,4.336744005587359,0.0,True,4,5.310326718621067,22.449623767955096,False,,1.137666379938626,-73.7668080367925,False,,1.137666379938626,-73.7668080367925
1946-06,1956-06,4.340261665499147,-0.33868092691621277,True,3,5.294960603707365,21.996345192667622,False,,1.139640258563927,-73.74259096812165,False,,1.139640258563927,-73.74259096812165
1946-07,1956-07,4.709795278401852,-2.8761052234655526,True,2,5.597718347943442,18.852689279583366,False,,1.1414503449858064,-75.76433204601776,False,,1.1414503449858064,-75.76433204601776
1946-08,1956-08,4.7739275065056255,-4.451491117311024,True,1,5.5801438018401806,16.887904021078892,False,,1.1435330066241802,-76.04628463532718,False,,1.1435330066241802,-76.04628463532718
1946-09,1956-09,5.406201048480431,-18.230449813529294,True,0,5.406201048480431,0.0,False,,1.145842546802661,-78.80503265551448,False,,1.145842546802661,-78.80503265551448
1946-10,1956-10,5.456272927539094,-19.758247568891818,True,0,5.456272927539094,0.0,False,,1.1482125590089947,-78.95610109212654,False,,1.1482125590089947,-78.95610109212654
1946-11,1956-11,5.417581150997096,-19.765803440574135,True,0,5.417581150997096,0.0,False,,1.1506713017095602,-78.76042333952338,False,,1.1506713017095602,-78.76042333952338
1946-12,1956-12,5.334004254091626,-17.039442892633584,True,0,5.334004254091626,0.0,False,,1.153340379329173,-78.3775879360339,False,,1.153340379329173,-78.3775879360339
1947-01,1957-01,5.186816362669842,-16.274843653229844,True,0,5.186816362669842,0.0,False,,1.1559222681482721,-77.71422415361401,False,,1.1559222681482721,-77.71422415361401
1947-02,1957-02,4.775535900646716,-12.698374424878423,True,0,4.775535900646716,0.0,False,,1.1585005733562128,-75.74093049537487,False,,1.1585005733562128,-75.74093049537487
1947-03,1957-03,5.037827282527116,-15.90311764219301,True,0,5.037827282527116,0.0,False,,1.1610658582965212,-76.95304358044412,False,,1.1610658582965212,-76.95304358044412
1947-04,1957-04,5.346988972479391,-18.670598020460194,True,0,5.346988972479391,0.0,False,,1.1636274159360522,-78.23770683042048,False,,1.1636274159360522,-78.23770683042048
1947-05,1957-05,5.645915955995134,-19.772320358293005,True,0,5.645915955995134,0.0,False,,1.1661851956722888,-79.34462353386661,False,,1.1661851956722888,-79.34462353386661
1947-06,1957-06,5.53866620685474,-16.620651864697344,True,0,5.53866620685474,0.0,False,,1.1689657346376245,-78.894454170376,False,,1.1689657346376245,-78.894454170376
1947-07,1957-07,5.311544659835286,-11.034872309137123,True,0,5.311544659835286,0.0,False,,1.1713580009926805,-77.94694244312342,False,,1.1713580009926805,-77.94694244312342
1947-08,1957-08,5.114623953289954,-12.417019188291324,True,0,5.114623953289954,0.0,False,,1.1738666657307397,-77.04881773418246,False,,1.1738666657307397,-77.04881773418246
1947-09,1957-09,5.032229045961756,-14.310118331537069,True,0,5.032229045961756,0.0,False,,1.1764836887065881,-76.62102265295955,False,,1.1764836887065881,-76.62102265295955
1947-10,1957-10,4.596056514476845,-11.708569825648096,True,0,4.596056514476845,0.0,False,,1.179105261492588,-74.34528366266615,False,,1.179105261492588,-74.34528366266615
1947-11,1957-11,4.546176599355238,-12.345119130377624,True,0,4.546176599355238,0.0,False,,1.1814073559143614,-74.01316622671644,False,,1.1814073559143614,-74.01316622671644
1947-12,1957-12,4.6120755849751545,-13.320975695396342,True,0,4.6120755849751545,0.0,False,,1.1834265212963062,-74.34069543110749,False,,1.1834265212963062,-74.34069543110749
1948-01,1958-01,4.760501000680023,-14.069092665495987,True,0,4.760501000680023,0.0,False,,1.1848527994164126,-75.1107541150152,False,,1.1848527994164126,-75.1107541150152
1948-02,1958-02,5.016937239437981,-17.89017540729233,True,0,5.016937239437981,0.0,False,,1.185369686118391,-76.3726427191427,False,,1.185369686118391,-76.3726427191427
1948-03,1958-03,5.041391266006157,-16.31300679070663,True,0,5.041391266006157,0.0,False,,1.1856626957708738,-76.48143869003509,False,,1.1856626957708738,-76.48143869003509
1948-04,1958-04,4.701509478657635,-9.461012300085581,True,14,4.895743044189643,4.131302221418998,False,,1.1857897958492576,-74.77853014585814,False,,1.1857897958492576,-74.77853014585814
1948-05,1958-05,4.622286326712807,-4.6352058669462455,True,13,5.0655950696768475,9.590681139809544,False,,1.1857017061685327,-74.34815538543762,False,,1.1857017061685327,-74.34815538543762
1948-06,1958-06,4.540323230530863,-0.2606288811730195,True,12,5.199706538238937,14.5228274338296,False,,1.1855352664337686,-73.88874742525427,False,,1.1855352664337686,-73.88874742525427
1948-07,1958-07,4.772995475112461,-2.2092295229294345,True,11,5.354935106000428,12.192335691964074,False,,1.185447195661468,-75.16345444191865,False,,1.185447195661468,-75.16345444191865
1948-08,1958-08,5.093075676165752,-4.639440843979203,True,10,5.567146270009853,9.308139599468879,False,,1.1860612750332729,-76.71227858278787,False,,1.1860612750332729,-76.71227858278787
1948-09,1958-09,5.27860197258091,-5.282556283707707,True,9,5.725853715122433,8.472920384312378,False,,1.1873731959622973,-77.50591535164101,False,,1.1873731959622973,-77.50591535164101
1948-10,1958-10,5.337992367284019,-2.252519616599147,True,8,5.96996514653643,11.839147300503928,False,,1.188840741271613,-77.7286916227552,False,,1.188840741271613,-77.7286916227552
1948-11,1958-11,5.811442027897596,-7.228443957714226,True,7,6.162781650521575,6.0456530571480815,False,,1.1903291364354371,-79.51749099928537,False,,1.1903291364354371,-79.51749099928537
1948-12,1958-12,5.94592183641842,-7.364961944041948,True,6,6.290064636469446,5.78787965127916,False,,1.1918964480643066,-79.95438754737725,False,,1.1918964480643066,-79.95438754737725
1949-01,1959-01,6.099031191804371,-5.847132170037817,True,5,6.551399094515903,7.417045240224462,False,,1.1935043686289246,-80.4312466833633,False,,1.1935043686289246,-80.4312466833633
1949-02,1959-02,6.228634861906855,-8.971599073308735,True,4,6.4623199435145615,3.751786495575149,False,,1.1949981624705939,-80.81444507561399,False,,1.1949981624705939,-80.81444507561399
1949-03,1959-03,6.30880283347361,-7.605454035704351,True,3,6.637292867997924,5.2068521270215,False,,1.1965908691319493,-81.03299626383934,False,,1.1965908691319493,-81.03299626383934
1949-04,1959-04,6.404066948727082,-7.216431788359612,True,2,6.7593299295736005,5.547458883407419,False,,1.1983312950109934,-81.28796427949301,False,,1.1983312950109934,-81.28796427949301
1949-05,1959-05,6.52863648555403,-7.37913536697924,True,1,6.8720617149038965,5.260290262902001,False,,1.1999673453564161,-81.61993935469383,False,,1.1999673453564161,-81.61993935469383
1949-06,1959-06,6.8238471157096825,-11.92244570926203,True,0,6.8238471157096825,0.0,False,,1.2019653002285515,-82.38581140744759,False,,1.2019653002285515,-82.38581140744759
1949-07,1959-07,6.69292426526176,-6.402272735390257,True,99,1.786686476607293,-73.30484544878657,False,,1.2041057340405696,-82.00927298265974,False,,1.2041057340405696,-82.00927298265974
1949-08,1959-08,6.404339389772015,-2.4953232948005,True,98,1.7794774004685203,-72.21450500717658,False,,1.2064052645885914,-81.16268999554788,False,,1.2064052645885914,-81.16268999554788
1949-09,1959-09,6.053732251013938,-0.6672434612170708,True,97,1.7120766289549696,-71.71865953159369,False,,1.2093204496905159,-80.02355572485112,False,,1.2093204496905159,-80.02355572485112
1949-10,1959-10,5.878737932865609,0.0,True,96,1.713627072987063,-70.85042584724049,False,,1.2122723808858853,-79.37869667384612,False,,1.2122723808858853,-79.37869667384612
1949-11,1959-11,5.804085594511016,0.0,True,95,1.723566118599018,-70.30426084293084,False,,1.2152987397018669,-79.0613229265401,False,,1.2152987397018669,-79.0613229265401
1949-12,1959-12,5.815622331301273,0.0,True,94,1.7816470391700452,-69.36446458050185,False,,1.2186435063650687,-79.04534653486704,False,,1.2186435063650687,-79.04534653486704
1950-01,1960-01,5.582417875596105,0.0,True,93,1.7537118089995754,-68.5850853862797,False,,1.2218911735134927,-78.11179312005524,False,,1.2218911735134927,-78.11179312005524
1950-02,1960-02,5.248563578796175,0.0,True,92,1.6889400894428062,-67.82090825257401,False,,1.22471478790317,-76.66571492339483,False,,1.22471478790317,-76.66571492339483
1950-03,1960-03,5.1215855239360115,0.0,True,91,1.6692733485714488,-67.40709804083113,False,,1.2269034947198658,-76.04445949431353,False,,1.2269034947198658,-76.04445949431353
1950-04,1960-04,5.032113741966576,0.0,True,90,1.6941125748839663,-66.33397689810766,False,,1.2289863901870615,-75.57713411885703,False,,1.2289863901870615,-75.57713411885703
1950-05,1960-05,4.812119761666499,0.0,True,89,1.68192335591029,-65.04818169097648,False,,1.2311222912914201,-74.4162167139193,False,,1.2311222912914201,-74.4162167139193
1950-06,1960-06,4.8978123242828655,0.0,True,88,1.7473426262389982,-64.32401834639829,False,,1.2324431641075158,-74.83686424657014,False,,1.2324431641075158,-74.83686424657014
1950-07,1960-07,5.13448236180073,-6.704317858413356,True,87,1.707327127848794,-66.7478236842163,False,,1.233594623974375,-75.97431372728025,False,,1.233594623974375,-75.97431372728025
1950-08,1960-08,4.885721835872013,-0.4923579891905727,True,86,1.7310594894969649,-64.56901257072893,False,,1.2347064820732323,-74.72826895285455,False,,1.2347064820732323,-74.72826895285455
1950-09,1960-09,4.564365555097292,0.0,True,85,1.6821500000865417,-63.146028078141406,False,,1.2358986772700293,-72.92288134350173,False,,1.2358986772700293,-72.92288134350173
1950-10,1960-10,4.2847865868181385,0.0,True,84,1.65219849409551,-61.44035506509498,False,,1.2369006297249372,-71.13273660979569,False,,1.2369006297249372,-71.13273660979569
1950-11,1960-11,4.419021768644331,0.0,True,83,1.7087757594598136,-61.33135682687455,False,,1.237923058208886,-71.9864910602453,False,,1.237923058208886,-71.9864910602453
1950-12,1960-12,4.52821694155085,0.0,True,82,1.7528074424498925,-61.291442855439236,False,,1.238845612687773,-72.6416461782088,False,,1.238845612687773,-72.6416461782088
1951-01,1961-01,4.419507401323827,0.0,True,81,1.8458739540823466,-58.2334910553735,False,,1.2397587501760747,-71.94803317209707,False,,1.2397587501760747,-71.94803317209707
1951-02,1961-02,4.421979058954745,0.0,True,80,1.9244384800706518,-56.480153921725154,False,,1.2408340323023965,-71.939396008906,False,,1.2408340323023965,-71.939396008906
1951-03,1961-03,4.623312671596901,-1.1060606060606326,True,79,1.987499968256273,-57.011344258276466,False,,1.2418390969926558,-73.139625519558,False,,1.2418390969926558,-73.139625519558
1951-04,1961-04,4.668104296895033,0.0,True,78,2.04302920673441,-56.23428533734087,False,,1.2426723118357768,-73.3795084085346,False,,1.2426723118357768,-73.3795084085346
1951-05,1961-05,4.697315969751533,0.0,True,77,2.0661898661145806,-56.0133940441764,False,,1.2434244211732721,-73.52904447602992,False,,1.2434244211732721,-73.52904447602992
1951-06,1961-06,4.7001568990996905,-1.139990880072972,True,76,2.041420399614433,-56.56697332794434,False,,1.244319679263085,-73.52599698317661,False,,1.244319679263085,-73.52599698317661
1951-07,1961-07,4.590482312126795,0.0,True,75,2.0382363978013953,-55.598643906830134,False,,1.2450118413796172,-72.87840891815142,False,,1.2450118413796172,-72.87840891815142
1951-08,1961-08,4.54148082072318,0.0,True,74,2.113668502279801,-53.45860555801658,False,,1.2457952713262226,-72.56852290024989,False,,1.2457952713262226,-72.56852290024989
1951-09,1961-09,4.379789068005242,0.0,True,73,2.099405356773058,-52.06606244786066,False,,1.2464573157046588,-71.5406998750204,False,,1.2464573157046588,-71.5406998750204
1951-10,1961-10,4.438037721013825,0.0,True,72,2.124945424704713,-52.119707891547826,False,,1.247232111576263,-71.8967663192519,False,,1.247232111576263,-71.8967663192519
1951-11,1961-11,4.75776492489023,-2.2664561929223503,True,71,2.223531026048806,-53.26521883381814,False,,1.2481697484617271,-73.7656280172244,False,,1.2481697484617271,-73.7656280172244
1951-12,1961-12,4.645967166054812,0.0,True,70,2.2462301065326358,-51.65204517706368,False,,1.249055814824136,-73.11526814157861,False,,1.249055814824136,-73.11526814157861
1952-01,1962-01,4.318381600975858,0.0,True,69,2.16510605945427,-49.86302139289857,False,,1.2502282522196198,-71.04868518481331,False,,1.2502282522196198,-71.04868518481331
1952-02,1962-02,4.460236833829762,-1.3308977538927902,True,68,2.203657818560309,-50.59325545571649,False,,1.251442748529757,-71.94223546521381,False,,1.251442748529757,-71.94223546521381
1952-03,1962-03,4.442126250751643,-0.5900139686062622,True,67,2.2082846773880367,-50.28766512400728,False,,1.2525968743785711,-71.80186235889576,False,,1.2525968743785711,-71.80186235889576
1952-04,1962-04,4.3024589192418174,-0.38473645300172166,True,66,2.1404889074078763,-50.24963753087792,False,,1.2537828066094818,-70.85892439316017,False,,1.2537828066094818,-70.85892439316017
1952-05,1962-05,3.9749410608417706,0.0,True,65,1.9839704965558944,-50.08805247200947,False,,1.2548262276621303,-68.43157650754206,False,,1.2548262276621303,-68.43157650754206
1952-06,1962-06,3.4105399241543117,0.0,True,64,1.755095255695811,-48.53907901016552,True,120,1.2558803984278972,-63.17649327212291,False,,1.2558803984278972,-63.17649327212291
1952-07,1962-07,3.3891438682018196,0.0,True,63,1.800112124625786,-46.88593359771202,True,119,1.2880927829718578,-61.99356436127681,False,,1.2570157726165727,-62.91052190465114
1952-08,1962-08,3.461155838403812,0.0,True,62,1.8517471616626875,-46.49916825135902,True,118,1.3250408806185778,-61.71680957221361,False,,1.2580296639229218,-63.65290317285772
1952-09,1962-09,3.479225921056945,-1.1086841408525117,True,61,1.8381784991225567,-47.16702678036667,True,117,1.3153316541468345,-62.19470410972181,False,,1.2591272654050212,-63.81013208183634
1952-10,1962-10,3.4354246307674168,-2.706100149077295,True,60,1.783153053351754,-48.09511938111047,True,116,1.2759575070547924,-62.85881239752988,False,,1.2601539759171703,-63.31882921746204
1952-11,1962-11,3.5527569667098673,0.0,True,59,1.908681572651857,-46.276044476539404,True,115,1.3657810116885511,-61.5571505597983,False,,1.2611599797715884,-64.50193493140843
1952-12,1962-12,3.5568870988299155,0.0,True,58,1.993539499895169,-43.952691089043284,True,114,1.426502164646056,-59.89464593589933,False,,1.2619601534391556,-64.52065757571293
1953-01,1963-01,3.668139616344912,0.0,True,57,2.0728678735574433,-43.489940668536065,True,113,1.4832665762632,-59.56351907506756,False,,1.2629358405690132,-65.57012620398962
1953-02,1963-02,3.7557477812714675,-0.7734912146676765,True,56,2.102538025428025,-44.01812507451622,True,112,1.504497425148306,-59.941468043975654,False,,1.263912186701488,-66.34725598443663
1953-03,1963-03,3.7161457395827524,0.0,True,55,2.0967985836094174,-43.57598623554401,True,111,1.5003904956500262,-59.625090058537644,False,,1.264817219833401,-65.96427297344334
1953-04,1963-04,4.083842052626603,-4.471806464024608,True,54,2.1972549200437403,-46.196378514919964,True,110,1.5722732857244184,-61.50014458288905,False,,1.265547210680084,-69.01086784524092
1953-05,1963-05,4.135099187975565,-3.5128293027783863,True,53,2.2431692329460686,-45.75295220320302,True,109,1.6051278475461688,-61.1828453301988,False,,1.2663393676851518,-69.37584057554088
1953-06,1963-06,4.277006220689594,-6.510250131603779,True,52,2.244164698906358,-47.529543257373966,True,108,1.605840165685468,-62.45410731652961,False,,1.2672452542664392,-70.37074091367307
1953-07,1963-07,4.145431365262705,-4.721128265646312,True,51,2.2130249524809877,-46.615327634528484,True,107,1.583557730005285,-61.79992887411051,False,,1.2684190705196463,-69.40200044925207
1953-08,1963-08,4.233052784703666,-3.8647036603766227,True,50,2.2762798739657435,-46.2260456049311,True,106,1.6288205815451045,-61.52137324082223,False,,1.2697374391216751,-70.00421436486852
1953-09,1963-09,4.542095829238852,-7.81285953710984,True,49,2.3386953325406896,-48.51065630351088,True,105,1.6734827448828336,-63.156155048290344,False,,1.2713785394823338,-72.00898908169036
1953-10,1963-10,4.409689386927512,-4.567623930641518,True,48,2.3477655449450388,-46.75893608504557,True,104,1.6799730490023572,-61.90268970003594,False,,1.2735218297996416,-71.11991983891231
1953-11,1963-11,4.280220262047526,-1.979762251664341,True,47,2.337843427704106,-45.3803009056886,True,103,1.6728731537041694,-60.916190025605864,False,,1.2756777447295728,-70.19597902376809
1953-12,1963-12,4.303584000413384,-0.17605651622727425,True,46,2.3906945014270056,-44.44875477747464,True,102,1.7106914016363275,-60.249610522950036,False,,1.277669493010096,-70.31150099806653
1954-01,1964-01,4.316363069968841,0.0,True,45,2.4679401042740685,-42.82362108403722,True,101,1.7659654605032404,-59.08672574858286,False,,1.2801061702487357,-70.34294498636844
1954-02,1964-02,4.266053704849769,0.0,True,44,2.502494237429638,-41.339363951636784,True,100,1.7906911033843977,-58.02464696239782,False,,1.2827798983289642,-69.9305262643397
1954-03,1964-03,4.24477362892125,0.0,True,43,2.552186450201291,-39.874615861437725,True,99,1.8262489887879945,-56.976528115773505,False,,1.2854059218855134,-69.717915859457
1954-04,1964-04,4.1328696887059495,0.0,True,42,2.593355603417169,-37.25048697992751,True,98,1.8557080921477136,-55.098799818952,False,,1.2880284943306046,-68.83452440200452
1954-05,1964-05,4.00627906275819,0.0,True,41,2.623393195957045,-34.51796155830128,True,97,1.8772018678071067,-53.14350701983513,False,,1.2908907610452356,-67.77831147497497
1954-06,1964-06,3.944136041552515,0.0,True,40,2.6128496042653375,-33.75356284016888,True,96,1.8696572686796984,-52.596531940522205,False,,1.2938878713079338,-67.19464395557142
1954-07,1964-07,3.925404235175652,0.0,True,39,2.7147762106041062,-30.84084980912477,True,95,1.9425921288040795,-50.51230364005674,False,,1.296785178973245,-66.96428950290728
1954-08,1964-08,3.786638910499228,0.0,True,38,2.6795107865426515,-29.237752796730575,True,94,1.9173575128040075,-49.36518748889039,False,,1.2995159988014826,-65.68154425291755
1954-09,1964-09,3.7581072209509814,0.0,True,37,2.729942483372193,-27.358579123205896,True,93,1.953444545289646,-48.02052122410358,False,,1.3021872862971116,-65.34991660063399
1954-10,1964-10,3.7308627376289234,0.0,True,36,2.7815205802120366,-25.445646869877137,True,92,1.9903518986649993,-46.651698584603295,False,,1.3049383715427871,-65.02314710264268
1954-11,1964-11,3.610349982798942,0.0,True,35,2.8054715778345445,-22.2936393645807,True,91,2.0074903350770876,-44.39624012515344,False,,1.307822874947276,-63.7757314061453
1954-12,1964-12,3.388570817231154,0.0,True,34,2.7610834777598305,-18.51775787835096,True,90,1.9757278739648636,-41.694360822617924,False,,1.3106865072345422,-61.32037434278793
1955-01,1965-01,3.4102058864094262,0.0,True,33,2.8361460473481115,-16.833583020576416,True,89,2.02943983603394,-40.489228403428804,False,,1.313449058306766,-61.48475775198183
1955-02,1965-02,3.3204466082456237,0.0,True,32,2.8610712251540695,-13.83474686660502,True,88,2.0472753592810387,-38.34337362338351,False,,1.3163983570240765,-60.35478017459817
1955-03,1965-03,3.346194978750982,-0.434900788257675,True,31,2.867677009144262,-14.300361235534886,True,87,2.0520022107739178,-38.67654981838928,False,,1.3192348064616801,-60.57507662168257
1955-04,1965-04,3.273686864850309,0.0,True,30,2.908574118715709,-11.15295265576034,True,86,2.0812666498956425,-36.424382177712964,False,,1.3217407052822934,-59.62531665829527
1955-05,1965-05,3.333067759244344,-0.07797713629943415,True,29,2.9554754444896463,-11.328672023166542,True,85,2.1148274811431858,-36.55012037251086,False,,1.3243610707462923,-60.266002181529466
1955-06,1965-06,2.998607368427561,0.0,True,28,2.8190257026365413,-5.988835606883425,True,84,2.0171891588881774,-32.72913352620851,False,,1.3269344024228584,-55.748311152897315
1955-07,1965-07,2.7884887314681803,0.0,True,27,2.8182419477114213,1.0670014874894385,True,83,2.0166283332324544,-27.68024089626965,False,,1.329348045844379,-52.32729360378452
1955-08,1965-08,2.8560665321835867,-0.2960627000858862,True,26,2.873484296232486,0.6098514811411881,True,82,2.0561576878048498,-28.007360310586737,False,,1.3314389042970556,-53.38207673757821
1955-09,1965-09,2.8227706034749853,0.0,True,25,2.9717858420524843,5.279041746929525,True,81,2.1264985904594793,-24.666262719271515,False,,1.3334333965021103,-52.761538792398476
1955-10,1965-10,3.036746789599002,-4.723599834611347,True,24,3.040448470782797,0.12189627388339286,True,80,2.175630994667788,-28.356522772348857,False,,1.3353743023842917,-56.02615578756812
1955-11,1965-11,2.8668622249738385,0.0,True,23,3.0675502434521134,7.000267286304851,True,79,2.1950240076382146,-23.434618220683934,False,,1.337371390835619,-53.35069194516932
1955-12,1965-12,2.8258517492211888,0.0,True,22,3.054722679411979,8.099183909908492,True,78,2.185845083482788,-22.64827466319803,False,,1.339354969603862,-52.603494858745115
1956-01,1966-01,2.952196802000902,-2.3822643450150727,True,21,3.109099252896411,5.314769353762783,True,77,2.2247549218811025,-24.64069738259872,False,,1.341708001758137,-54.5522168153298
1956-02,1966-02,2.9117334148316787,-1.4499394253959297,True,20,3.0898615005876264,6.11759596014545,True,76,2.210989107201808,-24.06622474641551,False,,1.3442278891770154,-53.83410162723558
1956-03,1966-03,2.6110250355392073,0.0,True,19,2.9650732105045083,13.559738805498899,True,75,2.1216952828580173,-18.74090619664004,False,,1.34676495085108,-48.420067501460885
1956-04,1966-04,2.6582523187505362,0.0,True,18,3.057042415315116,15.001965530195571,True,74,2.187504999570431,-17.708902795253522,False,,1.3489548638742226,-49.254069887982844
1956-05,1966-05,2.598840825134685,-2.834431148109595,True,17,2.8977763733643154,11.502649386544794,True,73,2.073540187932953,-20.212882302035872,False,,1.3511588867924453,-48.00917109948735
1956-06,1966-06,2.591022023432899,-3.084965489799052,True,16,2.8757089156100113,10.987436216382473,True,72,2.0577495420709546,-20.58154954064808,False,,1.353347489907881,-47.76781217340628
1956-07,1966-07,2.4506079159175935,0.0,True,15,2.870825003707714,17.14746308704289,True,71,2.054254797722556,-16.173665139191762,False,,1.3560621313934764,-44.664255649165355
1956-08,1966-08,2.3158097089055016,-0.2824466994669872,True,14,2.699469504534864,16.56698277729769,True,70,1.931639223510492,-16.589035097213422,False,,1.3586344631512723,-41.33220627210383
1956-09,1966-09,2.312554494554361,-3.360275903559884,True,13,2.606382149488643,12.705761339946452,True,69,1.8650294003885572,-19.351980470931295,False,,1.361388891957848,-41.13051626832286
1956-10,1966-10,2.3217637437368466,-4.287563697398933,True,12,2.5854861592912655,11.358710216137723,True,68,1.8500770128133148,-20.315879778721946,False,,1.3640610241096287,-41.24893078422392
1956-11,1966-11,2.4628684797308895,-4.97523292035612,True,11,2.71623662364389,10.287522293544704,True,67,1.9436371456510682,-21.082381716808374,False,,1.3666063966324506,-44.511596624852025
1956-12,1966-12,2.436552441357549,-3.2620460138721663,True,10,2.7284672519870212,11.980649612730243,True,66,1.9523889249899637,-19.870843251698243,False,,1.3685225339260163,-43.833651568626586
1957-01,1967-01,2.5853854580399367,-5.06448302895034,True,9,2.8339468915063737,9.61409575092449,True,65,2.027866202519882,-21.564260516214382,False,,1.370290636382204,-46.99859426682684
1957-02,1967-02,2.793484590882647,-8.858467876568755,True,8,2.93221223893252,4.966114669207444,True,64,2.0981812029602884,-24.890181610154016,False,,1.3718972930518085,-50.8893910662906
1957-03,1967-03,2.82138099742975,-7.382074297773055,True,7,3.0018688672856406,6.39714629184478,True,63,2.14802487605174,-23.866189004300754,False,,1.373199199980544,-51.32882793101978
1957-04,1967-04,2.8034715226513836,-4.933228014821833,True,6,3.0539749452395957,8.935472344348927,True,62,2.185310032927961,-22.049857996731003,False,,1.374051177687592,-50.98751078491131
1957-05,1967-05,2.746882430864769,-0.9782674118868462,True,5,3.1089971287412284,13.182751973933549,True,61,2.2246818456624275,-19.0106638469395,False,,1.3746497057980784,-49.95600502037819
1957-06,1967-06,2.6675100678299906,0.0,True,4,3.069868983736756,15.083688746265267,True,60,2.1966832112985712,-17.65042472414866,False,,1.3749266620844018,-48.456552098305686
1957-07,1967-07,2.6588851782007987,0.0,True,3,3.122945232445581,17.45318143293424,True,59,2.2346625860129503,-15.954904546683334,False,,1.3760874653782762,-48.245697984241644
1957-08,1967-08,2.856784119944874,-5.203394489108771,True,2,3.1720165992058598,11.034522246891676,True,58,2.2697762172750138,-20.547856541613207,False,,1.3770819220735415,-51.79608033875116
1957-09,1967-09,3.0168068239584067,-8.746548592700831,True,1,3.2151891325228736,6.575903600753796,True,57,2.3006688643648814,-23.738276972400495,False,,1.378064568240257,-54.32042392319726
1957-10,1967-10,3.2089015658266655,-14.125688492051069,True,0,3.2089015658266655,0.0,True,56,2.2961697172434086,-28.443747178269152,False,,1.3791464068201797,-57.02123051989321
1957-11,1967-11,3.1735023275451364,-15.670065659082955,True,0,3.1735023275451364,0.0,True,55,2.223956943533223,-29.92105522564512,False,,1.3807162433111633,-56.4923513265794
1957-12,1967-12,3.2618117293453532,-15.400112337669436,True,0,3.2618117293453532,0.0,True,54,2.287444929510426,-29.87195094888211,False,,1.382853096037257,-57.604754327289264
1958-01,1968-01,3.187095678669678,-13.431196615907803,True,0,3.187095678669678,0.0,True,53,2.2824749636315493,-28.383858102927285,False,,1.3857004472428809,-56.521529726359375
1958-02,1968-02,3.0302221533413958,-12.824760604247432,True,0,3.0302221533413958,0.0,True,52,2.1825670377975195,-27.973365405212135,False,,1.38956448479242,-54.143148110109315
1958-03,1968-03,2.912587300752394,-10.717215735191111,True,0,2.912587300752394,0.0,True,51,2.146244510680897,-26.311410129184164,False,,1.3939126991007091,-52.14177103839508
1958-04,1968-04,3.1079981047918355,-9.919185035425937,True,49,2.0405145383120784,-34.34633904164668,True,50,2.308547980289714,-25.722349163261992,False,,1.398702733477273,-54.99666710475829
1958-05,1968-05,3.0780944099161407,-6.716619519416578,True,48,2.0911491184842097,-32.06351592896136,True,49,2.3658337068035196,-23.1396639693071,False,,1.4040744082635113,-54.38494661696346
1958-06,1968-06,3.0843619222182723,-4.167514175620324,True,47,2.151184847835302,-30.255109416985327,True,48,2.4337554780707467,-21.093712753385617,False,,1.4094041358352194,-54.304839335405354
1958-07,1968-07,2.9939672923167344,-1.2247251788903069,True,46,2.150636892172514,-28.16765574922666,True,47,2.4331355452474974,-18.73205991623459,False,,1.414425765011195,-52.757474383873074
1958-08,1968-08,2.821699391953835,0.0,True,45,2.1061257187459033,-25.359670673935454,True,46,2.382777570538173,-15.55522968418469,False,,1.4183075699162544,-49.735695660544025
1958-09,1968-09,2.837188050277468,0.0,True,44,2.175650700537443,-23.316655012533584,True,45,2.461435062695669,-13.243852043753368,False,,1.4214420579461895,-49.89961776389207
1958-10,1968-10,2.792551535054854,0.0,True,43,2.2299614414715694,-20.14609530105713,True,44,2.5228798350496207,-9.6568208901447,False,,1.424543926795839,-48.98773007718704
1958-11,1968-11,2.750917244800299,0.0,True,42,2.264828303127727,-17.670067777987963,True,43,2.562326661594628,-6.855552763796846,False,,1.4277190819710015,-48.100253300253456
1958-12,1968-12,2.7272992982197173,0.0,True,41,2.288745085394525,-16.080164473017867,True,42,2.589385052191894,-5.056806420837223,False,,1.4313606162835686,-47.51728872522685
1959-01,1969-01,2.511741246014809,0.0,True,40,2.1924665793650795,-12.711288121588904,True,41,2.4804598049238966,-1.2454085842060536,False,,1.4351562515545666,-42.8620980034619
1959-02,1969-02,2.537848983943676,-1.2640342203044552,True,39,2.1824034281198545,-14.005780409812996,True,40,2.469074800285933,-2.7099399567452553,False,,1.4390793906313564,-43.295310330281865
1959-03,1969-03,2.4213292389936605,0.0,True,38,2.1357341123276585,-11.794972863116271,True,39,2.416275198670402,-0.2087299918518748,False,,1.4427828700886922,-40.41360229522798
1959-04,1969-04,2.4293499692708136,0.0,True,37,2.1790383244531095,-10.303646983099634,True,38,2.465267670698042,1.478490208556038,False,,1.446422407083022,-40.46051720093767
1959-05,1969-05,2.4710760209022657,0.0,True,36,2.2503588148212823,-8.932028161577676,True,37,2.5459565219173594,3.0302791327218026,False,,1.4501205661968144,-41.31623009852482
1959-06,1969-06,2.3625512098946206,-0.6053025074764129,True,35,2.1328810233676463,-9.721278656948929,True,36,2.4130473398962753,2.137355998471957,False,,1.4538492248822186,-38.46274236116701
1959-07,1969-07,2.171392971717221,0.0,True,34,2.037842106321852,-6.1504696356160515,True,35,2.305524508828147,6.177211534623761,False,,1.458236762194335,-32.843258627612414
1959-08,1969-08,2.1721456289352767,-0.317580348175428,True,33,2.0264531595692663,-6.707306702885507,True,34,2.2926395577387724,5.54723068280456,False,,1.462402367334157,-32.674754958718644
1959-09,1969-09,2.269847492773057,-4.008123354084048,True,32,2.032482704547113,-10.45730116149597,True,33,2.299461118486969,1.3046526609474363,False,,1.4659278509318878,-35.41734166726004
1959-10,1969-10,2.2963347586945724,-3.8375267479508257,True,31,2.053050734189294,-10.594449419194484,True,32,2.3227308783428695,1.1494891826356657,False,,1.4693471122513067,-36.01337493638751
1959-11,1969-11,2.303809252644496,-3.1931636653041773,True,30,2.0665208760058107,-10.299827399612493,True,31,2.337970401561586,1.482811516529714,False,,1.472931436582657,-36.06539105214945
1959-12,1969-12,2.1147358130379788,0.0,True,29,1.9554624910691876,-7.531594300660327,True,30,2.212323852406508,4.614668119150855,False,,1.4767871832900767,-30.166823950999355
1960-01,1970-01,2.1338800862312612,-1.480603059036012,True,28,1.9370645234525745,-9.223365644987636,True,29,2.191509204833401,2.7006727779123274,False,,1.4808756769635687,-30.601738751917974
1960-02,1970-02,2.142916182820414,-5.031221695411425,True,27,1.8691013241925964,-12.777674685690886,True,28,2.1146186444184605,-1.3205154092732374,False,,1.484587055488595,-30.721179512740182
1960-03,1970-03,2.2097473509659973,-6.049919897017353,True,26,1.9015513423173003,-13.947115199118498,True,27,2.1513311609899506,-2.6435687297242327,False,,1.4885054306965189,-32.63911233807727
1960-04,1970-04,2.115510981729096,-4.561020872959531,True,25,1.844415888227958,-12.81463891430904,True,26,2.0866906329935198,-1.3623351041184395,False,,1.4923904510872277,-29.454847364231863
1960-05,1970-05,1.890398221509439,-5.1565982920041105,True,24,1.633453156644443,-13.592113129467043,True,25,1.8480167207182427,-2.2419350753173917,False,,1.4965989232046748,-20.831552517560283
1960-06,1970-06,1.8129903710672581,-1.3736828218508856,True,23,1.6257548071186603,-10.327443925605484,True,24,1.8393071482473642,1.451567399368714,False,,1.50164111128677,-17.173243981279683
1960-07,1970-07,1.86339332318975,-3.5396380061247457,True,22,1.6311623396329238,-12.46280002545539,True,23,1.8454249915803895,-0.9642801326883776,False,,1.5066255185429642,-19.146135182886237
1960-08,1970-08,1.895804265909879,-2.101542530481826,True,21,1.6810868039554199,-11.325929887145126,True,22,1.9019073244012483,0.3219245046080843,False,,1.5115791279455852,-20.267131205124034
1960-09,1970-09,2.0720252451109626,-4.765122044893144,True,20,1.783714213310025,-13.914455554111637,True,21,2.018015440339457,-2.6066190505614872,False,,1.5159820656685599,-26.835733819093754
1960-10,1970-10,2.159726623288822,-6.359320193475693,True,19,1.824628992322057,-15.515742934931254,True,20,2.064304613329305,-4.418244833885909,False,,1.5203695912522095,-29.60360932454509
1960-11,1970-11,2.090147515744237,-3.0436419256195335,True,18,1.8248061602212764,-12.694862612530999,True,19,2.0645050532616045,-1.2268254890852592,False,,1.5239250424766164,-27.090072303629075
1960-12,1970-12,2.1810488495977114,-0.4348918908978372,True,17,1.9517796795011135,-10.51187689532428,True,18,2.2081572821382576,1.2429080873427534,False,,1.5271414619817114,-29.981326999466862
1961-01,1971-01,2.1538092482175344,0.0,True,16,2.028245284819408,-5.829855336633982,True,17,2.294667089054508,6.539940384857457,False,,1.5298532388837582,-28.969882539512458
1961-02,1971-02,2.1491977327128433,0.0,True,15,2.1082159155262543,-1.9068425656144417,True,16,2.385142326811696,10.978263679862987,False,,1.53143747061351,-28.743761111247778
1961-03,1971-03,2.1374408049607756,0.0,True,14,2.1636363828714633,1.2255580528775623,True,15,2.447842594589414,14.522123321882319,False,,1.5326659804627563,-28.29434261264221
1961-04,1971-04,2.153112008344416,0.0,True,13,2.238891020330019,3.9839549291056597,True,14,2.5329823659806503,17.642851656766645,False,,1.5346126697426463,-28.725832014533694
1961-05,1971-05,2.1026879929770663,0.0,True,12,2.2099072522139815,5.099152113629102,True,13,2.500191411498741,18.904536471855437,False,,1.5369066118970467,-26.90752898051054
1961-06,1971-06,2.0917211709380426,-1.0802005012531368,True,11,2.170464318741392,3.764514548946152,True,12,2.4555674195127932,17.394586507511512,False,,1.5399031254016464,-26.381051796159362
1961-07,1971-07,2.0825956640391463,-1.106999445715029,True,10,2.1564252504913184,3.54507539447102,True,11,2.439684238067457,17.146322744941543,False,,1.5438142593021567,-25.870667746039356
1961-08,1971-08,1.9751521645833425,0.0,True,9,2.1195278847751795,7.3095998769438175,True,10,2.39794018895499,21.405339393728905,False,,1.546982286876812,-21.677817303602676
1961-09,1971-09,2.0352652209154964,-0.5408860697251439,True,8,2.1681447807156236,6.5288571943638685,True,9,2.4529431966885724,20.522041622919176,False,,1.5499875663692644,-23.843460280225592
1961-10,1971-10,1.9708052919540426,0.0,True,7,2.1236971999184444,7.7578393253049605,True,8,2.402657167870091,21.912457698338628,False,,1.5526887751079541,-21.215516243693877
1961-11,1971-11,1.7987579457979694,0.0,True,6,2.026705493298166,12.672497043457053,True,7,2.2929250369692666,27.472684266702352,False,,1.5548687771160947,-13.558754208792667
1961-12,1971-12,1.9053983863961559,0.0,True,5,2.1672378127285463,13.741977961240437,True,6,2.4519170931860286,28.682647717758947,False,,1.5566383319382313,-18.303786596437956
1962-01,1972-01,2.0615379236498685,-3.486354660347568,True,4,2.2580293008211756,9.531300633239237,True,5,2.5546345708263085,23.918873454601908,False,,1.5574693678669087,-24.451093040797765
1962-02,1972-02,2.0651116420084596,-1.6426545539751647,True,3,2.2999854336840313,11.373418603516328,True,4,2.6021018855465625,26.002964324768605,False,,1.558061924493061,-24.553138300177267
1962-03,1972-03,2.1119911579649426,-1.306485899645271,True,2,2.3549636555573676,11.504427784941429,True,3,2.664301816339801,26.15118232346436,False,,1.5593328511373046,-26.16764301987725
1962-04,1972-04,2.20345194190957,-4.212172583993179,True,1,2.3792639941419136,7.978937452113444,True,2,2.6917941456059844,22.162598348898133,False,,1.560567077683499,-29.176259849304
1962-05,1972-05,2.355587123815055,-11.093819487044643,True,0,2.355587123815055,0.0,True,1,2.6650071807760916,13.135581097077264,False,,1.5618278665240388,-33.696875367762324
1962-06,1972-06,2.6727553881322357,-21.239672176687876,True,0,2.6727553881322357,0.0,True,0,2.6727553881322357,0.0,False,,1.5633150376238718,-41.5092363272218
1962-07,1972-07,2.5889192715711635,-19.09868458291134,True,0,2.5889192715711635,0.0,True,94,2.1484460881908944,-17.013785953741024,False,,1.564650494475944,-39.56356570645833
1962-08,1972-08,2.6080159388110467,-16.65222213037556,True,0,2.6080159388110467,0.0,True,93,2.2245807203531025,-14.702180793908271,False,,1.5661641521482839,-39.94806056046293
1962-09,1972-09,2.591807071257587,-17.145966086768894,True,0,2.591807071257587,0.0,True,92,2.1926425914443106,-15.401010524274684,False,,1.5685316593635013,-39.48115672813471
1962-10,1972-10,2.6791325492343177,-19.510559502644874,True,0,2.6791325492343177,0.0,True,91,2.196879974865937,-18.000325310750533,False,,1.57105373536105,-41.35961149775702
1962-11,1972-11,2.6304660924419325,-13.712638954927458,True,0,2.6304660924419325,0.0,True,90,2.3069762822368167,-12.297813347018337,False,,1.5735151166127177,-40.18112907313771
1962-12,1972-12,2.5723166941926374,-9.720914349619525,True,44,2.0451625911392317,-20.493359322494364,True,89,2.3547822913486804,-8.456750420159043,False,,1.5762922931536987,-38.72090879352462
1963-01,1973-01,2.4943238354785606,-5.97650015578216,True,43,2.0604750986331015,-17.393440686189855,True,88,2.372412978336077,-4.887531258309696,False,,1.579448386278928,-36.67829478220517
1963-02,1973-02,2.373505831465908,-4.4755191301732005,True,42,1.9871994656859093,-16.27577066205945,True,87,2.2880440564718763,-3.6006557835692954,False,,1.5828355051329062,-33.312339740268236
1963-03,1973-03,2.3441042557290284,-4.578163508130528,True,41,1.9558253429919152,-16.56406330000695,True,86,2.2519201664464545,-3.9325934013930697,False,,1.5868805008982085,-32.30333091969578
1963-04,1973-04,2.1964569789334933,0.0,True,40,1.919327107275328,-12.617131786151713,True,85,2.209896417575212,0.6118689676428035,False,,1.5911352361777031,-27.559007463451834
1963-05,1973-05,2.0925078106192587,0.0,True,39,1.8655342208737293,-10.846964995478736,True,84,2.147959759410321,2.650023503360388,False,,1.5954876851548068,-23.752366559499883
1963-06,1973-06,2.0464246997239846,0.0,True,38,1.8239545955862084,-10.871160036710958,True,83,2.100085343101236,2.622165544839694,False,,1.6008109910979422,-21.775231147578765
1963-07,1973-07,2.096831170269854,-1.2214936052869607,True,37,1.8412434409661194,-12.189237403927066,True,82,2.11999156821745,1.104542810884257,False,,1.6069255683969657,-23.364093820192466
1963-08,1973-08,2.0018787419328445,0.0,True,36,1.8062327067890482,-9.773121170910537,True,81,2.0796805155879596,3.8864378758523666,False,,1.6137002520173722,-19.390709426320196
1963-09,1973-09,1.984419561110626,0.0,True,35,1.8372001530933062,-7.418764202008021,True,80,2.1153361619808155,6.597223865144675,False,,1.6199521465286302,-18.366449400348237
1963-10,1973-10,2.0581800703470416,0.0,True,34,1.909659337001082,-7.216119497305051,True,79,2.198765031573311,6.830547202925952,False,,1.6247914609316831,-21.0568849470145
1963-11,1973-11,1.9230373324746506,-0.3039082112373803,True,33,1.7737252940734585,-7.764385843152133,True,78,2.042251765359551,6.199278135255448,False,,1.6303239422623652,-15.221409655922214
1963-12,1973-12,1.7502892740790559,0.0,True,32,1.6483126432836601,-5.826272965596068,True,77,1.8978527378834946,8.430804324164164,False,,1.635394073222197,-6.5643549645422405
1964-01,1974-01,1.7226816861618892,0.0,True,31,1.6715441894872995,-2.968482052451793,True,76,1.9246013366687436,11.721239746660839,False,,1.6408865472036953,-4.748128433432896
1964-02,1974-02,1.6555809078865438,0.0,True,30,1.6255321028960754,-1.8150006953648434,True,75,1.8716234232439404,13.049348076451839,False,,1.645554423463373,-0.6056173017826239
1964-03,1974-03,1.696188108894809,0.0,True,29,1.6950024003268336,-0.06990430847602092,True,74,1.951610915130126,15.058636768874866,False,,1.651296814991913,-2.64659878627177
1964-04,1974-04,1.5876099680939524,0.0,True,28,1.6088094886027082,1.3353103680879164,True,73,1.8523691516404595,16.676588637470637,False,,1.6576251768842183,4.41010135973916
1964-05,1974-05,1.5260334222475591,0.0,True,27,1.5608534968015455,2.2817373490223503,True,72,1.7971530427859856,17.76629637240308,False,,1.663836335192947,9.03013727854205
1964-06,1974-06,1.5384074631916036,-0.3489428477039813,True,26,1.5635556732430569,1.6346911109804685,True,71,1.8002643050690628,17.021293002193772,False,,1.6696458268727656,8.53079348749992
1964-07,1974-07,1.3118976114725267,0.0,True,25,1.3822612680414497,5.3635021478500855,True,70,1.5915235151001188,21.314613364813482,False,,1.6750490082089362,27.681382568323578
1964-08,1974-08,1.278189884220439,-1.2236641832892747,True,24,1.3264578560874796,3.776275533308482,True,69,1.5272719554268868,19.48709454529609,True,120,1.6822404833192413,31.611156064283065
1964-09,1974-09,1.1280451455646658,0.0,True,23,1.1902295494789084,5.512581137266004,True,68,1.3704198765886995,21.486261607261127,True,119,1.5094730099319427,33.813173689635036
1964-10,1974-10,1.1325270807742287,0.0,True,22,1.2149686516722173,7.279434840677634,True,67,1.3989042621339183,23.52060148332933,True,118,1.5408476360005843,36.05393302800457
1964-11,1974-11,1.1639981665033374,0.0,True,21,1.256705284234345,7.964541560189953,True,66,1.4469594552435665,24.309427358485248,True,117,1.5937788713287282,36.92279912402754
1964-12,1974-12,1.1096090325906918,-1.4883739076154923,True,20,1.1764538435736198,6.024176896511024,True,65,1.3545586494876645,22.075308482760782,True,116,1.4920023831390723,34.46198970240686
1965-01,1975-01,1.1723425214041185,0.0,True,19,1.2740723067194468,8.677479785812615,True,64,1.4669556927938496,25.130298185966325,True,115,1.6158040779080962,37.82696169485027
1965-02,1975-02,1.2865102239788657,0.0,True,18,1.4072743789002982,9.386956486668097,True,63,1.6203233918224622,25.947183444154298,True,114,1.7847336200388813,38.7267342904692
1965-03,1975-03,1.3459895426644453,0.0,True,17,1.4725634613750695,9.403781730730664,True,62,1.6954966694367153,25.966555882774944,True,113,1.8675345451898613,38.748072402776245
1965-04,1975-04,1.3450458428287255,0.0,True,16,1.489687445936738,10.753656009509749,True,61,1.7152130752510228,27.52078930215567,True,112,1.889251526195454,40.460010063465624
1965-05,1975-05,1.4108798963152622,0.0,True,15,1.5846567151488642,12.31691083609936,True,60,1.8245598598694872,29.32070721502349,True,111,2.0096934600320218,42.44256121875836
1965-06,1975-06,1.520230773278393,-4.505488351254461,True,14,1.6254862579304172,6.923651757492033,True,59,1.8715706377520946,23.110955958090074,True,110,2.0614743058895275,35.60272177913735
1965-07,1975-07,1.5252039090478546,-4.405671470237338,True,13,1.6273901537616005,6.699841516767302,True,58,1.8737627667335583,22.853262807548134,True,109,2.0638888648056204,35.31888113859167
1965-08,1975-08,1.3890459927420222,-2.378862863715858,True,12,1.508788663275811,8.620497172841102,True,57,1.7372060495642276,25.06468890457154,True,108,1.913476073504667,37.75469520108565
1965-09,1975-09,1.329374695833544,0.0,True,11,1.4911378363764811,12.16836314471208,True,56,1.716883042097595,29.149670704471742,True,107,1.891090940469462,42.25417005426833
1965-10,1975-10,1.3614303102383014,0.0,True,10,1.5601065106200893,14.593196499864325,True,55,1.7962929694404273,31.941602587502892,True,106,1.9785583977738912,45.329392396704414
1965-11,1975-11,1.3744005502617291,0.0,True,9,1.5866355385149864,15.442004022251087,True,54,1.8268382597582995,32.918912133032244,True,105,2.012203043552187,46.40586713742223
1965-12,1975-12,1.3610303628378706,-0.20980285765959117,True,8,1.5623132309299388,14.789006445996943,True,53,1.7988337678738164,32.16705644414033,True,104,1.9813570047733924,45.57772250150871
1966-01,1976-01,1.4619687102754404,0.0,True,7,1.7050568167171323,16.627449324540812,True,52,1.963187482082942,34.28382346931831,True,103,2.1623872860170446,47.90927266901921
1966-02,1976-02,1.5296123953625802,-0.4286326618088254,True,6,1.7695861348417365,15.68853261170604,True,51,2.0374859736801216,33.20276299128413,True,102,2.244224662765965,46.71851964392542
1966-03,1976-03,1.6038058952112586,-4.27262384523559,True,5,1.7771317338411132,10.80715809484063,True,50,2.046173910266841,27.582391134515216,True,101,2.2537941429039052,40.52786248220068
1966-04,1976-04,1.5692664368575382,-1.0920625652679705,True,4,1.7898841957179468,14.058655284962086,True,49,2.060856983157363,31.326136515366798,True,100,2.26996707107704,44.65147649641048
1966-05,1976-05,1.6456648634949693,-6.043458520145739,True,3,1.7763316043764448,7.940057771177833,True,48,2.045252648210538,24.281236938300243,True,99,2.252779402653256,36.89174829126092
1966-06,1976-06,1.6698334488874267,-6.567664852247946,True,2,1.7858005788603868,6.9448321358172915,True,47,2.0561551424809807,23.13534286014882,True,98,2.264788146194787,35.62958316015084
1966-07,1976-07,1.7140329351808983,-6.548665713680812,True,1,1.8262931723946891,6.549479587563645,True,46,2.1027779599520575,22.68013739946784,True,97,2.316141666252272,35.12818912128006
1966-08,1976-08,1.8087868579033846,-11.938483756891271,True,0,1.8087868579033846,0.0,True,45,2.0826213428060614,15.139123977276459,True,96,2.293939806754181,26.82200761968998
1966-09,1976-09,1.914630959061921,-14.77650679018594,True,0,1.914630959061921,0.0,True,44,2.124164218156804,10.943793533848666,True,95,2.339697935462157,22.200987317602916
1966-10,1976-10,1.8657648165744507,-15.258124673400852,True,0,1.8657648165744507,0.0,True,43,2.0493325516990204,9.838739239471806,True,94,2.2572732839112555,20.983805882652206
1966-11,1976-11,1.765199432739226,-10.753805044609809,True,0,1.765199432739226,0.0,True,42,2.0331295499214805,15.178461550176348,True,93,2.239426203406296,26.86533667933304
1966-12,1976-12,1.8191269871766198,-10.11559759622116,True,0,1.8191269871766198,0.0,True,41,2.101730038876114,15.535092035444386,True,92,2.314987415202868,27.25815358255168
1967-01,1977-01,1.7376341412268823,-6.402188127676977,True,35,1.716540920043765,-1.2139046236870232,True,40,2.0824974588581915,19.846716259143783,True,91,2.293803352606904,32.007267708686385
1967-02,1977-02,1.635520228985745,-2.9100495181520913,True,34,1.6697310591697836,2.0917399600281383,True,39,2.0257080079448477,23.857105038748116,True,90,2.231251615823919,36.42458077131898
1967-03,1977-03,1.5927334550169934,-0.3520286539993145,True,33,1.663098914348412,4.417905526487975,True,38,2.017661928427598,26.67919557237346,True,89,2.222389120413177,39.533021888427996
1967-04,1977-04,1.5430513852110284,0.0,True,32,1.6381729577172601,6.164511008375961,True,37,1.9874219028401745,28.798167182771685,True,88,2.1890807138265114,41.86700033499737
1967-05,1977-05,1.5129877772352647,0.0,True,31,1.634483345444242,8.03017513009856,True,36,1.9829456866934974,31.061580042437818,True,87,2.1841503070399058,44.36007612904049
1967-06,1977-06,1.5419671629398284,-0.9918277711776224,True,30,1.6444937799693995,6.649079143429981,True,35,1.995090287627435,29.38604242542413,True,86,2.197527190752222,42.51452583221938
1967-07,1977-07,1.5312834858929185,0.0,True,29,1.6599336562106028,8.40146004987876,True,34,2.0138218556675205,31.512020747303062,True,85,2.2181594049175595,44.85622194404528
1967-08,1977-08,1.4722437091450071,0.0,True,28,1.6198402426132328,10.025278596975017,True,33,1.9651807595197257,33.48202796267932,True,84,2.1645828164114396,47.026120944914915
1967-09,1977-09,1.4313174112338887,0.0,True,27,1.5951066130792753,11.443248056641032,True,32,1.9351740640478263,35.20230026263569,True,83,2.1315314153730744,48.920945042899724
1967-10,1977-10,1.3985668962947277,0.0,True,26,1.5543401663214118,11.138063573460787,True,31,1.8857164479848412,34.83205222293877,True,82,2.0770554566847865,48.51312884550622
1967-11,1977-11,1.4542673854251524,-2.8817339187399704,True,25,1.5636351260350783,7.520469874111391,True,30,1.8969930390394878,30.44320859089509,True,81,2.0894762556908564,43.678960047639514
1967-12,1977-12,1.4093204690068577,0.0,True,24,1.5561575827818817,10.41900100113493,True,29,1.8879213270625381,33.95968969307233,True,80,2.0794840594180113,47.55224983593796
1968-01,1978-01,1.3618199636502284,-0.0166142007694825,True,23,1.4973577494111046,9.95269487734487,True,28,1.816585711263291,33.39396981625284,True,79,2.0009101941849137,46.92912775501286
1968-02,1978-02,1.4085886648272534,-4.272009776925712,True,22,1.4768700669621613,4.847504728662688,True,27,1.7917301740957117,27.200382825418103,True,78,1.973532626811027,40.10709272980393
1968-03,1978-03,1.4347457518725015,-5.763748981779305,True,21,1.4746460199914095,2.7809992165394926,True,26,1.789031973248363,24.69331035923814,True,77,1.9705606461618639,37.3456337884301
1968-04,1978-04,1.3970385278524218,0.0,True,20,1.539185905328743,10.174907466212503,True,25,1.8673313867028174,33.6635568364279,True,76,2.05680490846577,47.22606910688174
1968-05,1978-05,1.4372060385537815,0.0,True,19,1.6165246723745441,12.476891204910734,True,24,1.9611583289932464,36.45631011728163,True,75,2.1601522397555004,50.30219619235656
1968-06,1978-06,1.4055817205224113,0.0,True,18,1.6201928595897421,15.26849246357349,True,23,1.9656085523844087,39.843064525188375,True,74,2.1650540163656355,54.032596237873086
1968-07,1978-07,1.4040477437725334,0.0,True,17,1.612267996258375,14.829998011775224,True,22,1.955994154290741,39.311085607045236,True,73,2.1544640689509373,53.44663872769111
1968-08,1978-08,1.5366837221121619,-1.9328123961448895,True,16,1.7233234043402326,12.145614581739416,True,21,2.0907259293520846,36.05440724512883,True,72,2.3028667457579646,49.85951322453583
1968-09,1978-09,1.4905695314070628,0.0,True,15,1.7229817360402992,15.592174651111023,True,20,2.090311419358134,40.23575387220808,True,71,2.302410176454715,54.46513080683284
1968-10,1978-10,1.4108964900105458,0.0,True,14,1.667957904473516,18.21972173600408,True,19,2.023556826982005,43.42347871082162,True,70,2.2288821598211532,57.976306242316426
1968-11,1978-11,1.3107750920248595,0.0,True,13,1.570323479813619,19.801138224850924,True,18,1.9051073109366001,45.34204399578785,True,69,2.0984138627944757,60.08954362665584
1968-12,1978-12,1.3190306677184298,0.0,True,12,1.5928382604246776,20.7582431104397,True,17,1.9324221118025675,46.50319807538219,True,68,2.1285002293038953,61.368517154012146
1969-01,1979-01,1.4313143054669952,-3.9843505477308305,True,11,1.6513427778969816,15.372477700360697,True,16,2.0033994520716774,39.969218809563124,True,67,2.206679465670251,54.1715510871162
1969-02,1979-02,1.4196128715432048,-4.212623047654129,True,10,1.6258805458712013,14.529853769483726,True,15,1.9725088202950736,38.946952358274785,True,66,2.1726544374850203,53.045557774015805
1969-03,1979-03,1.4812361120050965,-6.045008830075849,True,9,1.6559183663258084,11.793005376047084,True,14,2.0089505293367447,35.626623807955916,True,65,2.2127937970885325,49.38832365443431
1969-04,1979-04,1.4835489585370238,-3.907446048423735,True,8,1.6878740462455328,13.772722937974402,True,13,2.0477189743250617,38.02840563781491,True,64,2.255495980810914,52.03380837765761
1969-05,1979-05,1.4061065223784057,-0.5304520497306231,True,7,1.647913101058371,17.1968890572354,True,12,1.999238588081946,42.18258405488848,True,63,2.2020964090481208,56.60950105851947
1969-06,1979-06,1.5154833721962113,-5.474608436455675,True,6,1.6790624964707552,10.79385807034543,True,11,2.0370288533962184,34.41446410884686,True,62,2.24372115961147,48.053169092836015
1969-07,1979-07,1.6045542703727014,-9.449185512276415,True,5,1.6934224937663753,5.538499073205672,True,10,2.054450318581317,28.038693144614868,True,61,2.2629103380082656,41.0304643346618
1969-08,1979-08,1.689868575261673,-9.705469685399827,True,4,1.7684429044046635,4.649730179805456,True,9,2.1454646443643277,26.96044389322445,True,60,2.363159663513226,39.8428077844631
1969-09,1979-09,1.7052465223274944,-9.137413737094436,True,3,1.78554113476829,4.708680615351812,True,8,2.166208117978879,27.031962218707072,True,59,2.3860079263619403,39.921582898481645
1969-10,1979-10,1.6262381684533194,-7.913756395149307,True,2,1.716041760719973,5.522167294355396,True,7,2.081891881670241,28.018879525517736,True,58,2.2931363289915447,41.0086402763808
1969-11,1979-11,1.605040745737216,-6.99496104718701,True,1,1.7006375032390393,5.956033063691124,True,6,2.063203526102916,28.545242953022964,True,57,2.2725517119622674,41.58841250590526
1969-12,1979-12,1.764491339974253,-11.670507993815281,True,0,1.764491339974253,0.0,True,5,2.140670629384111,21.319418287161863,True,56,2.3578792116272984,33.629401188316635
1970-01,1980-01,1.8338037320487,-12.190527559277765,True,0,1.8338037320487,0.0,True,4,2.1977439005744115,19.846189762037536,True,55,2.420743567232483,32.00668778921407
1970-02,1980-02,1.9776864818016824,-14.996726979944953,True,0,1.9776864818016824,0.0,True,3,2.281305064210793,15.352210029393154,True,54,2.5127834765642123,27.056714989276443
1970-03,1980-03,1.768566223792203,-13.285966217102507,True,0,1.768566223792203,0.0,True,2,2.070035068718929,17.04594608169714,True,53,2.2800764344004296,28.922310271844598
1970-04,1980-04,1.7974635127495415,-15.668333626147069,True,0,1.7974635127495415,0.0,True,1,2.035331810318312,13.233553609380833,True,52,2.2418519217475477,24.723083714686076
1970-05,1980-05,2.1261557999030747,-25.11237889532393,True,0,2.1261557999030747,0.0,True,0,2.1261557999030747,0.0,True,51,2.341891598108495,10.146753978013056
1970-06,1980-06,2.278284459683356,-25.314219052127218,True,0,2.278284459683356,0.0,True,0,2.278284459683356,0.0,True,50,2.4892429848284534,9.25953404319042
1970-07,1980-07,2.3791336190178956,-24.92366992157262,True,0,2.3791336190178956,0.0,True,0,2.3791336190178956,0.0,True,49,2.5994480813658933,9.260281162305773
1970-08,1980-08,2.384929592169289,-22.47907293834327,True,0,2.384929592169289,0.0,True,0,2.384929592169289,0.0,True,48,2.676734286366386,12.23535886154512
1970-09,1980-09,2.3068032054273613,-17.578467618127537,True,0,2.3068032054273613,0.0,True,44,2.302321882411996,-0.1942655101580315,True,47,2.7391272126056836,18.741260899983423
1970-10,1980-10,2.325685739433802,-15.527965845184132,True,0,2.325685739433802,0.0,True,43,2.367558463377088,1.8004463472128363,True,46,2.8167407277027268,21.1144171348135
1970-11,1980-11,2.4280733553883502,-15.354700724121862,True,0,2.4280733553883502,0.0,True,42,2.466262056941636,1.5727985099188935,True,45,2.934170745277587,20.843579077465346
1970-12,1980-12,2.23774520401537,-9.296890684582948,True,30,1.9973952658124092,-10.740719621326011,True,41,2.4259756885824606,8.411613807922969,True,44,2.8862410927330573,28.979880620637143
1971-01,1981-01,2.1496780948923533,-5.569216166076885,True,29,1.9904258038830103,-7.4081924818291345,True,40,2.4175107915775365,12.45920016218034,True,43,2.8761702030302665,33.795390568665255
1971-02,1981-02,2.000700481644266,-1.6501719765847245,True,28,1.923533493029268,-3.8569985524059325,True,39,2.336265420337371,16.772372565098937,True,42,2.7795106486203314,38.926874568251414
1971-03,1981-03,2.0262837581619983,0.0,True,27,1.9977396014932127,-1.4086949349422562,True,38,2.4263939082531683,19.74600785696974,True,41,2.8867386586423396,42.46467934287954
1971-04,1981-04,1.9798159846898296,0.0,True,26,2.0172552708586613,1.8910487872789483,True,37,2.4500970481560924,23.753776467257893,True,40,2.9149388490797774,47.232817171968144
1971-05,1981-05,1.9696688007414054,-1.1081448220064738,True,25,1.9779787950834462,0.42189805407450987,True,36,2.4023930323337086,21.96939056096239,True,39,2.858184244570363,45.10989073363556
1971-06,1981-06,2.0188292692731453,-2.6865860143979847,True,24,1.987287497421278,-1.5623793617388748,True,35,2.413699099765808,19.55934741499119,True,38,2.8716353424413406,42.24260496655259
1971-07,1981-07,1.987386096537701,-3.137381882118284,True,23,1.9387573858138984,-2.4468678133816257,True,34,2.354755898618382,18.48507457713875,True,37,2.8015092112976534,40.96451696921228
1971-08,1981-08,2.034259533629809,-4.607171825003031,True,22,1.9465340767885635,-4.31240239463021,True,33,2.364201231530235,16.219252875354506,True,36,2.812746548964736,38.26881489137437
1971-09,1981-09,1.820166616708897,-2.235594674519137,True,21,1.7781691338223145,-2.3073427729665585,True,32,2.159710280021165,18.65453745801624,True,35,2.5694587905113813,41.166130997243755
1971-10,1981-10,1.8868274249082484,-4.058159076739932,True,20,1.8023628143288208,-4.476541387113597,True,31,2.189095190324455,16.01989463508593,True,34,2.6044187186024943,38.03163364180699
1971-11,1981-11,2.0331988603504145,-8.252827119921369,True,19,1.8508815103828806,-8.96702007476594,True,30,2.248024526487169,10.565895462863374,True,33,2.674528354243438,31.542880846514578
1971-12,1981-12,1.9197188265819989,-1.68097521470989,True,18,1.8666303817272307,-2.765428151230387,True,29,2.2671526277988856,18.09816085595628,True,32,2.697285512236269,40.50419649416597
1972-01,1982-01,1.7501317228824975,0.0,True,17,1.7720772648499135,1.2539365854857598,True,28,2.152311280795509,22.979959317040134,True,31,2.560656024799139,46.31218846668832
1972-02,1982-02,1.6815793739247669,0.0,True,16,1.7336427199054922,3.096098036645789,True,27,2.1056298486158997,25.21739272416317,True,30,2.50511801241982,48.97411631381592
1972-03,1982-03,1.5937152668735044,0.0,True,15,1.6809622907549797,5.474442373425559,True,26,2.041645797701843,28.106057596290302,True,29,2.4289946621748784,52.410829755053825
1972-04,1982-04,1.6600185760885655,0.0,True,14,1.767563387362351,6.478530591337672,True,25,2.1468288621508376,29.325592681578506,True,28,2.5541334606801787,53.861739710068775
1972-05,1982-05,1.682565344459162,-0.7758884803921617,True,13,1.7723104630317472,5.33382663966806,True,24,2.152594516231895,27.935269992370948,True,27,2.560992996747894,52.20763967244857
1972-06,1982-06,1.5857359910480149,-0.2637987064554759,True,12,1.6735790755362863,5.539578150724567,True,23,2.03267836850508,28.185169535168363,True,26,2.4183258979470743,52.504951114138464
1972-07,1982-07,1.597664672263551,-0.7660712935670055,True,11,1.6722294369280633,4.667109810901038,True,22,2.031039138399772,27.12549596043965,True,25,2.41637566682454,51.24423220806713
1972-08,1982-08,1.5516523244953853,0.0,True,10,1.679996665610552,8.271462562137156,True,21,2.040472978698634,31.503233455485514,True,24,2.4275993314560536,56.452530836476924
1972-09,1982-09,1.7606695103574383,-1.2102102102102053,True,9,1.87609797245849,6.555941442844571,True,20,2.2786516762529456,29.41961355316196,True,23,2.710966204228211,53.97359858170376
1972-10,1982-10,1.9090467744683355,-0.7960779632237402,True,8,2.034862055497086,6.590476603895135,True,19,2.471481714585424,29.46155891197193,True,22,2.9403806963716566,54.02350197472479
1972-11,1982-11,1.8953414702542128,0.0,True,7,2.1181796376973123,11.757151465335225,True,18,2.5726767220578246,35.73684544098348,True,21,3.0607748084482425,61.48935991136815
1972-12,1982-12,1.8776075063074635,0.0,True,6,2.1380700762903753,13.872045627637174,True,17,2.5968350452940543,38.30553172430784,True,20,3.0895165413452768,64.54538719975483
1973-01,1983-01,1.9322070487970717,0.0,True,5,2.212287820583079,14.49538091481326,True,16,2.686977665734428,39.062615852025374,True,19,3.1967613651685816,65.44610822938357
1973-02,1983-02,2.041242452018441,-3.3246530123873907,True,4,2.2491908313374203,10.187343454147445,True,15,2.7317989429537453,33.830204258806276,True,18,3.2500863068602945,59.22098345772269
1973-03,1983-03,2.1490664637448313,-4.6248038041136645,True,3,2.324672226707518,8.171257889190041,True,14,2.823476355653358,31.381527899948768,True,17,3.3591571096116946,56.307734836559376
1973-04,1983-04,2.27643590164353,-6.181391636019651,True,2,2.4100350807464386,5.868787212785276,True,13,2.9271554882471786,28.58501687369477,True,16,3.4825066445470836,52.98065902197382
1973-05,1983-05,2.439824627684274,-8.591122875374024,True,1,2.5037698695549935,2.6208950079912974,True,12,3.0410029188064356,24.64022554329086,True,15,3.617953645903556,48.28744676364247
1973-06,1983-06,2.5329877749865015,-10.408783849291892,True,0,2.5329877749865015,0.0,True,11,3.076490100267893,21.45696598493405,True,14,3.660173591421304,44.50024700339539
1973-07,1983-07,2.5204135622880575,-9.323325996725895,True,1,2.5800993202858735,2.368093827571416,True,10,3.0784756460209164,22.141687066079907,True,13,3.662535842523345,45.31487599195654
1973-08,1983-08,2.5006307589480157,-10.805083268499294,True,0,2.5006307589480157,0.0,True,9,2.9836568036688287,19.316168250446374,True,12,3.549727606047618,41.95328891903036
1973-09,1983-09,2.532949594256495,-9.024192469597214,True,2,2.640391839699591,4.241783795726639,True,8,3.062169999176389,20.89344399588171,True,11,3.643136625875066,43.82981146312341
1973-10,1983-10,2.4457432468496783,-5.1684414650053245,True,1,2.642145212866423,8.030359125788312,True,7,3.0642034574790955,25.287209171528758,True,10,3.645555879679321,49.057178605117336
1973-11,1983-11,2.5956688508757106,-11.66448023570863,True,0,2.5956688508757106,0.0,True,6,3.0103029268006587,15.974074496639323,True,9,3.581429133769872,37.97712033110818
1973-12,1983-12,2.781594416996214,-17.67331632686462,True,0,2.781594416996214,0.0,True,5,2.988542518203054,7.439909281609758,True,8,3.5555402570656858,27.823820587950408
1974-01,1984-01,2.778182889270353,-16.27196179011997,True,0,2.778182889270353,0.0,True,4,3.016814470450647,8.589484230930777,True,7,3.5891760724338395,29.191497301910218
1974-02,1984-02,2.702993326421326,-18.340987809768972,True,0,2.702993326421326,0.0,True,3,2.846274202937275,5.300822429541396,True,6,3.3862802518453012,25.278897981173508
1974-03,1984-03,2.5961810554774365,-14.603926542065537,True,0,2.5961810554774365,0.0,True,2,2.840721206857485,9.419225630050597,True,5,3.3796737200697744,30.17866041889956
1974-04,1984-04,2.7414051600699687,-18.715686715575497,True,0,2.7414051600699687,0.0,True,1,2.8362203782816056,3.4586357242144095,True,4,3.3743189770489814,23.08720455472035
1974-05,1984-05,2.810537249196899,-20.913510457853903,True,0,2.810537249196899,0.0,True,0,2.810537249196899,0.0,True,3,3.343763146294733,18.972383207167987
1974-06,1984-06,2.7460479276807486,-20.550431707678985,True,0,2.7460479276807486,0.0,True,0,2.7460479276807486,0.0,True,2,3.2613073565394446,18.76367209999399
1974-07,1984-07,3.069322207706805,-29.563240049708906,True,0,3.069322207706805,0.0,True,0,3.069322207706805,0.0,True,1,3.212178910789706,4.654340385776368
1974-08,1984-08,3.482955918083683,-32.21279664851993,True,0,3.482955918083683,0.0,True,0,3.482955918083683,0.0,True,0,3.482955918083683,0.0
1974-09,1984-09,3.9248950794501316,-38.99850106573536,True,0,3.9248950794501316,0.0,True,0,3.9248950794501316,0.0,True,0,3.9248950794501316,0.0
1974-10,1984-10,3.8180393975011335,-37.54828788888543,True,0,3.8180393975011335,0.0,True,0,3.8180393975011335,0.0,True,0,3.8180393975011335,0.0
1974-11,1984-11,3.727674027063755,-35.21019570658724,True,0,3.727674027063755,0.0,True,0,3.727674027063755,0.0,True,0,3.727674027063755,0.0
1974-12,1984-12,3.9414852828454294,-39.15682861378287,True,0,3.9414852828454294,0.0,True,0,3.9414852828454294,0.0,True,0,3.9414852828454294,0.0
1975-01,1985-01,3.798683940267741,-33.902612845303636,True,0,3.798683940267741,0.0,True,0,3.798683940267741,0.0,True,0,3.798683940267741,0.0
1975-02,1985-02,3.6265677958096774,-26.75734576912262,True,0,3.6265677958096774,0.0,True,0,3.6265677958096774,0.0,False,,2.3115961194877106,-36.25939870313062
1975-03,1985-03,3.4382060577660964,-23.11273886955657,True,0,3.4382060577660964,0.0,True,0,3.4382060577660964,0.0,False,,2.3170576055187735,-32.608529954594005
1975-04,1985-04,3.422540791009383,-21.968383155095083,True,0,3.422540791009383,0.0,True,0,3.422540791009383,0.0,False,,2.321293016265856,-32.17632285454061
1975-05,1985-05,3.294987394181668,-16.729381816814957,True,0,3.294987394181668,0.0,True,4,3.5265413049009275,7.027459684007908,False,,2.325389133864106,-29.42646342227868
1975-06,1985-06,3.2827007362846468,-14.317984244381044,True,0,3.2827007362846468,0.0,True,3,3.599495378268908,9.650427115778104,False,,2.3283303271165914,-29.072720477353343
1975-07,1985-07,3.342080794983334,-13.94783917270952,True,0,3.342080794983334,0.0,True,2,3.6622349015321625,9.579484344884758,False,,2.33006003801607,-30.2811577292317
1975-08,1985-08,3.5272312481091226,-19.968265064012268,True,0,3.5272312481091226,0.0,True,1,3.576060835405224,1.3843602491976803,False,,2.3313331701945015,-33.90472565573119
1975-09,1985-09,3.4905585176057286,-20.650680880319783,True,0,3.4905585176057286,0.0,True,0,3.4905585176057286,0.0,False,,2.332570940833929,-33.17485069885308
1975-10,1985-10,3.3750445972904606,-16.706800112295063,True,0,3.3750445972904606,0.0,False,,2.3347609656505797,-30.82281142225608,False,,2.3347609656505797,-30.82281142225608
1975-11,1985-11,3.519936656832118,-15.006986870824724,True,0,3.519936656832118,0.0,False,,2.3379828126067936,-33.57883846947014,False,,2.3379828126067936,-33.57883846947014
1975-12,1985-12,3.750608230057712,-16.010383162161336,True,0,3.750608230057712,0.0,False,,2.341028245309312,-37.582703878584255,False,,2.341028245309312,-37.582703878584255
1976-01,1986-01,3.4495799472026296,-7.993073169537812,True,25,3.8265142452310896,10.926962233014127,False,,2.3450819909664053,-32.01833188797075,False,,2.3450819909664053,-32.01833188797075
1976-02,1986-02,3.499924516959068,-4.148632694376763,True,24,4.028554056518157,15.104026872510733,False,,2.3491058058078784,-32.88124374039603,False,,2.3491058058078784,-32.88124374039603
1976-03,1986-03,3.686776851896505,-3.379249204324175,True,23,4.260334412133444,15.557154210239133,False,,2.351994603563525,-36.20458470781486,False,,2.351994603563525,-36.20458470781486
1976-04,1986-04,3.746766390403266,-2.318959111849228,True,22,4.3598930607643895,16.364155286850757,False,,2.3542259097174743,-37.16646130520863,False,,2.3542259097174743,-37.16646130520863
1976-05,1986-05,3.7796433264311005,-2.6914803159749368,True,21,4.362907264846921,15.43171902854028,False,,2.355990256095764,-37.66633376169942,False,,2.355990256095764,-37.66633376169942
1976-06,1986-06,3.8632379956233804,-1.8132677206711634,True,20,4.47993538460443,15.9632254000323,False,,2.357475146528447,-38.97670427762399,False,,2.357475146528447,-38.97670427762399
1976-07,1986-07,3.6950289367000186,0.0,True,19,4.380538237110343,18.55220384343035,False,,2.358592383367734,-36.16850033455593,False,,2.358592383367734,-36.16850033455593
1976-08,1986-08,3.8005783439241108,-0.558221369161882,True,18,4.4618422026544,17.399032433772476,False,,2.3593202152061457,-37.92207391335764,False,,2.3593202152061457,-37.92207391335764
1976-09,1986-09,3.6189693648836005,0.0,True,17,4.334379577637232,19.76834122155222,False,,2.359563313996864,-34.80013020025229,False,,2.359563313996864,-34.80013020025229
1976-10,1986-10,3.731525310302732,-3.102948657187987,True,16,4.313211927693227,15.588440892641398,False,,2.3600500267093163,-36.75374463645673,False,,2.3600500267093163,-36.75374463645673
1976-11,1986-11,3.8773848925676115,-3.4529341820115467,True,15,4.44838466863586,14.726414629684381,False,,2.3611735955736326,-39.10396669415868,False,,2.3611735955736326,-39.10396669415868
1976-12,1986-12,3.799588776294212,0.0,True,14,4.508404180775548,18.655055749813343,False,,2.3633871779569464,-37.79886937496462,False,,2.3633871779569464,-37.79886937496462
1977-01,1987-01,4.074915991279827,-0.5335347023241122,True,13,4.791230146327358,17.578623868085064,False,,2.364906632388007,-41.964284970565735,False,,2.364906632388007,-41.964284970565735
1977-02,1987-02,4.443336348837393,-2.8857752645753076,True,12,5.081499334387149,14.362247992248722,False,,2.3666318943779103,-46.73750289020673,False,,2.3666318943779103,-46.73750289020673
1977-03,1987-03,4.640156683943939,-2.9346528859355625,True,11,5.284075974050268,13.877102304205469,False,,2.368490453121893,-48.95667076679887,False,,2.368490453121893,-48.95667076679887
1977-04,1987-04,4.655854260086037,-4.088737510432516,True,10,5.219564949373432,12.107567329158165,False,,2.3705573322372406,-49.084374213349314,False,,2.3705573322372406,-49.084374213349314
1977-05,1987-05,4.6607530340196925,-4.022300845662585,True,9,5.2076256966954,11.733568774916492,False,,2.3718708003436655,-49.109708602216315,False,,2.3718708003436655,-49.109708602216315
1977-06,1987-06,4.8268338676537565,-3.1541348076795095,True,8,5.419810509075522,12.285002087921493,False,,2.373090694773472,-50.835459436954025,False,,2.373090694773472,-50.835459436954025
1977-07,1987-07,4.914378200761159,-1.9083525732591422,True,7,5.56557536187815,13.250855642655468,False,,2.3740286547869633,-51.692186522818616,False,,2.3740286547869633,-51.692186522818616
1977-08,1987-08,5.342456411822972,-3.9434989123403597,True,6,5.898518417185682,10.408358299978504,False,,2.3750576669531953,-55.543714653485225,False,,2.3750576669531953,-55.543714653485225
1977-09,1987-09,5.242023038274014,-5.06866201970988,True,5,5.692982167811266,8.602768935669047,False,,2.3761584730318046,-54.67096470804185,False,,2.3761584730318046,-54.67096470804185
1977-10,1987-10,4.724309999667549,-7.150460487804033,True,4,4.993281249790968,5.69334463958433,False,,2.376102508772852,-49.704771512875766,False,,2.376102508772852,-49.704771512875766
1977-11,1987-11,4.1026691625509075,-6.234797855206042,True,3,4.35745719646721,6.210299291056742,True,120,2.375335989972326,-42.10266790083024,False,,2.375335989972326,-42.10266790083024
1977-12,1987-12,4.051024429417792,-6.305244416709965,True,2,4.278311176380214,5.610599267481775,True,119,2.3321919310638095,-42.429576229462796,False,,2.3747754118762057,-41.37839814958841
1978-01,1988-01,4.3711475587706135,-9.478225503591542,True,1,4.436924224705913,1.5047917063179428,True,118,2.4186550367651596,-44.66773303243492,False,,2.373600898409505,-45.698449514774985
1978-02,1988-02,4.5608605726934375,-10.35446708644604,True,0,4.5608605726934375,0.0,True,117,2.4862151881486736,-45.488024715466636,False,,2.3721279429461073,-47.989465910262716
1978-03,1988-03,4.695673663499071,-10.11267198755581,True,0,4.695673663499071,0.0,True,116,2.5535945526451234,-45.618142664065296,False,,2.371027863893066,-49.506119168293104
1978-04,1988-04,4.439620202445743,-5.768027562127143,True,41,4.179806241457037,-5.852166382285984,True,115,2.518210123797884,-43.27870383122803,False,,2.3703203103984123,-46.6098404297596
1978-05,1988-05,4.115912314852218,-0.5780923306376695,True,40,4.067351619396171,-1.1798282310538033,True,114,2.450459526908295,-40.46375774173219,False,,2.370041688426611,-42.41758552838103
1978-06,1988-06,4.333592826849658,0.0,True,39,4.288105291651869,-1.0496494944324808,True,113,2.5834571110609215,-40.38532888797061,False,,2.369541474168069,-45.32154798930136
1978-07,1988-07,4.322951972599614,-0.059161888183478784,True,38,4.250976502026313,-1.6649611429760736,True,112,2.5610881091220072,-40.756036029197595,False,,2.369024179348548,-45.19892438397988
1978-08,1988-08,3.9585524710418762,0.0,True,37,4.154275921026638,4.944318697719541,True,111,2.5028288578592917,-36.774139633911275,False,,2.3689873030721564,-40.155212785428915
1978-09,1988-09,4.018755625968121,0.0,True,36,4.207853494512053,4.705383609842606,True,110,2.5351077674942184,-36.91809098535299,False,,2.3678678145965035,-41.0795769890566
1978-10,1988-10,4.2905878804192366,-2.772163137632333,True,35,4.340047430894115,1.1527453079470673,True,109,2.614750719744073,-39.05845090187072,False,,2.3666952002852804,-44.839838589810476
1978-11,1988-11,4.4457039252207045,-8.057732359451775,True,34,4.223219469693309,-5.004482063351756,True,108,2.5443653148608094,-42.76799900176672,False,,2.3650916900968686,-46.80051281238988
1978-12,1988-12,4.46337086592853,-6.288491700863474,True,33,4.290405877562781,-3.8752098707747873,True,107,2.5848431462972146,-42.08764577398654,False,,2.3632589829134227,-47.0521483896054
1979-01,1989-01,4.434475921292661,-2.362855255424301,True,32,4.408237141607382,-0.5916996766019311,True,106,2.655833011586657,-40.10942761388419,False,,2.361305052990141,-46.751203639373585
1979-02,1989-02,4.629680889583945,-3.3912987043208,True,31,4.520119436575099,-2.3665011827346816,True,105,2.723238798263322,-41.1786932358517,False,,2.359878325461744,-49.02719254860308
1979-03,1989-03,4.516442109158478,-1.1259821820324922,True,30,4.479023492684459,-0.8284976441553682,True,104,2.6984797027516696,-40.25209141329034,False,,2.358689493508955,-47.77549592131414
1979-04,1989-04,4.566361606107329,0.0,True,29,4.603979456623003,0.8238035828209922,True,103,2.7737619898342576,-39.25662860066842,False,,2.357230018838612,-48.378375998827835
1979-05,1989-05,4.845966118476119,-1.8892156382631309,True,28,4.757067897784396,-1.8344787916032335,True,102,2.865993265663607,-40.8581654185222,False,,2.355104793731263,-51.40071688177923
1979-06,1989-06,4.8921338847810985,0.0,True,27,4.883259610328023,-0.1813988468443717,True,101,2.9420200548757243,-39.862233451377286,False,,2.353460908518822,-51.892957879992096
1979-07,1989-07,4.958506353607361,0.0,True,26,4.983230663160826,0.49862413780064063,True,100,3.002249669070125,-39.452539636538745,False,,2.3510052169548206,-52.58642322310545
1979-08,1989-08,4.943157495035233,0.0,True,25,5.17774962401615,4.745795156568144,True,99,3.119441612476038,-36.89374421897104,False,,2.3480874119530823,-52.49822781670552
1979-09,1989-09,4.890344871171404,0.0,True,24,5.159399368075728,5.5017489357529925,True,98,3.1083861238686645,-36.43830433733603,False,,2.3435858536723306,-52.07728871050025
1979-10,1989-10,5.0743590598999555,-3.348935696746469,True,23,5.126760898254845,1.0326789597723485,True,97,3.08872240732769,-39.1307873395032,False,,2.336366179255381,-53.95741311019003
1979-11,1989-11,4.99841773089681,-3.6569758954457354,True,22,4.987403101557657,-0.22036232128154198,True,96,3.0047634402845933,-39.885707796865496,False,,2.3291025592346033,-53.40320308089339
1979-12,1989-12,4.918578631753687,0.0,True,21,5.075745512643054,3.19537192868522,True,95,3.057987140404817,-37.82782853845499,False,,2.321321529012385,-52.80503367321927
1980-01,1990-01,4.655519581748804,0.0,True,20,4.9169504598530045,5.615503780267561,True,94,2.9623177991854206,-36.36977039472246,False,,2.31365325114614,-50.30300677465871
1980-02,1990-02,4.34672963149507,0.0,True,19,4.744722733439133,9.156150386265715,True,93,2.8585556678329116,-34.23663512170866,False,,2.3047191756830556,-46.978087641251776
1980-03,1990-03,4.89390294550304,-8.774212200057818,True,18,4.8161515659061465,-1.5887397127141378,True,92,2.9015894351079194,-40.71011486294059,False,,2.292180229716632,-53.162531925098875
1980-04,1990-04,4.9611011207447575,-9.830913087006676,True,17,4.776125388911503,-3.728521699744869,True,91,2.8774748426358814,-41.99927047236004,False,,2.282809740897367,-53.985825216264224
1980-05,1990-05,4.905080156483688,-5.28646916559099,True,16,4.926278399476522,0.43216914538721785,True,90,2.9679376080084054,-39.49257681171034,False,,2.2813328013048473,-53.4904073221044
1980-06,1990-06,4.735537624546923,0.0,True,15,5.053712960063738,6.718885177208489,True,89,3.0447131765526074,-35.705015608572786,False,,2.282501384473705,-51.800586006492026
1980-07,1990-07,4.518938790120115,0.0,True,14,5.029772240126845,11.304279029483212,True,88,3.03028959808188,-32.94245089782829,False,,2.28172544227135,-49.50749394393321
1980-08,1990-08,4.0226514868123635,0.0,True,13,4.600816445089029,14.372733013836502,True,87,2.7718563685670454,-31.09379776860748,False,,2.278777417903466,-43.351358541149224
1980-09,1990-09,3.741851946668032,0.0,True,12,4.365436698753729,16.665136968900505,True,86,2.630047005664162,-29.712691919675972,False,,2.273704394039102,-39.235853624199535
1980-10,1990-10,3.5376076905481515,0.0,True,11,4.225567217682954,19.447027124372962,True,85,2.545779763860146,-28.036685055213738,False,,2.2660088522823973,-35.94516264941521
1980-11,1990-11,3.4824740396201936,0.0,True,10,4.305341895151023,23.62882956682637,True,84,2.5938416568805223,-25.51727227912337,False,,2.2546248295241895,-35.25795730640726
1980-12,1990-12,3.6881129334464355,-1.2429378531073398,True,9,4.449181255943098,20.63571089688585,True,83,2.680500634264352,-27.320538100781498,False,,2.2398702090388527,-39.26785189449829
1981-01,1991-01,3.6624014332935553,-1.2306086318655374,True,8,4.367486807552369,19.251995913095165,True,82,2.6312821358193386,-28.154185614408277,False,,2.2250627575344826,-39.245798199311274
1981-02,1991-02,4.2168534252670895,-4.260526803158671,True,7,4.818710254378374,14.272652340842583,True,81,2.9031309695337284,-31.154093425719488,False,,2.2102357068458214,-47.585664381829254
1981-03,1991-03,4.172259757868792,-0.2912656739957553,True,6,4.913800238239346,17.773113933570993,True,80,2.9604198834684077,-29.045168439354253,False,,2.197750318448359,-47.32470061808953
1981-04,1991-04,4.211932281111008,0.0,True,5,4.971376890241879,18.03078868425081,True,79,2.9951081200974405,-28.8899269931424,False,,2.1843586894055127,-48.13879845121036
1981-05,1991-05,4.27342292340317,-1.6149968998015796,True,4,4.900440402593289,14.672488317416278,True,78,2.9523709760711014,-30.913204028962326,False,,2.1666210532985835,-49.30010223342979
1981-06,1991-06,4.251700836790774,-0.7689755177896052,True,3,4.86146791464674,14.34172114320782,True,77,2.9288912002089593,-31.11248150705459,False,,2.151649793879648,-49.39319871094847
1981-07,1991-07,4.372976138166216,-2.767013697044307,True,2,4.842900734750709,10.746104751935693,True,76,2.91770502130889,-33.2787344562915,False,,2.136457754942263,-51.14407928513931
1981-08,1991-08,4.4542936558626005,-1.983936054895774,True,1,4.913292736422736,10.304643474864218,True,75,2.960114128574855,-33.54470187032131,False,,2.120095144727287,-52.40333690310506
1981-09,1991-09,4.842779654921018,-10.119168522767463,True,0,4.842779654921018,0.0,True,74,2.917632074278501,-39.75294599014572,False,,2.104908675457576,-56.53511360322452
1981-10,1991-10,4.769052038220775,-8.564382725421705,True,4,5.084877628777668,6.622397659445967,True,73,2.892147615857989,-39.35592246259104,False,,2.0912205849122016,-56.15018313592592
1981-11,1991-11,4.628772591326485,-5.7789972488918595,True,3,5.042145460133147,8.930507184156134,True,72,2.867842657373587,-38.04312912785075,False,,2.0810494669152533,-55.04100869386459
1981-12,1991-12,4.617459714743573,-4.665441459664976,True,2,5.04576829985286,9.275848877288428,True,71,2.869903235429332,-37.84670765473675,False,,2.0701328880392733,-55.16727776900081
1982-01,1992-01,5.207313632544624,-9.24350244934422,True,1,5.365045692484634,3.0290485857087157,True,70,3.0515000047736742,-41.39972699738238,False,,2.0566298623107597,-60.50497420671472
1982-02,1992-02,5.276950287731332,-10.97855313781263,True,0,5.276950287731332,0.0,True,69,3.0013936043003633,-43.12257192798526,False,,2.0414711655420072,-61.31342813123833
1982-03,1992-03,5.370858409377851,-13.41983997752676,True,0,5.370858409377851,0.0,True,68,2.941621688788866,-45.229952745493854,False,,2.027944392854352,-62.24170815388774
1982-04,1992-04,5.105692230544538,-8.682545571964983,True,2,5.46345668232641,7.007168384368434,True,67,2.920156768459556,-42.80585987949156,False,,2.014008927809892,-60.55365586352447
1982-05,1992-05,5.181667218333048,-8.160395037187296,True,1,5.523673855843403,6.600320381446245,True,66,2.9523421772671306,-43.023315607348,False,,2.000881077747551,-61.38538054569938
1982-06,1992-06,5.397143435222442,-12.998937798651633,True,0,5.397143435222442,0.0,True,65,2.8847130761913276,-46.551113365538434,False,,1.9873261761957401,-63.178184903773406
1982-07,1992-07,5.486934402376252,-12.785907463020008,True,0,5.486934402376252,0.0,True,64,2.9136654942775277,-46.89811686074299,False,,1.974793925440413,-64.00915737966213
1982-08,1992-08,5.494947278786774,-12.092561406379298,True,0,5.494947278786774,0.0,True,63,2.920787377444878,-46.84594356854763,False,,1.9661865985380889,-64.21828092639676
1982-09,1992-09,4.920511633749373,-1.458058522731398,True,61,2.5431436659284135,-48.31546279689278,True,62,2.9132896767819267,-40.792952163756325,False,,1.9584133837525617,-60.19898885473678
1982-10,1992-10,4.46569858986755,0.0,True,60,2.497569278911361,-44.07214842985099,True,61,2.8610820909497776,-35.9320376560695,False,,1.9509085389924155,-56.31347481849915
1982-11,1992-11,4.39119215721821,0.0,True,59,2.5498785612150114,-41.93197496439459,True,60,2.9210048134356357,-33.48036913770424,False,,1.943316620852455,-55.74512452938218
1982-12,1992-12,4.474177192473935,0.0,True,58,2.616580344884335,-41.51817792809558,True,59,2.997414817475201,-33.00634533390436,False,,1.936089153289774,-56.7274815010346
1983-01,1993-01,4.311304883661997,0.0,True,57,2.6038608630421503,-39.60388018695522,True,58,2.9828440578121502,-30.813427992164165,False,,1.928664792687546,-55.264940784022
1983-02,1993-02,4.2941704813911885,0.0,True,56,2.6316179126696646,-38.716501264358385,True,57,3.014641052697313,-29.796894050637334,False,,1.9207894487577284,-55.26983716455879
1983-03,1993-03,4.223242445874256,0.0,True,55,2.6703126672146125,-36.77103075568683,True,56,3.058967698679483,-27.56826684985061,False,,1.9126237647463225,-54.71195913427156
1983-04,1993-04,3.9987237782796976,0.0,True,54,2.6172247122382273,-34.54849953741513,True,55,2.998152970331171,-25.022253684623973,False,,1.9045746208719916,-52.37043800781448
1983-05,1993-05,3.8570565575794142,0.0,True,53,2.618962376443748,-32.09945622142138,True,54,3.000143545720001,-22.216760347356402,False,,1.8967267854909948,-50.824501606962954
1983-06,1993-06,3.8233743006773837,0.0,True,52,2.6231463929189434,-31.39184953839851,True,53,3.004936531727035,-21.406163890502338,False,,1.8882089519111682,-50.61407010094104
1983-07,1993-07,3.7987683206691245,0.0,True,51,2.605805258017584,-31.403943645644837,True,52,2.9850714529394513,-21.420018254399544,False,,1.8792668185558816,-50.52957538024159
1983-08,1993-08,3.961030130433235,-2.406187624750511,True,50,2.632073355224529,-33.55078682684376,True,51,3.015162783384899,-23.879327243210913,False,,1.8699657493976585,-52.790923375452024
1983-09,1993-09,3.885889168518817,0.0,True,49,2.6486475471292654,-31.839344040302375,True,50,3.0341492932010645,-21.918789712739283,False,,1.8610882751774722,-52.10650138313485
1983-10,1993-10,3.9087779395527718,0.0,True,48,2.6630964643749038,-31.868821776056034,True,49,3.0507012017764024,-21.9525578338315,False,,1.852868602616183,-52.597240588495
1983-11,1993-11,3.95416166011439,-1.1399324190021876,True,47,2.6447347609705374,-33.11515845070361,True,48,3.0296670141712188,-23.380294621450215,False,,1.844634857031534,-53.34953359043568
1983-12,1993-12,3.994313790271577,-1.265103307636295,True,46,2.649114809661312,-33.67784934389954,True,47,3.0346845642237747,-24.024883282456287,False,,1.8360410251967663,-54.033630766101325
1984-01,1994-01,4.000574030957828,0.0,True,45,2.6760398484041805,-33.10860322303607,True,46,3.0655284518371455,-23.372785302433485,False,,1.8275087499237819,-54.31883685236454
1984-02,1994-02,4.212882990438588,-5.110677083333304,True,44,2.6547172043829077,-36.98573612398063,True,45,3.0411023686625662,-27.814221862687706,False,,1.8191488024693654,-56.8193845735084
1984-03,1994-03,4.1345759830543,-4.6894159442987355,True,43,2.5971827420360167,-37.183818783820676,True,44,2.975193958744559,-28.041134787739008,False,,1.8105984090642262,-56.20836534423299
1984-04,1994-04,3.9759921730154724,-4.203813867392392,True,42,2.491018120964175,-37.34851547569982,True,43,2.853577433987531,-28.229802529432035,False,,1.8021162263671084,-54.67505598733744
1984-05,1994-05,4.028181746086672,-4.443574316687549,True,41,2.497805888757725,-37.99172812437492,True,42,2.8613531385638282,-28.966632616723487,False,,1.7941448916882135,-55.460180181015836
1984-06,1994-06,4.14944873760341,-6.207544307616752,True,40,2.5057714016961845,-39.61194461837264,True,41,2.870478005131449,-30.82266617446283,False,,1.786154616135061,-56.9544118005736
1984-07,1994-07,4.1657316772717685,-7.05840861608319,True,39,2.4728381076544026,-40.6385648613374,True,40,2.832751380859391,-31.998707542425684,False,,1.7781332402819179,-57.315223878114566
1984-08,1994-08,3.932085459721375,0.0,True,38,2.528002427644841,-35.70835492919389,True,39,2.895944682169079,-26.350922129391265,False,,1.7698917363226148,-54.98847228900188
1984-09,1994-09,3.9091956312216163,0.0,True,37,2.527806850981039,-35.33690586390264,True,38,2.895720639979363,-25.925409901410944,False,,1.762018001203305,-54.926328395269444
1984-10,1994-10,3.907921956227365,-0.4098936383704399,True,36,2.4972085526564247,-36.098812089195775,True,37,2.8606688622011505,-26.798209016364616,False,,1.7554769505569348,-55.079017180485366
1984-11,1994-11,3.8439984962193963,0.0,True,35,2.470943590460585,-35.71944440428949,True,36,2.830581123057136,-26.363625640305642,False,,1.7509412497224406,-54.4500016988949
1984-12,1994-12,3.8316362906713715,-0.7050511124473968,True,34,2.4298845675225427,-36.58363207806492,True,35,2.7835460973656234,-27.353592924711123,False,,1.747584377928555,-54.39065074669844
1985-01,1995-01,3.7493526809680344,0.0,True,33,2.473993536538508,-34.01544887743783,True,34,2.834074978533174,-24.411619293134823,False,,1.744789455564064,-53.46424825755304
1985-02,1995-02,3.6795194683481474,0.0,True,32,2.551526691552035,-30.65598066539118,True,33,2.922892823602411,-20.563191776925414,False,,1.7413960643708954,-52.673274884107
1985-03,1995-03,3.7917021877407717,-0.4763220932375356,True,31,2.5990252463152146,-31.4549213617485,True,32,2.977304633327331,-21.47841560570154,False,,1.7376204902378638,-54.17307572688881
1985-04,1995-04,3.873928744438766,0.0,True,30,2.665583552730463,-31.191724768891216,True,31,3.053550277480841,-21.176911633587036,False,,1.73450477759898,-55.226208533418294
1985-05,1995-05,3.8970031811105295,0.0,True,29,2.73833830489327,-29.732202473775626,True,30,3.136894239228812,-19.504960775143864,False,,1.7320516472126397,-55.55426652951675
1985-06,1995-06,3.922363049404637,0.0,True,28,2.809621511271721,-28.36916226563514,True,29,3.2185524766506624,-17.943534647074642,False,,1.7300414864558913,-55.89287721037224
1985-07,1995-07,3.9722333189942356,0.0,True,27,2.892789554878578,-27.174732132526692,True,28,3.3138253494042176,-16.575259223612925,False,,1.7277904601878635,-56.50329873811799
1985-08,1995-08,4.067659616988393,-1.843867099567098,True,26,2.8910004841952865,-28.92717787591773,True,27,3.3117758854975987,-18.582767553457046,False,,1.7254345331475203,-57.5816391828529
1985-09,1995-09,4.299913688916502,-3.6926567155356027,True,25,2.981417563134872,-30.66331608423206,True,26,3.4153528663062342,-20.571594841317854,False,,1.7229718670846934,-59.930082514776004
1985-10,1995-10,4.2752192953575525,-2.2514468798555343,True,24,2.991366828903518,-30.03009618356106,True,25,3.4267502142593527,-19.846211912908185,False,,1.720432417560891,-59.75803113938265
1985-11,1995-11,4.112037414970829,0.0,True,23,3.044160960941112,-25.96952182735167,True,24,3.4872283547279284,-15.194634610281954,False,,1.71789861790811,-58.22269000632873
1985-12,1995-12,4.037633157756431,0.0,True,22,3.1294223872238116,-22.493642563537875,True,23,3.58489929496811,-11.21285280507972,False,,1.7152564934316086,-57.51826809385735
1986-01,1996-01,4.014015046627016,0.0,True,21,3.1167605860460665,-22.3530417838098,True,22,3.570394611196294,-11.051788054543966,False,,1.7124682576203134,-57.337771838715355
1986-02,1996-02,4.021874122601848,0.0,True,20,3.2821183356608734,-18.39331029242678,True,21,3.7598196253560197,-6.51573095669884,False,,1.7094670166223236,-57.495760321896206
1986-03,1996-03,3.7800842466779354,0.0,True,19,3.2582769222100256,-13.804118914188003,True,20,3.7325081743291704,-1.2585982016294128,False,,1.7073131809472104,-54.83399126758472
1986-04,1996-04,3.68646326119068,0.0,True,18,3.2487534694455626,-11.873434257520387,True,19,3.7215986150314655,0.9530911161023559,False,,1.7058169607203246,-53.72754752018422
1986-05,1996-05,3.754797632136032,0.0,True,17,3.308782129945546,-11.878549681963978,True,18,3.7903642452585746,0.9472311588283766,False,,1.7042962805067678,-54.61016950899624
1986-06,1996-06,3.6872677397555402,0.0,True,16,3.3343289648049663,-9.571823904872534,True,17,3.8196293360466056,3.5896931178597047,False,,1.7027913216789616,-53.81969952114587
1986-07,1996-07,3.624466138502859,-1.8024415681478612,True,15,3.2033011877537056,-11.620054779243205,True,16,3.6695309065440918,1.243349125613502,False,,1.7018768659925076,-53.04475746335724
1986-08,1996-08,3.6526404062409967,0.0,True,14,3.287103519547923,-10.007469831098293,True,15,3.7655303859982814,3.090640391657451,False,,1.7012304393312292,-53.42463943550363
1986-09,1996-09,3.8204013414456917,-2.454761904761904,True,13,3.339515313426606,-12.587317013063126,True,14,3.8255705402742874,0.13530512547248463,False,,1.7010686561898953,-55.47408494139551
1986-10,1996-10,3.981375389801462,-2.5418598145345195,True,12,3.462516569828228,-13.032150178612213,True,13,3.966474216030739,-0.37427201185031844,False,,1.7008123725582638,-57.28078349720553
1986-11,1996-11,4.039807578779087,0.0,True,11,3.6217147438894126,-10.349325474953197,True,12,4.148843149122715,2.699028808114212,False,,1.7003812547419805,-57.909350344456975
1986-12,1996-12,4.019536048694782,0.0,True,10,3.6487410350854876,-9.224821201185607,True,11,4.1798030261434596,3.98720089848974,False,,1.6995465111604158,-57.717843786665625
1987-01,1997-01,3.89082293771072,0.0,True,9,3.751056840155417,-3.5921988687960926,True,10,4.297010552668722,10.439632475205718,False,,1.6990082364587478,-56.33293358092494
1987-02,1997-02,3.814047566876321,0.0,True,8,3.8969641379841073,2.173978421975864,True,9,4.464154167174782,17.045057485502046,False,,1.6982285584403471,-55.47437391214329
1987-03,1997-03,3.6313374001171117,0.0,True,7,3.8551666958059494,6.163825363118813,True,8,4.4162732478052265,21.615613235575417,False,,1.6976242559074326,-53.25071540164008
1987-04,1997-04,3.5379328768915754,-0.8547008547008517,True,6,3.706914559043297,4.776282875671423,True,7,4.246443510941412,20.026118603819686,False,,1.6969801173496628,-52.03470002402567
1987-05,1997-05,3.8573331014049552,-0.6816335333445389,True,5,4.030092562496571,4.478728088810668,True,6,4.616658986314371,19.685255718072337,False,,1.6961615269706294,-56.02761072532634
1987-06,1997-06,3.8882280921246153,0.0,True,4,4.225719292327239,8.67982001586256,True,5,4.840758528999953,24.497802451575158,False,,1.6951684933873439,-56.40254498390125
1987-07,1997-07,3.9867531483019185,0.0,True,3,4.44756804464736,11.558651343680925,True,4,5.094896621393256,27.795638000896304,False,,1.6943106933722365,-57.501489800192516
1987-08,1997-08,3.758047060633391,0.0,True,2,4.44130030286014,18.181072009023524,True,3,5.087716630860249,35.38192973035179,False,,1.693107653768656,-54.94714072358382
1987-09,1997-09,3.921659098221734,-3.0292450920866076,True,1,4.471089924237716,14.010162848298569,True,2,5.121842031480449,30.60395876334421,False,,1.6911727578392608,-56.87608954572011
1987-10,1997-10,4.522202487288199,-14.522779631415128,True,0,4.522202487288199,0.0,True,1,5.18039385624906,14.55466381284387,False,,1.689624611562743,-62.63713055060589
1987-11,1997-11,5.09717835152266,-25.03812504934919,True,0,5.09717835152266,0.0,True,0,5.09717835152266,0.0,False,,1.6888901385676731,-66.86617532103507
1987-12,1997-12,5.30217270814667,-26.037361742994094,True,0,5.30217270814667,0.0,True,0,5.30217270814667,0.0,False,,1.6880763001574184,-68.16255536973122
1988-01,1998-01,5.098187538356954,-22.895313526994656,True,0,5.098187538356954,0.0,True,0,5.098187538356954,0.0,False,,1.6870491647211743,-66.90884452507062
1988-02,1998-02,5.249779799148131,-20.327636922019998,True,0,5.249779799148131,0.0,True,0,5.249779799148131,0.0,False,,1.6862888613084686,-67.87886490816055
1988-03,1998-03,5.355536207802511,-17.751378636387916,True,0,5.355536207802511,0.0,True,2,5.578618935878579,4.165460178404867,False,,1.685395523824009,-68.52984540803688
1988-04,1998-04,5.587315395209492,-18.477713879673008,True,0,5.587315395209492,0.0,True,1,5.741119231132372,2.752732306014982,False,,1.6841171264912465,-69.85820546419858
1988-05,1998-05,5.699513119425931,-20.259224444365355,True,0,5.699513119425931,0.0,True,0,5.699513119425931,0.0,False,,1.6824438657386913,-70.48091950162664
1988-06,1998-06,5.383138577935422,-15.473791919399282,True,0,5.383138577935422,0.0,False,,1.680482233065725,-68.78248239876754,False,,1.680482233065725,-68.78248239876754
1988-07,1998-07,5.6408460078648375,-15.731225015751349,True,0,5.6408460078648375,0.0,False,,1.6781419782777882,-70.25017212067104,False,,1.6781419782777882,-70.25017212067104
1988-08,1998-08,5.339277241743753,-17.17737108741194,True,0,5.339277241743753,0.0,False,,1.6752940860212822,-68.6232047865312,False,,1.6752940860212822,-68.6232047865312
1988-09,1998-09,4.981633693324044,-15.579232507775153,True,0,4.981633693324044,0.0,False,,1.671831184363791,-66.44010203712418,False,,1.671831184363791,-66.44010203712418
1988-10,1998-10,4.861017025062583,-12.367515809182594,True,0,4.861017025062583,0.0,False,,1.6673666357739791,-65.69922246358492,False,,1.6673666357739791,-65.69922246358492
1988-11,1998-11,5.505567462755903,-14.1355396130324,True,0,5.505567462755903,0.0,False,,1.662984302244429,-69.79449777894476,False,,1.662984302244429,-69.79449777894476
1988-12,1998-12,5.6010609081994405,-12.135468003465144,True,0,5.6010609081994405,0.0,False,,1.6581900133353296,-70.39507263868722,False,,1.6581900133353296,-70.39507263868722
1989-01,1999-01,5.684047951775735,-9.04741023824287,True,20,5.526839998487421,-2.765774578646929,False,,1.6530888116378484,-70.91705021381087,False,,1.6530888116378484,-70.91705021381087
1989-02,1999-02,5.498704802314059,-6.043896155688888,True,19,5.485636298755105,-0.2376651234933469,False,,1.6478054750870659,-70.03284347263727,False,,1.6478054750870659,-70.03284347263727
1989-03,1999-03,5.668472117815248,-6.19276651297056,True,18,5.606410435900217,-1.0948573200171396,False,,1.6421738041036102,-71.02969248199213,False,,1.6421738041036102,-71.02969248199213
1989-04,1999-04,5.705856521504661,-2.8466787326154153,True,17,5.804416483335354,1.7273473572150477,False,,1.6365785876258407,-71.31756500609889,False,,1.6365785876258407,-71.31756500609889
1989-05,1999-05,5.474753784518018,0.0,True,16,5.759701974118423,5.204767206266081,False,,1.6315514270791065,-70.19863374143056,False,,1.6315514270791065,-70.19863374143056
1989-06,1999-06,5.2624781650888925,0.0,True,15,5.687212258657349,8.070990135144473,False,,1.6269810058616516,-69.08336804787163,False,,1.6269810058616516,-69.08336804787163
1989-07,1999-07,5.350589518546869,0.0,True,14,5.906977788424481,10.398634915816118,False,,1.622735514649729,-69.67183692516863,False,,1.622735514649729,-69.67183692516863
1989-08,1999-08,4.917822804353355,0.0,True,13,5.648146697353272,14.850553223540697,False,,1.6186952420389316,-67.08512473027636,False,,1.6186952420389316,-67.08512473027636
1989-09,1999-09,4.866051833511838,0.0,True,12,5.579577509491601,14.663338994167896,False,,1.6148008143571224,-66.81496889868274,False,,1.6148008143571224,-66.81496889868274
1989-10,1999-10,4.790348532503049,0.0,True,11,5.474892183234286,14.290059399363786,False,,1.6112835505606697,-66.36395995765379,False,,1.6112835505606697,-66.36395995765379
1989-11,1999-11,5.225359254622131,-1.8105138169257184,True,10,5.827849379315686,11.530118702568014,False,,1.607979791482832,-69.22738297734301,False,,1.607979791482832,-69.22738297734301
1989-12,1999-12,5.228857187165563,0.0,True,9,5.954943241199376,13.88613282106883,False,,1.6049226997580357,-69.30643461256922,False,,1.6049226997580357,-69.30643461256922
1990-01,2000-01,5.340636895362388,-2.2093134442531914,True,8,5.911489450188324,10.688847903545806,False,,1.602011206609498,-70.00336780055905,False,,1.602011206609498,-70.00336780055905
1990-02,2000-02,5.343214031474901,-4.678506466703103,True,7,5.729301805145801,7.225759091748896,False,,1.5992719569157272,-70.06910171490405,False,,1.5992719569157272,-70.06910171490405
1990-03,2000-03,5.407288054575012,-2.0958310076781728,True,6,5.917485401581731,9.435364675552083,False,,1.5965163104365407,-70.4747316154952,False,,1.5965163104365407,-70.4747316154952
1990-04,2000-04,5.473433149930642,-1.9011397094203075,True,5,5.964473687820186,8.971344390965408,False,,1.5938878254813846,-70.87955983345513,False,,1.5938878254813846,-70.87955983345513
1990-05,2000-05,5.1207057460611844,0.0,True,4,5.759256658851976,12.469978640775459,False,,1.5914636513367264,-68.92100951981335,False,,1.5914636513367264,-68.92100951981335
1990-06,2000-06,5.120252443992106,0.0,True,3,5.904691351270418,15.320317032390474,False,,1.5889302275135244,-68.9677365541242,False,,1.5889302275135244,-68.9677365541242
1990-07,2000-07,5.1549294406103385,0.0,True,2,5.918531532317584,14.81304643457615,False,,1.586873254638109,-69.21639233047921,False,,1.586873254638109,-69.21639233047921
1990-08,2000-08,5.647202257611012,-7.859916766195396,True,1,5.938443767131861,5.157270737528985,False,,1.5851897045034709,-71.92964529706664,False,,1.5851897045034709,-71.92964529706664
1990-09,2000-09,5.839628346347804,-11.858689589834292,True,0,5.839628346347804,0.0,False,,1.5835065223897713,-72.88343660808275,False,,1.5835065223897713,-72.88343660808275
1990-10,2000-10,5.66619918135751,-13.897586737656276,True,0,5.66619918135751,0.0,False,,1.5821953854415114,-72.07660135480009,False,,1.5821953854415114,-72.07660135480009
1990-11,2000-11,5.459388776199274,-11.326427061339551,True,0,5.459388776199274,0.0,False,,1.5810951084420306,-71.03897206707525,False,,1.5810951084420306,-71.03897206707525
1990-12,2000-12,5.046556305944644,-7.25752250841979,True,93,1.8930838221266901,-62.48761120733535,False,,1.5798927417451265,-68.69364679664675,False,,1.5798927417451265,-68.69364679664675
1991-01,2001-01,5.104439461326333,-7.892574566017574,True,92,1.8921469854310144,-62.931346335541406,False,,1.5785603335436338,-69.07475648396735,False,,1.5785603335436338,-69.07475648396735
1991-02,2001-02,4.475853789564808,0.0,True,91,1.84283133942522,-58.82726679495936,False,,1.5772380466492748,-64.76118030650346,False,,1.5772380466492748,-64.76118030650346
1991-03,2001-03,3.9491872807849915,0.0,True,90,1.6674942713285739,-57.77626755150692,False,,1.5753768942152206,-60.10883297734924,False,,1.5753768942152206,-60.10883297734924
1991-04,2001-04,3.8792384209762987,0.0,True,89,1.667311258138228,-57.01962402922862,False,,1.5731477880692315,-59.446994039791115,False,,1.5731477880692315,-59.446994039791115
1991-05,2001-05,4.153499400927423,-0.17865922180080318,True,88,1.7741232225097119,-57.28606046955073,False,,1.5708420161343746,-62.18027584682868,False,,1.5708420161343746,-62.18027584682868
1991-06,2001-06,4.040232356657192,0.0,True,87,1.7239301118281174,-57.330916649198294,False,,1.5682392931993818,-61.18442815261962,False,,1.5682392931993818,-61.18442815261962
1991-07,2001-07,3.9022636891466878,0.0,True,86,1.67049563822305,-57.19162590500544,False,,1.5656537363223775,-59.87832035346794,False,,1.5656537363223775,-59.87832035346794
1991-08,2001-08,3.7226708648069984,0.0,True,85,1.6292562844273901,-56.23421076974908,False,,1.5631923467775588,-58.00884892737885,False,,1.5631923467775588,-58.00884892737885
1991-09,2001-09,3.313988391116263,-0.3021742852251319,True,84,1.4398919691554735,-56.55108590557044,True,120,1.5599617474453558,-52.927965842393675,False,,1.5599617474453558,-52.927965842393675
1991-10,2001-10,3.4133262688738735,-0.1216500692544642,True,83,1.4797218054101258,-56.64868550938975,True,119,1.6031129159324697,-53.03370408650183,False,,1.556413639281623,-54.40184978873654
1991-11,2001-11,3.5852608797374335,-0.10644638208702206,True,82,1.5487286742932322,-56.80290148351344,True,118,1.677874132797762,-53.2007798294265,False,,1.5530368319793202,-56.68273846523948
1991-12,2001-12,3.6041396088616575,0.0,True,81,1.5662183011035768,-56.54390586722427,True,117,1.696822185419538,-52.92018707467696,False,,1.5500456191827197,-56.992631046490146
1992-01,2002-01,3.3471003674533306,0.0,True,80,1.5567097056741326,-53.49079696529782,True,116,1.6865206867935225,-49.61248538606788,False,,1.5473443820908432,-53.77060105107774
1992-02,2002-02,3.254406899088685,-0.6000448631673261,True,79,1.4997995351809776,-53.91481207832497,True,115,1.6248648883644319,-50.07185829100121,False,,1.5446868704700827,-52.53553355904471
1992-03,2002-03,3.450246973387146,-1.6055450233970814,True,78,1.5687820822718075,-54.53131053016427,True,114,1.699599755290704,-50.739765344328724,False,,1.541875068221897,-55.311168153617096
1992-04,2002-04,3.32024062333095,-1.3454850522213624,True,77,1.5090234712448598,-54.55077982477761,True,113,1.634857990436512,-50.76085814538403,False,,1.5393255636868446,-53.638132342873575
1992-05,2002-05,3.1612377438848913,0.0,True,76,1.4621240897501837,-53.74836667762426,True,112,1.5840477611430925,-49.89153333350901,False,,1.5369536736006697,-51.381269043311974
1992-06,2002-06,3.0141491286978765,-1.3291225701727027,True,75,1.371449644274713,-54.499608821041164,True,111,1.4858121508038562,-50.705420091615295,True,120,1.5345107068919093,-49.08975497324436
1992-07,2002-07,2.6393712537008365,0.0,True,74,1.2206750014650385,-53.751295890888805,True,110,1.3224647050883411,-49.894706808145074,True,119,1.3658094317958003,-48.25246998198117
1992-08,2002-08,2.644492561680211,0.0,True,73,1.2314002045709138,-53.43529331810528,True,109,1.3340842619281235,-49.55235339816964,True,118,1.3778098279228201,-47.89889569409824
1992-09,2002-09,2.5091494758139006,0.0,True,72,1.17000440182652,-53.370478199709396,True,108,1.2675687831376359,-49.482133473675546,True,117,1.3091142567344811,-47.82637426134847
1992-10,2002-10,2.5044810094519425,-1.1823205410055437,True,71,1.1513114196757903,-54.029940122096086,True,107,1.247317029724551,-50.19658663742463,True,116,1.2881987376166033,-48.56424413860895
1992-11,2002-11,2.5987948313962135,0.0,True,70,1.2244536834466304,-52.88378795224911,True,106,1.326558483978227,-48.954859077292845,True,115,1.3700373872172036,-47.28181806944932
1992-12,2002-12,2.490446364468293,0.0,True,69,1.208593769728358,-51.47079708394398,True,105,1.3093760430394117,-47.424041660942905,True,114,1.3522917794855098,-45.70082701723944
1993-01,2003-01,2.481359470675986,0.0,True,68,1.202943254304154,-51.520798637996556,True,104,1.3032543421730067,-47.478212746903345,True,113,1.3459694354941738,-45.756773599292444
1993-02,2003-02,2.282819813044966,0.0,True,67,1.1230759856273111,-50.80312606323128,True,103,1.2167270979923959,-46.700694858196,True,112,1.256606198990042,-44.95377200560113
1993-03,2003-03,2.26399456847575,0.0,True,66,1.1350170465796279,-49.86661795112936,True,102,1.2296639006890964,-45.68609316421743,True,111,1.2699670146492053,-43.90591601532775
1993-04,2003-04,2.4160740189259933,-1.341498948522002,True,65,1.1921960811070729,-50.65564747734697,True,101,1.2916109831990352,-46.540918321153534,True,110,1.3339444571009909,-44.788758678264195
1993-05,2003-05,2.5261035631189177,-0.6262481957457822,True,64,1.2524778924741007,-50.418584940053,True,100,1.3569195770475269,-46.28408760200743,True,109,1.4013935868300391,-44.52351014857946
1993-06,2003-06,2.6472830137231917,0.0,True,63,1.320587811099261,-50.115352070273744,True,99,1.4307090487251712,-45.955568735622506,True,108,1.477601561225714,-44.18422384134949
1993-07,2003-07,2.661465861156114,0.0,True,62,1.3251616089188714,-50.20933282445959,True,98,1.4356642466094447,-46.05738636129616,True,107,1.4827191692652446,-44.289378612537746
1993-08,2003-08,2.6110515938382144,0.0,True,61,1.3196969881983,-49.45726115437032,True,97,1.4297439418428388,-45.242600903908894,True,106,1.4766048222749437,-43.447887978944436
1993-09,2003-09,2.657612542715097,0.0,True,60,1.3581361151538205,-48.89638375328001,True,96,1.4713884324992983,-44.63495303208934,True,105,1.519614240902206,-42.8203240134575
1993-10,2003-10,2.6782907148347332,0.0,True,59,1.3822749155719718,-48.389661065704495,True,95,1.4975401203260046,-44.085975729546156,True,104,1.5466230690045104,-42.2533535871237
1993-11,2003-11,2.710556789039786,0.0,True,58,1.395483347397561,-48.51672715213945,True,94,1.5118499774771237,-44.22363760868865,True,103,1.5614019419600222,-42.395527432828715
1993-12,2003-12,2.76908375659786,0.0,True,57,1.434659792036413,-48.190090364075566,True,93,1.5542932692980824,-43.86976321699595,True,102,1.6052363430313572,-42.03005455481145
1994-01,2004-01,2.856179837605729,0.0,True,56,1.5018034424490423,-47.419156781529196,True,92,1.6270358975446857,-43.034542989120986,True,101,1.6803631629537004,-41.167459386510096
1994-02,2004-02,2.889426230437479,-0.07493639752779169,True,55,1.5141053213784008,-47.59840879726648,True,91,1.6403636061246267,-43.2287424802583,True,100,1.6941276967160537,-41.36802390488609
1994-03,2004-03,2.8853046650097496,-1.4969230120129629,True,54,1.4861631450692514,-48.491985505307824,True,90,1.6100913863217674,-44.19683280426378,True,99,1.6628632832545396,-42.36784408176456
1994-04,2004-04,3.0141201131774316,-4.792441454510776,True,53,1.4960602364647522,-50.36494299201526,True,89,1.6208137768334718,-46.22597255671942,True,98,1.6739371077853094,-44.4634903411107
1994-05,2004-05,2.9060962551001204,-3.7841453051054796,True,52,1.4527992344931662,-50.00856451524815,True,88,1.5739453244235215,-45.83987637500685,True,97,1.62553250832123,-44.06473958085647
1994-06,2004-06,2.956402205380136,-2.717214115319533,True,51,1.4892936949577156,-49.624794209412336,True,87,1.6134829866494906,-45.42410421311305,True,96,1.666366045709116,-43.63534018894247
1994-07,2004-07,2.905314460513716,-3.221455629122816,True,50,1.4508381439642928,-50.06261237182028,True,86,1.5718207023866937,-45.89843117674892,True,95,1.62333825027734,-44.12521355811163
1994-08,2004-08,2.779364478766116,-0.2381294330201178,True,49,1.425511493343935,-48.71088321684304,True,85,1.5443821118500418,-44.43398396831847,True,94,1.5950003403082125,-42.61276804486238
1994-09,2004-09,2.8335698412874986,0.0,True,48,1.4596942672918862,-48.48567887676839,True,84,1.5814153205369759,-44.19000027829125,True,93,1.6332473389008124,-42.36078761486576
1994-10,2004-10,2.849099421581012,-0.4423415995659763,True,47,1.4553308043656155,-48.919620237119396,True,83,1.576687996961881,-44.660127160920524,True,92,1.6283650739139492,-42.84632324236889
1994-11,2004-11,2.9961697541263246,-0.8090974797542838,True,46,1.5182808264298555,-49.325941083983,True,82,1.6448872983849256,-45.100330309402956,True,91,1.6987996562261143,-43.30095436393323
1994-12,2004-12,3.1097644844700087,-1.825190486742978,True,45,1.5526351846924946,-50.072258126097054,True,81,1.682106399467337,-45.9088812716306,True,90,1.737238639970428,-44.13600616232832
1995-01,2005-01,2.9944588902230875,0.0,True,44,1.5246435583173483,-49.08450527421459,True,80,1.6517806060540834,-44.83876163913456,True,89,1.7059188969851167,-43.03081259338894
1995-02,2005-02,2.9328492941460587,0.0,True,43,1.5430739501864421,-47.38652431727726,True,79,1.6717478722949521,-42.99918936742688,True,88,1.726540604660207,-41.13094702457549
1995-03,2005-03,2.8524415565159456,0.0,True,42,1.5320281992389526,-46.29063667442092,True,78,1.6597810377552749,-41.81191779499317,True,87,1.7141815485582608,-39.904761777064714
1995-04,2005-04,2.6970175458050947,0.0,True,41,1.4883155068762528,-44.81624677632673,True,77,1.6124232293749328,-40.21458140371112,True,86,1.6652715541318088,-38.25507154293638
1995-05,2005-05,2.6445311779822966,0.0,True,40,1.5013065883757506,-43.22976409296088,True,76,1.6264976117808907,-38.4958050287816,True,85,1.6798072344889452,-36.47996104282684
1995-06,2005-06,2.618979614809193,0.0,True,39,1.527277152802926,-41.68426725558165,True,75,1.654633810838742,-36.82143222946426,True,84,1.7088656175975745,-34.750709477283394
1995-07,2005-07,2.5749792648017142,0.0,True,38,1.5480819265706667,-39.87982941331077,True,74,1.6771734540461167,-34.866525840732656,True,83,1.7321440137343453,-32.73172963325867
1995-08,2005-08,2.5697807112436015,0.0,True,37,1.5461092513847625,-39.83497328701836,True,73,1.6750362813303417,-34.81792924970099,True,82,1.7299367936540277,-32.68154025419335
1995-09,2005-09,2.484604451518214,0.0,True,36,1.543818758077354,-37.86460629038937,True,72,1.6725547882608072,-32.68325719859373,True,81,1.7273739678740538,-30.47690279961688
1995-10,2005-10,2.3975418460578366,0.0,True,35,1.4968996522877667,-37.56523354330407,True,71,1.6217231899020574,-32.358920342993,True,80,1.6748763275177478,-30.14193557156607
1995-11,2005-11,2.4351097456541324,0.0,True,34,1.5494695857031509,-36.36961995374365,True,70,1.6786768273626849,-31.063606871987215,True,79,1.7336966611867712,-28.80416727497198
1995-12,2005-12,2.4058031344375026,0.0,True,33,1.5761212870621797,-34.486689101820865,True,69,1.707550962030446,-29.02366209487518,True,78,1.7635171662727926,-26.697361848557154
1996-01,2006-01,2.4371239821943624,0.0,True,32,1.5927696500805415,-34.64552227472534,True,68,1.725587599516146,-29.195740055766716,True,77,1.7821449674542278,-26.875079787709367
1996-02,2006-02,2.300863777047663,0.0,True,31,1.586276359365639,-31.057354407958126,True,67,1.7185528459740251,-25.308361880546716,True,76,1.7748796448325956,-22.86029001203975
1996-03,2006-03,2.339750622229863,-0.19937186316469901,True,30,1.6033886533342128,-31.471814213852934,True,66,1.737092100705524,-25.757382679953512,True,75,1.7940265368995978,-23.32402778934498
1996-04,2006-04,2.3538075649468366,-0.001993899663998988,True,29,1.609717693357373,-31.612179460654843,True,65,1.7439489070116059,-25.909452710464254,True,74,1.8011080799372385,-23.481082023885904
1996-05,2006-05,2.2815809341261026,0.0,True,28,1.5905722076839008,-30.286399930269138,True,64,1.7232069166910413,-24.4731190151241,True,73,1.7796862560465574,-21.99767146422892
1996-06,2006-06,2.1918381473423434,0.0,True,27,1.5411678244308482,-29.686057052180093,True,63,1.6696827984364657,-23.822714717279815,True,72,1.7244078465288004,-21.32594970026932
1996-07,2006-07,2.287128780631242,-3.4749439042632613,True,26,1.545804951785894,-32.41285908879797,True,62,1.6747066067824128,-26.776899448565473,True,71,1.7295963137869648,-24.376959949338726
1996-08,2006-08,2.2697281377095035,-0.5044483845771497,True,25,1.5747750069262492,-30.618342313214942,True,61,1.7060924182241144,-24.83274142489075,True,70,1.7620108176498692,-22.369080755724223
1996-09,2006-09,2.2810124717887623,0.0,True,24,1.6079912902861535,-29.505370524117648,True,60,1.7420785425610308,-23.62696109263713,True,69,1.7991764129538688,-21.123780110550616
1996-10,2006-10,2.2699946045377137,0.0,True,23,1.6594138638171296,-26.897893920101602,True,59,1.7977891440380076,-20.802052108660018,True,68,1.8567129692456976,-18.206282713882537
1996-11,2006-11,2.2040942722281898,0.0,True,22,1.6857475368325878,-23.51744850149211,True,58,1.826318730599938,-17.13971795073658,True,67,1.8861776334152536,-14.423912934157034
1996-12,2006-12,2.2248001200776595,0.0,True,21,1.7151235934796665,-22.908868171950747,True,57,1.8581443992208342,-16.480389296456288,True,66,1.9190464110910435,-13.74297431159539
1997-01,2007-01,2.1695536937567046,0.0,True,20,1.7199784239766978,-20.72201628720891,True,56,1.863404064548463,-14.111180105348131,True,65,1.92447846571218,-11.296112594483109
1997-02,2007-02,2.1120829645008823,0.0,True,19,1.7403463157063186,-17.600475693548844,True,55,1.8854703949780658,-10.729340339922134,True,64,1.9472680359063126,-7.803430611615103
1997-03,2007-03,2.072773155110931,-0.6231290472074935,True,18,1.690237762612264,-18.455246371530432,True,54,1.8311833875351364,-11.65538867483379,True,63,1.8912017329613366,-8.759830843133287
1997-04,2007-04,2.2355670224938335,-4.006808257385607,True,17,1.7535491856136276,-21.561323459786163,True,53,1.8997742264134059,-15.02047546334988,True,62,1.962040685648901,-12.235210758289261
1997-05,2007-05,2.1163330747524265,0.0,True,16,1.8056196296734355,-14.681689228683393,True,52,1.9561867230769134,-7.567161973984049,True,61,2.020302142244085,-4.537609587733515
1997-06,2007-06,2.0160585533706277,0.0,True,15,1.8046182661768488,-10.487804872545691,True,51,1.955101857834642,-3.023557794691667,True,60,2.0191817197674617,0.1549144687098769
1997-07,2007-07,1.9176669119734595,0.0,True,14,1.807578468751246,-5.740748955663122,True,50,1.9583089059185717,2.1193458411026933,True,59,2.022493881146439,5.466380450038755
1997-08,2007-08,1.8307555291320228,0.0,True,13,1.7244490055409607,-5.806702309481093,True,49,1.8682474391755022,2.04789276595847,True,58,1.92948058540723,5.392585449244214
1997-09,2007-09,1.8648363814312525,0.0,True,12,1.7703559667691355,-5.066418459168187,True,48,1.9179824922152187,2.8499074403072644,True,57,1.9808457403872797,6.220886728249608
1997-10,2007-10,1.889551636139707,0.0,True,11,1.815988012249369,-3.8931788093722552,True,47,1.9674197048198585,4.120981252422062,True,56,2.0319032929989396,7.533620893793214
1997-11,2007-11,1.8197143673358418,-1.1515474087780642,True,10,1.7215249220451059,-5.395871300092581,True,46,1.8650795220695093,2.492982170607605,True,55,1.9262088375519832,5.852262977516354
1997-12,2007-12,1.7949726759311198,0.0,True,9,1.7355736350616247,-3.3091891406470952,True,45,1.8802997298184698,4.75366867872169,True,54,1.9419278984973811,8.18704510306989
1998-01,2008-01,1.6719207419031996,0.0,True,8,1.613807194030651,-3.475855428792396,True,44,1.7483794231566516,4.57310441441241,True,53,1.8056838094182175,8.000562715834914
1998-02,2008-02,1.5467590221805807,0.0,True,7,1.5820275419497856,2.280156072371531,True,43,1.7139497279744849,10.809098469534263,True,52,1.7701256563478742,14.440945936904704
1998-03,2008-03,1.4301620316462873,0.0,True,6,1.534204716032142,7.274887885681669,True,42,1.6621390500317375,16.220331210892013,True,51,1.7166168463738407,20.02953570217563
1998-04,2008-04,1.4417539221345907,0.0,True,5,1.5929004109900906,10.483515011474331,True,41,1.7257292643224817,19.69651948423008,True,50,1.7822912754259281,23.619658532792776
1998-05,2008-05,1.4819891516600971,-0.22110831385241392,True,4,1.6271043571100243,9.79192089816392,True,40,1.762785410687461,18.947254688930816,True,49,1.8205619634953794,22.845836047856306
1998-06,2008-06,1.417405968641705,-0.10415859252331794,True,3,1.5517240584067595,9.476331604118403,True,39,1.6811192961406396,18.605349020199903,True,48,1.736219183626094,22.49272417625745
1998-07,2008-07,1.2743149301453496,0.0,True,2,1.451539974661063,13.907476113106432,True,38,1.57258105737415,23.405998012969988,True,47,1.6241235264434146,27.45071787381206
1998-08,2008-08,1.3987112857934636,-6.97052733057808,True,1,1.4762828574207727,5.545931631151757,True,37,1.5993872007887207,14.34720067203985,True,46,1.6518082603836266,18.09501197000678
1998-09,2008-09,1.3994580985177114,-11.527120632354526,True,0,1.3994580985177114,0.0,True,36,1.5161561753279862,8.338804636871933,True,45,1.5658492785257974,11.889686456802483
1998-10,2008-10,1.1026071607049504,-10.384869654707863,True,0,1.1026071607049504,0.0,True,35,1.2060644173298836,9.382966147144177,True,44,1.245594041341484,12.96807110749356
1998-11,2008-11,0.9080547961057331,-0.5500408412456692,True,25,0.8460516950049729,-6.828123299019573,True,34,1.0983055534801178,20.95146220143218,True,43,1.1343033036459347,24.915732895248908
1998-12,2008-12,0.8691793225920451,0.0,True,24,0.8400549266649432,-3.350792543044845,True,33,1.0905208235284218,25.465573694999733,True,42,1.1262634236014237,29.577797622095847
1999-01,2009-01,0.8183151201249693,0.0,True,23,0.8278853749150726,1.1695072661790373,True,32,1.0747228689245152,31.333619835887717,True,41,1.1099476797346288,35.638173172838684
1999-02,2009-02,0.7639432001664914,-0.06615398438731823,True,22,0.7695752067124007,0.737228441156601,True,31,0.9990272797076201,30.77245526760304,True,40,1.0317711134338523,35.058616034410846
1999-03,2009-03,0.6999962772044968,0.0,True,21,0.7231533930014739,3.308176993377354,True,30,0.9387646076955621,34.10994290492657,True,39,0.9695332892389242,38.50549221645145
1999-04,2009-04,0.7541534908927046,0.0,True,20,0.8093761019862927,7.322463100743626,True,29,1.0506949787038844,39.32110523816028,True,38,1.085132258224155,43.88745412285569
1999-05,2009-05,0.8051332482110629,-0.09883175002749489,True,19,0.8600742302411061,6.823837191187576,True,28,1.1165089663621464,38.673811924042845,True,37,1.1531033464066118,43.218945307339965
1999-06,2009-06,0.8332877949351893,-0.7099942792216818,True,18,0.8814159490164548,5.775694108781315,True,27,1.144213808028634,37.313160589088845,True,36,1.1817162340768128,41.81369765156866
1999-07,2009-07,0.8073760966269748,0.0,True,17,0.8893289163166265,10.15051350071312,True,26,1.1544860596907907,42.992350716594,True,35,1.1923251661352425,47.67902729799574
1999-08,2009-08,0.9071358895104024,-3.774003512777857,True,16,0.9578161525553864,5.586843562361654,True,25,1.243393052428501,37.068003460824684,True,34,1.284146149157738,41.560505323057484
1999-09,2009-09,0.9458599280449609,-4.349068413805579,True,15,0.988958599727009,4.55655963469459,True,24,1.2838207507352257,35.73053606243906,True,33,1.3258988941955958,40.17920147395968
1999-10,2009-10,0.9810348389860655,-5.5660981676484145,True,14,1.0086882399076191,2.8187990703912646,True,23,1.3094328658180998,33.47465490333099,True,32,1.3523504646714164,37.849382196163276
1999-11,2009-11,0.9350945279639818,0.0,True,13,1.025538992330305,9.672226888467804,True,22,1.3313077406932647,42.371460946517736,True,31,1.374942304218361,47.03778742156444
1999-12,2009-12,0.9297575173405612,0.0,True,12,1.043907780569055,12.277422994653953,True,21,1.3551532601247942,45.75340718954517,True,30,1.3995693776066653,50.53057937191343
2000-01,2010-01,0.9434829910707498,-0.1187965270195046,True,11,1.053499596563471,11.660687742538368,True,20,1.3676049162550554,44.95278973741472,True,29,1.4124291456736342,49.70372111008401
2000-02,2010-02,0.9394023268062421,-2.5937937263978417,True,10,1.0183567334055401,8.404748886212076,True,19,1.3219840611708744,40.72607906617867,True,28,1.36531303443012,45.33847697310684
2000-03,2010-03,0.9574837904736242,0.0,True,9,1.073900872440935,12.158647814781753,True,18,1.3940889180324723,45.599218692034384,True,27,1.4397811795540971,50.3713372361011
2000-04,2010-04,0.9826302344554816,0.0,True,8,1.112688054940896,13.235682754814192,True,17,1.4444406615430199,46.99737611304498,True,26,1.4917832374762972,51.81532026672877
2000-05,2010-05,0.9518534629928637,-2.838908049123179,True,7,1.0423383887015516,9.506182330227686,True,16,1.353115947495032,42.15590950738357,True,25,1.3974652905981129,46.81517112982234
2000-06,2010-06,0.8899741070210774,0.0,True,6,1.0007801320039496,12.450477391276271,True,15,1.299166922401878,45.978058479751894,True,24,1.3417480476161945,50.76259376885643
2000-07,2010-07,0.88107914164166,0.0,True,5,0.994387312832382,12.86015816690449,True,14,1.2908680574034617,46.50988729551211,True,23,1.3331771813810303,51.31185365448603
2000-08,2010-08,0.8804276046340827,0.0,True,4,0.9980538758664812,13.360129852049063,True,13,1.2956278215719068,47.15892763384979,True,22,1.3380929502248968,51.98216675419054
2000-09,2010-09,0.9200545486362812,-1.0803050906790013,True,3,1.0267101550930293,11.592313370422946,True,12,1.3328280905417709,44.864029259711714,True,21,1.3765124846207024,49.61205144423122
2000-10,2010-10,1.0151098113495078,-6.238354998798934,True,2,1.0684234136516733,5.252003448896758,True,11,1.386978331950414,36.6333293642918,True,20,1.4324375389267867,41.11158447207548
2000-11,2010-11,1.0485065350774543,-6.96287366715076,True,1,1.0895966626186429,3.9189195457091985,True,10,1.4144644738291356,34.902780908718675,True,19,1.460824558767235,39.324316052958366
2000-12,2010-12,1.1248005545434168,-10.051924917057075,True,0,1.1248005545434168,0.0,True,9,1.4601645536627514,29.81541907715959,True,18,1.5080224914080185,34.07021229822922
2001-01,2011-01,1.1584969425579763,-9.643217483860667,True,1,1.1885028623018392,2.5900732787096814,True,8,1.5044321854561156,29.8606953708751,True,17,1.55374102649936,34.11697255485886
2001-02,2011-02,1.2211108625711016,-11.574035053344268,True,0,1.2211108625711016,0.0,True,7,1.5457080852999159,26.582125561094493,True,16,1.5963697734864144,30.73094527430449
2001-03,2011-03,1.3281474275498302,-19.603591228278884,True,0,1.3281474275498302,0.0,True,6,1.5230361232335425,14.673724591195692,True,15,1.5729547216453894,18.432237944185182
2001-04,2011-04,1.3516153443132048,-19.243384974308043,True,0,1.3516153443132048,0.0,True,5,1.5519735365917982,14.82361036529969,True,14,1.602840579426251,18.587036331753183
2001-05,2011-05,1.2729866535636134,-13.688396413517667,True,0,1.2729866535636134,0.0,True,4,1.5576115591178887,22.358828724361967,True,13,1.6086633921736788,26.369226862698692
2001-06,2011-06,1.2564051283564242,-15.750608956208922,True,0,1.2564051283564242,0.0,True,3,1.4963082286036595,19.094406321077862,True,12,1.5453508011497568,22.997810680008858
2001-07,2011-07,1.3307990540146204,-17.991739685215226,True,0,1.3307990540146204,0.0,True,2,1.5383181006241418,15.593567337119673,True,11,1.5887375767766163,19.382229194097555
2001-08,2011-08,1.2173136519020502,-19.669402314700868,True,0,1.2173136519020502,0.0,True,1,1.3745594146496465,12.91744017672849,True,10,1.419611582727867,16.61839005171155
2001-09,2011-09,1.3607797409538334,-28.704350841520466,True,0,1.3607797409538334,0.0,True,0,1.3607797409538334,0.0,True,9,1.405380270369665,3.277571532963086
2001-10,2011-10,1.3586410919030467,-26.434274913839218,True,0,1.3586410919030467,0.0,True,0,1.3586410919030467,0.0,True,8,1.4452728626449287,6.376354377780302
2001-11,2011-11,1.3161804962509887,-22.71689127268617,True,0,1.3161804962509887,0.0,True,0,1.3161804962509887,0.0,True,7,1.468585011461636,11.579302052017692
2001-12,2011-12,1.3173678268969173,-21.583882734245595,True,0,1.3173678268969173,0.0,True,0,1.3173678268969173,0.0,True,6,1.4893779639268736,13.057107780985454
2002-01,2012-01,1.3845206896397566,-21.817338097108152,True,0,1.3845206896397566,0.0,True,0,1.3845206896397566,0.0,True,5,1.5585120250872835,12.566900353998921
2002-02,2012-02,1.4922108227878652,-24.43864144905492,True,0,1.4922108227878652,0.0,True,0,1.4922108227878652,0.0,True,4,1.6211119302760029,8.63826381096169
2002-03,2012-03,1.4629266374194834,-20.70194678696119,True,0,1.4629266374194834,0.0,True,0,1.4629266374194834,0.0,True,3,1.665428678819613,13.842255395481162
2002-04,2012-04,1.515651244547333,-23.488231233637435,True,0,1.515651244547333,0.0,True,0,1.515651244547333,0.0,True,2,1.662473955501181,9.687103908768835
2002-05,2012-05,1.511449426549956,-25.64555473755331,True,0,1.511449426549956,0.0,True,0,1.511449426549956,0.0,True,1,1.6088187986118183,6.442119091216836
2002-06,2012-06,1.588078474882894,-30.047457314313654,True,0,1.588078474882894,0.0,True,0,1.588078474882894,0.0,True,0,1.588078474882894,0.0
2002-07,2012-07,1.8315716156322919,-37.573760944427825,True,0,1.8315716156322919,0.0,True,0,1.8315716156322919,0.0,True,0,1.8315716156322919,0.0
2002-08,2012-08,1.8723588628209429,-36.863317242134976,True,0,1.8723588628209429,0.0,True,0,1.8723588628209429,0.0,True,0,1.8723588628209429,0.0
2002-09,2012-09,2.0253484069048024,-39.86765149336032,True,0,2.0253484069048024,0.0,True,0,2.0253484069048024,0.0,True,0,2.0253484069048024,0.0
2002-10,2012-10,2.0490084852461448,-40.68916668889463,True,0,2.0490084852461448,0.0,True,0,2.0490084852461448,0.0,True,0,2.0490084852461448,0.0
2002-11,2012-11,1.867204267321889,-36.7589614049744,True,0,1.867204267321889,0.0,True,0,1.867204267321889,0.0,True,0,1.867204267321889,0.0
2002-12,2012-12,1.9278259851344388,-37.413023666955745,True,0,1.9278259851344388,0.0,True,0,1.9278259851344388,0.0,True,0,1.9278259851344388,0.0
2003-01,2013-01,2.014626218244799,-37.552000656448,True,0,2.014626218244799,0.0,True,0,2.014626218244799,0.0,True,0,2.014626218244799,0.0
2003-02,2013-02,2.2029668625123056,-41.55764693511257,True,0,2.2029668625123056,0.0,True,0,2.2029668625123056,0.0,True,0,2.2029668625123056,0.0
2003-03,2013-03,2.2337501249139695,-40.792989551288464,True,0,2.2337501249139695,0.0,True,0,2.2337501249139695,0.0,True,0,2.2337501249139695,0.0
2003-04,2013-04,2.152496223226537,-37.66348768628056,True,0,2.152496223226537,0.0,True,0,2.152496223226537,0.0,True,0,2.152496223226537,0.0
2003-05,2013-05,2.1374583862229777,-34.35213746280361,True,0,2.1374583862229777,0.0,True,0,2.1374583862229777,0.0,True,0,2.1374583862229777,0.0
2003-06,2013-06,1.9995531676490412,-30.607559423993656,True,0,1.9995531676490412,0.0,True,0,1.9995531676490412,0.0,True,0,1.9995531676490412,0.0
2003-07,2013-07,2.0524123638492506,-30.193229897308825,True,0,2.0524123638492506,0.0,True,0,2.0524123638492506,0.0,True,0,2.0524123638492506,0.0
2003-08,2013-08,2.0610376690198478,-30.30851485374383,True,0,2.0610376690198478,0.0,True,0,2.0610376690198478,0.0,True,0,2.0610376690198478,0.0
2003-09,2013-09,2.021719557949055,-28.104619268022102,True,0,2.021719557949055,0.0,True,0,2.021719557949055,0.0,True,61,2.2513773484362702,11.359527565741745
2003-10,2013-10,2.023473427438986,-26.645136676296065,True,0,2.023473427438986,0.0,True,0,2.023473427438986,0.0,True,60,2.2973193619407217,13.533458398232057
2003-11,2013-11,2.0764174161884337,-25.75554348266681,True,0,2.0764174161884337,0.0,True,0,2.0764174161884337,0.0,True,59,2.3841777336917476,14.821697944927315
2003-12,2013-12,2.0453243930878733,-23.479262708390657,True,0,2.0453243930878733,0.0,True,0,2.0453243930878733,0.0,True,58,2.4186721962732185,18.253720751928903
2004-01,2014-01,1.9680059652800341,-19.701754689639696,True,0,1.9680059652800341,0.0,True,2,1.9808159107392822,0.6509098897688137,True,57,2.4403439672268243,24.00084198319896
2004-02,2014-02,1.944325751233677,-18.827943226490472,True,0,1.944325751233677,0.0,True,1,1.976752087040232,1.6677419298685159,True,56,2.435337379994721,25.253568155927407
2004-03,2014-03,2.0290194826106336,-20.097203204405602,True,0,2.0290194826106336,0.0,True,0,2.0290194826106336,0.0,True,55,2.4997302510189057,23.19892797690799
2004-04,2014-04,2.0136237819850047,-19.32248930976218,True,0,2.0136237819850047,0.0,True,1,2.068335370052062,2.717071011801586,True,54,2.5028634767087525,24.296479764529867
2004-05,2014-05,2.098283171493152,-21.390118253501576,True,0,2.098283171493152,0.0,True,0,2.098283171493152,0.0,True,53,2.5391028890980225,21.00859043210932
2004-06,2014-06,2.1051959853595834,-19.14255339789387,True,0,2.1051959853595834,0.0,True,1,2.155747983579831,2.4012965335202807,True,52,2.6175493640101086,24.337562023376712
2004-07,2014-07,2.1856205192750844,-20.951663062188764,True,0,2.1856205192750844,0.0,True,0,2.1856205192750844,0.0,True,51,2.653821153387193,21.421863035372635
2004-08,2014-08,2.206914593078292,-22.047402243606818,True,0,2.206914593078292,0.0,True,0,2.206914593078292,0.0,True,50,2.6392988518796963,19.59225156050546
2004-09,2014-09,2.185347732363036,-19.87716061231278,True,0,2.185347732363036,0.0,True,49,2.6826069848593592,22.75423929713154,True,49,2.6826069848593592,22.75423929713154
2004-10,2014-10,2.1253443145043946,-19.79440076870721,True,0,2.1253443145043946,0.0,True,48,2.6078507252737158,22.702505541170904,True,48,2.6078507252737158,22.702505541170904
2004-11,2014-11,2.144258423687425,-15.964910433262558,True,0,2.144258423687425,0.0,True,47,2.7519784306998343,28.341733454278774,True,47,2.7519784306998343,28.341733454278774
2004-12,2014-12,2.1005723107591616,-13.672338525137883,True,0,2.1005723107591616,0.0,True,46,2.764463200680305,31.605238559067182,True,46,2.764463200680305,31.605238559067182
2005-01,2015-01,2.1056654750325143,-14.835510238259031,True,0,2.1056654750325143,0.0,True,45,2.7285853579149837,29.58304109881702,True,45,2.7285853579149837,29.58304109881702
2005-02,2015-02,2.129401337716398,-13.402137191051578,True,0,2.129401337716398,0.0,True,44,2.799925910581095,31.488877225172484,True,44,2.799925910581095,31.488877225172484
2005-03,2015-03,2.136039554314296,-13.621886886680734,True,0,2.136039554314296,0.0,True,43,2.7952235691695613,30.860103387311778,True,43,2.7952235691695613,30.860103387311778
2005-04,2015-04,2.2079818130995936,-15.701259578775728,True,0,2.2079818130995936,0.0,True,42,2.8133757460739672,27.41842932684819,True,42,2.8133757460739672,27.41842932684819
2005-05,2015-05,2.2001945696819476,-14.573729829676363,True,0,2.2001945696819476,0.0,True,41,2.834328537040024,28.821722228400226,True,41,2.834328537040024,28.821722228400226
2005-06,2015-06,2.1438533003121925,-12.709431573853136,True,0,2.1438533003121925,0.0,True,40,2.815145302802423,31.312403810114976,True,40,2.815145302802423,31.312403810114976
2005-07,2015-07,2.104103938176514,-11.13031148973722,True,0,2.104103938176514,0.0,True,39,2.805513025039434,33.33528701394781,True,39,2.805513025039434,33.33528701394781
2005-08,2015-08,2.0467431900694546,-10.853708607563684,True,0,2.0467431900694546,0.0,True,38,2.7298201440346928,33.37384764632139,True,38,2.7298201440346928,33.37384764632139
2005-09,2015-09,1.9490408191953286,-10.603282677161218,True,0,1.9490408191953286,0.0,True,37,2.599518194141191,33.37423046965302,True,37,2.599518194141191,33.37423046965302
2005-10,2015-10,2.087965045556407,-12.947729673644904,True,0,2.087965045556407,0.0,True,36,2.703555533254665,29.482796611387396,True,36,2.703555533254665,29.482796611387396
2005-11,2015-11,2.0672866320378933,-9.497595613965359,True,26,1.960655214951222,-5.158037372957613,True,35,2.774055340573498,34.18823000073701,True,35,2.774055340573498,34.18823000073701
2005-12,2015-12,2.0015596124670587,-7.555581767023966,True,25,1.9328960237465798,-3.4305043073808994,True,34,2.7347799330342095,36.63244981564184,True,34,2.7347799330342095,36.63244981564184
2006-01,2016-01,1.8459812635293273,-6.1984951713467185,True,24,1.8025756378212716,-2.351357869422177,True,33,2.5503946521317262,38.159292432667094,True,33,2.5503946521317262,38.159292432667094
2006-02,2016-02,1.8361263319987382,-6.212962448434201,True,23,1.7862120160113457,-2.718457609235292,True,32,2.5272423956172743,37.63989718867617,True,32,2.5272423956172743,37.63989718867617
2006-03,2016-03,1.9243453007971687,-4.8180151007860665,True,22,1.8929053697038802,-1.6337988343497534,True,31,2.6781987011203996,39.1745389983255,True,31,2.6781987011203996,39.1745389983255
2006-04,2016-04,1.9631436453000708,-4.05679857318092,True,21,1.9392320776880438,-1.218024349327329,True,30,2.743744571049323,39.76280225943096,True,30,2.743744571049323,39.76280225943096
2006-05,2016-05,1.9726737384775346,-4.810171200863378,True,20,1.9259285649670501,-2.369635312657492,True,29,2.7249219446993975,38.133432384132185,True,29,2.7249219446993975,38.133432384132185
2006-06,2016-06,2.049143969464846,-7.384458088075507,True,19,1.9389088382019064,-5.379569854807653,True,28,2.7432872319843167,33.87479224804066,True,28,2.7432872319843167,33.87479224804066
2006-07,2016-07,2.1015659357760974,-6.716233618833245,True,18,1.994810299620604,-5.079813787335164,True,27,2.8223800507583,34.29890553093733,True,27,2.8223800507583,34.29890553093733
2006-08,2016-08,2.07910624139392,-4.57703723686177,True,17,2.0106204831759142,-3.293999933937475,True,26,2.844749268860804,36.825584581650105,True,26,2.844749268860804,36.825584581650105
2006-09,2016-09,2.0188710780247647,-2.160357325579443,True,16,1.993993514187532,-1.232251237239601,True,25,2.821224412594364,39.742673185184785,True,25,2.821224412594364,39.742673185184785
2006-10,2016-10,1.9385453978398453,0.0,True,15,1.9759970450682605,1.9319458430093084,True,24,2.7957619034846113,44.219573428611845,True,24,2.7957619034846113,44.219573428611845
2006-11,2016-11,1.923318736483286,0.0,True,14,1.9917298047745329,3.556928292412609,True,23,2.8180215775733215,46.518698337331486,True,23,2.8180215775733215,46.518698337331486
2006-12,2016-12,1.9571533547052251,0.0,True,13,2.062184927349468,5.366547919800713,True,22,2.9177058094358945,49.07905925825329,True,22,2.9177058094358945,49.07905925825329
2007-01,2017-01,1.9716230130065522,0.0,True,12,2.0833941540867316,5.668991503083443,True,21,2.9477139252184554,49.50697500347443,True,21,2.9477139252184554,49.50697500347443
2007-02,2017-02,1.9906418853555157,0.0,True,11,2.1283668566519474,6.9186211899602945,True,20,3.0113440651735655,51.27502778510858,True,20,3.0113440651735655,51.27502778510858
2007-03,2017-03,2.0768337102650722,-2.4727182539682424,True,10,2.1569302709278113,3.85666701512255,True,19,3.0517573368761806,46.94278707979349,True,19,3.0517573368761806,46.94278707979349
2007-04,2017-04,1.9904241506715674,0.0,True,9,2.1451126683621,7.771635891693784,True,18,3.0350370674171763,52.481925342051206,True,18,3.0350370674171763,52.481925342051206
2007-05,2017-05,1.9577035082814047,0.0,True,8,2.1730520182885065,11.000057419121045,True,17,3.0745673745739235,57.049694275358995,True,17,3.0745673745739235,57.049694275358995
2007-06,2017-06,1.9856264952520932,0.0,True,7,2.203384973471666,10.966739149596538,True,16,3.117484301364293,57.00255354260371,True,16,3.117484301364293,57.00255354260371
2007-07,2017-07,1.9937774478663275,0.0,True,6,2.2164637817798227,11.169066745729639,True,15,3.1359890021188743,57.28881904421692,True,15,3.1359890021188743,57.28881904421692
2007-08,2017-08,2.0863588894979257,-4.199628243824705,True,5,2.2143751251411268,6.135868391943244,True,14,3.1330338425074262,50.167541082127954,True,14,3.1330338425074262,50.167541082127954
2007-09,2017-09,2.0575772567235715,-1.2525307415199305,True,4,2.2438610642436156,9.053551059204313,True,13,3.1747523589581217,54.295657603326575,True,13,3.1747523589581217,54.295657603326575
2007-10,2017-10,2.0524353948247507,0.0,True,3,2.2979072208637814,11.96002693473286,True,12,3.2512201786269523,58.4079180677237,True,12,3.2512201786269523,58.4079180677237
2007-11,2017-11,2.190321206469981,-4.80495693854488,True,2,2.3282018079869506,6.294994593016057,True,11,3.294082819931066,50.392682598364466,True,11,3.294082819931066,50.392682598364466
2007-12,2017-12,2.225903358663976,-3.624876843466107,True,1,2.389461083170415,7.34792568014313,True,10,3.3807562024750633,51.88243412796902,True,10,3.3807562024750633,51.88243412796902
2008-01,2018-01,2.5000027004821335,-10.01852490512104,True,0,2.5000027004821335,0.0,True,9,3.537157267548014,41.48613786960558,True,9,3.537157267548014,41.48613786960558
2008-02,2018-02,2.466407540836805,-11.424770977393873,True,0,2.466407540836805,0.0,True,8,3.429088336386845,39.031700139200076,True,8,3.429088336386845,39.031700139200076
2008-03,2018-03,2.5345717506665344,-13.750284511323919,True,0,2.5345717506665344,0.0,True,7,3.4277619263989734,35.24027976314146,True,7,3.4277619263989734,35.24027976314146
2008-04,2018-04,2.3909357100774136,-10.089270996993216,True,0,2.3909357100774136,0.0,True,6,3.3671613360286643,40.83027501896497,True,6,3.3671613360286643,40.83027501896497
2008-05,2018-05,2.3769305130058123,-7.7844676735453255,True,1,2.486139491044084,4.5945381003237085,True,5,3.4283434125030166,44.23406127121534,True,5,3.4283434125030166,44.23406127121534
2008-06,2018-06,2.534800335407449,-11.699727488242495,True,0,2.534800335407449,0.0,True,4,3.4954458763112384,37.89827259705538,True,4,3.4954458763112384,37.89827259705538
2008-07,2018-07,2.7415392332872144,-17.066778431208895,True,0,2.7415392332872144,0.0,True,3,3.545966455760381,29.342174378027288,True,3,3.545966455760381,29.342174378027288
2008-08,2018-08,2.750702761853029,-15.316187307604324,True,0,2.750702761853029,0.0,True,2,3.6277595331100843,31.884825340642053,True,2,3.6277595331100843,31.884825340642053
2008-09,2018-09,2.9394244686331708,-19.421008797949057,True,0,2.9394244686331708,0.0,True,1,3.6852918728287305,25.374606905357467,True,1,3.6852918728287305,25.374606905357467
2008-10,2018-10,3.5415239410848898,-35.693641989576065,True,0,3.5415239410848898,0.0,True,0,3.5415239410848898,0.0,True,0,3.5415239410848898,0.0
2008-11,2018-11,3.794639880235012,-41.228276016511735,True,0,3.794639880235012,0.0,True,0,3.794639880235012,0.0,True,0,3.794639880235012,0.0
2008-12,2018-12,3.59630001706374,-41.43554289431107,True,0,3.59630001706374,0.0,True,0,3.59630001706374,0.0,True,0,3.59630001706374,0.0
2009-01,2019-01,3.6994266492987644,-42.079244435623195,True,0,3.6994266492987644,0.0,True,0,3.6994266492987644,0.0,True,0,3.6994266492987644,0.0
2009-02,2019-02,4.1965347153935175,-45.963487232852366,True,0,4.1965347153935175,0.0,True,0,4.1965347153935175,0.0,True,0,4.1965347153935175,0.0
2009-03,2019-03,4.5365232004755915,-49.038885962735456,True,0,4.5365232004755915,0.0,True,0,4.5365232004755915,0.0,True,0,4.5365232004755915,0.0
2009-04,2019-04,4.189514245202627,-42.76270718990946,True,0,4.189514245202627,0.0,True,0,4.189514245202627,0.0,True,0,4.189514245202627,0.0
2009-05,2019-05,3.8679952914956033,-38.95393608903167,True,0,3.8679952914956033,0.0,True,0,3.8679952914956033,0.0,True,0,3.8679952914956033,0.0
2009-06,2019-06,3.813175052812742,-37.20574745346781,True,0,3.813175052812742,0.0,True,0,3.813175052812742,0.0,True,0,3.813175052812742,0.0
2009-07,2019-07,3.9094101433286186,-36.40664458131653,True,0,3.9094101433286186,0.0,True,0,3.9094101433286186,0.0,True,0,3.9094101433286186,0.0
2009-08,2019-08,3.5026489780533607,-31.245580466482192,True,0,3.5026489780533607,0.0,True,0,3.5026489780533607,0.0,True,0,3.5026489780533607,0.0
2009-09,2019-09,3.4837453404453442,-28.73900467520334,True,0,3.4837453404453442,0.0,True,0,3.4837453404453442,0.0,False,,1.0538391287148567,-69.74982308608875
2009-10,2019-10,3.4024892629431216,-27.029349476734787,True,0,3.4024892629431216,0.0,True,0,3.4024892629431216,0.0,False,,1.055215778869017,-68.98694757507432
2009-11,2019-11,3.4806170132508383,-25.50393516770505,True,0,3.4806170132508383,0.0,True,0,3.4806170132508383,0.0,False,,1.0565164956666753,-69.64571248015861
2009-12,2019-12,3.489067390619146,-23.848592581765892,True,0,3.489067390619146,0.0,True,0,3.489067390619146,0.0,False,,1.0578188157991386,-69.6819035756307
2010-01,2020-01,3.557635769533851,-22.816214008962767,True,0,3.557635769533851,0.0,True,0,3.557635769533851,0.0,False,,1.0590965343564578,-70.23032702149752
2010-02,2020-02,3.668392873388183,-25.05433863507719,True,0,3.668392873388183,0.0,True,0,3.668392873388183,0.0,False,,1.0603316523611193,-71.09547180583793
2010-03,2020-03,2.8076363602138223,-20.60126610649464,True,0,2.8076363602138223,0.0,True,0,2.8076363602138223,0.0,False,,1.0604550933710426,-62.229613905901935
2010-04,2020-04,2.8138524466162083,-17.35523325586432,True,0,2.8138524466162083,0.0,True,1,2.990107630160168,6.263838878826622,False,,1.0604374457379413,-62.313679702247086
2010-05,2020-05,3.16572739208419,-22.21645778480643,True,0,3.16572739208419,0.0,True,0,3.16572739208419,0.0,False,,1.0604109735172234,-66.50340215115331
2010-06,2020-06,3.4956220559350037,-24.9724985925604,True,0,3.4956220559350037,0.0,True,0,3.4956220559350037,0.0,False,,1.0604462717209584,-69.66358906219592
2010-07,2020-07,3.6228533073175746,-25.091250737684035,True,0,3.6228533073175746,0.0,True,0,3.6228533073175746,0.0,False,,1.060419799279913,-70.72970641295254
2010-08,2020-08,3.803462825972991,-24.443732732108835,True,0,3.803462825972991,0.0,True,0,3.803462825972991,0.0,False,,1.060366848448227,-72.12101453424967
2010-09,2020-09,3.656300656943679,-21.8960158158508,True,0,3.656300656943679,0.0,True,0,3.656300656943679,0.0,False,,1.0603315493632732,-70.99988078525222
2010-10,2020-10,3.556558552077896,-18.320120765050007,True,0,3.556558552077896,0.0,False,,1.0603050718544464,-70.18732979287041,False,,1.0603050718544464,-70.18732979287041
2010-11,2020-11,3.607285619184722,-16.28480893829668,True,0,3.607285619184722,0.0,False,,1.0602609441417377,-70.60779056410382,False,,1.0602609441417377,-70.60779056410382
2010-12,2020-12,3.6262417844730734,-13.175110574582128,True,0,3.6262417844730734,0.0,False,,1.0602168182655323,-70.76265507707751,False,,1.0602168182655323,-70.76265507707751
2011-01,2021-01,3.602796324524865,-10.16770537324515,True,0,3.602796324524865,0.0,False,,1.0601550451227961,-70.57410551059644,False,,1.0601550451227961,-70.57410551059644
2011-02,2021-02,3.5796983056285128,-7.335850139951883,True,6,3.953724257721773,10.44853281364977,False,,1.0600756039930939,-70.38645401132571,False,,1.0600756039930939,-70.38645401132571
2011-03,2021-03,3.649630908755287,-8.365338800763045,True,5,3.9858482191559883,9.212364724173394,False,,1.0600138082166535,-70.9555888056041,False,,1.0600138082166535,-70.9555888056041
2011-04,2021-04,3.785255701473565,-6.328372981019359,True,4,4.22565085051871,11.634488757885041,False,,1.0599784891388626,-71.99717607647422,False,,1.0599784891388626,-71.99717607647422
2011-05,2021-05,3.7889880298592127,-5.7090786936108024,True,3,4.257640250948401,12.368796559819216,False,,1.0599608282760857,-72.02522626297474,False,,1.0599608282760857,-72.02522626297474
2011-06,2021-06,4.004171754484347,-9.160797194059523,True,2,4.334583654462098,8.251691491697777,False,,1.0599608282760846,-73.52858735170351,False,,1.0599608282760846,-73.52858735170351
2011-07,2021-07,4.002834375537762,-6.341558676888814,True,1,4.4674679961573,11.607615430181696,False,,1.059969657346701,-73.51952247076674,False,,1.059969657346701,-73.51952247076674
2011-08,2021-08,4.56505283880199,-16.080993404385513,True,0,4.56505283880199,0.0,False,,1.059996147647854,-76.78019981196911,False,,1.059996147647854,-76.78019981196911
2011-09,2021-09,4.5974294586878655,-16.741667992930342,True,0,4.5974294586878655,0.0,False,,1.0600226412595104,-76.94314505997777,False,,1.0600226412595104,-76.94314505997777
2011-10,2021-10,4.482787037071078,-14.22571454219459,True,0,4.482787037071078,0.0,False,,1.0600491328848167,-76.35290001245694,False,,1.0600491328848167,-76.35290001245694
2011-11,2021-11,4.613850611885558,-12.707510842197845,True,0,4.613850611885558,0.0,False,,1.0600844578476407,-77.02386689510928,False,,1.0600844578476407,-77.02386689510928
2011-12,2021-12,4.555176692142401,-11.347858541895395,True,0,4.555176692142401,0.0,False,,1.0601286134997268,-76.72694858734174,False,,1.0601286134997268,-76.72694858734174
2012-01,2022-01,4.2580194166327745,-7.106196285856181,True,83,1.942794507480882,-54.37328209702631,False,,1.0602345363392744,-75.10028882917345,False,,1.0602345363392744,-75.10028882917345
2012-02,2022-02,3.9691691331533785,-3.237565475752391,True,82,1.8862806851211718,-52.476686635356806,False,,1.060446160099685,-73.28291830040526,False,,1.060446160099685,-73.28291830040526
2012-03,2022-03,3.823445870117531,-0.44526595108360656,True,81,1.86933805431963,-51.10855187124259,False,,1.0607635167633709,-72.25634799608753,False,,1.0607635167633709,-72.25634799608753
2012-04,2022-04,3.829407616301806,-0.48137528015816944,True,80,1.8714490391588572,-51.129542042166264,False,,1.0613622732416084,-72.28390446805965,False,,1.0613622732416084,-72.28390446805965
2012-05,2022-05,3.640431593292951,-3.5555143366299613,True,79,1.7240099248057297,-52.64270511271227,False,,1.0621455552762433,-70.82363648219302,False,,1.0621455552762433,-70.82363648219302
2012-06,2022-06,3.558762837628987,-4.665013851109368,True,78,1.66582080854031,-53.191013716155446,False,,1.0633757440072549,-70.1195108377684,False,,1.0633757440072549,-70.1195108377684
2012-07,2022-07,3.473768417832182,-1.8776549405312704,True,77,1.6734376525842753,-51.82644749736684,False,,1.0652432066941153,-69.33465106004722,False,,1.0652432066941153,-69.33465106004722
2012-08,2022-08,3.576513607887885,0.0,True,76,1.7811978320394324,-50.19737019562688,False,,1.067461271988592,-70.15358002177481,False,,1.067461271988592,-70.15358002177481
2012-09,2022-09,3.218936930907648,0.0,True,75,1.6514370087254977,-48.696198646556276,False,,1.0701083608868032,-66.75584567650839,False,,1.0701083608868032,-66.75584567650839
2012-10,2022-10,3.126159257717707,-0.21394019450718949,True,74,1.6002739852063188,-48.810221959881225,False,,1.0732810459327407,-65.6677425091803,False,,1.0732810459327407,-65.6677425091803
2012-11,2022-11,3.387426432558401,-3.0421634529981367,True,73,1.6847427774571617,-50.26481575321664,False,,1.076843295800414,-68.21057763940534,False,,1.076843295800414,-68.21057763940534
2012-12,2022-12,3.315590542553116,-0.9296055901764078,True,72,1.6848462434173548,-49.184128082354626,False,,1.0805217722277352,-67.41088025315403,False,,1.0805217722277352,-67.41088025315403
2013-01,2023-01,3.223596766402604,0.0,True,71,1.707953248541139,-47.017155919065466,False,,1.0844638306847498,-66.35857679262517,False,,1.0844638306847498,-66.35857679262517
2013-02,2023-02,3.249214295845276,0.0,True,70,1.7615707749869152,-45.784715485235594,False,,1.0884884744135912,-66.49994813190912,False,,1.0884884744135912,-66.49994813190912
2013-03,2023-03,3.0813010906265736,0.0,True,69,1.715913479573865,-44.31204776470127,False,,1.0925719437522954,-64.5418635953514,False,,1.0925719437522954,-64.5418635953514
2013-04,2023-04,3.1584643758740985,0.0,True,68,1.7844019889278844,-43.50412806432066,False,,1.0968987106321162,-65.27113875303559,False,,1.0968987106321162,-65.27113875303559
2013-05,2023-05,3.042538524338672,0.0,True,67,1.7975115447852432,-40.92066442524499,False,,1.1014532028384858,-63.79821671845887,False,,1.1014532028384858,-63.79821671845887
2013-06,2023-06,3.2289455506147577,-1.115810079032109,True,66,1.886275365896515,-41.582311118953754,False,,1.1060349242195677,-65.74625038167676,False,,1.1060349242195677,-65.74625038167676
2013-07,2023-07,3.2483340094060726,0.0,True,65,1.959330164547719,-39.6819982528224,False,,1.1107241354127702,-65.80634466170997,False,,1.1107241354127702,-65.80634466170997
2013-08,2023-08,3.20777861971423,0.0,True,64,1.9397258030292457,-39.53055890116104,False,,1.1154773757367011,-65.22586163268103,False,,1.1154773757367011,-65.22586163268103
2013-09,2023-09,3.139703088516394,0.0,True,63,1.9212042943453478,-38.80936380983797,False,,1.1202873523674506,-64.3186848952389,False,,1.1202873523674506,-64.3186848952389
2013-10,2023-10,2.98120267275463,0.0,True,62,1.8627857061984057,-37.515630076998676,False,,1.1251077547833086,-62.25993740493633,False,,1.1251077547833086,-62.25993740493633
2013-11,2023-11,3.002484273970019,0.0,True,61,1.9484043427149833,-35.1069259677182,False,,1.1298674871766887,-62.36891240456932,False,,1.1298674871766887,-62.36891240456932
2013-12,2023-12,3.1105284715461305,0.0,True,60,2.0491316052295083,-34.12271824629981,False,,1.1346204058223752,-63.52322712357632,False,,1.1346204058223752,-63.52322712357632
2014-01,2024-01,3.1703681234237213,0.0,True,59,2.1087350267014724,-33.48611440036111,False,,1.1394037413156914,-64.06083782834548,False,,1.1394037413156914,-64.06083782834548
2014-02,2024-02,3.307748760654696,-0.12814579873229315,True,58,2.197201346117006,-33.57411626141405,False,,1.144215833990525,-65.40801866209291,False,,1.144215833990525,-65.40801866209291
2014-03,2024-03,3.3257243816732016,0.0,True,57,2.2692279484788713,-31.76740799737582,False,,1.1490482497826802,-65.44968500352444,False,,1.1490482497826802,-65.44968500352444
2014-04,2024-04,3.2855001624230558,0.0,True,56,2.2462864118981374,-31.63030586364356,False,,1.1539202986788295,-64.87839775884187,False,,1.1539202986788295,-64.87839775884187
2014-05,2024-05,3.31732785862243,0.0,True,55,2.3027754792889104,-30.583422036398535,False,,1.1588221809752104,-65.06760168539903,False,,1.1588221809752104,-65.06760168539903
2014-06,2024-06,3.328681137154421,0.0,True,54,2.384472054953857,-28.36586153180587,False,,1.1637259776929703,-65.03942763686278,False,,1.1637259776929703,-65.03942763686278
2014-07,2024-07,3.3576393147615455,0.0,True,53,2.4411708124500273,-27.295025355533298,False,,1.1686232390642228,-65.19509305462083,False,,1.1686232390642228,-65.19509305462083
2014-08,2024-08,3.339278594362993,-0.4253881371107937,True,52,2.4174335624969703,-27.60611329112166,False,,1.1734015765017818,-64.86062652925723,False,,1.1734015765017818,-64.86062652925723
2014-09,2024-09,3.3702248523177794,0.0,True,51,2.48321485276651,-26.31901544911024,False,,1.177900391094466,-65.04979807847546,False,,1.177900391094466,-65.04979807847546
2014-10,2024-10,3.570934858966775,-2.645259759842633,True,50,2.5614578461767707,-28.269264286778096,False,,1.1822186759353879,-66.89330042056677,False,,1.1822186759353879,-66.89330042056677
2014-11,2024-11,3.462005159375559,0.0,True,49,2.6250015562031046,-24.176844477130256,False,,1.1864676072120715,-65.72888968697914,False,,1.1864676072120715,-65.72888968697914
2014-12,2024-12,3.490758436876718,0.0,True,48,2.6635485407207287,-23.697139493161767,False,,1.1905792551344874,-65.89339317905558,False,,1.1905792551344874,-65.89339317905558
2015-01,2025-01,3.5151243469788955,-1.1081930699361697,True,47,2.652350833122825,-24.544608630917676,False,,1.1946478476487492,-66.0140657989667,False,,1.1946478476487492,-66.0140657989667
2015-02,2025-02,3.4558442122927104,0.0,True,46,2.681352837747139,-22.411061580572532,False,,1.1987499163308812,-65.31238555063237,False,,1.1987499163308812,-65.31238555063237
2015-03,2025-03,3.2546213868657103,0.0,True,45,2.5266072320775512,-22.368628121418965,False,,1.2028368114311454,-63.04218929165491,False,,1.2028368114311454,-63.04218929165491
2015-04,2025-04,3.051358500736348,0.0,True,44,2.3896089313830107,-21.68704756237738,False,,1.2069573473826374,-60.44524604069379,False,,1.2069573473826374,-60.44524604069379
2015-05,2025-05,3.2737659054596033,0.0,True,43,2.5888681783119396,-20.920791129429006,False,,1.211130730993472,-63.00496840737176,False,,1.211130730993472,-63.00496840737176
2015-06,2025-06,3.415629271771221,-0.4342768576127587,True,42,2.6892777425006154,-21.26552595369773,False,,1.2152991139525802,-64.4194665973696,False,,1.2152991139525802,-64.4194665973696
2015-07,2025-07,3.573090848819421,-0.5125467013838758,True,41,2.8109724884478595,-21.329386590418544,False,,1.2194911815634217,-65.87013224233155,False,,1.2194911815634217,-65.87013224233155
2015-08,2025-08,3.731013874718491,-2.9235018969725246,True,40,2.863913278708829,-23.240347667564908,False,,1.2235297091537594,-67.20650873360593,False,,1.2235297091537594,-67.20650873360593
2015-09,2025-09,4.017781677731366,-7.2978144827672065,True,39,2.9450180918462356,-26.70039519147952,False,,1.2274360557328912,-69.44990658561714,False,,1.2274360557328912,-69.44990658561714
2015-10,2025-10,3.944028414554756,-3.294585091227331,True,38,3.015749401571001,-23.53631656298676,False,,1.231256088263385,-68.78176425606756,False,,1.231256088263385,-68.78176425606756
2015-11,2025-11,3.838328844316849,-0.457560403154178,True,37,3.0207270118166143,-21.300984508161726,False,,1.2349455032983365,-67.82595881207949,False,,1.2349455032983365,-67.82595881207949
2015-12,2025-12,3.949470669556133,-1.5543140033909775,True,36,3.073360162162951,-22.18298553643,False,,1.238343517395776,-68.64532943765477,False,,1.238343517395776,-68.64532943765477
2016-01,2026-01,4.271333618071503,-7.873502345958283,True,35,3.109796388646038,-27.193783798838368,False,,1.2416999338980326,-70.9294556471883,False,,1.2416999338980326,-70.9294556471883
2016-02,2026-02,4.277167924635926,-8.379460746688972,True,34,3.096143104339976,-27.612308918090456,False,,1.2450437669179846,-70.89093089502762,False,,1.2450437669179846,-70.89093089502762
2016-03,2026-03,3.8855441630933854,-2.5492406532687695,True,33,2.9909155811622745,-23.0245377321583,False,,1.2484273907777106,-67.86994721007613,False,,1.2484273907777106,-67.86994721007613
2016-04,2026-04,3.954163980167892,0.0,True,32,3.129337184714625,-20.85970130703192,False,,1.2518826404806185,-68.34014353579074,False,,1.2518826404806185,-68.34014353579074
2016-05,2026-05,4.22975055670215,-0.3035889990610108,True,31,3.336524982670556,-21.117689141650565,False,,1.25529561649722,-70.3222305980155,False,,1.25529561649722,-70.3222305980155
2016-06,2026-06,4.210058557821478,0.0,True,30,3.3556813363536078,-20.293713489580846,False,,1.2587786300378998,-70.10068594653318,False,,1.2587786300378998,-70.10068594653318
