depart,fin,A_final,drawdown_t0_pct,B10_declenche,B10_mois_attente,B10_final,B10_ecart_pct,B20_declenche,B20_mois_attente,B20_final,B20_ecart_pct,B30_declenche,B30_mois_attente,B30_final,B30_ecart_pct
1934-01,1944-01,1.9343505168199768,0.0,True,4,2.0497739377283,5.967037509730977,True,14,2.295321534870428,18.661096575396186,True,45,1.4112771099324841,-27.041293826488698
1934-02,1944-02,1.7908930193150094,0.0,True,3,2.0448248868467105,14.179064008459097,True,13,2.289779624683848,27.856862469632905,True,44,1.4078696696794288,-21.38728251797427
1934-03,1944-03,1.9421492879973614,0.0,True,4,2.1702859215321433,11.746606450116094,True,43,1.4535227643206905,-25.159060979319257,True,43,1.4535227643206905,-25.159060979319257
1934-04,1944-04,1.878828835391018,0.0,True,3,2.141936681257112,14.00382200389938,True,42,1.4345362032956506,-23.64731814449198,True,42,1.4345362032956506,-23.64731814449198
1934-05,1944-05,2.1295068006242244,0.0,True,10,2.384605798795021,11.979252571347466,True,41,1.4661734876467558,-31.149621723820044,True,41,1.4661734876467558,-31.149621723820044
1934-06,1944-06,2.201565081062322,0.0,True,9,2.5072848987743517,13.886476504456112,True,40,1.5416026608748639,-29.976966198473963,True,40,1.5416026608748639,-29.976966198473963
1934-07,1944-07,2.371340371042025,0.0,True,35,1.2693456857926084,-46.47138380919873,True,39,1.5881765517922826,-33.02620867141064,True,39,1.5881765517922826,-33.02620867141064
1934-08,1944-08,2.431813968155281,0.0,True,34,1.255974162370361,-48.35237486019069,True,38,1.571446404757754,-35.37966204093244,True,38,1.571446404757754,-35.37966204093244
1934-09,1944-09,2.451289407359129,0.0,True,33,1.2406135624142312,-49.389347553588415,True,37,1.5522275702473158,-36.67709877147506,True,37,1.5522275702473158,-36.67709877147506
1934-10,1944-10,2.491848531285782,0.0,True,32,1.2763878688436363,-48.77746970498941,True,36,1.5969875716115902,-35.91153107578524,True,36,1.5969875716115902,-35.91153107578524
1934-11,1944-11,2.4074547367092727,0.0,True,31,1.272762703194971,-47.13243477488185,True,35,1.5924518465179347,-33.85330065666604,True,35,1.5924518465179347,-33.85330065666604
1934-12,1944-12,2.444148404000484,0.0,True,30,1.3058558572042003,-46.572153512985224,True,34,1.6338572507435696,-33.15228944079919,True,34,1.6338572507435696,-33.15228944079919
1935-01,1945-01,2.5167237645444565,0.0,True,29,1.3500766306005003,-46.35578804395034,True,33,1.6891852801339797,-32.8815778699601,True,33,1.6891852801339797,-32.8815778699601
1935-02,1945-02,2.6809385414319764,0.0,True,28,1.4005057374063026,-47.7606175687173,True,32,1.752281035571785,-34.63926873027702,True,32,1.752281035571785,-34.63926873027702
1935-03,1945-03,2.858964824519963,0.0,True,27,1.404943016464321,-50.858331504648035,True,31,1.7578328585563203,-38.515058195881416,True,31,1.7578328585563203,-38.515058195881416
1935-04,1945-04,2.7256693601409387,0.0,True,26,1.4457061992224687,-46.95959017025769,True,30,1.8088348289080678,-33.63704140495835,True,30,1.8088348289080678,-33.63704140495835
1935-05,1945-05,2.622399883339823,0.0,True,25,1.5058595909151404,-42.57704172113846,True,29,1.8840973891911825,-28.153696117784943,True,29,1.8840973891911825,-28.153696117784943
1935-06,1945-06,2.5724652095209377,0.0,True,24,1.5387981525922654,-40.18196448694321,True,28,1.925309370994791,-25.15702976782588,True,28,1.925309370994791,-25.15702976782588
1935-07,1945-07,2.3948030637398623,0.0,True,23,1.512737949840909,-36.832469744775985,True,27,1.892703435978111,-20.96621786417976,True,27,1.892703435978111,-20.96621786417976
1935-08,1945-08,2.2517852156755733,0.0,True,22,1.5234563072000245,-32.344510631181045,True,26,1.90611400176961,-15.350985142792851,True,26,1.90611400176961,-15.350985142792851
1935-09,1945-09,2.356162086489657,0.0,True,21,1.6328616320259195,-30.69824689104268,True,25,2.0429994644725524,-13.291217264414602,True,25,2.0429994644725524,-13.291217264414602
1935-10,1945-10,2.390952792606808,0.0,True,20,1.7065671918048673,-28.623969612372345,True,24,2.1352181902994385,-10.695928547737966,True,24,2.1352181902994385,-10.695928547737966
1935-11,1945-11,2.2577716502482317,0.0,True,19,1.7681070390244973,-21.687959948026545,True,23,2.212215452313267,-2.0177504633808296,True,23,2.212215452313267,-2.0177504633808296
1935-12,1945-12,2.296585600599159,0.0,True,18,1.8039049808357324,-21.45274357005855,True,22,2.2570050257315803,-1.7234530625487077,True,22,2.2570050257315803,-1.7234530625487077
1936-01,1946-01,2.2634673524536097,0.0,True,17,1.881510949114145,-16.874835986718427,True,21,2.3541038542685437,4.004321145462231,True,21,2.3541038542685437,4.004321145462231
1936-02,1946-02,2.1471501838222715,0.0,True,16,1.8925902590538806,-11.855711197399032,True,20,2.367966035747768,10.284136321214788,True,20,2.367966035747768,10.284136321214788
1936-03,1946-03,2.040402988381793,0.0,True,15,1.841967571807466,-9.725305133556128,True,19,2.3046280768502534,12.949652101716058,True,19,2.3046280768502534,12.949652101716058
1936-04,1946-04,2.1693198666692313,0.0,True,14,1.9666567628254275,-9.342241637927383,True,18,2.4606363665172415,13.428932465146183,True,18,2.4606363665172415,13.428932465146183
1936-05,1946-05,2.2955766758362817,0.0,True,13,1.9768448739583213,-13.884607089495105,True,17,2.473383500248753,7.745627766831009,True,17,2.473383500248753,7.745627766831009
1936-06,1946-06,2.187533571195432,0.0,True,12,1.9701496774155036,-9.93739692237654,True,16,2.4650066220839184,12.68428766269649,True,16,2.4650066220839184,12.68428766269649
1936-07,1946-07,2.006516048460803,0.0,True,11,1.9199887352785951,-4.312316028998763,True,15,2.402246388201764,19.722261381588524,True,15,2.402246388201764,19.722261381588524
1936-08,1946-08,1.929433100390467,0.0,True,10,1.8888457999910484,-2.103586819942338,True,14,2.363281053438144,22.485773306152844,True,14,2.363281053438144,22.485773306152844
1936-09,1946-09,1.6275187173530241,0.0,True,9,1.6164571613200232,-0.6796576847356572,True,13,2.02247456253979,24.26736116615096,True,13,2.02247456253979,24.26736116615096
1936-10,1946-10,1.512852994439669,0.0,True,8,1.586254969708689,4.851890800943726,True,12,1.984686264941483,31.188309256483436,True,12,1.984686264941483,31.188309256483436
1936-11,1946-11,1.4669439358692355,0.0,True,7,1.5861056018466542,8.123123390316177,True,11,1.9844993792579924,35.281201328398424,True,11,1.9844993792579924,35.281201328398424
1936-12,1946-12,1.5380541589639194,0.0,True,6,1.6400015205842389,6.628333666026065,True,10,2.0519327312080455,33.41095430542516,True,10,2.0519327312080455,33.41095430542516
1937-01,1947-01,1.500271117222615,0.0,True,5,1.655116461454716,10.321157453111486,True,9,2.0708442026384852,38.031331728370986,True,9,2.0708442026384852,38.031331728370986
1937-02,1947-02,1.514283497311269,0.0,True,4,1.7258177100640777,13.969260916361058,True,8,2.159304002424003,42.595756095738935,True,8,2.159304002424003,42.595756095738935
1937-03,1947-03,1.4552806666257352,0.0,True,3,1.6624649080490672,14.236720529223867,True,7,2.0800384124616027,42.93039550126456,True,7,2.0800384124616027,42.93039550126456
1937-04,1947-04,1.4910503097496517,0.0,True,5,1.7281178828255046,15.899367816479426,True,6,2.0115880094129204,34.9108072517464,True,7,2.1926740814193946,47.05567391535877
1937-05,1947-05,1.533273544360721,0.0,True,4,1.7047080700446833,11.180948521187695,True,5,1.9843381908904092,29.418406662573293,True,6,2.1629711946860763,41.06883945407795
1937-06,1947-06,1.6482803695525936,0.0,True,3,1.7716759138005065,7.486320078022102,True,4,2.0622910393935423,25.117733456555523,True,5,2.247941471743712,36.38101340452713
1937-07,1947-07,1.6532044865589912,0.0,True,2,1.890364669705943,14.345483881463528,True,3,2.200448789281037,33.10203348534879,True,4,2.398536382783147,45.08407170945334
1937-08,1947-08,1.6046553536119494,0.0,True,1,1.8609962902463384,15.97482824317298,True,2,2.166262996422834,34.99864575572265,True,3,2.3612731352383225,47.15141976894213
1937-09,1947-09,1.8207710038950675,0.0,True,1,2.1194393945704433,16.403402187120307,True,2,2.310234404792518,26.88220538718875,False,,1.0,-45.078211490585076
1937-10,1947-10,2.1837856660660693,0.0,True,5,2.5243707630147356,15.596086293679434,True,32,2.3945918661898293,9.65324589310599,False,,1.0,-54.20796026189571
1937-11,1947-11,2.363211590330856,0.0,True,5,2.5958319241139844,9.843398480902055,True,31,2.3773277241941213,0.5973283950121866,False,,1.0,-57.684703134855674
1937-12,1947-12,2.3607910536190677,0.0,True,4,2.566932681998767,8.731887901035806,True,30,2.3508610763150775,-0.42062076136588633,False,,1.0,-57.641316944716024
1938-01,1948-01,2.2671523464166503,0.0,True,3,2.5447777729430507,12.245556720755957,True,29,2.330571057136301,2.7972849208782513,False,,1.0,-55.89180402540875
1938-02,1948-02,2.206219639036384,0.0,True,14,2.1088265899098926,-4.414476573557757,True,28,2.2269377414738956,0.9390770561067185,False,,1.0,-54.67359721098428
1938-03,1948-03,2.3927237160500967,0.0,True,13,2.149333010815372,-10.172119062559947,True,27,2.269712845846178,-5.141039451348972,False,,1.0,-58.206624806193766
1938-04,1948-04,2.681242531125851,0.0,True,12,2.325312782388542,-13.274806161897423,True,26,2.4555488917910426,-8.41750183785276,False,,1.0,-62.703858812052296
1938-05,1948-05,2.7811920597196687,0.0,True,11,2.4492539669476705,-11.9351014113515,True,25,2.5864317737398608,-7.002762908773685,False,,1.0,-64.04419477233819
1938-06,1948-06,2.8261756791248005,0.0,True,10,2.561606225803011,-9.3613944552704,True,24,2.7050766574784957,-4.28490778336208,False,,1.0,-64.61649545049953
1938-07,1948-07,2.3002267248882995,0.0,True,9,2.511560316353871,9.187511351770494,True,23,2.652227776924767,15.302885069016892,False,,1.0,-56.52602462270059
1938-08,1948-08,2.2199889782784474,0.0,True,8,2.449145200034344,10.322403579390826,True,22,2.586316915009669,16.50134033617143,False,,1.0,-54.95473131693303
1938-09,1948-09,2.2993445793798233,0.0,True,7,2.4326280664707496,5.796586048311014,True,21,2.5688746898927595,11.722040834159507,False,,1.0,-56.50934579497785
1938-10,1948-10,2.1266069670806274,0.0,True,6,2.5104484968966596,18.049481439579964,True,20,2.651053686687658,24.661196343534165,False,,1.0,-52.97673639371246
1938-11,1948-11,2.0096304235439386,0.0,True,5,2.3826518341711704,18.56169205327898,True,19,2.516099388966117,25.20209484732181,False,,1.0,-50.23960683096536
1938-12,1948-12,2.0598639775690493,0.0,True,4,2.379145642786681,15.500133440579521,True,18,2.5123968228280056,21.969064471578047,False,,1.0,-51.45310511327301
1939-01,1949-01,2.1181889913592142,0.0,True,3,2.4181280642235077,14.160165787275968,True,17,2.5535625715752364,20.554047915084706,False,,1.0,-52.789859446946096
1939-02,1949-02,2.0572687977733133,0.0,True,2,2.337882382082612,13.640103063489839,True,16,2.4688224895765956,20.004857520258312,False,,1.0,-51.39186473433366
1939-03,1949-03,2.0825458383873534,0.0,True,1,2.372969084499334,13.945587211510002,True,15,2.505874327887777,20.327451223269755,False,,1.0,-51.98184925550724
1939-04,1949-04,2.382960342711569,0.0,True,13,2.312867468810213,-2.9414200750650044,True,14,2.516425176451664,5.600799616674501,False,,1.0,-58.035390598984925
1939-05,1949-05,2.2851214171402168,0.0,True,12,2.308811666459629,1.0367173114617323,True,13,2.5120124190051807,9.929056730338349,False,,1.0,-56.23864918077396
1939-06,1949-06,2.1267884787535714,0.0,True,11,2.195558049532483,3.2334936673728443,True,12,2.388791241482938,12.319173502525093,False,,1.0,-52.980749614269996
1939-07,1949-07,2.1975964886372195,0.0,True,10,2.3331624631108734,6.168829226593897,True,11,2.5385063528713387,15.51285078934237,False,,1.0,-54.49574090737088
1939-08,1949-08,2.313863386995811,0.0,True,9,2.4305531588730207,5.043070932061955,True,10,2.6444684981619564,14.288013416184619,False,,1.0,-56.782236772485376
1939-09,1949-09,2.122440256978156,0.0,True,8,2.4761227188606116,16.663953707041635,True,9,2.6940486792916554,26.931661347553405,False,,1.0,-52.884421754054024
1939-10,1949-10,2.1593485605753524,0.0,True,7,2.5543618292994195,18.293168409032432,True,8,2.779173689672245,28.704264814557877,False,,1.0,-53.68973688372234
1939-11,1949-11,2.232934815477209,0.0,True,6,2.6045524672005165,16.642566059138964,True,7,2.833781654261527,26.90839135202916,False,,1.0,-55.2158892830785
1939-12,1949-12,2.3517982020898733,0.0,True,5,2.6894308064482058,14.356359489445246,True,6,2.926130218413439,24.42097352626591,False,,1.0,-57.47934499178662
1940-01,1950-01,2.4172970523907504,0.0,True,4,2.760298012805139,14.189441884072718,True,5,3.0032345162888032,24.2393653406622,False,,1.0,-58.631480603056964
1940-02,1950-02,2.4840075352801683,0.0,True,3,2.83006857868963,13.931561740227561,True,4,3.079145657300843,23.958788915410835,False,,1.0,-59.74247316897889
1940-03,1950-03,2.521898684973871,0.0,True,2,2.869123853962075,13.768402793381895,True,3,3.1216382252037453,23.78127019151397,False,,1.0,-60.3473364747656
1940-04,1950-04,2.570798965737684,0.0,True,1,2.966414989451855,15.388835493818952,True,2,3.227492047825928,25.54431874449614,False,,1.0,-61.10158696469475
1940-05,1950-05,3.0826716307144726,0.0,True,12,3.2381918045166866,5.044980213029349,True,23,3.634432503610772,17.89878842101704,False,,1.0,-67.5606058706866
1940-06,1950-06,3.4267350075245235,0.0,True,11,3.308434576848935,-3.4522783470510854,True,22,3.7132705188734776,8.361764499436664,False,,1.0,-70.81770262934918
1940-07,1950-07,3.0777306351497713,0.0,True,10,3.0866266066793293,0.2890432134625476,True,21,3.4643210603454446,12.560892132032242,False,,1.0,-67.50852759564721
1940-08,1950-08,3.197743016618868,0.0,True,9,3.2921452348926756,2.952151495076172,True,20,3.694987934813546,15.549871131309345,False,,1.0,-68.72794359012158
1940-09,1950-09,3.178365465384141,0.0,True,8,3.4280526593571814,7.855836488673362,True,19,3.8475256443670256,21.053594568364375,False,,1.0,-68.53728714047871
1940-10,1950-10,3.2809766865812895,0.0,True,7,3.5906017354633275,9.43697802390242,True,18,4.029965005991022,22.82821217453279,False,,1.0,-69.52127078226881
1940-11,1950-11,3.202672452884729,0.0,True,6,3.6048070799320184,12.556220873760493,True,17,4.045908584623389,26.329140558196485,False,,1.0,-68.77607639522192
1940-12,1950-12,3.329044525573113,0.0,True,12,3.729699970398391,12.035148275954732,False,,1.0,-69.96135100272218,False,,1.0,-69.96135100272218
1941-01,1951-01,3.570218024124042,0.0,True,11,4.0288104199189485,12.84494091666637,False,,1.0,-71.99050609114127,False,,1.0,-71.99050609114127
1941-02,1951-02,3.950297637316872,0.0,True,10,4.202666126147961,6.388594278240345,False,,1.0,-74.68545178587551,False,,1.0,-74.68545178587551
1941-03,1951-03,3.861058258025072,0.0,True,9,4.156182091722384,7.643599603396489,False,,1.0,-74.10036489551703,False,,1.0,-74.10036489551703
1941-04,1951-04,4.038339501837278,0.0,True,8,4.236457605537666,4.905929865734482,False,,1.0,-75.23734694556906,False,,1.0,-75.23734694556906
1941-05,1951-05,4.129370731722581,0.0,True,7,4.26330058302178,3.24334771567798,False,,1.0,-75.78323514723884,False,,1.0,-75.78323514723884
1941-06,1951-06,3.9211666859219543,0.0,True,6,4.214699345185234,7.48585007408995,False,,1.0,-74.49738610729634,False,,1.0,-74.49738610729634
1941-07,1951-07,3.796778986891432,0.0,True,5,4.314226715835901,13.628597575233737,False,,1.0,-73.66188541780943,False,,1.0,-73.66188541780943
1941-08,1951-08,3.9819813635992274,0.0,True,4,4.528222098936,13.717812452116496,False,,1.0,-74.88687392810594,False,,1.0,-74.88687392810594
1941-09,1951-09,4.0714292783660735,0.0,True,3,4.6699969280129245,14.701659017569014,False,,1.0,-75.43860075591647,False,,1.0,-75.43860075591647
1941-10,1951-10,4.2167546997476695,0.0,True,5,4.901689978247855,16.243185275661688,False,,1.0,-76.2850800863555,False,,1.0,-76.2850800863555
1941-11,1951-11,4.296501648168644,0.0,True,4,4.790595322178003,11.499906539543936,False,,1.0,-76.7252504039829,False,,1.0,-76.7252504039829
1941-12,1951-12,4.729178117746908,0.0,True,4,5.141118705784153,8.71061689326904,False,,1.0,-78.8546767513924,False,,1.0,-78.8546767513924
1942-01,1952-01,4.7856510269739445,0.0,True,3,5.338281486599281,11.547654781146367,False,,1.0,-79.10420140617069,False,,1.0,-79.10420140617069
1942-02,1952-02,4.842308666687897,0.0,True,55,2.191805532712764,-54.73635235624204,False,,1.0,-79.34869359156338,False,,1.0,-79.34869359156338
1942-03,1952-03,5.122972037923018,0.0,True,54,2.2082633005724315,-56.894878905727595,False,,1.0,-80.48008084765137,False,,1.0,-80.48008084765137
1942-04,1952-04,5.317743171756492,0.0,True,53,2.2128232730886634,-58.38792507239964,False,,1.0,-81.1950301528065,False,,1.0,-81.1950301528065
1942-05,1952-05,5.244823139549629,0.0,True,52,2.2230764559041547,-57.61389094056183,False,,1.0,-80.93358015336491,False,,1.0,-80.93358015336491
1942-06,1952-06,5.12134562530003,0.0,True,51,2.295289748561527,-55.18190107649571,False,,1.0,-80.47388180442488,False,,1.0,-80.47388180442488
1942-07,1952-07,5.072198036214589,0.0,True,50,2.372568269286613,-53.22406080466695,False,,1.0,-80.28468145643805,False,,1.0,-80.28468145643805
1942-08,1952-08,5.11521499970173,0.0,True,49,2.393459104991057,-53.20902239435448,False,,1.0,-80.45047959746931,False,,1.0,-80.45047959746931
1942-09,1952-09,4.976431883598204,0.0,True,48,2.366923203476231,-52.43734348545268,False,,1.0,-79.90528106501579,False,,1.0,-79.90528106501579
1942-10,1952-10,4.535101707552823,0.0,True,47,2.32868970458279,-48.65187475940049,False,,1.0,-77.94977787742697,False,,1.0,-77.94977787742697
1942-11,1952-11,4.602451271649171,0.0,True,46,2.41398644402896,-47.549983659816796,False,,1.0,-78.2724478549085,False,,1.0,-78.2724478549085
1942-12,1952-12,4.759928659973916,0.0,True,45,2.522726744294347,-47.00074466435026,False,,1.0,-78.9912817725827,False,,1.0,-78.9912817725827
1943-01,1953-01,4.513449774310286,0.0,True,44,2.5476730629063202,-43.55375177968745,False,,1.0,-77.84399849330741,False,,1.0,-77.84399849330741
1943-02,1953-02,4.207817631311249,0.0,True,43,2.527967035586285,-39.92213405887283,False,,1.0,-76.2347114913253,False,,1.0,-76.2347114913253
1943-03,1953-03,4.084126077989435,0.0,True,42,2.552161615683253,-37.51021474489713,False,,1.0,-75.51495764566877,False,,1.0,-75.51495764566877
1943-04,1953-04,3.7591512237499667,0.0,True,41,2.4380338875807746,-35.14403272266612,False,,1.0,-73.39825028367858,False,,1.0,-73.39825028367858
1943-05,1953-05,3.638143399934624,0.0,True,40,2.46250853459327,-32.3141431248279,False,,1.0,-72.51345287769664,False,,1.0,-72.51345287769664
1943-06,1953-06,3.44992460362406,0.0,True,39,2.386009510739493,-30.838792585987264,False,,1.0,-71.01385928986608,False,,1.0,-71.01385928986608
1943-07,1953-07,3.4310366405236903,0.0,True,38,2.4316707922602556,-29.1272275107764,False,,1.0,-70.8542896864148,False,,1.0,-70.8542896864148
1943-08,1953-08,3.626394132815489,0.0,True,37,2.4535281323032154,-32.34248560847065,False,,1.0,-72.42439835893921,False,,1.0,-72.42439835893921
1943-09,1953-09,3.3908149392490667,0.0,True,36,2.3527648134898875,-30.613588307153883,False,,1.0,-70.5085645216173,False,,1.0,-70.5085645216173
1943-10,1953-10,3.5277525095599738,0.0,True,35,2.4355884709766578,-30.95920237101737,False,,1.0,-71.65334027004256,False,,1.0,-71.65334027004256
1943-11,1953-11,3.7824317505437532,0.0,True,34,2.5016348834144893,-33.861731066135945,False,,1.0,-73.5619816575344,False,,1.0,-73.5619816575344
1943-12,1953-12,3.784942500682247,0.0,True,33,2.5476683688541915,-32.68937722581078,False,,1.0,-73.57951937658902,False,,1.0,-73.57951937658902
1944-01,1954-01,3.761500037922831,0.0,True,32,2.624764237264033,-30.220278856796824,False,,1.0,-73.41486136067626,False,,1.0,-73.41486136067626
1944-02,1954-02,3.871599264914769,0.0,True,31,2.6950683480447672,-30.38875762613057,False,,1.0,-74.17088051797596,False,,1.0,-74.17088051797596
1944-03,1954-03,3.8469183880089504,0.0,True,30,2.7647237463560708,-28.131468684808546,False,,1.0,-74.00516727578487,False,,1.0,-74.00516727578487
1944-04,1954-04,4.071225484808465,0.0,True,29,2.887710163535234,-29.070247415414542,False,,1.0,-75.43737128460606,False,,1.0,-75.43737128460606
1944-05,1954-05,4.1594619071916314,0.0,True,28,3.0153619156240925,-27.505961518469768,False,,1.0,-75.95842870273631,False,,1.0,-75.95842870273631
1944-06,1954-06,4.004250915262391,0.0,True,27,3.0521836863190033,-23.776412844523275,False,,1.0,-75.02654001555065,False,,1.0,-75.02654001555065
1944-07,1954-07,4.060146648239713,0.0,True,26,3.188287172064483,-21.47359570258939,False,,1.0,-75.37034775742515,False,,1.0,-75.37034775742515
1944-08,1954-08,4.20169313579216,0.0,True,25,3.2646816402201457,-22.300807443315495,False,,1.0,-76.20007059817169,False,,1.0,-76.20007059817169
1944-09,1954-09,4.370336965110083,0.0,True,24,3.354186823490092,-23.25107079230436,False,,1.0,-77.11846917106514,False,,1.0,-77.11846917106514
1944-10,1954-10,4.36325307481589,0.0,True,23,3.4453144980605623,-21.0379402939872,False,,1.0,-77.0813202247684,False,,1.0,-77.0813202247684
1944-11,1954-11,4.5641952707394875,0.0,True,22,3.5937466514437437,-21.262206407275652,False,,1.0,-78.09033267242353,False,,1.0,-78.09033267242353
1944-12,1954-12,4.669137258519949,0.0,True,21,3.7719652478445864,-19.214941883283878,False,,1.0,-78.58276712308547,False,,1.0,-78.58276712308547
1945-01,1955-01,4.614209873992408,0.0,True,20,3.8538212262155445,-16.479281795627198,False,,1.0,-78.32781717111715,False,,1.0,-78.32781717111715
1945-02,1955-02,4.612921113430361,0.0,True,19,3.9966555502690917,-13.35955131266029,False,,1.0,-78.32176238417487,False,,1.0,-78.32176238417487
1945-03,1955-03,4.5783536996646275,0.0,True,18,3.979274063777027,-13.085044869545225,False,,1.0,-78.1580876970416,False,,1.0,-78.1580876970416
1945-04,1955-04,4.6187337639199,0.0,True,17,4.130843795207239,-10.56328408716486,False,,1.0,-78.34904432440582,False,,1.0,-78.34904432440582
1945-05,1955-05,4.4307751419906305,0.0,True,16,4.127622681510734,-6.841973486916741,False,,1.0,-77.43058566608447,False,,1.0,-77.43058566608447
1945-06,1955-06,4.602411907003718,0.0,True,15,4.381299492145248,-4.804272614582638,False,,1.0,-78.27226201813335,False,,1.0,-78.27226201813335
1945-07,1955-07,5.039736888129449,0.0,True,14,4.716364547304696,-6.41645284273512,False,,1.0,-80.1576942963949,False,,1.0,-80.1576942963949
1945-08,1955-08,4.989463747754766,0.0,True,13,4.7024011510800525,-5.753375737099809,False,,1.0,-79.95776599338967,False,,1.0,-79.95776599338967
1945-09,1955-09,4.879523515021818,0.0,True,12,4.92904292232584,1.0148410424004384,False,,1.0,-79.50619569879194,False,,1.0,-79.50619569879194
1945-10,1955-10,4.448245491351796,0.0,True,11,4.696214658998933,5.574538728342104,False,,1.0,-77.51922635690447,False,,1.0,-77.51922635690447
1945-11,1955-11,4.596858326952966,0.0,True,10,5.028118133762779,9.381620579455042,False,,1.0,-78.24601219192128,False,,1.0,-78.24601219192128
1945-12,1955-12,4.561433454369126,0.0,True,9,5.0903870049780835,11.596213249637643,False,,1.0,-78.07706700089729,False,,1.0,-78.07706700089729
1946-01,1956-01,4.269106417108288,0.0,True,8,4.96912053033521,16.397204586459612,False,,1.0,-76.57589429037101,False,,1.0,-76.57589429037101
1946-02,1956-02,4.284649454340914,0.0,True,7,5.016579476887675,17.082611549591764,False,,1.0,-76.66086781062408,False,,1.0,-76.66086781062408
1946-03,1956-03,4.719893238704738,0.0,True,6,5.378361082571394,13.95090546682274,False,,1.0,-78.8130800968196,False,,1.0,-78.8130800968196
1946-04,1956-04,4.486373330929437,0.0,True,5,5.4583298976057595,21.664638561743654,False,,1.0,-77.71028119514898,False,,1.0,-77.71028119514898
1946-05,1956-05,4.336744005587359,0.0,True,4,5.303617294821443,22.294912680766643,False,,1.0,-76.94122598171293,False,,1.0,-76.94122598171293
1946-06,1956-06,4.340261665499147,0.0,True,3,5.289942303945238,21.880723136928037,False,,1.0,-76.95991446900481,False,,1.0,-76.95991446900481
1946-07,1956-07,4.709795278401852,0.0,True,2,5.594180963394924,18.777582309122476,False,,1.0,-78.76765462427224,False,,1.0,-78.76765462427224
1946-08,1956-08,4.7739275065056255,0.0,True,1,5.578380383901605,16.85096550585903,False,,1.0,-79.05288677640665,False,,1.0,-79.05288677640665
1946-09,1956-09,5.406201048480431,0.0,True,33,5.0190157016923145,-7.161874730813899,False,,1.0,-81.50272268766108,False,,1.0,-81.50272268766108
1946-10,1956-10,5.456272927539094,0.0,True,32,4.970856706612596,-8.896479838398253,False,,1.0,-81.67247105706966,False,,1.0,-81.67247105706966
1946-11,1956-11,5.417581150997096,0.0,True,31,4.935142380440178,-8.905058495858908,False,,1.0,-81.54157783467717,False,,1.0,-81.54157783467717
1946-12,1956-12,5.334004254091626,0.0,True,30,5.02411730316446,-5.809649489676671,False,,1.0,-81.25235840910857,False,,1.0,-81.25235840910857
1947-01,1957-01,5.186816362669842,0.0,True,29,4.930507146838258,-4.94155177106852,False,,1.0,-80.72035078787205,False,,1.0,-80.72035078787205
1947-02,1957-02,4.775535900646716,0.0,True,28,4.733465301983891,-0.880960787188878,False,,1.0,-79.05994173628604,False,,1.0,-79.05994173628604
1947-03,1957-03,5.037827282527116,0.0,True,27,4.8101422857308505,-4.519507796266742,False,,1.0,-80.15017300278758,False,,1.0,-80.15017300278758
1947-04,1957-04,5.346988972479391,0.0,True,26,4.937323918957551,-7.661602738108487,False,,1.0,-81.29788549879314,False,,1.0,-81.29788549879314
1947-05,1957-05,5.645915955995134,0.0,True,25,5.142726092352585,-8.912457563386777,False,,1.0,-82.28808207925682,False,,1.0,-82.28808207925682
1947-06,1957-06,5.53866620685474,0.0,True,24,5.243224355914483,-5.334169634100949,False,,1.0,-81.94511164506746,False,,1.0,-81.94511164506746
1947-07,1957-07,5.311544659835286,0.0,True,23,5.365070053354768,1.007718035851779,False,,1.0,-81.17308496788557,False,,1.0,-81.17308496788557
1947-08,1957-08,5.114623953289954,0.0,True,22,5.085904293861681,-0.5615204498035209,False,,1.0,-80.44822045310379,False,,1.0,-80.44822045310379
1947-09,1957-09,5.032229045961756,0.0,True,21,4.895811594105652,-2.7108752525002,False,,1.0,-80.12809053668819,False,,1.0,-80.12809053668819
1947-10,1957-10,4.596056514476845,0.0,True,20,4.607216970237555,0.24282677389968477,False,,1.0,-78.24221706477805,False,,1.0,-78.24221706477805
1947-11,1957-11,4.546176599355238,0.0,True,19,4.524360053338279,-0.479887781307331,False,,1.0,-78.00349418582144,False,,1.0,-78.00349418582144
1947-12,1957-12,4.6120755849751545,0.0,True,18,4.538843238143472,-1.5878392598389524,False,,1.0,-78.31778812867424,False,,1.0,-78.31778812867424
1948-01,1958-01,4.760501000680023,0.0,True,17,4.644476945907499,-2.437223619025608,False,,1.0,-78.99380758753851,False,,1.0,-78.99380758753851
1948-02,1958-02,5.016937239437981,0.0,True,16,4.6770126627618485,-6.77553974572368,False,,1.0,-80.06752023646952,False,,1.0,-80.06752023646952
1948-03,1958-03,5.041391266006157,0.0,True,15,4.790083921392604,-4.984880786938817,False,,1.0,-80.16420572743583,False,,1.0,-80.16420572743583
1948-04,1958-04,4.701509478657635,0.0,True,14,4.832898827482284,2.79462052392081,False,,1.0,-78.73023537356522,False,,1.0,-78.73023537356522
1948-05,1958-05,4.622286326712807,0.0,True,13,5.004718710920768,8.27366279751718,False,,1.0,-78.36568465651149,False,,1.0,-78.36568465651149
1948-06,1958-06,4.540323230530863,0.0,True,12,5.141479998349247,13.240395832965746,False,,1.0,-77.97513636748108,False,,1.0,-77.97513636748108
1948-07,1958-07,4.772995475112461,0.0,True,111,1.1502307626881711,-75.90128109934842,False,,1.0,-79.04879639601089,False,,1.0,-79.04879639601089
1948-08,1958-08,5.093075676165752,0.0,True,110,1.196864556658982,-76.50016153775229,False,,1.0,-80.365498893336,False,,1.0,-80.365498893336
1948-09,1958-09,5.27860197258091,0.0,True,109,1.232097204771672,-76.65864539187346,False,,1.0,-81.05558999912506,False,,1.0,-81.05558999912506
1948-10,1958-10,5.337992367284019,0.0,True,108,1.2858183163977588,-75.91194913881105,False,,1.0,-81.26636512017342,False,,1.0,-81.26636512017342
1948-11,1958-11,5.811442027897596,0.0,True,107,1.3286018072883767,-77.13817326387364,False,,1.0,-82.79256688444039,False,,1.0,-82.79256688444039
1948-12,1958-12,5.94592183641842,0.0,True,106,1.357346001944473,-77.17181558575477,False,,1.0,-83.18174998744419,False,,1.0,-83.18174998744419
1949-01,1959-01,6.099031191804371,0.0,True,105,1.4151109623902516,-76.79777463194777,False,,1.0,-83.60395334026559,False,,1.0,-83.60395334026559
1949-02,1959-02,6.228634861906855,0.0,True,104,1.3972234755703592,-77.5677414626516,False,,1.0,-83.94511763539376,False,,1.0,-83.94511763539376
1949-03,1959-03,6.30880283347361,0.0,True,103,1.436446245219609,-77.23108039455553,False,,1.0,-84.14913215080773,False,,1.0,-84.14913215080773
1949-04,1959-04,6.404066948727082,0.0,True,102,1.464276261536934,-77.13521308786467,False,,1.0,-84.38492276851092,False,,1.0,-84.38492276851092
1949-05,1959-05,6.52863648555403,0.0,True,101,1.4901411459568814,-77.17530836256347,False,,1.0,-84.68286598261814,False,,1.0,-84.68286598261814
1949-06,1959-06,6.8238471157096825,0.0,True,100,1.4811212842354664,-78.29492280350672,False,,1.0,-85.34550990015843,False,,1.0,-85.34550990015843
1949-07,1959-07,6.69292426526176,0.0,True,99,1.5437511782406148,-76.93457871243014,False,,1.0,-85.05884781648743,False,,1.0,-85.05884781648743
1949-08,1959-08,6.404339389772015,0.0,True,98,1.538848527873796,-75.97178359517613,False,,1.0,-84.38558703498693,False,,1.0,-84.38558703498693
1949-09,1959-09,6.053732251013938,0.0,True,97,1.4818757267366052,-75.52128727714368,False,,1.0,-83.48126480432776,False,,1.0,-83.48126480432776
1949-10,1959-10,5.878737932865609,0.0,True,96,1.4845093138538252,-74.74782290337278,False,,1.0,-82.98954620158503,False,,1.0,-82.98954620158503
1949-11,1959-11,5.804085594511016,0.0,True,95,1.4944566765343303,-74.2516430504117,False,,1.0,-82.77075718963017,False,,1.0,-82.77075718963017
1949-12,1959-12,5.815622331301273,0.0,True,94,1.5462260345848167,-73.41254389469887,False,,1.0,-82.8049356881769,False,,1.0,-82.8049356881769
1950-01,1960-01,5.582417875596105,0.0,True,93,1.5233325646171427,-72.71195746064643,False,,1.0,-82.08661511400707,False,,1.0,-82.08661511400707
1950-02,1960-02,5.248563578796175,0.0,True,92,1.4684319748726855,-72.02221230957274,False,,1.0,-80.94716802060036,False,,1.0,-80.94716802060036
1950-03,1960-03,5.1215855239360115,0.0,True,91,1.4526805980656072,-71.63611558810402,False,,1.0,-80.47479642141198,False,,1.0,-80.47479642141198
1950-04,1960-04,5.032113741966576,0.0,True,90,1.4757023424042686,-70.67430471419438,False,,1.0,-80.12763519909637,False,,1.0,-80.12763519909637
1950-05,1960-05,4.812119761666499,0.0,True,89,1.466493369294893,-69.52500266146686,False,,1.0,-79.21913731312274,False,,1.0,-79.21913731312274
1950-06,1960-06,4.8978123242828655,0.0,True,88,1.524985793160739,-68.86393981247483,False,,1.0,-79.5827211458859,False,,1.0,-79.5827211458859
1950-07,1960-07,5.13448236180073,0.0,True,87,1.4914952302040567,-70.95140025603341,False,,1.0,-80.52383999914478,False,,1.0,-80.52383999914478
1950-08,1960-08,4.885721835872013,0.0,True,86,1.513731436850634,-69.01724069232729,False,,1.0,-79.53219537269219,False,,1.0,-79.53219537269219
1950-09,1960-09,4.564365555097292,0.0,True,85,1.4725464769469385,-67.73820021267885,False,,1.0,-78.09115006392857,False,,1.0,-78.09115006392857
1950-10,1960-10,4.2847865868181385,0.0,True,84,1.4478965701306858,-66.20843207022158,False,,1.0,-76.6616147680159,False,,1.0,-76.6616147680159
1950-11,1960-11,4.419021768644331,0.0,True,83,1.4991644507313486,-66.07474393159048,False,,1.0,-77.37055727818284,False,,1.0,-77.37055727818284
1950-12,1960-12,4.52821694155085,0.0,True,82,1.5395016229454561,-66.00203473426787,False,,1.0,-77.91625240336842,False,,1.0,-77.91625240336842
1951-01,1961-01,4.419507401323827,0.0,True,81,1.6230418789494878,-63.2755026394272,False,,1.0,-77.37304388945115,False,,1.0,-77.37304388945115
1951-02,1961-02,4.421979058954745,0.0,True,80,1.6940280605968057,-61.69072630124044,False,,1.0,-77.38569118786425,False,,1.0,-77.38569118786425
1951-03,1961-03,4.623312671596901,0.0,True,79,1.751567429873953,-62.114450086090365,False,,1.0,-78.37048733166043,False,,1.0,-78.37048733166043
1951-04,1961-04,4.668104296895033,0.0,True,78,1.8026957887777906,-61.382701111094605,False,,1.0,-78.57802790170851,False,,1.0,-78.57802790170851
1951-05,1961-05,4.697315969751533,0.0,True,77,1.8254702380815555,-61.1380147761677,False,,1.0,-78.71124688142076,False,,1.0,-78.71124688142076
1951-06,1961-06,4.7001568990996905,0.0,True,76,1.8057514994195718,-61.5810378635347,False,,1.0,-78.72411450367649,False,,1.0,-78.72411450367649
1951-07,1961-07,4.590482312126795,0.0,True,75,1.8052622926643,-60.67379918020178,False,,1.0,-78.21579668527914,False,,1.0,-78.21579668527914
1951-08,1961-08,4.54148082072318,0.0,True,74,1.874581095699222,-58.72313085314944,False,,1.0,-77.98075034387658,False,,1.0,-77.98075034387658
1951-09,1961-09,4.379789068005242,0.0,True,73,1.864441747686884,-57.43078676307039,False,,1.0,-77.1678502212563,False,,1.0,-77.1678502212563
1951-10,1961-10,4.438037721013825,0.0,True,72,1.889528274324657,-57.42424032635276,False,,1.0,-77.46751914105948,False,,1.0,-77.46751914105948
1951-11,1961-11,4.75776492489023,0.0,True,71,1.9797439870301579,-58.38920126815987,False,,1.0,-78.98172743322178,False,,1.0,-78.98172743322178
1951-12,1961-12,4.645967166054812,0.0,True,70,2.0028150046993103,-56.89132244987369,False,,1.0,-78.47595636692448,False,,1.0,-78.47595636692448
1952-01,1962-01,4.318381600975858,0.0,True,69,1.9329897704448356,-55.238097299969446,False,,1.0,-76.84317662491841,False,,1.0,-76.84317662491841
1952-02,1962-02,4.460236833829762,0.0,True,68,1.9699156728169191,-55.833832457603826,False,,1.0,-77.57966589542389,False,,1.0,-77.57966589542389
1952-03,1962-03,4.442126250751643,0.0,True,67,1.976648509066934,-55.502198778513566,False,,1.0,-77.48825801988873,False,,1.0,-77.48825801988873
1952-04,1962-04,4.3024589192418174,0.0,True,66,1.9184529801632644,-55.410312656713636,False,,1.0,-76.75747708995625,False,,1.0,-76.75747708995625
1952-05,1962-05,3.9749410608417706,0.0,True,65,1.7806263234185242,-55.203705006850036,False,,1.0,-74.84239427217493,False,,1.0,-74.84239427217493
1952-06,1962-06,3.4105399241543117,0.0,True,64,1.577423663395661,-53.74856478811624,True,120,1.0,-70.67912933908953,False,,1.0,-70.67912933908953
1952-07,1962-07,3.3891438682018196,0.0,True,63,1.620303684172568,-52.191357251757694,True,119,1.0271835790041344,-69.69194525373962,False,,1.0,-70.49402330239316
1952-08,1962-08,3.461155838403812,0.0,True,62,1.6693018012562895,-51.77039465445957,True,118,1.058245695175414,-69.42507807844194,False,,1.0,-71.10791750823991
1952-09,1962-09,3.479225921056945,0.0,True,61,1.659413023212848,-52.305108640121325,True,117,1.0519767528025359,-69.76405738886429,False,,1.0,-71.2579745411815
1952-10,1962-10,3.4354246307674168,0.0,True,60,1.6120545914795517,-53.075536076614625,True,116,1.0219541071225862,-70.25246608614148,False,,1.0,-70.89151684353452
1952-11,1962-11,3.5527569667098673,0.0,True,59,1.7281762141697805,-51.35675672827664,True,115,1.0955688406813933,-69.1628543424974,False,,1.0,-71.85284528690745
1952-12,1962-12,3.5568870988299155,0.0,True,58,1.8081230735111622,-49.16557587374736,True,114,1.146250760318178,-67.77376597937977,False,,1.0,-71.88552877236494
1953-01,1963-01,3.668139616344912,0.0,True,57,1.8831167628234275,-48.66289291627771,True,113,1.1937926420919238,-67.45509258228648,False,,1.0,-72.73822415199011
1953-02,1963-02,3.7557477812714675,0.0,True,56,1.9131786360220135,-49.05998092943483,True,112,1.2128502192642308,-67.70682458198422,False,,1.0,-73.37414389255231
1953-03,1963-03,3.7161457395827524,0.0,True,55,1.9111228590188039,-48.572445944130706,True,111,1.2115469695090038,-67.39775416760065,False,,1.0,-73.0903987605104
1953-04,1963-04,4.083842052626603,0.0,True,54,2.006302301911763,-50.87218663069082,True,110,1.2718855108290128,-68.85566350415108,False,,1.0,-75.51325474605879
1953-05,1963-05,4.135099187975565,0.0,True,53,2.0518772317698346,-50.37900813270747,True,109,1.3007775142366222,-68.54301541256503,False,,1.0,-75.81678323683516
1953-06,1963-06,4.277006220689594,0.0,True,52,2.0563628487578303,-51.92050834973354,True,108,1.303621149140856,-69.52024191981022,False,,1.0,-76.6191595615971
1953-07,1963-07,4.145431365262705,0.0,True,51,2.031244508058757,-51.000406734992886,True,107,1.2876975001669322,-68.93694801082955,False,,1.0,-75.87705809388964
1953-08,1963-08,4.233052784703666,0.0,True,50,2.092822629823277,-50.55996850817006,True,106,1.3267346486473621,-68.65773435565038,False,,1.0,-76.37638718766875
1953-09,1963-09,4.542095829238852,0.0,True,49,2.1533890779132836,-52.59040850588701,True,105,1.3651304515603393,-69.94492184042926,False,,1.0,-77.98373179265184
1953-10,1963-10,4.409689386927512,0.0,True,48,2.164211028082203,-50.92146321013019,True,104,1.3719909738284175,-68.88690215016791,False,,1.0,-77.3226657876518
1953-11,1963-11,4.280220262047526,0.0,True,47,2.157633813059356,-49.59058924628308,True,103,1.3678213806015174,-68.04320112378531,False,,1.0,-76.63671636558183
1953-12,1963-12,4.303584000413384,0.0,True,46,2.209331456060227,-48.662987504182375,True,102,1.4005948479968164,-67.45515254582503,False,,1.0,-76.76355335683132
1954-01,1964-01,4.316363069968841,0.0,True,45,2.2829477136587597,-47.10946051914859,True,101,1.4472635136868326,-66.47030172794801,False,,1.0,-76.83234742328526
1954-02,1964-02,4.266053704849769,0.0,True,44,2.316774682968231,-45.692791435455746,True,100,1.46870795508481,-65.57221130584591,False,,1.0,-76.55913241637882
1954-03,1964-03,4.24477362892125,0.0,True,43,2.3647975892945636,-44.28919428865883,True,99,1.499151841176233,-64.68240777406965,False,,1.0,-76.44161768282244
1954-04,1964-04,4.1328696887059495,0.0,True,42,2.404877782378763,-41.81094581930168,True,98,1.524560483137341,-63.11133430353332,False,,1.0,-75.80373746763082
1954-05,1964-05,4.00627906275819,0.0,True,41,2.434267716342251,-39.23868811409411,True,97,1.5431920877249259,-61.480664138696085,False,,1.0,-75.03918263468313
1954-06,1964-06,3.944136041552515,0.0,True,40,2.4257735132521074,-38.49670782914325,True,96,1.537807229308476,-61.01028937371149,False,,1.0,-74.64590497222368
1954-07,1964-07,3.925404235175652,0.0,True,39,2.5219096021372236,-35.75414273163705,True,95,1.5987522316664142,-59.271653672252334,False,,1.0,-74.52491666873507
1954-08,1964-08,3.786638910499228,0.0,True,38,2.4910498976009374,-34.21474937327681,True,94,1.5791888732279742,-58.29576279773201,False,,1.0,-73.59135572110411
1954-09,1964-09,3.7581072209509814,0.0,True,37,2.54006079802528,-32.41116741255395,True,93,1.610259093335386,-57.15239085360866,False,,1.0,-73.39086031326822
1954-10,1964-10,3.7308627376289234,0.0,True,36,2.5901555110423238,-30.574891300116647,True,92,1.6420163911238612,-55.988292612249445,False,,1.0,-73.19654808218621
1954-11,1964-11,3.610349982798942,0.0,True,35,2.6144747869071487,-27.58389631577314,True,91,1.657433476862561,-54.092166001656516,False,,1.0,-72.3018542588842
1954-12,1964-12,3.388570817231154,0.0,True,34,2.575561626357637,-23.992687027206284,True,90,1.6327646694568543,-51.81553647472512,False,,1.0,-70.48903346169068
1955-01,1965-01,3.4102058864094262,0.0,True,33,2.648255365472886,-22.343241033426008,True,89,1.6788485090759229,-50.769878271380065,False,,1.0,-70.67625729035115
1955-02,1965-02,3.3204466082456237,0.0,True,32,2.6741201620048454,-19.465045594642717,True,88,1.6952453700665087,-48.94526037983182,False,,1.0,-69.88356935128208
1955-03,1965-03,3.346194978750982,0.0,True,31,2.6831366478536802,-19.815292746174595,True,87,1.7009613270779724,-49.16729784488285,False,,1.0,-70.11530988629762
1955-04,1965-04,3.273686864850309,0.0,True,30,2.7249817959664893,-16.761073723186083,True,86,1.727488853628912,-47.23109066487022,False,,1.0,-69.45340097316468
1955-05,1965-05,3.333067759244344,0.0,True,29,2.7722464095508044,-16.82598105418314,True,85,1.757452023753145,-47.27223834922619,False,,1.0,-69.99760964275401
1955-06,1965-06,2.998607368427561,0.0,True,28,2.6473431705004224,-11.714244473138146,True,84,1.678270227544061,-44.03167799777239,False,,1.0,-66.65118579614544
1955-07,1965-07,2.7884887314681803,0.0,True,27,2.6501103404005453,-4.9624870097566,True,83,1.6800244613395439,-39.75143444617808,False,,1.0,-64.13828075706495
1955-08,1965-08,2.8560665321835867,0.0,True,26,2.706298469223304,-5.243857636809968,True,82,1.7156446502124587,-39.92980797611973,False,,1.0,-64.98681005041375
1955-09,1965-09,2.8227706034749853,0.0,True,25,2.80366346791371,-0.6768929624587083,True,81,1.777368713918218,-37.03460310482971,False,,1.0,-64.5738127367153
1955-10,1965-10,3.036746789599002,0.0,True,24,2.873718458720832,-5.368519082214873,True,80,1.8217797319806182,-40.008836488432365,False,,1.0,-67.07002363762939
1955-11,1965-11,2.8668622249738385,0.0,True,23,2.904691351617648,1.3195306811144336,True,79,1.8414148456254469,-35.76898012103631,False,,1.0,-65.11865860560755
1955-12,1965-12,2.8258517492211888,0.0,True,22,2.8985972261557635,2.5742849728271677,True,78,1.837551504657957,-34.973534787718776,False,,1.0,-64.61243940784925
1956-01,1966-01,2.952196802000902,0.0,True,21,2.9560551565626803,0.1306943547653372,True,77,1.873976678021484,-36.522637083294576,False,,1.0,-66.1269194749404
1956-02,1966-02,2.9117334148316787,0.0,True,20,2.9433845386605686,1.0870199746881637,True,76,1.8659442019048038,-35.916379143773014,False,,1.0,-65.65619658358017
1956-03,1966-03,2.6110250355392073,0.0,True,19,2.829754039065067,8.37713160726894,True,75,1.7939087036221844,-31.294848605244376,False,,1.0,-61.700865124279126
1956-04,1966-04,2.6582523187505362,0.0,True,18,2.923773184789186,9.988550152509724,True,74,1.853511680238959,-30.273297716517412,False,,1.0,-62.381298684617256
1956-05,1966-05,2.598840825134685,0.0,True,17,2.7774071893431858,6.871000427632823,True,73,1.7607236748080506,-32.24965308459009,False,,1.0,-61.521306332865734
1956-06,1966-06,2.591022023432899,0.0,True,16,2.7619113610320505,6.595441337574459,True,72,1.7509001703997433,-32.42434241913779,False,,1.0,-61.40519104214023
1956-07,1966-07,2.4506079159175935,0.0,True,15,2.7624729860473662,12.726028839786864,True,71,1.7512562098255162,-28.537886519892986,False,,1.0,-59.193798669112475
1956-08,1966-08,2.3158097089055016,0.0,True,14,2.603146991851698,12.407637891888701,True,70,1.6502522767079584,-28.739728900786886,False,,1.0,-56.81855913486864
1956-09,1966-09,2.312554494554361,0.0,True,13,2.519253465631554,8.938123255643537,True,69,1.5970683869471385,-30.939210699339636,False,,1.0,-56.75777576896823
1956-10,1966-10,2.3217637437368466,0.0,True,12,2.5050165753598517,7.892828549732722,True,68,1.58804298013851,-31.60187015486008,False,,1.0,-56.929295553969084
1956-11,1966-11,2.4628684797308895,0.0,True,11,2.6381667480147946,7.117646343139672,True,67,1.6724528794855982,-32.09329311533752,False,,1.0,-59.396938641674154
1956-12,1966-12,2.436552441357549,0.0,True,10,2.6570325122024543,9.048853909422228,True,66,1.6844127382257974,-30.86901354409961,False,,1.0,-58.95840438210145
1957-01,1967-01,2.5853854580399367,0.0,True,9,2.766802944281641,7.017038239986184,True,65,1.754001165625757,-32.15707312922223,False,,1.0,-61.321048012773616
1957-02,1967-02,2.793484590882647,0.0,True,8,2.870032487722818,2.740229786482695,True,64,1.8194430287324372,-34.868334886445375,False,,1.0,-64.20241574756518
1957-03,1967-03,2.82138099742975,0.0,True,7,2.9456489953835554,4.404509637904708,True,63,1.8673797431455839,-33.81327283175337,False,,1.0,-64.55636438641254
1957-04,1967-04,2.8034715226513836,0.0,True,6,3.0043401676803003,7.164996805066348,True,62,1.9045867241606922,-32.0632755220774,False,,1.0,-64.3299390801641
1957-05,1967-05,2.746882430864769,0.0,True,5,3.0661599054460766,11.623266834933066,True,61,1.9437770439208886,-29.23697708791446,False,,1.0,-63.59509279451827
1957-06,1967-06,2.6675100678299906,0.0,True,4,3.035748879995149,13.804589403657609,True,60,1.9244981233895058,-27.854138336764457,False,,1.0,-62.51185657891458
1957-07,1967-07,2.6588851782007987,0.0,True,3,3.0962521055609042,16.449259672659533,True,59,1.9628538466931058,-26.177562582024695,False,,1.0,-62.39025256906072
1957-08,1967-08,2.856784119944874,0.0,True,3,3.2113559599535177,12.411572772796209,True,58,1.9992108023201494,-30.01883522235739,False,,1.0,-64.99560491748684
1957-09,1967-09,3.0168068239584067,0.0,True,56,1.8003657553843009,-40.32213991673459,True,57,2.032287666407642,-32.634477943104066,False,,1.0,-66.85236880073475
1957-10,1967-10,3.2089015658266655,0.0,True,55,1.8021195820951785,-43.83998557989662,True,56,2.034267419900994,-36.605490128927244,False,,1.0,-68.83668820977424
1957-11,1967-11,3.1735023275451364,0.0,True,54,1.750187290841687,-44.849976139908975,True,55,1.9756452456638305,-37.745586996556845,False,,1.0,-68.48907305596495
1957-12,1967-12,3.2618117293453532,0.0,True,53,1.804648475336185,-44.67343227996857,True,54,2.037122083475875,-37.54630087479861,False,,1.0,-69.34219130419584
1958-01,1968-01,3.187095678669678,0.0,True,52,1.8043486474153092,-43.38580233121648,True,53,2.036783631923007,-36.09279929828845,False,,1.0,-68.62347099609482
1958-02,1968-02,3.0302221533413958,0.0,True,51,1.7275537160306824,-42.989205787248096,True,52,1.950096028901873,-35.64511345310041,False,,1.0,-66.99911922638049
1958-03,1968-03,2.912587300752394,0.0,True,50,1.7006330672143,-41.61091525823161,True,51,1.919707480131933,-34.089272461085564,False,,1.0,-65.66626518828551
1958-04,1968-04,3.1079981047918355,0.0,True,49,1.8309521490176344,-41.08901977144976,True,50,2.0668141787871472,-33.50014674717517,False,,1.0,-67.82494820514128
1958-05,1968-05,3.0780944099161407,0.0,True,48,1.877803545369227,-38.99460850453947,True,49,2.119700940643486,-31.13593482334952,False,,1.0,-67.51236749664076
1958-06,1968-06,3.0843619222182723,0.0,True,47,1.933045288236046,-37.32754660497818,True,48,2.182058887834686,-29.254123126207265,False,,1.0,-67.57838330202183
1958-07,1968-07,2.9939672923167344,0.0,True,46,1.9340123398229043,-35.4030237809858,True,47,2.1831505143593932,-27.08168456075318,False,,1.0,-66.59950151872904
1958-08,1968-08,2.821699391953835,0.0,True,45,1.8966315095758353,-32.78406923912094,True,46,2.1409543105913538,-24.125358048545042,False,,1.0,-64.56036377044516
1958-09,1968-09,2.837188050277468,0.0,True,44,1.9631808314769135,-30.80540321305383,True,45,2.216076471576072,-21.891801589981075,False,,1.0,-64.75383435009874
1958-10,1968-10,2.792551535054854,0.0,True,43,2.016545451470469,-27.788424809468815,True,44,2.2763154861824586,-18.486178048716127,False,,1.0,-64.19045494963956
1958-11,1968-11,2.750917244800299,0.0,True,42,2.0525775537933493,-25.385703344109334,True,43,2.3169892197982684,-15.773939613131882,False,,1.0,-63.648488449073845
1958-12,1968-12,2.7272992982197173,0.0,True,41,2.0789812830787833,-23.771428957728723,True,42,2.3467942598094305,-13.951715481269943,False,,1.0,-63.333690561473624
1959-01,1969-01,2.511741246014809,0.0,True,40,1.9961473809392123,-20.527347946117093,True,41,2.2532897498645976,-10.289734126087913,False,,1.0,-60.18698177662111
1959-02,1969-02,2.537848983943676,0.0,True,39,1.991401638391391,-21.531909463861652,True,40,2.247932663939674,-11.423702585860262,False,,1.0,-60.59655218546316
1959-03,1969-03,2.4213292389936605,0.0,True,38,1.9533066809410469,-19.32915815476339,True,39,2.2049303395802373,-8.93719432816008,False,,1.0,-58.700370693263736
1959-04,1969-04,2.4293499692708136,0.0,True,37,1.9977462110856523,-17.76622403707071,True,38,2.2550945402398717,-7.172924084019316,False,,1.0,-58.836725352495954
1959-05,1969-05,2.4710760209022657,0.0,True,36,2.067953284249176,-16.31365175507217,True,37,2.3343456415553105,-5.533232413344802,False,,1.0,-59.531799445212165
1959-06,1969-06,2.3625512098946206,0.0,True,35,1.9651651983630178,-16.82020731941416,True,36,2.2183164632756456,-6.105042126278759,False,,1.0,-57.672875160889994
1959-07,1969-07,2.171392971717221,0.0,True,34,1.8825344848751646,-13.302911568955478,True,35,2.125041316608583,-2.134650692545137,False,,1.0,-53.946613394020446
1959-08,1969-08,2.1721456289352767,0.0,True,33,1.8772063848844356,-13.578244484252732,True,34,2.1190268543449227,-2.445451809618837,False,,1.0,-53.9625710781569
1959-09,1969-09,2.269847492773057,0.0,True,32,1.8890161617271204,-16.77783781767107,True,33,2.1323579587322596,-6.057214613693162,False,,1.0,-55.944176726238695
1959-10,1969-10,2.2963347586945724,0.0,True,31,1.9144557688351789,-16.629935527191396,True,32,2.1610746789927644,-5.890259649194229,False,,1.0,-56.45234231578312
1959-11,1969-11,2.303809252644496,0.0,True,30,1.9335573521491136,-16.07129149561223,True,31,2.18263691547814,-5.259651467553795,False,,1.0,-56.59362862389236
1959-12,1969-12,2.1147358130379788,0.0,True,29,1.8363536062471506,-13.163923600977412,True,30,2.0729114481199726,-1.9777583876031457,False,,1.0,-52.71276942326786
1960-01,1970-01,2.1338800862312612,0.0,True,28,1.8255424968128378,-14.449621204488206,True,29,2.060707658807813,-3.4290786954519703,False,,1.0,-53.13701053529471
1960-02,1970-02,2.142916182820414,0.0,True,27,1.7672021360913017,-17.532839116209086,True,28,1.99485193188479,-6.9094746739346675,False,,1.0,-53.33461905710922
1960-03,1970-03,2.2097473509659973,0.0,True,26,1.802768532149052,-18.417436664831087,True,27,2.0349999672662484,-7.908025486413983,False,,1.0,-54.74595774205376
1960-04,1970-04,2.115510981729096,0.0,True,25,1.7532395596208465,-17.12453517079593,True,26,1.97909070566322,-6.4485732876873865,False,,1.0,-52.73009648086733
1960-05,1970-05,1.890398221509439,0.0,True,24,1.5568996261091723,-17.641711233412817,True,25,1.7574583933923735,-7.032371624372146,False,,1.0,-47.101092847964956
1960-06,1970-06,1.8129903710672581,0.0,True,23,1.552703407027495,-14.356775865640103,True,24,1.7527216201785234,-3.324273082225815,False,,1.0,-44.8425090414944
1960-07,1970-07,1.86339332318975,0.0,True,22,1.5608228503529522,-16.237606364224742,True,23,1.7618870047561146,-5.447390906170968,False,,1.0,-46.33446478770228
1960-08,1970-08,1.895804265909879,0.0,True,21,1.611645564080999,-14.98882067830457,True,22,1.8192566664340155,-4.037737484419313,False,,1.0,-47.25193850536799
1960-09,1970-09,2.0720252451109626,0.0,True,20,1.713528231445847,-17.30176862038749,True,21,1.9342637907847537,-6.648637831573878,False,,1.0,-51.73803975798339
1960-10,1970-10,2.159726623288822,0.0,True,19,1.756157779514539,-18.686107742642445,True,20,1.9823848486894802,-8.211306592557833,False,,1.0,-53.697843550346924
1960-11,1970-11,2.090147515744237,0.0,True,18,1.7597599289515276,-15.80690282882109,True,19,1.9864510246048215,-4.961204429750143,False,,1.0,-52.15648692413316
1960-12,1970-12,2.1810488495977114,0.0,True,17,1.8857006658380089,-13.541566655610616,True,18,2.12861536288288,-2.404049167651723,False,,1.0,-54.15049964678933
1961-01,1971-01,2.1538092482175344,0.0,True,16,1.9631983213718471,-8.849944673765076,True,17,2.216096214507559,2.8919444162277985,False,,1.0,-53.570633015547344
1961-02,1971-02,2.1491977327128433,0.0,True,15,2.0446745165469755,-4.863359688823632,True,16,2.308068118585956,7.39207860937845,False,,1.0,-53.47100991318554
1961-03,1971-03,2.1374408049607756,0.0,True,14,2.1025588850473746,-1.631947880495388,True,15,2.373409112675263,11.039758722993852,False,,1.0,-53.21507862678092
1961-04,1971-04,2.153112008344416,0.0,True,13,2.1797981413403327,1.2394214928203473,True,14,2.4605982782418847,14.281015976214961,False,,1.0,-53.55559784514294
1961-05,1971-05,2.1026879929770663,0.0,True,12,2.1556428211068765,2.5184348941297063,True,13,2.4333312858311666,15.724791027410712,False,,1.0,-52.44182668375057
1961-06,1971-06,2.0917211709380426,0.0,True,11,2.121235989332976,1.411030246526468,True,12,2.3944921890281203,14.4747312546585,False,,1.0,-52.192480819441855
1961-07,1971-07,2.0825956640391463,0.0,True,10,2.11140954938717,1.3835563880959967,True,11,2.383399913668609,14.443718232182423,False,,1.0,-51.982998079400446
1961-08,1971-08,1.9751521645833425,0.0,True,9,2.0793710955305613,5.276501366121522,True,10,2.3472342876402146,18.838149775430722,False,,1.0,-49.37098933787972
1961-09,1971-09,2.0352652209154964,0.0,True,8,2.1310666901772612,4.707075435538166,True,9,2.405589274172199,18.19537077777631,False,,1.0,-50.866354432658014
1961-10,1971-10,1.9708052919540426,0.0,True,7,2.091338465212922,6.115935133265826,True,8,2.360743285871305,19.785718838345566,False,,1.0,-49.259320335571786
1961-11,1971-11,1.7987579457979694,0.0,True,6,1.999903169172256,11.182450859726645,True,7,2.25752935622282,25.504899727980312,False,,1.0,-44.40608296763479
1961-12,1971-12,1.9053983863961559,0.0,True,5,2.1431562748536948,12.478119544712696,True,6,2.4192362310510602,26.96747558534307,False,,1.0,-47.517537164950255
1962-01,1972-01,2.0615379236498685,0.0,True,5,2.5262279311957756,22.540939083147805,True,5,2.5262279311957756,22.540939083147805,False,,1.0,-51.49252465705114
1962-02,1972-02,2.0651116420084596,0.0,True,4,2.578949386971861,24.881838565573133,True,4,2.578949386971861,24.881838565573133,False,,1.0,-51.576467845223476
1962-03,1972-03,2.1119911579649426,0.0,True,3,2.646507891587798,25.308663419685008,True,3,2.646507891587798,25.308663419685008,False,,1.0,-52.651316922956596
1962-04,1972-04,2.20345194190957,0.0,True,2,2.679824731108173,21.61938638814902,True,97,1.5248296865426108,-30.79814188181691,False,,1.0,-54.61666392717541
1962-05,1972-05,2.355587123815055,0.0,True,1,2.6590322797248045,12.881933036647641,True,96,1.5129987086591268,-35.76978353453093,False,,1.0,-57.54773874037726
1962-06,1972-06,2.6727553881322357,0.0,True,50,1.6196041210523522,-39.40320433946791,True,95,1.5208072055538622,-43.09964868814177,False,,1.0,-62.58542759130621
1962-07,1972-07,2.5889192715711635,0.0,True,49,1.611447777203009,-37.755966557232455,True,94,1.51314840403822,-41.55289349289287,False,,1.0,-61.37384386678384
1962-08,1972-08,2.6080159388110467,0.0,True,48,1.6724240767001672,-35.87370185081772,True,93,1.5704051092033282,-39.78544817025731,False,,1.0,-61.65667605329575
1962-09,1972-09,2.591807071257587,0.0,True,47,1.652184229765928,-36.253579670794664,True,92,1.5513999062300867,-40.14215319362787,False,,1.0,-61.416881252863334
1962-10,1972-10,2.6791325492343177,0.0,True,46,1.659110277173909,-38.07285579625114,True,91,1.5579034601956208,-41.85045228012845,False,,1.0,-62.67448580378022
1962-11,1972-11,2.6304660924419325,0.0,True,45,1.7463128080618417,-33.6120388291836,True,90,1.6397865794054751,-37.6617480789035,False,,1.0,-61.98392357638516
1962-12,1972-12,2.5723166941926374,0.0,True,44,1.7867086191084505,-30.540876901269833,True,89,1.6777182194373352,-34.777929046411074,False,,1.0,-61.1245379599783
1963-01,1973-01,2.4943238354785606,0.0,True,43,1.8043940819333104,-27.65999120610898,True,88,1.6943248574101542,-32.072779271458096,False,,1.0,-59.90897469782066
1963-02,1973-02,2.373505831465908,0.0,True,42,1.7444042397329749,-26.505163096413874,True,87,1.637994434998639,-30.988396435200983,False,,1.0,-57.868230752043814
1963-03,1973-03,2.3441042557290284,0.0,True,41,1.7209443957908568,-26.584135855526004,True,86,1.6159656569506058,-31.062551804120496,False,,1.0,-57.339781387453904
1963-04,1973-04,2.1964569789334933,0.0,True,40,1.6928574170718513,-22.92781359670284,True,85,1.589592002387201,-27.629267605366913,False,,1.0,-54.472133550024836
1963-05,1973-05,2.0925078106192587,0.0,True,39,1.6493763691984427,-21.177050769988536,True,84,1.548763327002042,-25.98530246137053,False,,1.0,-52.21045317369406
1963-06,1973-06,2.0464246997239846,0.0,True,38,1.6165786021554571,-21.004735606763525,True,83,1.517966245297508,-25.823498636316955,False,,1.0,-51.134288003126784
1963-07,1973-07,2.096831170269854,0.0,True,37,1.6361645394090385,-21.969657709806445,True,82,1.5363574275102443,-26.72955985709994,False,,1.0,-52.30898824003538
1963-08,1973-08,2.0018787419328445,0.0,True,36,1.6094277988885428,-19.60413160016796,True,81,1.511251645728105,-24.508332394350298,False,,1.0,-50.046924468837474
1963-09,1973-09,1.984419561110626,0.0,True,35,1.6415620870696268,-17.277468976828214,True,80,1.5414257212172333,-22.323597719701016,False,,1.0,-49.60743082776673
1963-10,1973-10,2.0581800703470416,0.0,True,34,1.711135030010567,-16.86174331082495,True,79,1.6067546689278753,-21.93323159246454,False,,1.0,-51.413386301453
1963-11,1973-11,1.9230373324746506,0.0,True,33,1.5939208908719031,-17.11440729958298,True,78,1.4966906692888482,-22.170482911902724,False,,1.0,-47.998929448074975
1963-12,1973-12,1.7502892740790559,0.0,True,32,1.4854978080500116,-15.12844019274292,True,77,1.3948814657553597,-20.30566110340246,False,,1.0,-42.86658698024834
1964-01,1974-01,1.7226816861618892,0.0,True,31,1.510783766377936,-12.300468594175328,True,76,1.418624964011869,-17.650197630384877,False,,1.0,-41.9509705110997
1964-02,1974-02,1.6555809078865438,0.0,True,30,1.4734503833257293,-11.001004160727845,True,75,1.3835689418546724,-16.430001381153414,False,,1.0,-39.59824039789365
1964-03,1974-03,1.696188108894809,0.0,True,29,1.540881695678392,-9.156202216133359,True,74,1.4468868998500184,-14.697733567253257,False,,1.0,-41.0442748209352
1964-04,1974-04,1.5876099680939524,0.0,True,28,1.4666893384442872,-7.616519931204491,True,73,1.3772203251531483,-13.251972913308997,False,,1.0,-37.012237256196066
1964-05,1974-05,1.5260334222475591,0.0,True,27,1.4270319369072906,-6.487504395182775,True,72,1.3399820511656633,-12.191828066771782,False,,1.0,-34.47063573960334
1964-06,1974-06,1.5384074631916036,0.0,True,26,1.4335833083882044,-6.813809560305273,True,71,1.346133784681851,-12.498228402432387,False,,1.0,-34.99771523953837
1964-07,1974-07,1.3118976114725267,0.0,True,25,1.2709567280486247,-3.1207377058906527,True,70,1.1934275325921022,-9.030436357563676,False,,1.0,-23.774539167156515
1964-08,1974-08,1.278189884220439,0.0,True,24,1.2231482855822051,-4.306214539618547,True,69,1.148535436527296,-10.143598325550718,True,120,1.0,-21.764362842701225
1964-09,1974-09,1.1280451455646658,0.0,True,23,1.1007074366604825,-2.423458760641961,True,68,1.033563559836036,-8.375691886102231,True,119,0.8998969704941032,-20.225092583183667
1964-10,1974-10,1.1325270807742287,0.0,True,22,1.1268749973989796,-0.4990682758230558,True,67,1.0581348821768417,-6.5686904852226835,True,118,0.9212905832285082,-18.651783355265383
1964-11,1974-11,1.1639981665033374,0.0,True,21,1.1690633943665136,0.4351577183658417,True,66,1.0977497592106835,-5.6914528904856265,True,117,0.95578222865272,-17.887995345911946
1964-12,1974-12,1.1096090325906918,0.0,True,20,1.0978505837534434,-1.0596929631867757,True,65,1.0308809768333391,-7.095116698314907,True,116,0.8975613150868936,-19.110128998203415
1965-01,1975-01,1.1723425214041185,0.0,True,19,1.1926573421318893,1.7328400494626583,True,64,1.1199044606606468,-4.47293003419057,True,115,0.9750717522889693,-16.82705911569917
1965-02,1975-02,1.2865102239788657,0.0,True,18,1.3215861183928288,2.7264372843833096,True,63,1.2409684968607253,-3.5399428834145485,True,114,1.0804790669871793,-16.01473141460794
1965-03,1975-03,1.3459895426644453,0.0,True,17,1.3873491895983316,3.0728059634113514,True,62,1.3027199775149585,-3.214702921378776,True,113,1.1342444787370722,-15.731553419665833
1965-04,1975-04,1.3450458428287255,0.0,True,16,1.4079978763863403,4.680289069197996,True,61,1.322109080842273,-1.7052773411956546,True,112,1.1511260678554187,-14.417335736712133
1965-05,1975-05,1.4108798963152622,0.0,True,15,1.502530106486674,6.4959611665579065,True,60,1.4108747827968038,-0.000362434709844095,True,111,1.2284120610703275,-12.932910570309952
1965-06,1975-06,1.520230773278393,0.0,True,14,1.546041221575555,1.6977980416421623,True,59,1.4517316912775367,-4.505834456510671,True,110,1.2639851110445341,-16.85570814234095
1965-07,1975-07,1.5252039090478546,0.0,True,13,1.552720097343364,1.8040989884878345,True,58,1.458003151235346,-4.406017937264561,True,109,1.2694455084849228,-16.768800489279833
1965-08,1975-08,1.3890459927420222,0.0,True,12,1.444087888853516,3.9625682950093832,True,57,1.3559975788370464,-2.3792166766009815,True,108,1.1806319036502972,-15.00411722727113
1965-09,1975-09,1.329374695833544,0.0,True,11,1.4317744182498866,7.702848770724957,True,56,1.34443523803045,1.1329042326522432,True,107,1.170564873553641,-11.946204691396368
1965-10,1975-10,1.3614303102383014,0.0,True,10,1.5029375694266307,10.394014157328414,True,55,1.4112573902297114,3.6599067625201043,True,106,1.2287451874334672,-9.746009164553515
1965-11,1975-11,1.3744005502617291,0.0,True,9,1.5336088989596401,11.583839126635453,True,54,1.4400577485094925,4.777151626959131,True,105,1.253820912016125,-8.773253053677987
1965-12,1975-12,1.3610303628378706,0.0,True,8,1.515503675660424,11.349733043461473,True,53,1.4230569557270447,4.557326168671438,True,104,1.2390187629123488,-8.964649375721246
1966-01,1976-01,1.4619687102754404,0.0,True,7,1.6601675426975708,13.556981830670578,True,52,1.5588962318276933,6.629931329651462,True,103,1.3572904955733551,-7.160085846321806
1966-02,1976-02,1.5296123953625802,0.0,True,6,1.7295363991148256,13.070239516780013,True,51,1.6240335424266839,6.172880616708265,True,102,1.4140038615935968,-7.558028041579745
1966-03,1976-03,1.6038058952112586,0.0,True,5,1.7434191092767064,8.705119147043504,True,50,1.6370693981474547,2.0740354575024433,True,101,1.4253538428881976,-11.1267861563481
1966-04,1976-04,1.5692664368575382,0.0,True,4,1.7625509209566497,12.31686854184968,True,49,1.655034156744915,5.465465766229416,True,100,1.440995292012117,-8.173955794421028
1966-05,1976-05,1.6456648634949693,0.0,True,43,1.3978219323277388,-15.06035260671944,True,48,1.6487224373842893,0.18579565968410705,True,99,1.4354998417544307,-12.770827548338248
1966-06,1976-06,1.6698334488874267,0.0,True,42,1.4104373213085621,-15.534251499854346,True,47,1.663602211687428,-0.3731651922621593,True,98,1.4484552751088677,-13.257500257050092
1966-07,1976-07,1.7140329351808983,0.0,True,41,1.4480651473575519,-15.517075685320847,True,46,1.7079840028456577,-0.3529064238548152,True,97,1.4870973489593902,-13.239861473114424
1966-08,1976-08,1.8087868579033846,0.0,True,40,1.4399817382656166,-20.389639499330524,True,45,1.6984496711599066,-6.100065702123292,True,96,1.4787960537772589,-18.243763917470478
1966-09,1976-09,1.914630959061921,0.0,True,39,1.4751216604845057,-22.955300941793723,True,44,1.7398969949357916,-9.126247713645075,True,95,1.5148831630276316,-20.878582065242856
1966-10,1976-10,1.8657648165744507,0.0,True,38,1.4293493927286125,-23.390698547263746,True,43,1.6859088844949772,-9.63979653178847,True,94,1.4678771162624988,-21.325715694568338
1966-11,1976-11,1.765199432739226,0.0,True,37,1.4241866804433798,-19.31865295054308,True,42,1.679819496865862,-4.8368436047405705,True,93,1.4625752444739128,-17.14390921799146
1966-12,1976-12,1.8191269871766198,0.0,True,36,1.4781917830738291,-18.74169348847603,True,41,1.743518185790988,-4.156323440783016,True,92,1.5180360399350654,-16.551397970785054
1967-01,1977-01,1.7376341412268823,0.0,True,35,1.4703051169442267,-15.384655373650979,True,40,1.7342159112284614,-0.19671747448558596,True,91,1.509936790868225,-13.10387180801409
1967-02,1977-02,1.635520228985745,0.0,True,34,1.4355344902348999,-12.227653024803287,True,39,1.6932041692520594,3.5269475267870387,True,90,1.4742289313872807,-9.861773320803724
1967-03,1977-03,1.5927334550169934,0.0,True,33,1.4348119852521906,-9.915122286617494,True,38,1.6923519790348613,6.254563417631309,True,89,1.473486951479569,-7.486908946491122
1967-04,1977-04,1.5430513852110284,0.0,True,32,1.4177524011631581,-8.12020813102956,True,37,1.6722303037273394,8.371653708644612,True,88,1.455967530948356,-5.643613368764311
1967-05,1977-05,1.5129877772352647,0.0,True,31,1.4187344624827356,-6.229615081541596,True,36,1.6733886390596362,10.601596671023849,True,87,1.4569760634632944,-3.7020598986148068
1967-06,1977-06,1.5419671629398284,0.0,True,30,1.4315676215196391,-7.15965580030301,True,35,1.688525271814732,9.504619319874763,True,86,1.470155136806354,-4.657169611612333
1967-07,1977-07,1.5312834858929185,0.0,True,29,1.4499826721438345,-5.309324791789038,True,34,1.7102457116272045,11.687073450670038,True,85,1.4890665601039634,-2.7569634347840988
1967-08,1977-08,1.4722437091450071,0.0,True,28,1.4198993061860081,-3.5554169893106558,True,33,1.674762565097864,13.755796998478464,True,84,1.4581723052112914,-0.9557795252450152
1967-09,1977-09,1.4313174112338887,0.0,True,27,1.4032672375866937,-1.9597451569469793,True,32,1.6551451417010654,15.637882185351382,True,83,1.4410919237333688,0.6829032067075858
1967-10,1977-10,1.3985668962947277,0.0,True,26,1.372494263691169,-1.8642392203500502,True,31,1.6188486068183257,15.750530854633983,True,82,1.4094894727088834,0.7809834798101711
1967-11,1977-11,1.4542673854251524,0.0,True,25,1.38602951348691,-4.692250725150737,True,30,1.6348133513381642,12.414908545874415,True,81,1.423389561475939,-2.1232563047672515
1967-12,1977-12,1.4093204690068577,0.0,True,24,1.3849881782033011,-1.7265264599969576,True,29,1.633585102727079,15.912962214921889,True,80,1.4223201572834145,0.9224082501063657
1968-01,1978-01,1.3618199636502284,0.0,True,23,1.338085432498531,-1.742853812194034,True,28,1.57826360044559,15.893704202661652,True,79,1.374153160844229,0.9056407985782888
1968-02,1978-02,1.4085886648272534,0.0,True,22,1.3251329014208997,-5.924778857750401,True,27,1.562986169097059,10.961149136376203,True,78,1.3608514978196002,-3.3890068974470666
1968-03,1978-03,1.4347457518725015,0.0,True,21,1.3287070967045702,-7.390762790518057,True,26,1.5672019106185615,9.232030035509077,True,77,1.3645220345635505,-4.894506027796308
1968-04,1978-04,1.3970385278524218,0.0,True,20,1.392929273605032,-0.2941403666015252,True,25,1.6429515762838647,17.60245286931845,True,76,1.4304753027485875,2.393403920474979
1968-05,1978-05,1.4372060385537815,0.0,True,19,1.469646469743763,2.2571872313190022,True,24,1.7334390408756573,20.611728198690727,True,75,1.509260390011885,5.013501858829494
1968-06,1978-06,1.4055817205224113,0.0,True,18,1.4795914647611066,5.265417382575821,True,23,1.7451691017979842,24.15991730095628,True,74,1.5194734496609577,8.10281803438766
1968-07,1978-07,1.4040477437725334,0.0,True,17,1.4787161105131523,5.318078895237033,True,22,1.7441366268053657,24.22203123371347,True,73,1.5185745004776916,8.156899023777964
1968-08,1978-08,1.5366837221121619,0.0,True,16,1.587125027388622,3.282478010968237,True,21,1.8720042825714136,21.82105241528529,True,72,1.6299055501775315,6.066429072160462
1968-09,1978-09,1.4905695314070628,0.0,True,15,1.5935152805466992,6.906470779827223,True,20,1.8795415471675865,26.095529766621706,True,71,1.636468050868814,9.788105578947825
1968-10,1978-10,1.4108964900105458,0.0,True,14,1.5493404373468451,9.812480810357993,True,19,1.8274375892405224,29.523150860405288,True,70,1.5911024868034984,12.772446318269992
1968-11,1978-11,1.3107750920248595,0.0,True,13,1.465114084133279,11.774635713438798,True,18,1.7280931197121232,31.837500592309787,True,69,1.5046058351818679,14.78749057228288
1968-12,1978-12,1.3190306677184298,0.0,True,12,1.4933072043775288,13.212470409088418,True,17,1.761346732959672,33.53341783980888,True,68,1.5335588933026465,16.26408171049527
1969-01,1979-01,1.4313143054669952,0.0,True,11,1.5558628209943124,8.701688724244306,True,16,1.835130700942454,28.212978374704754,True,67,1.5978006795255209,11.631713134048915
1969-02,1979-02,1.4196128715432048,0.0,True,10,1.539474417484365,8.44325578781655,True,15,1.8158006790313213,27.908158303568808,True,66,1.5809705310630762,11.366314208215499
1969-03,1979-03,1.4812361120050965,0.0,True,9,1.5755725824197784,6.368766576112028,True,14,1.8583782442425818,25.46131094029036,True,65,1.618041712201377,9.235907704889247
1969-04,1979-04,1.4835489585370238,0.0,True,8,1.6139344300547094,8.788754207765614,True,13,1.9036258093812282,28.31567158110211,True,64,1.6574375929897458,11.721125443962377
1969-05,1979-05,1.4061065223784057,0.0,True,7,1.5834437284108027,12.611932539252724,True,12,1.8676622128963851,32.82508708780225,True,63,1.6261250227885315,15.64735650596145
1969-06,1979-06,1.5154833721962113,0.0,True,8,1.685248744846445,11.202061056216861,True,11,1.9128883659510805,26.2229860812631,True,62,1.6655022606310494,9.899078484604784
1969-07,1979-07,1.6045542703727014,0.0,True,10,1.9401563827072996,20.915597467242144,True,58,1.4478972916238235,-9.763270812428804,True,61,1.689243815213524,5.278072945525936
1969-08,1979-08,1.689868575261673,0.0,True,9,2.0375315311909095,20.573372451487938,True,57,1.5205662862561786,-10.018666036160717,True,60,1.7740258301054919,4.980106505074655
1969-09,1979-09,1.7052465223274944,0.0,True,8,2.069008294680986,21.33191697450245,True,56,1.5440567229099342,-9.452580451391391,True,59,1.8014318312518296,5.640551536973759
1969-10,1979-10,1.6262381684533194,0.0,True,7,1.9997185373317692,22.965908445849536,True,55,1.49234725613839,-8.233167497370342,True,58,1.7411030376024834,7.0632255088693086
1969-11,1979-11,1.605040745737216,0.0,True,6,1.9933451600697296,24.19280727693678,True,54,1.4875909407411088,-7.317559090511505,True,57,1.7355539034100633,8.13145448297643
1969-12,1979-12,1.764491339974253,0.0,True,5,2.0812067656867534,17.949389636399225,True,53,1.5531601814190656,-11.976888396531947,True,56,1.8120527234052755,2.6954727605359885
1970-01,1980-01,1.8338037320487,0.0,True,4,2.1502263778141204,17.254989737201456,True,52,1.6046680445783714,-12.495104217851127,True,55,1.8721463086202463,2.0908767880361223
1970-02,1980-02,1.9776864818016824,0.0,True,3,2.2448279365915598,13.507775739383643,True,51,1.6752671684212206,-15.291570032119361,True,54,1.9545134309299212,-1.1717251993678124
1970-03,1980-03,1.768566223792203,0.0,True,2,2.047861969908837,15.792213057069526,True,50,1.5282756721460427,-13.586743228134457,True,53,1.7830202750214994,0.8172750918144178
1970-04,1980-04,1.7974635127495415,0.0,True,1,2.0241408531923986,12.610956430270658,True,49,1.5105731091185726,-15.960847137982725,True,52,1.7623669142613285,-1.9525624992813628
1970-05,1980-05,2.1261557999030747,0.0,True,37,1.4006607897176047,-34.122382292894216,True,48,1.5867046861213634,-25.372134714036633,True,51,1.8511886810664764,-12.932595007813319
1970-06,1980-06,2.278284459683356,0.0,True,36,1.4968342951954288,-34.2999383227385,True,47,1.6956525148480808,-25.57327476641137,True,50,1.9782967618137983,-13.167262612643682
1970-07,1980-07,2.3791336190178956,0.0,True,35,1.5712660240811664,-33.956377585476524,True,46,1.7799706980128467,-25.184080297784316,True,49,2.076669740508566,-12.71319425237606
1970-08,1980-08,2.384929592169289,0.0,True,34,1.6263812948648009,-31.80589899991665,True,45,1.8424066989855536,-22.747962663764266,True,48,2.1495130485939935,-9.871006018301976
1970-09,1980-09,2.3068032054273613,0.0,True,33,1.6725498920813746,-27.494903416717076,True,44,1.8947076772759195,-17.864355623482687,True,47,2.2105319513971984,-4.173362244497469
1970-10,1980-10,2.325685739433802,0.0,True,32,1.7281913739984425,-25.69110500633771,True,43,1.9577397837992618,-15.820966237859736,True,46,2.2840707284364328,-1.7893651877274208
1970-11,1980-11,2.4280733553883502,0.0,True,31,1.8079753242074206,-25.538686045247182,True,42,2.0481211013910694,-15.648302105621958,True,45,2.389517490880186,-1.5879200857997766
1970-12,1980-12,2.23774520401537,0.0,True,30,1.7855033145280064,-20.209713271907304,True,41,2.022664228944401,-9.611504235827717,True,44,2.359817273479415,5.455137128436305
1971-01,1981-01,2.1496780948923533,0.0,True,29,1.7857262238057252,-16.930528898786267,True,40,2.022916746326292,-5.896759559826526,True,43,2.3601118823774776,9.789083676533528
1971-02,1981-02,2.000700481644266,0.0,True,28,1.7309460509250685,-13.482999239221504,True,39,1.9608603529051545,-1.9913089992545485,True,42,2.287711457715071,14.345524415275124
1971-03,1981-03,2.0262837581619983,0.0,True,27,1.8027093126936908,-11.033718479346021,True,38,2.0421556276608537,0.7832994483088829,True,41,2.382557646655127,17.582625683990962
1971-04,1981-04,1.9798159846898296,0.0,True,26,1.8260740111027263,-7.765467840244222,True,37,2.0686237609359366,4.485658108272128,True,40,2.413437689524078,21.90212162077185
1971-05,1981-05,1.9696688007414054,0.0,True,25,1.7965829724353348,-8.78756003247445,True,36,2.0352155513282626,3.3278056982059434,True,39,2.374460745659621,20.55126957211526
1971-06,1981-06,2.0188292692731453,0.0,True,24,1.8120319490206276,-10.243427881693655,True,35,2.0527165506591607,1.678561030483583,True,38,2.3948789445545304,18.627116270053733
1971-07,1981-07,1.987386096537701,0.0,True,23,1.7755462930973474,-10.65921734128098,True,34,2.011384658130526,1.2075440013711525,True,37,2.3466575380853167,18.077586543123946
1971-08,1981-08,2.034259533629809,0.0,True,22,1.7898458704073779,-12.014871218831857,True,33,2.027583588302588,-0.3281756932611679,True,36,2.3655566290391663,16.285881419378722
1971-09,1981-09,1.820166616708897,0.0,True,21,1.641290504568782,-9.827458129275367,True,32,1.8592962364648191,2.14978229996734,True,35,2.1692178625291514,19.17688428169204
1971-10,1981-10,1.8868274249082484,0.0,True,20,1.6696820439424291,-11.50849187897396,True,31,1.8914589049003705,0.2454638898598427,True,34,2.206741648953661,16.955139607479964
1971-11,1981-11,2.0331988603504145,0.0,True,19,1.7205452442383704,-15.377424324257161,True,30,1.9490780507015257,-4.137362620515672,True,33,2.273965191842762,11.841750267893246
1971-12,1981-12,1.9197188265819989,0.0,True,18,1.7408795971045725,-9.315907465253348,True,29,1.9721133303487506,2.7292800925455607,True,32,2.300840166953841,19.852977170121157
1972-01,1982-01,1.7501317228824975,0.0,True,17,1.6572808151596075,-5.3053668194736225,True,28,1.877410472926107,7.272524026590355,True,31,2.1903515175795234,25.15352352861624
1972-02,1982-02,1.6815793739247669,0.0,True,16,1.625597505458027,-3.3291243538554838,True,27,1.8415188021201667,9.511262487842309,True,30,2.1484771503316797,27.765431929459528
1972-03,1982-03,1.5937152668735044,0.0,True,15,1.581017800941536,-0.7967211079603742,True,26,1.7910177624812382,12.380034232513504,True,29,2.0895582136326274,31.11239234922123
1972-04,1982-04,1.6600185760885655,0.0,True,14,1.6675243029109232,0.45214715850006026,True,25,1.889014560180178,13.794784431339702,True,28,2.203889862280171,32.762963862314564
1972-05,1982-05,1.682565344459162,0.0,True,13,1.6770591581253325,-0.32724947960932615,True,24,1.8998158902104434,12.911863807649837,True,27,2.2164916400825474,31.73287131947966
1972-06,1982-06,1.5857359910480149,0.0,True,12,1.5887037862421398,0.18715569368918938,True,23,1.799724644963746,13.494595261996034,True,26,2.099716425453628,32.41273688099382
1972-07,1982-07,1.597664672263551,0.0,True,11,1.592593877836874,-0.31738790465291045,True,22,1.8041314411046236,12.92303525423475,True,25,2.1048577798638815,31.745904907676636
1972-08,1982-08,1.5516523244953853,0.0,True,10,1.6052548899841956,3.4545474293825817,True,21,1.8184741623778056,17.195980934014578,True,24,2.121591254913677,36.73109764480533
1972-09,1982-09,1.7606695103574383,0.0,True,9,1.79944878335246,2.2025299334654136,True,20,2.0384620158863638,15.777663206795122,True,23,2.37824835560116,35.07636394057538
1972-10,1982-10,1.9090467744683355,0.0,True,8,1.9592731951932234,2.6309685753444167,True,19,2.2195152338289166,16.263009556014985,True,22,2.589480899790092,35.6426115075811
1972-11,1982-11,1.8953414702542128,0.0,True,7,2.0474470469561514,8.025233399316555,True,18,2.3194008483993196,22.373771945602485,True,21,2.706016207658941,42.771962209849
1972-12,1982-12,1.8776075063074635,0.0,True,6,2.075208412600072,10.524079480338976,True,17,2.3508496397724383,25.204529267975783,True,20,2.7427071225672783,46.074571674520804
1973-01,1983-01,1.9322070487970717,0.0,True,5,2.1566925105099157,11.618085228112651,True,16,2.4431569285514643,26.443847209464067,True,19,2.850400891711789,47.52046854845884
1973-02,1983-02,2.041242452018441,0.0,True,10,2.3970092505878835,17.428933942543168,True,17,2.8016311720470104,37.25126916093062,True,19,3.2349667759374183,58.48028110225649
1973-03,1983-03,2.1490664637448313,0.0,True,9,2.4896865326368958,15.849675877335168,True,16,2.909952640671057,35.4054278805483,True,18,3.3600426087650166,56.34893873454303
1973-04,1983-04,2.27643590164353,0.0,True,8,2.594202010735082,13.958930662714142,True,15,3.0321106262230364,33.195519541487116,True,17,3.501095088698469,53.797218106196866
1973-05,1983-05,2.439824627684274,0.0,True,7,2.708983523289958,11.031895184251518,True,14,3.1662675817998984,29.77439221953906,True,16,3.656002450660381,49.84693609435467
1973-06,1983-06,2.5329877749865015,0.0,True,6,2.7564994134455723,8.824031472487537,True,13,3.2218042882163975,27.193834886690937,True,15,3.7201291643744834,46.86723722518986
1973-07,1983-07,2.5204135622880575,0.0,True,5,2.7760467049591897,10.142507820782631,True,12,3.2446512176640865,28.73487376089814,True,14,3.746509888016082,48.64663260322095
1973-08,1983-08,2.5006307589480157,0.0,True,4,2.709249812687167,8.342657267277431,True,11,3.1665788215983364,26.63120335808702,True,13,3.6563618307305847,46.21758200993939
1973-09,1983-09,2.532949594256495,0.0,True,3,2.7990576625945924,10.505857240171768,True,10,3.2715464898430264,29.15955758698523,True,12,3.7775651221228235,49.13700338484883
1973-10,1983-10,2.4457432468496783,0.0,True,2,2.8172353546518134,15.189333887792511,True,9,3.292792627583584,34.63361830089795,True,11,3.802097455426881,55.45775135326656
1973-11,1983-11,2.5956688508757106,0.0,True,6,2.899227901067674,11.694829642446503,True,8,3.255257016931245,25.411106113671124,True,10,3.7587561139304126,44.80876914103688
1973-12,1983-12,2.781594416996214,0.0,True,7,3.25113539913842,16.88028201642904,True,8,3.3782105228273402,21.44870949501687,False,,1.0,-64.04939577496422
1974-01,1984-01,2.778182889270353,0.0,True,6,3.3024205439180156,18.86980359256858,True,7,3.4315002184226286,23.515994273647678,False,,1.0,-64.00524947935898
1974-02,1984-02,2.702993326421326,0.0,True,5,3.133644493984707,15.93237997866419,True,6,3.2561273231451713,20.463757395071937,False,,1.0,-63.00397821092785
1974-03,1984-03,2.5961810554774365,0.0,True,4,3.1475563083837272,21.237935302817057,True,5,3.270582900051272,25.97668768713102,False,,1.0,-61.48188517552754
1974-04,1984-04,2.7414051600699687,0.0,True,3,3.163592931133175,15.40041498471647,True,5,3.652914104795865,33.24969829350697,False,,1.0,-63.52235654307745
1974-05,1984-05,2.810537249196899,0.0,True,2,3.1556750327994614,12.280135539964254,True,4,3.6437715244661,29.64679708505178,False,,1.0,-64.41961406895615
1974-06,1984-06,2.7460479276807486,0.0,True,1,3.0974213254304668,12.795603245223774,True,3,3.576507564172501,30.241993525332987,False,,1.0,-63.58402961871907
1974-07,1984-07,3.069322207706805,0.0,True,2,3.54406228258935,15.467260937626982,False,,1.0,-67.41951700316488,False,,1.0,-67.41951700316488
1974-08,1984-08,3.482955918083683,0.0,True,1,3.8703940920829063,11.123832259478927,False,,1.0,-71.28875519761965,False,,1.0,-71.28875519761965
1974-09,1984-09,3.9248950794501316,0.0,True,41,2.5954346945008115,-33.87250762218017,False,,1.0,-74.52161192191416,False,,1.0,-74.52161192191416
1974-10,1984-10,3.8180393975011335,0.0,True,40,2.5847961727999937,-32.300432140859634,False,,1.0,-73.80854685117997,False,,1.0,-73.80854685117997
1974-11,1984-11,3.727674027063755,0.0,True,39,2.6180994730037477,-29.76586863562226,False,,1.0,-73.17361999091729,False,,1.0,-73.17361999091729
1974-12,1984-12,3.9414852828454294,0.0,True,38,2.5996405335443553,-34.04413953138935,False,,1.0,-74.62885363666557,False,,1.0,-74.62885363666557
1975-01,1985-01,3.798683940267741,0.0,True,37,2.7218174885088366,-28.348408782937707,False,,1.0,-73.67509338169583,False,,1.0,-73.67509338169583
1975-02,1985-02,3.6265677958096774,0.0,True,36,2.879396168252323,-20.602720523263752,False,,1.0,-72.42571885308607,False,,1.0,-72.42571885308607
1975-03,1985-03,3.4382060577660964,0.0,True,35,2.8656809681511026,-16.65185506615564,False,,1.0,-70.91506491470354,False,,1.0,-70.91506491470354
1975-04,1985-04,3.422540791009383,0.0,True,34,2.895081446536849,-15.411338437750931,False,,1.0,-70.78194063816905,False,,1.0,-70.78194063816905
1975-05,1985-05,3.294987394181668,0.0,True,33,2.974315906307667,-9.73210059741798,False,,1.0,-69.65087023501779,False,,1.0,-69.65087023501779
1975-06,1985-06,3.2827007362846468,0.0,True,32,3.049035740730594,-7.118071805062376,False,,1.0,-69.5372779813064,False,,1.0,-69.5372779813064
1975-07,1985-07,3.342080794983334,0.0,True,31,3.1175991362635274,-6.716823215547851,False,,1.0,-70.0785210967652,False,,1.0,-70.0785210967652
1975-08,1985-08,3.5272312481091226,0.0,True,30,3.0601147514935767,-13.243149194313741,False,,1.0,-71.64915114266806,False,,1.0,-71.64915114266806
1975-09,1985-09,3.4905585176057286,0.0,True,29,3.0024769023948124,-13.982908831040163,False,,1.0,-71.3512896301212,False,,1.0,-71.3512896301212
1975-10,1985-10,3.3750445972904606,0.0,True,28,3.047408047783719,-9.707621338389815,False,,1.0,-70.37076189147794,False,,1.0,-70.37076189147794
1975-11,1985-11,3.519936656832118,0.0,True,27,3.243094633308248,-7.864971745628591,False,,1.0,-71.59039785392096,False,,1.0,-71.59039785392096
1975-12,1985-12,3.750608230057712,0.0,True,26,3.41482812549398,-8.95268404395746,False,,1.0,-73.33765782344554,False,,1.0,-73.33765782344554
1976-01,1986-01,3.4495799472026296,0.0,True,25,3.440553273858571,-0.26167456566352776,False,,1.0,-71.010963209856,False,,1.0,-71.010963209856
1976-02,1986-02,3.499924516959068,0.0,True,24,3.6366251499120392,3.9058166052033716,False,,1.0,-71.42795522719283,False,,1.0,-71.42795522719283
1976-03,1986-03,3.686776851896505,0.0,True,23,3.8615246131863774,4.739851862745126,False,,1.0,-72.87603670708758,False,,1.0,-72.87603670708758
1976-04,1986-04,3.746766390403266,0.0,True,22,3.9674224097860105,5.889238783285733,False,,1.0,-73.3103189309764,False,,1.0,-73.3103189309764
1976-05,1986-05,3.7796433264311005,0.0,True,21,3.9869724254800976,5.485414393446653,False,,1.0,-73.54247706372225,False,,1.0,-73.54247706372225
1976-06,1986-06,3.8632379956233804,0.0,True,20,4.111930995209505,6.437423732834113,False,,1.0,-74.11497813148222,False,,1.0,-74.11497813148222
1976-07,1986-07,3.6950289367000186,0.0,True,19,4.037815841698293,9.276974845680463,False,,1.0,-72.93661248311936,False,,1.0,-72.93661248311936
1976-08,1986-08,3.8005783439241108,0.0,True,18,4.129973230783284,8.666967420518201,False,,1.0,-73.6882150686704,False,,1.0,-73.6882150686704
1976-09,1986-09,3.6189693648836005,0.0,True,17,4.028592221237151,11.318771038193788,False,,1.0,-72.36782356591837,False,,1.0,-72.36782356591837
1976-10,1986-10,3.731525310302732,0.0,True,16,4.024995100878971,7.8646067270659925,False,,1.0,-73.2013073249429,False,,1.0,-73.2013073249429
1976-11,1986-11,3.8773848925676115,0.0,True,15,4.167219690210677,7.475007142020829,False,,1.0,-74.20942135724374,False,,1.0,-74.20942135724374
1976-12,1986-12,3.799588776294212,0.0,True,14,4.2384585743476935,11.55045516482225,False,,1.0,-73.68136240850482,False,,1.0,-73.68136240850482
1977-01,1987-01,4.074915991279827,0.0,True,56,2.836444269252364,-30.392570661033204,False,,1.0,-75.4596167837579,False,,1.0,-75.4596167837579
1977-02,1987-02,4.443336348837393,0.0,True,55,3.0197497035652323,-32.03868745260855,False,,1.0,-77.49438886701314,False,,1.0,-77.49438886701314
1977-03,1987-03,4.640156683943939,0.0,True,54,3.151924223342144,-32.07289240364314,False,,1.0,-78.4490035980845,False,,1.0,-78.4490035980845
1977-04,1987-04,4.655854260086037,0.0,True,53,3.124984700065716,-32.88053007037277,False,,1.0,-78.52166446504017,False,,1.0,-78.52166446504017
1977-05,1987-05,4.6607530340196925,0.0,True,52,3.1304396508902346,-32.834037160077344,False,,1.0,-78.54423968185364,False,,1.0,-78.54423968185364
1977-06,1987-06,4.8268338676537565,0.0,True,51,3.2713148492924544,-32.22648761096502,False,,1.0,-79.28248563304949,False,,1.0,-79.28248563304949
1977-07,1987-07,4.914378200761159,0.0,True,50,3.3734906801501516,-31.354679222131267,False,,1.0,-79.65154574702623,False,,1.0,-79.65154574702623
1977-08,1987-08,5.342456411822972,0.0,True,49,3.591258451300005,-32.77889093577867,False,,1.0,-81.28201855260852,False,,1.0,-81.28201855260852
1977-09,1987-09,5.242023038274014,0.0,True,48,3.482470430919854,-33.56628909310382,False,,1.0,-80.92339555361322,False,,1.0,-80.92339555361322
1977-10,1987-10,4.724309999667549,0.0,True,47,3.0697079004231336,-35.02314834041056,False,,1.0,-78.83288776413127,False,,1.0,-78.83288776413127
1977-11,1987-11,4.1026691625509075,0.0,True,46,2.6920746694181887,-34.38236029384482,True,120,1.0,-75.6256241880778,False,,1.0,-75.6256241880778
1977-12,1987-12,4.051024429417792,0.0,True,45,2.6561894972091755,-34.43165936200193,True,119,0.9866700680272108,-75.6439368555224,False,,1.0,-75.31488596469119
1978-01,1988-01,4.3711475587706135,0.0,True,44,2.7690285693101764,-36.65213694847294,True,118,1.028585351203731,-76.46875706266431,False,,1.0,-77.12271236431903
1978-02,1988-02,4.5608605726934375,0.0,True,43,2.8612404723883818,-37.265337828587406,True,117,1.0628384512851394,-76.69653710423611,False,,1.0,-78.0743132998375
1978-03,1988-03,4.695673663499071,0.0,True,42,2.953760565798461,-37.09612768112574,True,116,1.0972060319696955,-76.63368218071416,False,,1.0,-78.70380116545768
1978-04,1988-04,4.439620202445743,0.0,True,41,2.9276759899892144,-34.05571070299243,True,115,1.087516636610211,-75.50428669526487,False,,1.0,-77.47555073631952
1978-05,1988-05,4.115912314852218,0.0,True,40,2.8636973412738977,-30.423752446322005,True,114,1.0637510815748659,-74.15515685948087,False,,1.0,-75.70404995287406
1978-06,1988-06,4.333592826849658,0.0,True,39,3.035554591258001,-29.952934838487742,True,113,1.1275892997106374,-73.98026661101089,False,,1.0,-76.92445875846259
1978-07,1988-07,4.322951972599614,0.0,True,38,3.0263095034288146,-29.994376004854416,True,112,1.1241551127119591,-73.99566037658414,False,,1.0,-76.8676588049474
1978-08,1988-08,3.9585524710418762,0.0,True,37,2.97437466041216,-24.862063035144864,True,111,1.1048633584353669,-72.0892076960503,False,,1.0,-74.73824062418444
1978-09,1988-09,4.018755625968121,0.0,True,36,3.0317679472168524,-24.559534607519286,True,110,1.1261827101816897,-71.97683026794168,False,,1.0,-75.11667558140962
1978-10,1988-10,4.2905878804192366,0.0,True,35,3.147108994586871,-26.65086737998793,True,109,1.1690273788977124,-72.75367824924994,False,,1.0,-76.69317054281407
1978-11,1988-11,4.4457039252207045,0.0,True,34,3.0836146903101187,-30.63832539957023,True,108,1.1454417387971447,-74.23486228358584,False,,1.0,-77.50637431505618
1978-12,1988-12,4.46337086592853,0.0,True,33,3.1554424310207554,-29.30360201281822,True,107,1.172122923211008,-73.73906497086105,False,,1.0,-77.59540871600939
1979-01,1989-01,4.434475921292661,0.0,True,32,3.266342566495326,-26.342083608762067,True,106,1.213317967588636,-72.63897720669208,False,,1.0,-77.44942090680024
1979-02,1989-02,4.629680889583945,0.0,True,31,3.3742065198210316,-27.117946132908067,True,105,1.2533851895535517,-72.92717965997458,False,,1.0,-78.40023915579488
1979-03,1989-03,4.516442109158478,0.0,True,30,3.368860200533673,-25.408980805881008,True,104,1.2513992419317816,-72.29236616596538,False,,1.0,-77.8586777859459
1979-04,1989-04,4.566361606107329,0.0,True,29,3.489026860733594,-23.59284783607243,True,103,1.2960364362730112,-71.61774410200863,False,,1.0,-78.10072687492512
1979-05,1989-05,4.845966118476119,0.0,True,28,3.6327133852990445,-25.03634370350486,True,102,1.3494103364094825,-72.15394611892533,False,,1.0,-79.36427998975644
1979-06,1989-06,4.8921338847810985,0.0,True,27,3.756128042811182,-23.221070165391588,True,101,1.3952540341769035,-71.47964330008651,False,,1.0,-79.55902222727606
1979-07,1989-07,4.958506353607361,0.0,True,26,3.861357743367575,-22.126594825104938,True,100,1.4343427347065718,-71.07308870012693,False,,1.0,-79.83263651013594
1979-08,1989-08,4.943157495035233,0.0,True,25,4.042604124717886,-18.218180813009443,True,99,1.5016686463572622,-69.6212664098707,False,,1.0,-79.77001539998733
1979-09,1989-09,4.890344871171404,0.0,True,24,4.0611978487287175,-16.954776079914335,True,98,1.5085754845003698,-69.15196117571531,False,,1.0,-79.5515443932185
1979-10,1989-10,5.0743590598999555,0.0,True,23,4.072888263411469,-19.73590722821713,True,97,1.5129180143772543,-70.18504215964799,False,,1.0,-80.29307764398297
1979-11,1989-11,4.99841773089681,0.0,True,22,3.999148058654459,-19.991719900990812,True,96,1.4855264246881958,-70.28006651973715,False,,1.0,-79.9936689200928
1979-12,1989-12,4.918578631753687,0.0,True,21,4.108726909781514,-16.465157571007982,True,95,1.526230663828315,-68.9700871309615,False,,1.0,-79.66892318150343
1980-01,1990-01,4.655519581748804,0.0,True,20,4.017952253776063,-13.694869429230172,True,94,1.4925114445820413,-67.94103389805971,False,,1.0,-78.52012041963404
1980-02,1990-02,4.34672963149507,0.0,True,19,3.9164998556082153,-9.89778091486394,True,93,1.4548258635243017,-66.5305646575513,False,,1.0,-76.99419828750547
1980-03,1990-03,4.89390294550304,0.0,True,18,4.022614937185496,-17.80354081435477,True,92,1.4942434483271088,-69.46724393665889,False,,1.0,-79.56641128490523
1980-04,1990-04,4.9611011207447575,0.0,True,17,4.0306142709480195,-18.755651762588023,True,91,1.4972148866209258,-69.82091575677931,False,,1.0,-79.8431844934884
1980-05,1990-05,4.905080156483688,0.0,True,16,4.1859460141175004,-14.661006944312904,True,90,1.5549145280662542,-68.29991603682726,False,,1.0,-79.61297332362308
1980-06,1990-06,4.735537624546923,0.0,True,15,4.318744977125454,-8.801379705252499,True,89,1.6042441267272949,-66.12329467278211,False,,1.0,-78.88307349061184
1980-07,1990-07,4.518938790120115,0.0,True,14,4.326141512458028,-4.266428172995063,True,88,1.6069916490811873,-64.43873830301487,False,,1.0,-77.87091070615233
1980-08,1990-08,4.0226514868123635,0.0,True,13,3.9861103903909996,-0.90838335215363,True,87,1.480683443023695,-63.19135654983074,False,,1.0,-75.14077460405545
1980-09,1990-09,3.741851946668032,0.0,True,12,3.813117819278667,1.9045615279913664,True,86,1.41642349768209,-62.14645801410295,False,,1.0,-73.27526545002777
1980-10,1990-10,3.5376076905481515,0.0,True,11,3.724912243370418,5.294667165121503,True,85,1.3836585907832362,-60.88716692695682,False,,1.0,-71.73230930405823
1980-11,1990-11,3.4824740396201936,0.0,True,10,3.8361442494791373,10.155717051591173,True,84,1.424976912066189,-59.08147782713693,False,,1.0,-71.28478235234563
1980-12,1990-12,3.6881129334464355,0.0,True,9,4.012170818445294,8.786549946995127,True,83,1.4903638684406937,-59.590069628155575,False,,1.0,-72.88586282347029
1981-01,1991-01,3.6624014332935553,0.0,True,8,3.984697567755837,8.80013128906092,True,82,1.480158634907779,-59.585024693028,False,,1.0,-72.69551090414707
1981-02,1991-02,4.2168534252670895,0.0,True,7,4.447199178620502,5.462503201396496,True,81,1.6519598171404475,-60.82482243176819,False,,1.0,-76.28563530313693
1981-03,1991-03,4.172259757868792,0.0,True,6,4.582596133682801,9.834871259875989,True,80,1.7022544678053793,-59.20065943653283,False,,1.0,-76.03217301813432
1981-04,1991-04,4.211932281111008,0.0,True,5,4.686129636192697,11.25842780541113,True,79,1.7407130973842797,-58.67186409452147,False,,1.0,-76.25792787589111
1981-05,1991-05,4.27342292340317,0.0,True,9,4.722915009664549,10.51831504435845,True,78,1.7376031529107083,-59.339312208140726,False,,1.0,-76.59955455090686
1981-06,1991-06,4.251700836790774,0.0,True,8,4.739314453962505,11.468671853680723,True,77,1.7436366568081532,-58.98966734159341,False,,1.0,-76.4800008658462
1981-07,1991-07,4.372976138166216,0.0,True,8,4.911027293494272,12.30400391696822,True,76,1.7572621262931936,-59.81541927575914,False,,1.0,-77.13227860375784
1981-08,1991-08,4.4542936558626005,0.0,True,7,5.042637154862919,13.20845782643807,True,75,1.804354722405659,-59.49178788356658,False,,1.0,-77.54975138013562
1981-09,1991-09,4.842779654921018,0.0,True,73,1.5776027596154933,-67.4236105701732,True,74,1.798902426420304,-62.85392781411521,False,,1.0,-79.35070205013676
1981-10,1991-10,4.769052038220775,0.0,True,72,1.580459346499419,-66.86009433671325,True,73,1.8021597236362565,-62.21136382674908,False,,1.0,-79.0314722509701
1981-11,1991-11,4.628772591326485,0.0,True,71,1.5806999272609326,-65.8505598174581,True,72,1.8024340520836422,-61.06021593151736,False,,1.0,-78.39600066173425
1981-12,1991-12,4.617459714743573,0.0,True,70,1.5954725685794815,-65.44696289422669,True,71,1.8192789391444706,-60.60000408156234,False,,1.0,-78.34307039416078
1982-01,1992-01,5.207313632544624,0.0,True,69,1.7128815432151079,-67.10623434490375,True,70,1.953157564843012,-62.49203134921268,False,,1.0,-80.79624023891688
1982-02,1992-02,5.276950287731332,0.0,True,68,1.7026034855029044,-67.73508574713354,True,69,1.9414377432056074,-63.209095455771845,False,,1.0,-81.04966040091463
1982-03,1992-03,5.370858409377851,0.0,True,67,1.6853804588413308,-68.61990522970123,True,68,1.9217987407615715,-64.21803379873145,False,,1.0,-81.38100236911964
1982-04,1992-04,5.105692230544538,0.0,True,66,1.6898349780888902,-66.90292125366388,True,67,1.9268781217617184,-62.26019832855827,False,,1.0,-80.41401724104026
1982-05,1992-05,5.181667218333048,0.0,True,65,1.7247866878702627,-66.71367312497676,True,66,1.9667327145291487,-62.04440324591416,False,,1.0,-80.70119214792605
1982-06,1992-06,5.397143435222442,0.0,True,64,1.701862158714445,-68.4673535335771,True,65,1.9405924261253715,-64.04408277421683,False,,1.0,-81.47168012111975
1982-07,1992-07,5.486934402376252,0.0,True,63,1.734412125733139,-68.39014286407344,True,64,1.9777083694722895,-63.9560413075871,False,,1.0,-81.77488691013099
1982-08,1992-08,5.494947278786774,0.0,True,62,1.7507535780683279,-68.13884666688057,True,63,1.9963421339467935,-63.66949430700335,False,,1.0,-81.8014632486012
1982-09,1992-09,4.920511633749373,0.0,True,61,1.757386331157621,-64.28447970524331,True,62,2.0039053025286515,-59.27445250237731,False,,1.0,-79.67691015826313
1982-10,1992-10,4.46569858986755,0.0,True,60,1.7366083915795207,-61.112279375061284,True,61,1.9802127185145557,-55.657268875970246,False,,1.0,-77.60708700159589
1982-11,1992-11,4.39119215721821,0.0,True,59,1.7844838081295478,-59.36220178394548,True,60,2.03480390281162,-53.66169755366265,False,,1.0,-77.22714096316174
1982-12,1992-12,4.474177192473935,0.0,True,58,1.8428601970141187,-58.81119325998051,True,59,2.101369092920507,-53.03339580615528,False,,1.0,-77.64952175604239
1983-01,1993-01,4.311304883661997,0.0,True,57,1.8455017328989256,-57.193894129533994,True,58,2.1043811726621864,-51.18922856425924,False,,1.0,-76.80516625512678
1983-02,1993-02,4.2941704813911885,0.0,True,56,1.8773345494482492,-56.28178812220687,True,57,2.1406793666031803,-50.14917605437823,False,,1.0,-76.7126152924411
1983-03,1993-03,4.223242445874256,0.0,True,55,1.917711905617048,-54.59147964639143,True,56,2.186720693256407,-48.22175801456425,False,,1.0,-76.32151095239834
1983-04,1993-04,3.9987237782796976,0.0,True,54,1.891985820567514,-52.68525846060138,True,55,2.1573858581492593,-46.04813991234488,False,,1.0,-74.9920210685267
1983-05,1993-05,3.8570565575794142,0.0,True,53,1.9057022694085193,-50.59179866928145,True,54,2.1730263943688892,-43.661018138333375,False,,1.0,-74.07349399544265
1983-06,1993-06,3.8233743006773837,0.0,True,52,1.9221948153447816,-49.725172996945965,True,53,2.1918324472372435,-42.67282575893972,False,,1.0,-73.84509280656015
1983-07,1993-07,3.7987683206691245,0.0,True,51,1.9233674259687923,-49.36865679584257,True,52,2.193169546886647,-42.26629892237449,False,,1.0,-73.67567812548627
1983-08,1993-08,3.961030130433235,0.0,True,50,1.9572661193028424,-50.586941910265956,True,51,2.231823410363637,-43.655480093014766,False,,1.0,-74.75404207817459
1983-09,1993-09,3.885889168518817,0.0,True,49,1.9837865228307092,-48.94896800191374,True,50,2.2620639876985504,-41.78773789987478,False,,1.0,-74.26586408841996
1983-10,1993-10,3.9087779395527718,0.0,True,48,2.0084305044367303,-48.61743144542696,True,49,2.2901649263141333,-41.40969475037086,False,,1.0,-74.41655639014336
1983-11,1993-11,3.95416166011439,0.0,True,47,2.008589250829982,-49.20315800209657,True,48,2.290345941002568,-42.07758463430373,False,,1.0,-74.71018926497125
1983-12,1993-12,3.994313790271577,0.0,True,46,2.0264162813818625,-49.26747401975936,True,47,2.3106736745338297,-42.15092264003813,False,,1.0,-74.96441059699495
1984-01,1994-01,4.000574030957828,0.0,True,45,2.061608131025227,-48.46719208114162,True,46,2.3508020930015414,-41.23838042215391,False,,1.0,-75.00358717869851
1984-02,1994-02,4.212882990438588,0.0,True,44,2.060063236160697,-51.10086748584888,True,45,2.349040486600038,-44.2414970477144,False,,1.0,-76.26328568181064
1984-03,1994-03,4.1345759830543,0.0,True,43,2.0307474444943803,-50.883779792233405,True,44,2.315612395504519,-43.99395717976559,False,,1.0,-75.81372300089456
1984-04,1994-04,3.9759921730154724,0.0,True,42,1.9628067683244095,-50.633535406691266,True,43,2.2381412789830284,-43.70860953467177,False,,1.0,-74.84904505630404
1984-05,1994-05,4.028181746086672,0.0,True,41,1.9835938837253633,-50.75709069849195,True,42,2.2618443259669023,-43.84949665778473,False,,1.0,-75.17490364054483
1984-06,1994-06,4.14944873760341,0.0,True,40,2.0055898238864347,-51.66611396566378,True,41,2.2869257667072764,-44.88603399332192,False,,1.0,-75.90041320578965
1984-07,1994-07,4.1657316772717685,0.0,True,39,1.9951943398378613,-52.10458823539592,True,40,2.2750720466470065,-45.38601564138662,False,,1.0,-75.99461325231292
1984-08,1994-08,3.932085459721375,0.0,True,38,2.05669883527172,-47.69445231189211,True,39,2.345204141306052,-40.35724387658066,False,,1.0,-74.56820279610965
1984-09,1994-09,3.9091956312216163,0.0,True,37,2.07351901429819,-46.95791129669765,True,38,2.3643837862953356,-39.517383898322066,False,,1.0,-74.41928994258336
1984-10,1994-10,3.907921956227365,0.0,True,36,2.0643469771230385,-47.175327443951296,True,37,2.3539251332351583,-39.765298294042864,False,,1.0,-74.41095264437212
1984-11,1994-11,3.8439984962193963,0.0,True,35,2.0567422242112774,-46.49471829309767,True,36,2.3452536166687015,-38.98921607343818,False,,1.0,-73.98542166487556
1984-12,1994-12,3.8316362906713715,0.0,True,34,2.0356733425084124,-46.87195787699031,True,35,2.3212292783577797,-39.4193732842253,False,,1.0,-73.90148949067444
1985-01,1995-01,3.7493526809680344,0.0,True,33,2.085574969770632,-44.375065585130194,True,34,2.378130901923783,-36.572227147493095,False,,1.0,-73.32872938104578
1985-02,1995-02,3.6795194683481474,0.0,True,32,2.1652250315751274,-41.15467929438174,True,33,2.4689539488355137,-32.90009823092728,False,,1.0,-72.82253814384812
1985-03,1995-03,3.7917021877407717,0.0,True,31,2.2206114267791905,-41.43497255773908,True,32,2.5321097211717305,-33.21970988759405,False,,1.0,-73.62662069734345
1985-04,1995-04,3.873928744438766,0.0,True,30,2.2920438711367894,-40.8341241581394,True,31,2.6135624168499105,-32.534576930414104,False,,1.0,-74.18641214205208
1985-05,1995-05,3.8970031811105295,0.0,True,29,2.3687998434535635,-39.2148342363291,True,30,2.7010854032299214,-30.688139637078947,False,,1.0,-74.33925625600773
1985-06,1995-06,3.922363049404637,0.0,True,28,2.444110382376036,-37.68780830354244,True,29,2.7869601967271613,-28.946908748026644,False,,1.0,-74.50516468250467
1985-07,1995-07,3.9722333189942356,0.0,True,27,2.530844919724098,-36.286599590657865,True,28,2.885861500454533,-27.349144204217346,False,,1.0,-74.8252451531926
1985-08,1995-08,4.067659616988393,0.0,True,26,2.5438577832302838,-37.46139001882116,True,27,2.900699755264419,-28.688729431789717,False,,1.0,-75.41583873381278
1985-09,1995-09,4.299913688916502,0.0,True,25,2.638456418697955,-38.63931674956952,True,26,3.008568300651801,-30.031890909654415,False,,1.0,-76.74371923842077
1985-10,1995-10,4.2752192953575525,0.0,True,24,2.6625607059171705,-37.72107295622386,True,25,3.036053838757951,-28.98483963021985,False,,1.0,-76.60938700651224
1985-11,1995-11,4.112037414970829,0.0,True,23,2.7253807925649345,-33.72188729016542,True,24,3.1076860703890237,-24.424664545250263,False,,1.0,-75.6811551286166
1985-12,1995-12,4.037633157756431,0.0,True,22,2.817774403384248,-30.212223515868263,True,23,3.2130402792832227,-20.422679482140104,False,,1.0,-75.23301496375504
1986-01,1996-01,4.014015046627016,0.0,True,21,2.8223950041284596,-29.686486688680368,True,22,3.218309039013529,-19.823194441737833,False,,1.0,-75.08728820435535
1986-02,1996-02,4.021874122601848,0.0,True,20,2.989079894851171,-25.67942696034796,True,21,3.4083758048968313,-15.25404075322302,False,,1.0,-75.13596971172545
1986-03,1996-03,3.7800842466779354,0.0,True,19,2.9831205105733254,-21.08322683032815,True,20,3.4015804625509536,-10.013104455532273,False,,1.0,-73.54556314773055
1986-04,1996-04,3.68646326119068,0.0,True,18,2.989020295597191,-18.919026616536083,True,19,3.40830784530311,-7.545319081729551,False,,1.0,-72.87372939457933
1986-05,1996-05,3.754797632136032,0.0,True,17,3.0594282958702483,-18.519489048207404,True,18,3.4885923920678943,-7.0897360163908125,False,,1.0,-73.36740623672122
1986-06,1996-06,3.6872677397555402,0.0,True,16,3.098567799310023,-15.965749763659609,True,17,3.533222225070885,-4.177768623193834,False,,1.0,-72.87964773433299
1986-07,1996-07,3.624466138502859,0.0,True,15,2.990894306448435,-17.480418021400812,True,16,3.4104447347367097,-5.904908353056215,False,,1.0,-72.40972982539533
1986-08,1996-08,3.6526404062409967,0.0,True,14,3.0829371241013757,-15.59702622700584,True,15,3.515398942632994,-3.757322055943646,False,,1.0,-72.62254454910553
1986-09,1996-09,3.8204013414456917,0.0,True,13,3.145377750699403,-17.668918273671498,True,14,3.586598485109563,-6.119850650237035,False,,1.0,-73.82473958556442
1986-10,1996-10,3.981375389801462,0.0,True,12,3.2749825885234602,-17.742431499613687,True,13,3.7343837598350778,-6.203676011035498,False,,1.0,-74.88305165693339
1986-11,1996-11,4.039807578779087,0.0,True,11,3.4404685148060907,-14.835831961930435,True,12,3.923083375447307,-2.889350570678817,False,,1.0,-75.24634576030425
1986-12,1996-12,4.019536048694782,0.0,True,10,3.4817243311568746,-13.37994512358074,True,11,3.970126389086219,-1.229237877456213,False,,1.0,-75.12150686334263
1987-01,1997-01,3.89082293771072,0.0,True,9,3.595163703629256,-7.598886888834466,True,10,4.099478573055458,5.362763576887564,False,,1.0,-74.29849633331351
1987-02,1997-02,3.814047566876321,0.0,True,8,3.7519755569808053,-1.6274576760549442,True,9,4.278287352240352,12.171840471938333,False,,1.0,-73.78113454366293
1987-03,1997-03,3.6313374001171117,0.0,True,7,3.7285959074411323,2.6783109528980775,True,8,4.251628101025538,17.081604724706168,False,,1.0,-72.46193647641364
1987-04,1997-04,3.5379328768915754,0.0,True,6,3.601641090548609,1.8007185515912738,True,7,4.106864581336102,16.080907248426634,False,,1.0,-71.73490750682079
1987-05,1997-05,3.8573331014049552,0.0,True,5,3.9336473954622897,1.9784211539713326,True,6,4.4854433736561825,16.28353724552465,False,,1.0,-74.07535274473003
1987-06,1997-06,3.8882280921246153,0.0,True,4,4.143592389832931,6.567626478126165,True,5,4.724838593705236,21.516497534574363,False,,1.0,-74.28134419311863
1987-07,1997-07,3.9867531483019185,0.0,True,3,4.381288065878166,9.896146134462613,True,4,4.995877247625696,25.31192832326714,False,,1.0,-74.91693207978199
1987-08,1997-08,3.758047060633391,0.0,True,2,4.396548044529736,16.99023385270566,True,3,5.013277833708672,33.40114567015884,False,,1.0,-73.39043434353754
1987-09,1997-09,3.921659098221734,0.0,True,1,4.448977652832211,13.446312935501915,True,2,5.073062053162356,29.360098012158243,False,,1.0,-74.50058827261535
1987-10,1997-10,4.522202487288199,0.0,True,1,5.156558568095689,14.02759125869859,False,,1.0,-77.88688138554221,False,,1.0,-77.88688138554221
1987-11,1997-11,5.09717835152266,0.0,True,34,3.5986259475813207,-29.3996462472945,False,,1.0,-80.3813025357201,False,,1.0,-80.3813025357201
1987-12,1997-12,5.30217270814667,0.0,True,33,3.6934540518426795,-30.34074416007291,False,,1.0,-81.13980711221416,False,,1.0,-81.13980711221416
1988-01,1998-01,5.098187538356954,0.0,True,32,3.702226790380703,-27.38151034016575,False,,1.0,-80.38518605923468,False,,1.0,-80.38518605923468
1988-02,1998-02,5.249779799148131,0.0,True,31,3.939265227134026,-24.963229357291496,False,,1.0,-80.95158200421535,False,,1.0,-80.95158200421535
1988-03,1998-03,5.355536207802511,0.0,True,30,4.148566188889853,-22.536866003337195,False,,1.0,-81.32773337349313,False,,1.0,-81.32773337349313
1988-04,1998-04,5.587315395209492,0.0,True,29,4.289888198142895,-23.220940743366626,False,,1.0,-82.10231695784724,False,,1.0,-82.10231695784724
1988-05,1998-05,5.699513119425931,0.0,True,28,4.280402898681828,-24.898797335991375,False,,1.0,-82.45464166769526,False,,1.0,-82.45464166769526
1988-06,1998-06,5.383138577935422,0.0,True,27,4.285419910974885,-20.391796552663553,False,,1.0,-81.42347655513028,False,,1.0,-81.42347655513028
1988-07,1998-07,5.6408460078648375,0.0,True,26,4.476899663228654,-20.634251369623158,False,,1.0,-82.27216274640836,False,,1.0,-82.27216274640836
1988-08,1998-08,5.339277241743753,0.0,True,25,4.164836148640743,-21.996256046060836,False,,1.0,-81.27087329008205,False,,1.0,-81.27087329008205
1988-09,1998-09,4.981633693324044,0.0,True,24,3.9608420384588134,-20.49110227099209,False,,1.0,-79.92626392140969,False,,1.0,-79.92626392140969
1988-10,1998-10,4.861017025062583,0.0,True,23,4.011979468630303,-17.466253503223417,False,,1.0,-79.42817326406863,False,,1.0,-79.42817326406863
1988-11,1998-11,5.505567462755903,0.0,True,22,4.452274886659306,-19.131408037807496,False,,1.0,-81.8365680419901,False,,1.0,-81.8365680419901
1988-12,1998-12,5.6010609081994405,0.0,True,21,4.635006335001614,-17.24770697964757,False,,1.0,-82.14623950016163,False,,1.0,-82.14623950016163
1989-01,1999-01,5.684047951775735,0.0,True,20,4.868993997777341,-14.339322273728627,False,,1.0,-82.40690422592945,False,,1.0,-82.40690422592945
1989-02,1999-02,5.498704802314059,0.0,True,19,4.865772964248232,-11.510562229117404,False,,1.0,-81.81389916441482,False,,1.0,-81.81389916441482
1989-03,1999-03,5.668472117815248,0.0,True,18,5.008051421593651,-11.650770833748714,False,,1.0,-82.35856189788542,False,,1.0,-82.35856189788542
1989-04,1999-04,5.705856521504661,0.0,True,17,5.2208947141286375,-8.49936912272965,False,,1.0,-82.47414746180306,False,,1.0,-82.47414746180306
1989-05,1999-05,5.474753784518018,0.0,True,16,5.215734812515572,-4.731152891933199,False,,1.0,-81.7343383947624,False,,1.0,-81.7343383947624
1989-06,1999-06,5.2624781650888925,0.0,True,15,5.183826660334137,-1.4945716122211516,False,,1.0,-80.99754585902194,False,,1.0,-80.99754585902194
1989-07,1999-07,5.350589518546869,0.0,True,14,5.418280065872898,1.265104472906975,False,,1.0,-81.31047062134597,False,,1.0,-81.31047062134597
1989-08,1999-08,4.917822804353355,0.0,True,13,5.213793985854712,6.018337652169126,False,,1.0,-79.66579846848528,False,,1.0,-79.66579846848528
1989-09,1999-09,4.866051833511838,0.0,True,12,5.182635358956495,6.505962868385207,False,,1.0,-79.44945852994955,False,,1.0,-79.44945852994955
1989-10,1999-10,4.790348532503049,0.0,True,11,5.116693278408287,6.812547013874948,False,,1.0,-79.12469221780235,False,,1.0,-79.12469221780235
1989-11,1999-11,5.225359254622131,0.0,True,10,5.480288391101252,4.878691091978449,False,,1.0,-80.86255984953681,False,,1.0,-80.86255984953681
1989-12,1999-12,5.228857187165563,0.0,True,9,5.634220407166902,7.752424774505595,False,,1.0,-80.87536216413523,False,,1.0,-80.87536216413523
1990-01,2000-01,5.340636895362388,0.0,True,8,5.627527148998563,5.371835967453631,False,,1.0,-81.27564147136901,False,,1.0,-81.27564147136901
1990-02,2000-02,5.343214031474901,0.0,True,7,5.48808035171438,2.7112206134009664,False,,1.0,-81.28467259388508,False,,1.0,-81.28467259388508
1990-03,2000-03,5.407288054575012,0.0,True,6,5.7043707351568,5.4941160445564075,False,,1.0,-81.50644112340348,False,,1.0,-81.50644112340348
1990-04,2000-04,5.473433149930642,0.0,True,5,5.785632338358688,5.703900639254211,False,,1.0,-81.72993124045607,False,,1.0,-81.72993124045607
1990-05,2000-05,5.1207057460611844,0.0,True,4,5.62138355621235,9.777515736698671,False,,1.0,-80.47144183652432,False,,1.0,-80.47144183652432
1990-06,2000-06,5.120252443992106,0.0,True,3,5.7992083046330825,13.26020285264715,False,,1.0,-80.46971294992771,False,,1.0,-80.46971294992771
1990-07,2000-07,5.1549294406103385,0.0,True,2,5.848482869861893,13.454178902775404,False,,1.0,-80.60109238116748,False,,1.0,-80.60109238116748
1990-08,2000-08,5.647202257611012,0.0,True,97,1.4904414398138393,-73.60743653540834,False,,1.0,-82.29211644310683,False,,1.0,-82.29211644310683
1990-09,2000-09,5.839628346347804,0.0,True,96,1.4743401250659411,-74.75284320126268,False,,1.0,-82.87562254496186,False,,1.0,-82.87562254496186
1990-10,2000-10,5.66619918135751,0.0,True,95,1.397462411749042,-75.33686397141024,False,,1.0,-82.35148521975503,False,,1.0,-82.35148521975503
1990-11,2000-11,5.459388776199274,0.0,True,94,1.3866638852767388,-74.6003821650872,False,,1.0,-81.68293116695415,False,,1.0,-81.68293116695415
1990-12,2000-12,5.046556305944644,0.0,True,93,1.3406233853510479,-73.43488699864804,False,,1.0,-80.18450722878015,False,,1.0,-80.18450722878015
1991-01,2001-01,5.104439461326333,0.0,True,92,1.3467149303030066,-73.61679102071126,False,,1.0,-80.40921030455004,False,,1.0,-80.40921030455004
1991-02,2001-02,4.475853789564808,0.0,True,91,1.3179372251202166,-70.55450675817627,False,,1.0,-77.6578939568705,False,,1.0,-77.6578939568705
1991-03,2001-03,3.9491872807849915,0.0,True,90,1.19826139245586,-69.65802563261376,False,,1.0,-74.67833432803857,False,,1.0,-74.67833432803857
1991-04,2001-04,3.8792384209762987,0.0,True,89,1.2036300557338424,-68.97251663559979,False,,1.0,-74.22174428380902,False,,1.0,-74.22174428380902
1991-05,2001-05,4.153499400927423,0.0,True,88,1.2864239072207806,-69.02795009592299,False,,1.0,-75.9239161133209,False,,1.0,-75.9239161133209
1991-06,2001-06,4.040232356657192,0.0,True,87,1.2556878369074715,-68.9204054108808,False,,1.0,-75.24894828505903,False,,1.0,-75.24894828505903
1991-07,2001-07,3.9022636891466878,0.0,True,86,1.2222850958019595,-68.67753711258713,False,,1.0,-74.37384862583004,False,,1.0,-74.37384862583004
1991-08,2001-08,3.7226708648069984,0.0,True,85,1.197280516751835,-67.83813127100325,False,,1.0,-73.13756611002877,False,,1.0,-73.13756611002877
1991-09,2001-09,3.313988391116263,0.0,True,84,1.0626198998422658,-67.93531616795015,True,120,1.0,-69.82487920957483,False,,1.0,-69.82487920957483
1991-10,2001-10,3.4133262688738735,0.0,True,83,1.0964540521836657,-67.8772562065856,True,119,1.0318403150048499,-69.7702407058416,False,,1.0,-70.70306436513259
1991-11,2001-11,3.5852608797374335,0.0,True,82,1.1518594784482712,-67.87236641667684,True,118,1.0839807146650011,-69.76563906991376,False,,1.0,-72.10802690393803
1991-12,2001-12,3.6041396088616575,0.0,True,81,1.1687463072218187,-67.57211334577133,True,117,1.0998724072411086,-69.48307983029282,False,,1.0,-72.25412696164
1992-01,2002-01,3.3471003674533306,0.0,True,80,1.1652667917502473,-65.1857828022991,True,116,1.09659793866388,-67.23737509257197,False,,1.0,-70.1233936775891
1992-02,2002-02,3.254406899088685,0.0,True,79,1.1261978003296036,-65.39468372424582,True,115,1.0598312722138699,-67.43396554036778,False,,1.0,-69.27243485502612
1992-03,2002-03,3.450246973387146,0.0,True,78,1.1818910460527603,-65.74474073395145,True,114,1.1122425302106604,-67.76339378630742,False,,1.0,-71.01656757579042
1992-04,2002-04,3.32024062333095,0.0,True,77,1.1403631080284096,-65.65420289074206,True,113,1.0731618222072483,-67.67819131341678,False,,1.0,-69.88170095344553
1992-05,2002-05,3.1612377438848913,0.0,True,76,1.1082094645352036,-64.94381143338784,True,112,1.0429029841241493,-67.00966303019935,False,,1.0,-68.36682081458747
1992-06,2002-06,3.0141491286978765,0.0,True,75,1.0426016843909343,-65.40975114786897,True,111,0.9811614525059213,-67.448145044841,True,120,1.0,-66.82314121491382
1992-07,2002-07,2.6393712537008365,0.0,True,74,0.9304265362014993,-64.74817497171392,True,110,0.8755967550952235,-66.82555537166317,True,119,0.8924084337587032,-66.1885976628942
1992-08,2002-08,2.644492561680211,0.0,True,73,0.9410152835470195,-64.41603590863822,True,109,0.8855615104579755,-66.51298917266293,True,118,0.9025645149391263,-65.87003011399393
1992-09,2002-09,2.5091494758139006,0.0,True,72,0.8962374408762361,-64.28122558997723,True,108,0.843422413799396,-66.38612318918096,True,117,0.8596163369904769,-65.74072827161321
1992-10,2002-10,2.5044810094519425,0.0,True,71,0.8839932379676251,-64.70353599682235,True,107,0.8318997584167623,-66.78354695934358,True,116,0.8478724437166387,-66.14578267845684
1992-11,2002-11,2.5987948313962135,0.0,True,70,0.9425706461889254,-63.73047095516481,True,106,0.8870252160051205,-65.86782437424803,True,115,0.9040563240021573,-65.21247798863563
1992-12,2002-12,2.490446364468293,0.0,True,69,0.9328222311941715,-62.54397426489737,True,105,0.8778512724377162,-64.75124760917562,True,114,0.8947062384031218,-64.07446266789445
1993-01,2003-01,2.481359470675986,0.0,True,68,0.9307508605509733,-62.490285202513896,True,104,0.8759019670995556,-64.70072242854287,True,113,0.8927195059105417,-64.02296739104303
1993-02,2003-02,2.282819813044966,0.0,True,67,0.8710490484813957,-61.843285067710326,True,103,0.8197183664739324,-64.09184983458938,True,112,0.8354571659744097,-63.40240428963049
1993-03,2003-03,2.26399456847575,0.0,True,66,0.8824458190025066,-61.02261766481978,True,102,0.8304435284277059,-63.319544137121866,True,111,0.846388253744298,-62.61527012787249
1993-04,2003-04,2.4160740189259933,0.0,True,65,0.9290892116583312,-61.54549883900762,True,101,0.874338238721338,-63.81161206683545,True,110,0.8911257535528397,-63.11678588601487
1993-05,2003-05,2.5261035631189177,0.0,True,64,0.9784429476063999,-61.266712818442784,True,100,0.920783572518865,-63.54925483015445,True,109,0.9384628494802266,-62.84939132418111
1993-06,2003-06,2.6472830137231917,0.0,True,63,1.0342536904429918,-60.93150278676111,True,99,0.9733054035563566,-63.23379863388764,True,108,0.9919931129280507,-62.52787828933742
1993-07,2003-07,2.661465861156114,0.0,True,62,1.0404290294060872,-60.90766954440154,True,98,0.9791168314846421,-63.21136987797681,True,107,0.9979161217391316,-62.50501889565299
1993-08,2003-08,2.6110515938382144,0.0,True,61,1.0387107746415085,-60.218680584759475,True,97,0.9774998330030273,-62.562982849139544,True,106,0.9962680764786038,-61.84418267223507
1993-09,2003-09,2.657612542715097,0.0,True,60,1.0715585477413332,-59.67965493395073,True,96,1.008411895825021,-62.05572183239334,True,105,1.0277736587077497,-61.327182115954905
1993-10,2003-10,2.6782907148347332,0.0,True,59,1.093311281095287,-59.17876744897161,True,95,1.0288827465564845,-61.58435150980341,True,104,1.0486375549392826,-60.846761364216206
1993-11,2003-11,2.710556789039786,0.0,True,58,1.1065701466989006,-59.175540937812166,True,94,1.041360270839233,-61.58131513606344,True,103,1.0613546508370888,-60.843666691334164
1993-12,2003-12,2.76908375659786,0.0,True,57,1.1404967786452278,-58.8132075843578,True,93,1.073287615651205,-61.24033398795192,True,102,1.0938950087266373,-60.49613861912888
1994-01,2004-01,2.856179837605729,0.0,True,56,1.1967983235489827,-58.097935298351814,True,92,1.1262713259243822,-60.56721250197922,True,101,1.147896019608032,-59.810093030756526
1994-02,2004-02,2.889426230437479,0.0,True,55,1.2098219717016025,-58.129335196128984,True,91,1.1385274940561412,-60.596762012375024,True,100,1.160387509260888,-59.84020989920904
1994-03,2004-03,2.8853046650097496,0.0,True,54,1.1909043950117835,-58.72517694737933,True,90,1.1207247249826209,-61.157490972315266,True,99,1.1422429225284483,-60.411704996685735
1994-04,2004-04,3.0141201131774316,0.0,True,53,1.2024510519375446,-60.10606721740952,True,89,1.1315909405762448,-62.45700575670351,True,98,1.1533177722036687,-61.736170792879854
1994-05,2004-05,2.9060962551001204,0.0,True,52,1.1716342533384676,-59.68357031250149,True,88,1.1025901674835787,-62.059406478757786,True,97,1.1237601769489864,-61.330937508459414
1994-06,2004-06,2.956402205380136,0.0,True,51,1.205132891333137,-59.236504115035316,True,87,1.1341147399103158,-61.63868576993939,True,96,1.1558900291218597,-60.9021388558586
1994-07,2004-07,2.905314460513716,0.0,True,50,1.1781691712048088,-59.44779172040173,True,86,1.1087399844287642,-61.837522254554244,True,95,1.1300280719314877,-61.104793051156435
1994-08,2004-08,2.779364478766116,0.0,True,49,1.1618378203726771,-58.197716447449565,True,85,1.0933710356310278,-60.66111357527228,True,94,1.1143640354383257,-59.9057970283537
1994-09,2004-09,2.8335698412874986,0.0,True,48,1.1941840009895754,-57.85584729236919,True,84,1.1238110646778203,-60.33939067592593,True,93,1.1453885207246643,-59.577896968149894
1994-10,2004-10,2.849099421581012,0.0,True,47,1.195417487994198,-58.04226841157964,True,83,1.1249718626308847,-60.51482604960766,True,92,1.1465716062913667,-59.756700745279176
1994-11,2004-11,2.9961697541263246,0.0,True,46,1.252493798887331,-58.196834569790425,True,82,1.1786846821457513,-60.66028366642221,True,91,1.201315725495889,-59.90495118504426
1994-12,2004-12,3.1097644844700087,0.0,True,45,1.286663240643552,-58.62505835830729,True,81,1.2108405280519807,-61.06327234429324,True,90,1.2340889717583694,-60.31567734722867
1995-01,2005-01,2.9944588902230875,0.0,True,44,1.269326847415002,-57.61081070241586,True,80,1.194525763731151,-60.10879402514827,True,89,1.217460959845385,-59.34287280348391
1995-02,2005-02,2.9328492941460587,0.0,True,43,1.2906904332977043,-55.991927854120874,True,79,1.2146303993453285,-58.585311499990134,True,88,1.2379516095369616,-57.790139029376576
1995-03,2005-03,2.8524415565159456,0.0,True,42,1.2874151927701825,-54.86620261055695,True,78,1.2115481678456097,-57.525924936901085,True,87,1.2348101984146163,-56.710411976929365
1995-04,2005-04,2.6970175458050947,0.0,True,41,1.256423360479026,-53.41434235630946,True,77,1.182382675748429,-56.15962241003989,True,86,1.2050847215089642,-55.31787609675225
1995-05,2005-05,2.6445311779822966,0.0,True,40,1.273228531105832,-51.85428170760801,True,76,1.1981975222700314,-54.69149570835376,True,85,1.221203217074817,-53.82156099189721
1995-06,2005-06,2.618979614809193,0.0,True,39,1.301014804872348,-50.3235994081178,True,75,1.2243463585290182,-53.251016097801184,True,84,1.2478541175888982,-52.35342380930249
1995-07,2005-07,2.5749792648017142,0.0,True,38,1.3245506649904348,-48.5607250086951,True,74,1.2464952568524734,-51.59202740421058,True,83,1.2704282803496612,-50.66258211413247
1995-08,2005-08,2.5697807112436015,0.0,True,37,1.3286732689700684,-48.296239318915276,True,73,1.2503749169080076,-51.34312778373569,True,82,1.274382430857333,-50.40890355813211
1995-09,2005-09,2.484604451518214,0.0,True,36,1.3324057208128262,-46.37352758509864,True,72,1.2538874163853013,-49.53372092611702,True,81,1.277962371211005,-48.564755632225165
1995-10,2005-10,2.3975418460578366,0.0,True,35,1.2974631112427626,-45.88360935697039,True,71,1.2210039652328708,-49.0726734450742,True,80,1.2444475494979783,-48.09485592319634
1995-11,2005-11,2.4351097456541324,0.0,True,34,1.3488853389973579,-44.60679476953048,True,70,1.2693958951809439,-47.8711011917883,True,79,1.2937686167132447,-46.870213179418506
1995-12,2005-12,2.4058031344375026,0.0,True,33,1.3778299181390954,-42.728900032743375,True,69,1.296634778196436,-46.10387027783134,True,78,1.3215304931566405,-45.069050985935064
1996-01,2006-01,2.4371239821943624,0.0,True,32,1.398056499135228,-42.63498659282686,True,68,1.3156694123107935,-46.01549113122354,True,77,1.340930597049575,-44.978974937409035
1996-02,2006-02,2.300863777047663,0.0,True,31,1.3978408728423035,-39.247125936506635,True,67,1.3154664928162907,-42.82727617607062,True,76,1.3407237814495692,-41.72954545053905
1996-03,2006-03,2.339750622229863,0.0,True,30,1.4186317461752351,-39.368250073453126,True,66,1.3350321656744952,-42.94126250078038,True,75,1.3606651201642455,-41.845720341448846
1996-04,2006-04,2.3538075649468366,0.0,True,29,1.4299772327493743,-39.24833728785845,True,65,1.3457090658302548,-42.828416142818824,True,74,1.3715470194974189,-41.73070730493651
1996-05,2006-05,2.2815809341261026,0.0,True,28,1.4187486549101807,-37.817298799720476,True,64,1.3351421850096898,-41.48170836108957,True,73,1.3607772518984405,-40.35814239394278
1996-06,2006-06,2.1918381473423434,0.0,True,27,1.3803804163634772,-37.02179068115856,True,63,1.2990349762585658,-40.73307931821165,True,72,1.3239767756272773,-39.59513948451755
1996-07,2006-07,2.287128780631242,0.0,True,26,1.39033991076404,-39.210248126897795,True,62,1.3084075603801704,-42.792571565688,True,71,1.3335293157292827,-41.69417450287902
1996-08,2006-08,2.2697281377095035,0.0,True,25,1.4222233801199413,-37.33948324070309,True,61,1.3384121456139253,-41.03205034217957,True,70,1.3641099965714845,-39.899850827593994
1996-09,2006-09,2.2810124717887623,0.0,True,24,1.4582425789853493,-36.07038115658349,True,60,1.3723087429492045,-39.83773609650435,True,69,1.3986574171297486,-38.68260544700459
1996-10,2006-10,2.2699946045377137,0.0,True,23,1.5109953403345013,-33.43617040701219,True,59,1.4219527985112945,-37.35875866538122,True,68,1.4492546510868076,-36.15603102360899
1996-11,2006-11,2.2040942722281898,0.0,True,22,1.5412640849765693,-30.072678632822004,True,58,1.4504378143166272,-34.19347654080453,True,67,1.478286586384083,-32.92997468344965
1996-12,2006-12,2.2248001200776595,0.0,True,21,1.5743985694243028,-29.234156578104354,True,57,1.4816196926652747,-33.40436836125499,True,66,1.5100671646660855,-32.12571542771337
1997-01,2007-01,2.1695536937567046,0.0,True,20,1.5853252544967933,-26.928507966460458,True,56,1.4919024711772453,-31.234590991203724,True,65,1.5205473751204484,-29.91427778459196
1997-02,2007-02,2.1120829645008823,0.0,True,19,1.6106466691261458,-23.741316217340614,True,55,1.5157317017733516,-28.235219579476023,True,64,1.5448341329575461,-26.857317684837522
1997-03,2007-03,2.072773155110931,0.0,True,18,1.5708199149317321,-24.216506227008484,True,54,1.4782519273024184,-28.682406771940993,True,63,1.5066347373583728,-27.31309098425001
1997-04,2007-04,2.2355670224938335,0.0,True,17,1.6365053588515246,-26.796855456117797,True,53,1.5400665459911356,-31.110696727260223,True,62,1.5696362123254544,-29.78800471951478
1997-05,2007-05,2.1163330747524265,0.0,True,16,1.6920327004207085,-20.04884672424985,True,52,1.5923216765203363,-24.760346302927307,True,61,1.6228946545479237,-23.315725964459844
1997-06,2007-06,2.0160585533706277,0.0,True,15,1.697889696496817,-15.781726991106847,True,51,1.59783352142083,-20.744686767681998,True,60,1.6285123282614762,-19.222964752745742
1997-07,2007-07,1.9176669119734595,0.0,True,14,1.707671334062627,-10.95057627576873,True,50,1.6070387297622717,-16.19823444163837,True,59,1.6378942789261006,-14.589219394699082
1997-08,2007-08,1.8307555291320228,0.0,True,13,1.635955486405635,-10.640418102068727,True,49,1.5395490773779734,-15.906353804219442,True,58,1.5691088081843312,-14.291734575382687
1997-09,2007-09,1.8648363814312525,0.0,True,12,1.6862822256393692,-9.57478937936871,True,48,1.5869100756438679,-14.903522290469128,True,57,1.6173791495689551,-13.269648443493754
1997-10,2007-10,1.889551636139707,0.0,True,11,1.7367530638458673,-8.086498901189188,True,47,1.634406681169503,-13.502936362800689,True,56,1.6657877019069287,-11.842170912562134
1997-11,2007-11,1.8197143673358418,0.0,True,10,1.6533028269992145,-9.14492644140974,True,46,1.555874143938608,-14.498991057783972,True,55,1.5857473201427246,-12.857350109053511
1997-12,2007-12,1.7949726759311198,0.0,True,9,1.6737979042063302,-6.750786424196209,True,45,1.5751614518557266,-12.245937056471835,True,54,1.6054049492391982,-10.56103690233533
1998-01,2008-01,1.6719207419031996,0.0,True,8,1.5627560256040165,-6.529299718772408,True,44,1.4706632407655742,-12.037502501974329,True,53,1.4989003461249397,-10.348600351790926
1998-02,2008-02,1.5467590221805807,0.0,True,7,1.5383330038586056,-0.5447531387336779,True,43,1.4476794610066632,-6.405623613834665,True,52,1.4754752719944695,-4.608587967737677
1998-03,2008-03,1.4301620316462873,0.0,True,6,1.4979445763079255,4.7395010608421995,True,42,1.4096711124366095,-1.4327690678580196,True,51,1.4367371535400817,0.4597466404716144
1998-04,2008-04,1.4417539221345907,0.0,True,5,1.5615273406858752,8.30747998756638,True,41,1.469506961913349,1.9249498373251184,True,50,1.4977218664269532,3.881934595988401
1998-05,2008-05,1.4819891516600971,0.0,True,4,1.6015560830214777,8.068003144789815,True,40,1.507176821419598,1.6995852993448635,True,49,1.5361149967420902,3.652243002005928
1998-06,2008-06,1.417405968641705,0.0,True,3,1.5335576882321986,8.194668440813846,True,39,1.4431855534230429,1.8187862441444436,True,48,1.470895080251161,3.773732635027227
1998-07,2008-07,1.2743149301453496,0.0,True,2,1.440345266542061,13.02898776974808,True,38,1.355466114229429,6.368220458252294,True,47,1.3814914056881467,8.410517134141426
1998-08,2008-08,1.3987112857934636,0.0,True,28,1.0970632972596968,-21.56613674298391,True,37,1.3840778925135826,-1.0462054198397186,True,46,1.410652537335826,0.8537324080850839
1998-09,2008-09,1.3994580985177114,0.0,True,27,1.0438860859877195,-25.407835569111313,True,36,1.3169884158253065,-5.892972628459248,True,45,1.3422749257644306,-4.086093954070402
1998-10,2008-10,1.1026071607049504,0.0,True,26,0.8330771006961661,-24.444794992666342,True,35,1.0510274117391487,-4.677980590369479,True,44,1.071207403281883,-2.847773762233863
1998-11,2008-11,0.9080547961057331,0.0,True,25,0.7613769296520134,-16.15297524805328,True,34,0.9605689834246313,5.783151803625675,True,43,0.9790121503156324,7.814215013698034
1998-12,2008-12,0.8691793225920451,0.0,True,24,0.7586918251775939,-12.711703389923967,True,33,0.9571813997260277,10.12473201405033,True,42,0.9755595241551247,12.239154659804274
1999-01,2009-01,0.8183151201249693,0.0,True,23,0.7503527894999237,-8.305153962530564,True,32,0.9466606987280312,15.684126499271024,True,41,0.9648368230429619,17.90529092211035
1999-02,2009-02,0.7639432001664914,0.0,True,22,0.7000331348338779,-8.365813756662167,True,31,0.8831763749372724,15.607596840288075,True,40,0.9001335842145127,17.82729187436192
1999-03,2009-03,0.6999962772044968,0.0,True,21,0.6601919070510763,-5.686368835043387,True,30,0.832911852623461,18.988040329267974,True,39,0.8489039703875182,21.272640731419145
1999-04,2009-04,0.7541534908927046,0.0,True,20,0.7414986545840212,-1.6780186608569059,True,29,0.9354901378086713,24.045058347646897,True,38,0.9534517845349468,26.42675477194032
1999-05,2009-05,0.8051332482110629,0.0,True,19,0.7908405872342932,-1.7751919956760953,True,28,0.9977409471518712,23.9224624456593,True,37,1.0168978251271543,26.30180499769623
1999-06,2009-06,0.8332877949351893,0.0,True,18,0.8134880511094741,-2.376099103582241,True,27,1.0263134590109728,23.1643455297214,True,36,1.0460189364245116,25.529132045653903
1999-07,2009-07,0.8073760966269748,0.0,True,17,0.8238402825914973,2.039221378153999,True,26,1.0393740497428308,28.734805759681038,True,35,1.0593302937943927,31.206546517790468
1999-08,2009-08,0.9071358895104024,0.0,True,16,0.8907009237834034,-1.8117424210687183,True,25,1.1237268264551248,23.876349668142936,True,34,1.1453026651068348,26.254806843214553
1999-09,2009-09,0.9458599280449609,0.0,True,15,0.9231731544846865,-2.398534168496458,True,24,1.1646944686563636,23.136040984812766,True,33,1.1870568963769341,25.500284046340106
1999-10,2009-10,0.9810348389860655,0.0,True,14,0.9453214247334765,-3.6403818532581456,True,23,1.1926371874450954,21.569300095165687,True,32,1.2155361224180359,23.903461336228983
1999-11,2009-11,0.9350945279639818,0.0,True,13,0.9650828879735646,3.2069870064235673,True,22,1.217568660827393,30.208083184750656,True,31,1.2409462863809817,32.70811124121782
1999-12,2009-12,0.9297575173405612,0.0,True,12,0.9865275482656239,6.105896415599332,True,21,1.2446236906482266,33.86540763964945,True,30,1.2685207796019844,36.43565724861328
2000-01,2010-01,0.9434829910707498,0.0,True,11,0.9999018237628036,5.979846295694702,True,20,1.2614969550170834,33.70638018449306,True,29,1.285718014904861,36.27357642618569
2000-02,2010-02,0.9394023268062421,0.0,True,10,0.9709073287827293,3.3537283310333343,True,19,1.2249168965949693,30.393215094475323,True,28,1.2484356101296967,32.8967977303291
2000-03,2010-03,0.9574837904736242,0.0,True,9,1.0285960685291156,7.426995502484202,True,18,1.2976982115194462,35.53213374792834,True,27,1.3226143446678207,38.134384918786225
2000-04,2010-04,0.9826302344554816,0.0,True,8,1.0706478301221027,8.957346576598635,True,17,1.350751589303105,37.46285651912753,True,26,1.3766863606934794,40.10217805442975
2000-05,2010-05,0.9518534629928637,0.0,True,7,1.0076715558982114,5.864147694524524,True,16,1.2712994108154245,33.56041242085137,True,25,1.2957086803282787,36.12480604464565
2000-06,2010-06,0.8899741070210774,0.0,True,6,0.9719675515577415,9.21301461355013,True,15,1.2262544957177357,37.785412636582926,True,24,1.2497988914931768,40.43092733074061
2000-07,2010-07,0.88107914164166,0.0,True,5,0.9704291392479507,10.140972970919538,True,14,1.2243136027238029,38.95614421680842,True,23,1.2478207328639566,41.62413725275231
2000-08,2010-08,0.8804276046340827,0.0,True,4,0.9788176165217796,11.175252953204385,True,13,1.2348966802686994,40.261013372239596,True,22,1.2586070081684613,42.95406022526463
2000-09,2010-09,0.9200545486362812,0.0,True,5,1.0292397182879263,11.867249590090179,True,12,1.2765367357653066,38.74576650454136,True,22,1.457904827007359,58.45852065709447
2000-10,2010-10,1.0151098113495078,0.0,True,5,1.1838633991630119,16.62417069825772,True,11,1.334981403387204,31.511033433166435,True,21,1.5246532100750205,50.19588945240467
2000-11,2010-11,1.0485065350774543,0.0,True,4,1.2133630899087084,15.72298782277748,True,10,1.3682466758662937,30.494816206865117,True,20,1.5626447538827313,49.03528987230366
2000-12,2010-12,1.1248005545434168,0.0,True,3,1.2584348763721673,11.8807126551423,True,9,1.419071793687063,26.162081620158673,True,19,1.6206910149327074,44.086967986123035
2001-01,2011-01,1.1584969425579763,0.0,True,2,1.3020240317145013,12.389077940906379,True,8,1.4682250252275537,26.735338807687636,True,18,1.6768278510441492,44.74167254526296
2001-02,2011-02,1.2211108625711016,0.0,True,7,1.514509056361547,24.027154518360682,True,16,1.543588012445288,26.408507184613605,True,19,1.7956708662022418,47.05223917354886
2001-03,2011-03,1.3281474275498302,0.0,True,6,1.497683024907367,12.764817658104155,True,16,1.7104711914384494,28.786244354960733,True,18,1.7757211575166698,33.69910001576593
2001-04,2011-04,1.3516153443132048,0.0,True,5,1.5309753303583968,13.27004660015383,True,15,1.7484936090151444,29.363255335311766,True,17,1.815194030072969,34.2981224436544
2001-05,2011-05,1.2729866535636134,0.0,True,4,1.5410971175679034,21.06152984823042,True,14,1.7600534819253697,38.26173880128718,True,16,1.8271948816556423,43.53605959187177
2001-06,2011-06,1.2564051283564242,0.0,True,3,1.4846819997814058,18.16904963796222,True,13,1.6956230035593756,34.958300096841974,True,20,1.81120987464006,44.158109017702586
2001-07,2011-07,1.3307990540146204,0.0,True,2,1.5307598224641479,15.02561696646132,True,12,1.7482474821388228,31.368254047437595,True,87,1.4564413880806208,9.441119881095151
2001-08,2011-08,1.2173136519020502,0.0,True,1,1.371577850569799,12.672510361377398,True,11,1.5664492160214052,28.680822200082233,True,86,1.3049877056015424,7.20225667086718
2001-09,2011-09,1.3607797409538334,0.0,True,9,1.3869070553866065,1.9200252360061842,True,10,1.5541169300083175,14.207823884779858,True,85,1.2947138445248858,-4.855002939905539
2001-10,2011-10,1.3586410919030467,0.0,True,8,1.4288174985546656,5.165190944822884,True,9,1.6010802279587166,17.844236973289675,True,84,1.3338383343665887,-1.8255562623766042
2001-11,2011-11,1.3161804962509887,0.0,True,7,1.4541075490791076,10.479341794000941,True,8,1.6294193264788006,23.799078554958243,True,83,1.3574472549612002,3.135341910000644
2001-12,2011-12,1.3173678268969173,0.0,True,6,1.4767564698862403,12.099023502400662,True,7,1.6547988723799287,25.614034181921387,True,82,1.3785906122025176,4.647356953434301
2002-01,2012-01,1.3845206896397566,0.0,True,5,1.5474135581037696,11.765289582375015,True,6,1.7339746012778856,25.240064251337024,True,81,1.4445508436208736,4.335807650280499
2002-02,2012-02,1.4922108227878652,0.0,True,4,1.611856734370661,8.018030009946164,True,5,1.8061872494657398,21.041023284583837,True,80,1.5047102264532322,0.8376432789848343
2002-03,2012-03,1.4629266374194834,0.0,True,3,1.6583705164529992,13.359786747629897,True,4,1.8583088793414555,27.026799007461033,True,79,1.548132053019995,5.824312267005327
2002-04,2012-04,1.515651244547333,0.0,True,3,1.8576348552733146,22.563476390514836,True,5,1.9284987271110916,27.23894986059676,True,78,1.5475705326635052,2.105978418914267
2002-05,2012-05,1.511449426549956,0.0,True,2,1.8002523514722906,19.1076803397622,True,5,1.8948137697522884,25.364020553264698,True,77,1.4997659430150994,-0.7729986415440648
2002-06,2012-06,1.588078474882894,0.0,True,1,1.7795422082623347,12.056314370331055,True,76,1.4825126021510504,-6.64739648584608,True,76,1.4825126021510504,-6.64739648584608
2002-07,2012-07,1.8315716156322919,0.0,True,66,1.0904727329264807,-40.46245728971785,True,75,1.5258575993926338,-16.691349310636706,True,75,1.5258575993926338,-16.691349310636706
2002-08,2012-08,1.8723588628209429,0.0,True,65,1.1274429772351897,-39.78488848358077,True,74,1.577588675765773,-15.743252690943098,True,74,1.577588675765773,-15.743252690943098
2002-09,2012-09,2.0253484069048024,0.0,True,64,1.16153324213582,-42.65020091476954,True,73,1.6252899049605078,-19.7525769186387,True,73,1.6252899049605078,-19.7525769186387
2002-10,2012-10,2.0490084852461448,0.0,True,63,1.159048255658329,-43.433701519342705,True,72,1.6218127565765297,-20.848899931143848,True,72,1.6218127565765297,-20.848899931143848
2002-11,2012-11,1.867204267321889,0.0,True,62,1.1261975023491397,-39.68536158261716,True,71,1.5758459294665312,-15.603988430963145,True,71,1.5758459294665312,-15.603988430963145
2002-12,2012-12,1.9278259851344388,0.0,True,61,1.1507355641851682,-40.30915792926608,True,70,1.6101811191474222,-16.476843264713303,True,70,1.6101811191474222,-16.476843264713303
2003-01,2013-01,2.014626218244799,0.0,True,60,1.1998770477273661,-40.44170393192172,True,69,1.678942954124314,-16.662309915381822,True,69,1.678942954124314,-16.662309915381822
2003-02,2013-02,2.2029668625123056,0.0,True,59,1.2278898036471968,-44.26199392546069,True,68,1.7181401529258784,-22.007898431732265,True,68,1.7181401529258784,-22.007898431732265
2003-03,2013-03,2.2337501249139695,0.0,True,58,1.2613379351167695,-43.5327201082821,True,67,1.7649428688923419,-20.987452929171447,True,67,1.7649428688923419,-20.987452929171447
2003-04,2013-04,2.152496223226537,0.0,True,57,1.2797013650048914,-40.54803203851147,True,66,1.7906381276545744,-16.8110908473301,True,66,1.7906381276545744,-16.8110908473301
2003-05,2013-05,2.1374583862229777,0.0,True,56,1.3382646104299585,-37.38991041623245,True,65,1.872583480691622,-12.392049699709295,True,65,1.872583480691622,-12.392049699709295
2003-06,2013-06,1.9995531676490412,0.0,True,55,1.3233321190226612,-33.818608055390776,True,64,1.8516890054757744,-7.394860240056378,True,64,1.8516890054757744,-7.394860240056378
2003-07,2013-07,2.0524123638492506,0.0,True,54,1.3664253208272772,-33.42345111074175,True,63,1.911987706644827,-6.841931946904689,True,63,1.911987706644827,-6.841931946904689
2003-08,2013-08,2.0610376690198478,0.0,True,53,1.369901634470097,-33.53340139961776,True,62,1.9168519819536955,-6.995781262684131,True,62,1.9168519819536955,-6.995781262684131
2003-09,2013-09,2.021719557949055,0.0,True,52,1.3862630109641163,-31.431488333108938,True,61,1.9397458424841876,-4.054653136364084,True,61,1.9397458424841876,-4.054653136364084
2003-10,2013-10,2.023473427438986,0.0,True,51,1.4156312879104238,-30.039541477837894,True,60,1.980839771022254,-2.1069541037013417,True,60,1.980839771022254,-2.1069541037013417
2003-11,2013-11,2.0764174161884337,0.0,True,50,1.4702880598087658,-29.19111309961494,True,59,2.0573189421570883,-0.9197800925019872,True,59,2.0573189421570883,-0.9197800925019872
2003-12,2013-12,2.0453243930878733,0.0,True,49,1.4926743799945519,-27.02016437886281,True,58,2.088643280443153,2.1179470357697294,True,58,2.088643280443153,2.1179470357697294
2004-01,2014-01,1.9680059652800341,0.0,True,48,1.507149037592864,-23.41745583182687,True,57,2.1088971259801417,7.159081993944039,True,57,2.1088971259801417,7.159081993944039
2004-02,2014-02,1.944325751233677,0.0,True,47,1.5052176894205547,-22.58407890419122,True,56,2.106194662913612,8.325195074808267,True,56,2.106194662913612,8.325195074808267
2004-03,2014-03,2.0290194826106336,0.0,True,46,1.5462223020203008,-23.794605459832397,True,55,2.1635708795362536,6.63135066364664,True,55,2.1635708795362536,6.63135066364664
2004-04,2014-04,2.0136237819850047,0.0,True,45,1.5493679084798169,-23.055740484328723,True,54,2.167972408685974,7.665216714356382,True,54,2.167972408685974,7.665216714356382
2004-05,2014-05,2.098283171493152,0.0,True,44,1.5731313120196442,-25.027692477741525,True,53,2.2012236480648535,4.905938243714192,True,53,2.2012236480648535,4.905938243714192
2004-06,2014-06,2.1051959853595834,0.0,True,43,1.6234401807401273,-22.88413088234008,True,52,2.2716189613414954,7.905343594576819,True,52,2.2716189613414954,7.905343594576819
2004-07,2014-07,2.1856205192750844,0.0,True,42,1.6477496637821518,-24.609526253502178,True,51,2.305634309288284,5.491062558883963,True,51,2.305634309288284,5.491062558883963
2004-08,2014-08,2.206914593078292,0.0,True,41,1.6407403321831395,-25.654561471064007,True,50,2.295826414451415,4.028783970706584,True,50,2.295826414451415,4.028783970706584
2004-09,2014-09,2.185347732363036,0.0,True,40,1.6699390409185055,-23.584745064219803,True,49,2.336683072551195,6.925000444872853,True,49,2.336683072551195,6.925000444872853
2004-10,2014-10,2.1253443145043946,0.0,True,39,1.6257648154551863,-23.505814829147088,True,48,2.274871735517944,7.035444562704529,True,48,2.274871735517944,7.035444562704529
2004-11,2014-11,2.144258423687425,0.0,True,38,1.7185474475085722,-19.8535293822826,True,47,2.4046989929408533,12.145950617535895,True,47,2.4046989929408533,12.145950617535895
2004-12,2014-12,2.1005723107591616,0.0,True,37,1.7294632893978914,-17.66704337958015,True,46,2.4199731211218363,15.205418481748945,True,46,2.4199731211218363,15.205418481748945
2005-01,2015-01,2.1056654750325143,0.0,True,36,1.7102974970776936,-18.77639077255212,True,45,2.3931551466992462,13.653150278407477,True,45,2.3931551466992462,13.653150278407477
2005-02,2015-02,2.129401337716398,0.0,True,35,1.7586865065387371,-17.40934527519462,True,44,2.4608640729142706,15.566005774812663,True,44,2.4608640729142706,15.566005774812663
2005-03,2015-03,2.136039554314296,0.0,True,34,1.7596923189078033,-17.618926327762054,True,43,2.462271468441515,15.272746867833376,True,43,2.462271468441515,15.272746867833376
2005-04,2015-04,2.2079818130995936,0.0,True,33,1.7751714816898123,-19.6020786422238,True,42,2.483930880410284,12.497796207990941,True,42,2.483930880410284,12.497796207990941
2005-05,2015-05,2.2001945696819476,0.0,True,32,1.7925705959255105,-18.526723925846333,True,41,2.508276808444626,14.002499733794615,True,41,2.508276808444626,14.002499733794615
2005-06,2015-06,2.1438533003121925,0.0,True,31,1.7847858766710347,-16.74869374638972,True,40,2.497383942740683,16.490430682780797,True,40,2.497383942740683,16.490430682780797
2005-07,2015-07,2.104103938176514,0.0,True,30,1.783382834466117,-15.242645474460003,True,39,2.4954207184013666,18.597787548650313,True,39,2.4954207184013666,18.597787548650313
2005-08,2015-08,2.0467431900694546,0.0,True,29,1.7401647605490564,-14.97884204564006,True,38,2.4349472883684258,18.966917793228255,True,38,2.4349472883684258,18.966917793228255
2005-09,2015-09,1.9490408191953286,0.0,True,28,1.6617521193622322,-14.740004262799633,True,37,2.325227420250063,19.30111454566894,True,37,2.325227420250063,19.30111454566894
2005-10,2015-10,2.087965045556407,0.0,True,27,1.7335128323224236,-16.97596489885338,True,36,2.4256394946668967,16.17241868244519,True,36,2.4256394946668967,16.17241868244519
2005-11,2015-11,2.0672866320378933,0.0,True,26,1.7843685026799705,-13.685481489280827,True,35,2.496799926967684,20.77666871508692,True,35,2.496799926967684,20.77666871508692
2005-12,2015-12,2.0015596124670587,0.0,True,25,1.764708420132371,-11.833331910746958,True,34,2.469290310767163,23.368312159516158,True,34,2.469290310767163,23.368312159516158
2006-01,2016-01,1.8459812635293273,0.0,True,24,1.6514325080023569,-10.539042804530595,True,33,2.310787575088611,25.179362366366686,True,33,2.310787575088611,25.179362366366686
2006-02,2016-02,1.8361263319987382,0.0,True,23,1.6423628464832436,-10.552840626416538,True,32,2.2980967378627057,25.160055591658768,True,32,2.2980967378627057,25.160055591658768
2006-03,2016-03,1.9243453007971687,0.0,True,22,1.746873657555635,-9.222442727301349,True,31,2.4443347963472433,27.0216314782314,True,31,2.4443347963472433,27.0216314782314
2006-04,2016-04,1.9631436453000708,0.0,True,21,1.7963461163496022,-8.496450545012113,True,30,2.513559752581434,28.037485112162063,True,30,2.513559752581434,28.037485112162063
2006-05,2016-05,1.9726737384775346,0.0,True,20,1.790892607155305,-9.214961794063525,True,29,2.5059288616877713,27.032099267555054,True,29,2.5059288616877713,27.032099267555054
2006-06,2016-06,2.049143969464846,0.0,True,19,1.810006270598329,-11.670126766591714,True,28,2.532673894127512,23.596678997081135,True,28,2.532673894127512,23.596678997081135
2006-07,2016-07,2.1015659357760974,0.0,True,18,1.8697038742706837,-11.032823551157733,True,27,2.6162065121183673,24.488433485776675,True,27,2.6162065121183673,24.488433485776675
2006-08,2016-08,2.07910624139392,0.0,True,17,1.89214020475195,-8.992615813447802,True,26,2.6476008279353707,27.343219659631647,True,26,2.6476008279353707,27.343219659631647
2006-09,2016-09,2.0188710780247647,0.0,True,16,1.8838537297079927,-6.687764750628411,True,25,2.636005874172458,30.56831131344402,True,25,2.636005874172458,30.56831131344402
2006-10,2016-10,1.9385453978398453,0.0,True,15,1.8743380381661092,-3.3121411417696645,True,24,2.6226909238630696,35.2916948339502,True,24,2.6226909238630696,35.2916948339502
2006-11,2016-11,1.923318736483286,0.0,True,14,1.8968681252458863,-1.3752588552100153,True,23,2.6542164297722333,38.001901579005334,True,23,2.6542164297722333,38.001901579005334
2006-12,2016-12,1.9571533547052251,0.0,True,13,1.9717341615118213,0.7450007313704932,True,22,2.758973666632445,40.968701302815646,True,22,2.758973666632445,40.968701302815646
2007-01,2017-01,1.9716230130065522,0.0,True,12,2.000097074435055,1.444194008725952,True,21,2.7986608269969993,41.94705623410668,True,21,2.7986608269969993,41.94705623410668
2007-02,2017-02,1.9906418853555157,0.0,True,11,2.051645086974869,3.064499047675695,True,20,2.8707900277486558,44.214288309117514,True,20,2.8707900277486558,44.214288309117514
2007-03,2017-03,2.0768337102650722,0.0,True,10,2.087550262892136,0.5160043663628544,True,19,2.9210307938647087,40.64827527726757,True,19,2.9210307938647087,40.64827527726757
2007-04,2017-04,1.9904241506715674,0.0,True,9,2.0843559299043686,4.719184059393,True,18,2.9165610835113873,46.52962699067644,True,18,2.9165610835113873,46.52962699067644
2007-05,2017-05,1.9577035082814047,0.0,True,8,2.1196516279373654,8.272351710608561,True,17,2.9659490300811133,51.50144123125211,True,17,2.9659490300811133,51.50144123125211
2007-06,2017-06,1.9856264952520932,0.0,True,7,2.1573263594210457,8.647138048344472,True,16,3.0186658689379415,52.02586569810526,True,16,3.0186658689379415,52.02586569810526
2007-07,2017-07,1.9937774478663275,0.0,True,6,2.178661632679307,9.27306029119932,True,15,3.0485195166755337,52.901695218689284,True,15,3.0485195166755337,52.901695218689284
2007-08,2017-08,2.0863588894979257,0.0,True,5,2.1840838979111132,4.683997988318533,True,14,3.056106689064219,46.48039244099844,True,14,3.056106689064219,46.48039244099844
2007-09,2017-09,2.0575772567235715,0.0,True,4,2.220216015197718,7.904381618852452,True,13,3.106665005727446,50.98655448177012,True,13,3.106665005727446,50.98655448177012
2007-10,2017-10,2.0524353948247507,0.0,True,3,2.2809532658367804,11.133986072752467,True,12,3.1916523627291333,55.50561887487113,True,12,3.1916523627291333,55.50561887487113
2007-11,2017-11,2.190321206469981,0.0,True,4,2.4174888043045617,10.371428499324708,True,11,3.2424122282672188,48.03364085091584,True,11,3.2424122282672188,48.03364085091584
2007-12,2017-12,2.225903358663976,0.0,True,3,2.4872164401973955,11.739641818513814,True,10,3.3359331326306734,49.868731705987244,True,10,3.3359331326306734,49.868731705987244
2008-01,2018-01,2.5000027004821335,0.0,True,6,2.7124706658593913,8.49870943484512,True,9,3.4981600216591127,39.92624971902956,True,9,3.4981600216591127,39.92624971902956
2008-02,2018-02,2.466407540836805,0.0,True,5,2.6341990418338366,6.803072818213285,True,8,3.3972163803350583,37.73945806143813,True,8,3.3972163803350583,37.73945806143813
2008-03,2018-03,2.5345717506665344,0.0,True,4,2.635929103505231,3.99899323473647,True,7,3.399447568546622,34.1231538484813,True,7,3.399447568546622,34.1231538484813
2008-04,2018-04,2.3909357100774136,0.0,True,3,2.592094803818381,8.413404546726788,True,6,3.3429163047538095,39.81623557103393,True,6,3.3429163047538095,39.81623557103393
2008-05,2018-05,2.3769305130058123,0.0,True,2,2.6429687453780053,11.192511977801445,True,5,3.4085263003744313,43.40033424301018,True,5,3.4085263003744313,43.40033424301018
2008-06,2018-06,2.534800335407449,0.0,True,4,3.480582127557134,37.311885237606205,True,4,3.480582127557134,37.311885237606205,True,5,3.808354514872741,50.242780927381325
2008-07,2018-07,2.7415392332872144,0.0,True,3,3.535648537845774,28.96581945341672,True,3,3.535648537845774,28.96581945341672,True,4,3.8686066234439482,41.110751816793645
2008-08,2018-08,2.750702761853029,0.0,True,2,3.62234784652955,31.688087014146582,True,2,3.62234784652955,31.688087014146582,True,3,3.9634705546949958,44.089379981753375
2008-09,2018-09,2.9394244686331708,0.0,True,1,3.6832416844177622,25.304858951877264,True,1,3.6832416844177622,25.304858951877264,True,5,4.383255807378559,49.11952506868693
2008-10,2018-10,3.5415239410848898,0.0,True,4,4.214604066684928,19.00538120868529,True,5,4.4689467795260365,26.187111928912877,False,,1.0,-71.76356798272367
2008-11,2018-11,3.794639880235012,0.0,True,4,4.376229442214135,15.326607539451231,False,,1.0,-73.64703814955776,False,,1.0,-73.64703814955776
2008-12,2018-12,3.59630001706374,0.0,True,3,4.132864087988903,14.919891788206519,False,,1.0,-72.19364359883225,False,,1.0,-72.19364359883225
2009-01,2019-01,3.6994266492987644,0.0,True,2,4.204648794092118,13.656768810083575,False,,1.0,-72.96878422526495,False,,1.0,-72.96878422526495
2009-02,2019-02,4.1965347153935175,0.0,True,30,2.7022019316657473,-35.60873161006708,False,,1.0,-76.17081549851476,False,,1.0,-76.17081549851476
2009-03,2019-03,4.5365232004755915,0.0,True,29,2.754873842420037,-39.273454126031424,False,,1.0,-77.95668718512971,False,,1.0,-77.95668718512971
2009-04,2019-04,4.189514245202627,0.0,True,28,2.857474883374509,-31.79460156636116,False,,1.0,-76.13088435860816,False,,1.0,-76.13088435860816
2009-05,2019-05,3.8679952914956033,0.0,True,27,2.813735497487465,-27.255974078512835,False,,1.0,-74.14681444419911,False,,1.0,-74.14681444419911
2009-06,2019-06,3.813175052812742,0.0,True,26,2.8532925612941265,-25.172788508898115,False,,1.0,-73.7751352573661,False,,1.0,-73.7751352573661
2009-07,2019-07,3.9094101433286186,0.0,True,25,2.9625292148667466,-24.220557417791476,False,,1.0,-74.4206935742853,False,,1.0,-74.4206935742853
2009-08,2019-08,3.5026489780533607,0.0,True,24,2.869702670292492,-18.07050354536629,False,,1.0,-71.45017938521028,False,,1.0,-71.45017938521028
2009-09,2019-09,3.4837453404453442,0.0,True,23,2.9582709625548804,-15.083604756922043,False,,1.0,-71.29526121240065,False,,1.0,-71.29526121240065
2009-10,2019-10,3.4024892629431216,0.0,True,22,2.958589060900057,-13.04633660060679,False,,1.0,-70.60975295672178,False,,1.0,-70.60975295672178
2009-11,2019-11,3.4806170132508383,0.0,True,21,3.089791945762541,-11.22861452439069,False,,1.0,-71.26946181688582,False,,1.0,-71.26946181688582
2009-12,2019-12,3.489067390619146,0.0,True,20,3.1661169876932096,-9.256066643889838,False,,1.0,-71.33904599582563,False,,1.0,-71.33904599582563
2010-01,2020-01,3.557635769533851,0.0,True,19,3.272104961787163,-8.025858357728977,False,,1.0,-71.8914451961723,False,,1.0,-71.8914451961723
2010-02,2020-02,3.668392873388183,0.0,True,18,3.2761366130949225,-10.692863982449264,False,,1.0,-72.74010623959192,False,,1.0,-72.74010623959192
2010-03,2020-03,2.8076363602138223,0.0,True,17,2.6564038503048355,-5.386470700125479,False,,1.0,-64.38285191876335,False,,1.0,-64.38285191876335
2010-04,2020-04,2.8138524466162083,0.0,True,16,2.7711264531957034,-1.5184162720360495,False,,1.0,-64.46153382340472,False,,1.0,-64.46153382340472
2010-05,2020-05,3.16572739208419,0.0,True,15,2.934275562037498,-7.311173748738787,False,,1.0,-68.41168312532308,False,,1.0,-68.41168312532308
2010-06,2020-06,3.4956220559350037,0.0,True,14,3.12524896755923,-10.595341328360707,False,,1.0,-71.39278835072685,False,,1.0,-71.39278835072685
2010-07,2020-07,3.6228533073175746,0.0,True,13,3.2338730047143636,-10.73684937277295,False,,1.0,-72.39744711771348,False,,1.0,-72.39744711771348
2010-08,2020-08,3.803462825972991,0.0,True,12,3.424438223005869,-9.965250623164978,False,,1.0,-73.70816948252458,False,,1.0,-73.70816948252458
2010-09,2020-09,3.656300656943679,0.0,True,11,3.4029436270441633,-6.929327034918897,False,,1.0,-72.64995158150082,False,,1.0,-72.64995158150082
2010-10,2020-10,3.556558552077896,0.0,True,10,3.461662438708281,-2.668200508442997,False,,1.0,-71.88293162175675,False,,1.0,-71.88293162175675
2010-11,2020-11,3.607285619184722,0.0,True,9,3.598524542591107,-0.24287171902941385,False,,1.0,-72.27832488002409,False,,1.0,-72.27832488002409
2010-12,2020-12,3.6262417844730734,0.0,True,8,3.7518084965409755,3.46272310372564,False,,1.0,-72.42323983243966,False,,1.0,-72.42323983243966
2011-01,2021-01,3.602796324524865,0.0,True,7,3.8566645868972973,7.0464228200830314,False,,1.0,-72.24378205360028,False,,1.0,-72.24378205360028
2011-02,2021-02,3.5796983056285128,0.0,True,6,3.9527362596765485,10.420932776974311,False,,1.0,-72.06468493650269,False,,1.0,-72.06468493650269
2011-03,2021-03,3.649630908755287,0.0,True,5,3.9851841125527705,9.194168182664919,False,,1.0,-72.59996901053614,False,,1.0,-72.59996901053614
2011-04,2021-04,3.785255701473565,0.0,True,4,4.225157978197887,11.621467911746963,False,,1.0,-73.58170546812175,False,,1.0,-73.58170546812175
2011-05,2021-05,3.7889880298592127,0.0,True,3,4.2572855262204214,12.359434568564986,False,,1.0,-73.60772870963234,False,,1.0,-73.60772870963234
2011-06,2021-06,4.004171754484347,0.0,True,2,4.334366966808572,8.24627994427145,False,,1.0,-75.0260463008341,False,,1.0,-75.0260463008341
2011-07,2021-07,4.002834375537762,0.0,True,1,4.467393546422506,11.60575550474363,False,,1.0,-75.0177023033671,False,,1.0,-75.0177023033671
2011-08,2021-08,4.56505283880199,0.0,True,88,1.8189305032909575,-60.15532420938416,False,,1.0,-78.09444851327437,False,,1.0,-78.09444851327437
2011-09,2021-09,4.5974294586878655,0.0,True,87,1.8174092892582114,-60.46901196441824,False,,1.0,-78.24871465705085,False,,1.0,-78.24871465705085
2011-10,2021-10,4.482787037071078,0.0,True,86,1.8256401548964094,-59.27443932091787,False,,1.0,-77.69244910074133,False,,1.0,-77.69244910074133
2011-11,2021-11,4.613850611885558,0.0,True,85,1.9122750979274197,-58.553597444154704,False,,1.0,-78.32612964485803,False,,1.0,-78.32612964485803
2011-12,2021-12,4.555176692142401,0.0,True,84,1.917363349679126,-57.90803564246928,False,,1.0,-78.04695475973561,False,,1.0,-78.04695475973561
2012-01,2022-01,4.2580194166327745,0.0,True,83,1.8780378766749688,-55.89409786768624,False,,1.0,-76.51490277160839,False,,1.0,-76.51490277160839
2012-02,2022-02,3.9691691331533785,0.0,True,82,1.8235444549157822,-54.05727511875932,False,,1.0,-74.80581032319145,False,,1.0,-74.80581032319145
2012-03,2022-03,3.823445870117531,0.0,True,81,1.8072857563882003,-52.73149358506166,False,,1.0,-73.84558238902802,False,,1.0,-73.84558238902802
2012-04,2022-04,3.829407616301806,0.0,True,80,1.8094472450858745,-52.7486382650139,False,,1.0,-73.8863004360519,False,,1.0,-73.8863004360519
2012-05,2022-05,3.640431593292951,0.0,True,79,1.6670178081707634,-54.20823697821875,False,,1.0,-72.53072954749713,False,,1.0,-72.53072954749713
2012-06,2022-06,3.558762837628987,0.0,True,78,1.6108730574621972,-54.7350264415081,False,,1.0,-71.9003472379113,False,,1.0,-71.9003472379113
2012-07,2022-07,3.473768417832182,0.0,True,77,1.618373448378628,-53.411590707345425,False,,1.0,-71.21281905648583,False,,1.0,-71.21281905648583
2012-08,2022-08,3.576513607887885,0.0,True,76,1.7227312792159626,-51.832106120985124,False,,1.0,-72.03981000395099,False,,1.0,-72.03981000395099
2012-09,2022-09,3.218936930907648,0.0,True,75,1.5973761016615093,-50.37566327181517,False,,1.0,-68.93384302133472,False,,1.0,-68.93384302133472
2012-10,2022-10,3.126159257717707,0.0,True,74,1.5480168658882187,-50.481829674334364,False,,1.0,-68.01186639704137,False,,1.0,-68.01186639704137
2012-11,2022-11,3.387426432558401,0.0,True,73,1.629849499790119,-51.88531670755274,False,,1.0,-70.47906368125207,False,,1.0,-70.47906368125207
2012-12,2022-12,3.315590542553116,0.0,True,72,1.6300446444633825,-50.836973880128355,False,,1.0,-69.83946035658654,False,,1.0,-69.83946035658654
2013-01,2023-01,3.223596766402604,0.0,True,71,1.6524964262533328,-48.73749584699305,False,,1.0,-68.97875036908052,False,,1.0,-68.97875036908052
2013-02,2023-02,3.249214295845276,0.0,True,70,1.7045149708184661,-47.54070320944959,False,,1.0,-69.22332881279374,False,,1.0,-69.22332881279374
2013-03,2023-03,3.0813010906265736,0.0,True,69,1.660460950918458,-46.11169431089878,False,,1.0,-67.54617706649846,False,,1.0,-67.54617706649846
2013-04,2023-04,3.1584643758740985,0.0,True,68,1.72682245602403,-45.32715109233627,False,,1.0,-68.33904451674393,False,,1.0,-68.33904451674393
2013-05,2023-05,3.042538524338672,0.0,True,67,1.739566962435797,-42.825145893135065,False,,1.0,-67.13270869043933,False,,1.0,-67.13270869043933
2013-06,2023-06,3.2289455506147577,0.0,True,66,1.8255454367998363,-43.46310867793136,False,,1.0,-69.03013741406663,False,,1.0,-69.03013741406663
2013-07,2023-07,3.2483340094060726,0.0,True,65,1.8963113827918745,-41.622032177085224,False,,1.0,-69.21498844933005,False,,1.0,-69.21498844933005
2013-08,2023-08,3.20777861971423,0.0,True,64,1.8774001312635702,-41.473513174334286,False,,1.0,-68.82577887843499,False,,1.0,-68.82577887843499
2013-09,2023-09,3.139703088516394,0.0,True,63,1.8595047288291877,-40.77450394496186,False,,1.0,-68.1498545624411,False,,1.0,-68.1498545624411
2013-10,2023-10,2.98120267275463,0.0,True,62,1.8030373625822365,-39.51979920519021,False,,1.0,-66.45649055869119,False,,1.0,-66.45649055869119
2013-11,2023-11,3.002484273970019,0.0,True,61,1.8860197808031833,-37.18469078576043,False,,1.0,-66.69424687184939,False,,1.0,-66.69424687184939
2013-12,2023-12,3.1105284715461305,0.0,True,60,1.983637597647136,-36.22827709848475,False,,1.0,-67.85112211164117,False,,1.0,-67.85112211164117
2014-01,2024-01,3.1703681234237213,0.0,True,59,2.0414040164192704,-35.609874407432166,False,,1.0,-68.45792157031634,False,,1.0,-68.45792157031634
2014-02,2024-02,3.307748760654696,0.0,True,58,2.1271342505740356,-35.69238764817748,False,,1.0,-69.76795783600953,False,,1.0,-69.76795783600953
2014-03,2024-03,3.3257243816732016,0.0,True,57,2.1969554938806737,-33.94054221729085,False,,1.0,-69.93136275782147,False,,1.0,-69.93136275782147
2014-04,2024-04,3.2855001624230558,0.0,True,56,2.174798981555961,-33.806152060816,False,,1.0,-69.5632338894027,False,,1.0,-69.5632338894027
2014-05,2024-05,3.31732785862243,0.0,True,55,2.229546029933824,-32.79090506116944,False,,1.0,-69.85525571731506,False,,1.0,-69.85525571731506
2014-06,2024-06,3.328681137154421,0.0,True,54,2.3087215530215484,-30.64155267827192,False,,1.0,-69.95807171681014,False,,1.0,-69.95807171681014
2014-07,2024-07,3.3576393147615455,0.0,True,53,2.3636781726264853,-29.602975452580736,False,,1.0,-70.21717027187542,False,,1.0,-70.21717027187542
2014-08,2024-08,3.339278594362993,0.0,True,52,2.340752948356476,-29.902436043884418,False,,1.0,-70.05341208463136,False,,1.0,-70.05341208463136
2014-09,2024-09,3.3702248523177794,0.0,True,51,2.404487736851854,-28.65497578898234,False,,1.0,-70.3283892375229,False,,1.0,-70.3283892375229
2014-10,2024-10,3.570934858966775,0.0,True,50,2.4802914710438957,-30.54223700508637,False,,1.0,-71.99612875914116,False,,1.0,-71.99612875914116
2014-11,2024-11,3.462005159375559,0.0,True,49,2.541863995113599,-26.57827247224339,False,,1.0,-71.11500549639938,False,,1.0,-71.11500549639938
2014-12,2024-12,3.490758436876718,0.0,True,48,2.579254612280384,-26.111913530512954,False,,1.0,-71.35293037077844,False,,1.0,-71.35293037077844
2015-01,2025-01,3.5151243469788955,0.0,True,47,2.568475482544746,-26.93073618427625,False,,1.0,-71.55150426301537,False,,1.0,-71.55150426301537
2015-02,2025-02,3.4558442122927104,0.0,True,46,2.596603628158239,-24.863406199795833,False,,1.0,-71.06351043131744,False,,1.0,-71.06351043131744
2015-03,2025-03,3.2546213868657103,0.0,True,45,2.446810209299292,-24.82043474630894,False,,1.0,-69.27445987924796,False,,1.0,-69.27445987924796
2015-04,2025-04,3.051358500736348,0.0,True,44,2.314177247272452,-24.159116448821095,False,,1.0,-67.2277118614977,False,,1.0,-67.2277118614977
2015-05,2025-05,3.2737659054596033,0.0,True,43,2.5071883513097326,-23.415771814089158,False,,1.0,-69.45413847910392,False,,1.0,-69.45413847910392
2015-06,2025-06,3.415629271771221,0.0,True,42,2.6044733567551908,-23.748359393681927,False,,1.0,-70.72281795145068,False,,1.0,-70.72281795145068
2015-07,2025-07,3.573090848819421,0.0,True,41,2.7223985977509964,-23.808301749436357,False,,1.0,-72.01302619186387,False,,1.0,-72.01302619186387
2015-08,2025-08,3.731013874718491,0.0,True,40,2.7738329665323294,-25.654713177886045,False,,1.0,-73.19763384489019,False,,1.0,-73.19763384489019
2015-09,2025-09,4.017781677731366,0.0,True,39,2.852434278738325,-29.00474671015606,False,,1.0,-75.11064362848485,False,,1.0,-75.11064362848485
2015-10,2025-10,3.944028414554756,0.0,True,38,2.920990655456975,-25.93890437813371,False,,1.0,-74.64521309456919,False,,1.0,-74.64521309456919
2015-11,2025-11,3.838328844316849,0.0,True,37,2.9261042831415933,-23.766190917329144,False,,1.0,-73.94699514918761,False,,1.0,-73.94699514918761
2015-12,2025-12,3.949470669556133,0.0,True,36,2.9776587350113357,-24.60613119717169,False,,1.0,-74.68015124891694,False,,1.0,-74.68015124891694
2016-01,2026-01,4.271333618071503,0.0,True,35,3.0136124045076107,-29.445632816940915,False,,1.0,-76.58810831893067,False,,1.0,-76.58810831893067
2016-02,2026-02,4.277167924635926,0.0,True,34,3.0011554068452324,-29.833117153082277,False,,1.0,-76.62004350495263,False,,1.0,-76.62004350495263
2016-03,2026-03,3.8855441630933854,0.0,True,33,2.8998558969075705,-25.368088092996533,False,,1.0,-74.26357910177829,False,,1.0,-74.26357910177829
2016-04,2026-04,3.954163980167892,0.0,True,32,3.0346441131048913,-23.254469760861006,False,,1.0,-74.71020410343377,False,,1.0,-74.71020410343377
2016-05,2026-05,4.22975055670215,0.0,True,31,3.2362895549610404,-23.487460747938083,False,,1.0,-76.35794388831101,False,,1.0,-76.35794388831101
2016-06,2026-06,4.210058557821478,0.0,True,30,3.255601857209688,-22.670865203017023,False,,1.0,-76.24736125956746,False,,1.0,-76.24736125956746
