depart,fin,A_final,drawdown_t0_pct,B10_declenche,B10_mois_attente,B10_final,B10_ecart_pct,B20_declenche,B20_mois_attente,B20_final,B20_ecart_pct,B30_declenche,B30_mois_attente,B30_final,B30_ecart_pct
1934-01,1944-01,1.9343505168199768,0.0,True,4,2.0176608822797384,4.306890852270229,True,14,2.1324694491292777,10.242142289444178,True,45,1.551049011778653,-19.815514391438306
1934-02,1944-02,1.7908930193150094,0.0,True,3,2.011752902691608,12.332388422680562,True,13,2.1262252947778633,18.724305240248995,True,44,1.5465073338474133,-13.646023678235686
1934-03,1944-03,1.9421492879973614,0.0,True,4,2.2508259262654025,15.893558758623104,True,43,1.5963371255823138,-17.805642673928034,True,43,1.5963371255823138,-17.805642673928034
1934-04,1944-04,1.878828835391018,0.0,True,3,2.221147183915128,18.21977298176114,True,42,1.575288284043092,-16.15583844734605,True,42,1.575288284043092,-16.15583844734605
1934-05,1944-05,2.1295068006242244,0.0,True,10,2.2132645554301824,3.9331996864910623,True,41,1.609815232244668,-24.40431597716517,True,41,1.609815232244668,-24.40431597716517
1934-06,1944-06,2.201565081062322,0.0,True,9,2.3268381306627908,5.6901815294063685,True,40,1.6924228314769267,-23.126377410551903,True,40,1.6924228314769267,-23.126377410551903
1934-07,1944-07,2.371340371042025,0.0,True,35,1.200713885808099,-49.365603501260516,True,39,1.7433354354517485,-26.48312082311135,True,39,1.7433354354517485,-26.48312082311135
1934-08,1944-08,2.431813968155281,0.0,True,34,1.1878774255212954,-51.15261935836348,True,38,1.724697976229985,-29.077717341252797,True,38,1.724697976229985,-29.077717341252797
1934-09,1944-09,2.451289407359129,0.0,True,33,1.1731445476469804,-52.141736339861424,True,37,1.7033070783915791,-30.51383189279886,True,37,1.7033070783915791,-30.51383189279886
1934-10,1944-10,2.491848531285782,0.0,True,32,1.20670214642421,-51.57401698884332,True,36,1.7520298855219756,-29.689551209682218,True,36,1.7520298855219756,-29.689551209682218
1934-11,1944-11,2.4074547367092727,0.0,True,31,1.2030245570686806,-50.0291931256376,True,35,1.746690335512341,-27.446597068741752,True,35,1.746690335512341,-27.446597068741752
1934-12,1944-12,2.444148404000484,0.0,True,30,1.2340681659922168,-49.509278406648974,True,34,1.7917630411088812,-26.6917246851216,True,34,1.7917630411088812,-26.6917246851216
1935-01,1945-01,2.5167237645444565,0.0,True,29,1.2756455481587434,-49.31324740005212,True,33,1.8521298982768934,-26.407104173701757,True,33,1.8521298982768934,-26.407104173701757
1935-02,1945-02,2.6809385414319764,0.0,True,28,1.3230851413165667,-50.648434461691764,True,32,1.9210081920760758,-28.345683334836803,True,32,1.9210081920760758,-28.345683334836803
1935-03,1945-03,2.858964824519963,0.0,True,27,1.3271113505845558,-53.58070378472091,True,31,1.9268539088370715,-32.603091429758955,True,31,1.9268539088370715,-32.603091429758955
1935-04,1945-04,2.7256693601409387,0.0,True,26,1.3654457526999542,-49.90420435186791,True,30,1.9825122321016955,-27.265123896055243,True,30,1.9825122321016955,-27.265123896055243
1935-05,1945-05,2.622399883339823,0.0,True,25,1.422082004696323,-45.77173322303558,True,29,2.0647432999717856,-21.26512386271998,True,29,2.0647432999717856,-21.26512386271998
1935-06,1945-06,2.5724652095209377,0.0,True,24,1.4530065483755918,-43.51696019064216,True,28,2.109643132861585,-17.991383321586017,True,28,2.109643132861585,-17.991383321586017
1935-07,1945-07,2.3948030637398623,0.0,True,23,1.4282208580302378,-40.361657304720254,True,27,2.073656397985016,-13.410149277716599,True,27,2.073656397985016,-13.410149277716599
1935-08,1945-08,2.2517852156755733,0.0,True,22,1.438148765076478,-36.13295108854291,True,26,2.088070882866178,-7.270424002685272,True,26,2.088070882866178,-7.270424002685272
1935-09,1945-09,2.356162086489657,0.0,True,21,1.5411711966813149,-34.58976334784173,True,25,2.237650776782571,-5.0298453738236155,True,25,2.237650776782571,-5.0298453738236155
1935-10,1945-10,2.390952792606808,0.0,True,20,1.6104697861861004,-32.64317927288572,True,24,2.3382664922652068,-2.20356924254278,True,24,2.3382664922652068,-2.20356924254278
1935-11,1945-11,2.2577716502482317,0.0,True,19,1.668322022740165,-26.10758388445791,True,23,2.4222630673002,7.28556481935998,True,23,2.4222630673002,7.28556481935998
1935-12,1945-12,2.296585600599159,0.0,True,18,1.7018870795583003,-25.8948989702673,True,22,2.4709967028778586,7.5943654019774876,True,22,2.4709967028778586,7.5943654019774876
1936-01,1946-01,2.2634673524536097,0.0,True,17,1.7748085953458357,-21.588946559271804,True,21,2.576872602192295,13.846245646041776,True,21,2.576872602192295,13.846245646041776
1936-02,1946-02,2.1471501838222715,0.0,True,16,1.7849623652471531,-16.868303917631234,True,20,2.5916150209163678,20.700221178887347,True,20,2.5916150209163678,20.700221178887347
1936-03,1946-03,2.040402988381793,0.0,True,15,1.736929267691285,-14.873224672699958,True,19,2.5218750087174597,23.596908212603296,True,19,2.5218750087174597,23.596908212603296
1936-04,1946-04,2.1693198666692313,0.0,True,14,1.8541993002987083,-14.526237979572754,True,18,2.6921412193255847,24.100703667048062,True,18,2.6921412193255847,24.100703667048062
1936-05,1946-05,2.2955766758362817,0.0,True,13,1.863494536280581,-18.82237888648579,True,17,2.7056371191062216,17.86306890056524,True,17,2.7056371191062216,17.86306890056524
1936-06,1946-06,2.187533571195432,0.0,True,12,1.8568740400325265,-15.115632304660288,True,16,2.6960247161466757,23.24495274709617,True,16,2.6960247161466757,23.24495274709617
1936-07,1946-07,2.006516048460803,0.0,True,11,1.8093711331245805,-9.8252349133939,True,15,2.6270544961147375,30.926164190411008,True,15,2.6270544961147375,30.926164190411008
1936-08,1946-08,1.929433100390467,0.0,True,10,1.7797261072484656,-7.759118111517038,True,14,2.584012415311339,33.92599177387401,True,14,2.584012415311339,33.92599177387401
1936-09,1946-09,1.6275187173530241,0.0,True,9,1.5228706139992931,-6.4299170410727635,True,13,2.2110798720432543,35.85587977994666,True,13,2.2110798720432543,35.85587977994666
1936-10,1946-10,1.512852994439669,0.0,True,8,1.4942552298770009,-1.2293173646760192,True,12,2.1695327443477312,43.40671250423003,True,12,2.1695327443477312,43.40671250423003
1936-11,1946-11,1.4669439358692355,0.0,True,7,1.4939776461091283,1.8428591290282625,True,11,2.1691297160954908,47.867254027685526,True,11,2.1691297160954908,47.867254027685526
1936-12,1946-12,1.5380541589639194,0.0,True,6,1.5445886800033677,0.42485636811711025,True,10,2.2426126747382953,45.80843344612704,True,10,2.2426126747382953,45.80843344612704
1937-01,1947-01,1.500271117222615,0.0,True,5,1.5586036258494949,3.8881311489131543,True,9,2.262961195737573,50.83681674328917,True,9,2.262961195737573,50.83681674328917
1937-02,1947-02,1.514283497311269,0.0,True,4,1.6249791738431187,7.310102548723441,True,8,2.3593329011309314,55.80523100992085,True,8,2.3593329011309314,55.80523100992085
1937-03,1947-03,1.4552806666257352,0.0,True,3,1.5648333700058346,7.5279432959218795,True,7,2.2720062595699417,56.12151742783027,True,7,2.2720062595699417,56.12151742783027
1937-04,1947-04,1.4910503097496517,0.0,True,5,2.014686604814501,35.11862018611352,True,6,2.1962162528459475,47.293236082335376,True,7,2.21887032572819,48.81257266904293
1937-05,1947-05,1.533273544360721,0.0,True,4,1.9867172885776025,29.573571257693555,True,5,2.165726812575846,41.24856067211531,True,6,2.1880663854624154,42.70554615058606
1937-06,1947-06,1.6482803695525936,0.0,True,3,2.064145373478619,25.23023458921052,True,4,2.2501314133112573,36.513875604914794,True,5,2.2733416235834567,37.92202258651716
1937-07,1947-07,1.6532044865589912,0.0,True,2,2.2019142277756316,33.19067578619597,True,3,2.400313677996996,45.19157778195066,True,4,2.425073025320432,46.68923566545728
1937-08,1947-08,1.6046553536119494,0.0,True,1,2.1671826271612833,35.05595592742894,True,2,2.3624526500960292,47.22492557534797,True,3,2.386821459154231,48.74355753599606
1937-09,1947-09,1.8207710038950675,0.0,True,1,2.3107923163459936,26.9128468875357,True,2,2.3346282466567687,28.221958810989236,False,,1.0257368420196136,-43.66469809628364
1937-10,1947-10,2.1837856660660693,0.0,True,5,2.615880956874358,19.786524727340904,True,32,2.3087391740929792,5.721876004983795,False,,1.0262896986333936,-53.00410133737257
1937-11,1947-11,2.363211590330856,0.0,True,5,2.557428507538665,8.218346507881602,True,31,2.291922175684198,-3.0166327441156993,False,,1.0269962293775954,-56.5423496745032
1937-12,1947-12,2.3607910536190677,0.0,True,4,2.52872512535208,7.113466118721989,True,30,2.2661987124645395,-4.006806998421952,False,,1.0277115898588802,-56.4674904929257
1938-01,1948-01,2.2671523464166503,0.0,True,3,2.506691186195447,10.565626088489388,True,29,2.246452286074946,-0.9130423182377556,False,,1.0284529876592043,-54.63679406967395
1938-02,1948-02,2.206219639036384,0.0,True,14,2.0270615171832875,-8.120593194037017,True,28,2.1464164310489156,-2.7106642933152902,False,,1.0292375379217062,-53.34836479058591
1938-03,1948-03,2.3927237160500967,0.0,True,13,2.065859717970865,-13.660749709072896,True,27,2.1874990992164354,-8.577029410334337,False,,1.0300226866744875,-56.951875397680816
1938-04,1948-04,2.681242531125851,0.0,True,12,2.234837448374041,-16.64918699332898,True,26,2.3664263660725084,-11.741428140077714,False,,1.030799851634897,-61.555143196909334
1938-05,1948-05,2.7811920597196687,0.0,True,11,2.3538581643419603,-15.365134309378892,True,25,2.492455111733734,-10.381769463811796,False,,1.0316119654155151,-62.907561100994336
1938-06,1948-06,2.8261756791248005,0.0,True,10,2.4617318751269957,-12.895298996793592,True,24,2.6066805081237536,-7.766508381708926,False,,1.03242471901849,-63.46919525759249
1938-07,1948-07,2.3002267248882995,0.0,True,9,2.413496461260629,4.9242857300438425,True,23,2.5556049566402064,11.102306959080654,False,,1.0332209027821526,-55.08177991313763
1938-08,1948-08,2.2199889782784474,0.0,True,8,2.3534007050355354,6.009567077244937,True,22,2.4919707168776695,12.251490492089644,False,,1.0340774872873248,-53.41970174603168
1938-09,1948-09,2.2993445793798233,0.0,True,7,2.33737350839646,1.6539030016498701,True,21,2.4749998267896545,7.639361624398577,False,,1.0349431433135252,-54.98964563229279
1938-10,1948-10,2.1266069670806274,0.0,True,6,2.4120462408191745,13.42228621259498,True,20,2.5540693461233106,20.10067613149491,False,,1.0358610159256791,-51.29043438864998
1938-11,1948-11,2.0096304235439386,0.0,True,5,2.2891825422878282,13.910623339932604,True,19,2.4239713401814043,20.617766917898493,False,,1.036805425429834,-48.408154390823235
1938-12,1948-12,2.0598639775690493,0.0,True,4,2.2857567595796606,10.966393143939479,True,18,2.420343844798712,17.50017822317973,False,,1.03777644038605,-49.61917623265673
1939-01,1949-01,2.1181889913592142,0.0,True,3,2.323150928662719,9.676281868124704,True,17,2.459939810814006,16.13410422058208,False,,1.0387569213292713,-50.96013974358753
1939-02,1949-02,2.0572687977733133,0.0,True,2,2.2460009244806596,9.17391674396757,True,16,2.378247156087883,15.602159458306119,False,,1.0397383286212167,-49.46025868148205
1939-03,1949-03,2.0825458383873534,0.0,True,1,2.27965169581385,9.464658774528,True,15,2.413879310265124,15.910020599322937,False,,1.0407206631370876,-50.02651831457485
1939-04,1949-04,2.382960342711569,0.0,True,13,2.517809098224201,5.658875353300563,True,14,2.423982227549332,1.7214673741101416,False,,1.0417039257529197,-56.285301644274725
1939-05,1949-05,2.2851214171402168,0.0,True,12,2.5133310893183416,9.986763524527497,True,13,2.4196710929163427,5.888075564252171,False,,1.042688117345571,-54.37055950180214
1939-06,1949-06,2.1267884787535714,0.0,True,11,2.389985485936074,12.37532598148887,True,12,2.300921998453287,8.187627563309373,False,,1.0436732387927303,-50.92726666431883
1939-07,1949-07,2.1975964886372195,0.0,True,10,2.539690804562105,15.566748385961727,True,11,2.445048505889871,11.260120706058396,False,,1.0445214295768723,-52.46982624073064
1939-08,1949-08,2.313863386995811,0.0,True,9,2.645592183394019,14.336576578486149,True,10,2.5470034397816343,10.075791600147976,False,,1.0453788474305141,-54.8210644886959
1939-09,1949-09,2.122440256978156,0.0,True,8,2.6948792310751783,26.970793275097282,True,9,2.594453791641817,22.239190625591256,False,,1.0461844599876549,-50.708414215758914
1939-10,1949-10,2.1593485605753524,0.0,True,7,2.7799146815137723,28.738580341705998,True,8,2.6763203718842115,23.941100605411904,False,,1.047051878134466,-51.51075202720019
1939-11,1949-11,2.232934815477209,0.0,True,6,2.834419132105571,26.93694023037643,True,7,2.7287936986547137,22.206599124190408,False,,1.0479459377323466,-53.068673099246475
1939-12,1949-12,2.3517982020898733,0.0,True,5,2.926690932191478,24.444815443380264,True,6,2.8176269639209224,19.807344074721243,False,,1.0488667896780957,-55.401497086525396
1940-01,1950-01,2.4172970523907504,0.0,True,4,3.0037849746275462,24.262136987125714,True,5,2.891848074984015,19.631473182988614,False,,1.0497887259348406,-56.571794728472426
1940-02,1950-02,2.4840075352801683,0.0,True,3,3.079658706337807,23.97944300078205,True,4,2.9648943505468575,19.359313868283024,False,,1.0507460239612616,-57.69956374779075
1940-03,1950-03,2.521898684973871,0.0,True,2,3.122106324040916,23.799831557200847,True,3,3.005760145728356,19.18639569612599,False,,1.0517041949438195,-58.29712742981521
1940-04,1950-04,2.570798965737684,0.0,True,1,3.227922225982423,25.561051992106254,True,2,3.107632788050295,20.881983751637613,False,,1.052689261240289,-59.05205831844489
1940-05,1950-05,3.0826716307144726,0.0,True,12,3.1124526848537193,0.9660793528094347,True,23,3.5779067425896627,16.0651269807939,False,,1.0536488224222935,-65.82027057555628
1940-06,1950-06,3.4267350075245235,0.0,True,11,3.179703073588599,-7.208959356165112,True,22,3.6552141408570225,6.667546011897563,False,,1.0545654455809137,-69.22535757024491
1940-07,1950-07,3.0777306351497713,0.0,True,10,2.9664021008099204,-3.617228001320305,True,21,3.410014915044008,10.796405510583828,False,,1.0555355082246036,-65.70409716270579
1940-08,1950-08,3.197743016618868,0.0,True,9,3.1638103108373694,-1.0611454893388328,True,20,3.636944683048806,13.734739287909626,False,,1.0565500705294846,-66.95950659454095
1940-09,1950-09,3.178365465384141,0.0,True,8,3.2942825403494163,3.647065645148073,True,19,3.7869284794173597,19.14704336745199,False,,1.0576438442689642,-66.72365542012533
1940-10,1950-10,3.2809766865812895,0.0,True,7,3.450431093760877,5.164754991177811,True,18,3.9664283846898933,20.89169669848616,False,,1.0587739192779089,-67.72991641153264
1940-11,1950-11,3.202672452884729,0.0,True,6,3.4640241586551737,8.16042569495481,True,17,3.9820542346102603,24.33535721155382,False,,1.0599487835618107,-66.90424015708857
1940-12,1950-12,3.329044525573113,0.0,True,12,3.64035253035692,9.351271885743673,False,,1.0611075018296503,-68.12576420416082,False,,1.0611075018296503,-68.12576420416082
1941-01,1951-01,3.570218024124042,0.0,True,11,3.9322320591971693,10.139829910302133,False,,1.0622674867889068,-70.24642529920743,False,,1.0622674867889068,-70.24642529920743
1941-02,1951-02,3.950297637316872,0.0,True,10,4.101783407580777,3.834793835099415,False,,1.0634285090555466,-73.07978773523884,False,,1.0634285090555466,-73.07978773523884
1941-03,1951-03,3.861058258025072,0.0,True,9,4.056043580488267,5.050048702526699,False,,1.0645637493468763,-72.42818734645564,False,,1.0645637493468763,-72.42818734645564
1941-04,1951-04,4.038339501837278,0.0,True,8,4.134040600918423,2.3698131134741063,False,,1.0657703617568333,-73.60869829612018,False,,1.0657703617568333,-73.60869829612018
1941-05,1951-05,4.129370731722581,0.0,True,7,4.159853517562004,0.7381944567303789,False,,1.067039535155799,-74.15975448853244,False,,1.067039535155799,-74.15975448853244
1941-06,1951-06,3.9211666859219543,0.0,True,6,4.11202059076622,4.867273445158116,False,,1.0682136217536213,-72.7577604494908,False,,1.0682136217536213,-72.7577604494908
1941-07,1951-07,3.796778986891432,0.0,True,5,4.2087026307720485,10.849292131641143,False,,1.069485578482492,-71.83176628992776,False,,1.069485578482492,-71.83176628992776
1941-08,1951-08,3.9819813635992274,0.0,True,4,4.416985559170718,10.924315205189705,False,,1.0708028388383988,-73.10879331010925,False,,1.0708028388383988,-73.10879331010925
1941-09,1951-09,4.0714292783660735,0.0,True,3,4.5548982646595,11.874674794485207,False,,1.0721572859640969,-73.6663168469828,False,,1.0721572859640969,-73.6663168469828
1941-10,1951-10,4.2167546997476695,0.0,True,5,5.084751195564503,20.584467383620254,False,,1.073443128787693,-74.54338216894789,False,,1.073443128787693,-74.54338216894789
1941-11,1951-11,4.296501648168644,0.0,True,4,4.968349740680519,15.637096119775617,False,,1.0745783117902974,-74.98945887177003,False,,1.0745783117902974,-74.98945887177003
1941-12,1951-12,4.729178117746908,0.0,True,4,5.0533694940896945,6.855131447179219,False,,1.0758199419154006,-77.2514395709006,False,,1.0758199419154006,-77.2514395709006
1942-01,1952-01,4.7856510269739445,0.0,True,3,5.24598818846559,9.61911261178452,False,,1.0769754249745598,-77.49573842922786,False,,1.0769754249745598,-77.49573842922786
1942-02,1952-02,4.842308666687897,0.0,True,55,2.2730257970996184,-53.05904778981487,False,,1.078123530786972,-77.73534061957268,False,,1.078123530786972,-77.73534061957268
1942-03,1952-03,5.122972037923018,0.0,True,54,2.289616971560057,-55.30686182530238,False,,1.0793171382136744,-78.93181672232478,False,,1.0793171382136744,-78.93181672232478
1942-04,1952-04,5.317743171756492,0.0,True,53,2.2937341688771125,-56.86639811678844,False,,1.080431490932455,-79.68251839105686,False,,1.080431490932455,-79.68251839105686
1942-05,1952-05,5.244823139549629,0.0,True,52,2.3036531633882653,-56.077581605810266,False,,1.0815907776531013,-79.37793613101742,False,,1.0815907776531013,-79.37793613101742
1942-06,1952-06,5.12134562530003,0.0,True,51,2.3777519692720417,-53.571734008232596,False,,1.0827779288301815,-78.85755018210185,False,,1.0827779288301815,-78.85755018210185
1942-07,1952-07,5.072198036214589,0.0,True,50,2.457030145682648,-51.55886800673216,False,,1.0840550371807134,-78.62750962322934,False,,1.0840550371807134,-78.62750962322934
1942-08,1952-08,5.11521499970173,0.0,True,49,2.47788138232903,-51.55860736110767,False,,1.0853514175537093,-78.78190031861814,False,,1.0853514175537093,-78.78190031861814
1942-09,1952-09,4.976431883598204,0.0,True,48,2.4496351343923077,-50.77527048112429,False,,1.0865425784352472,-78.16623227545067,False,,1.0865425784352472,-78.16623227545067
1942-10,1952-10,4.535101707552823,0.0,True,47,2.409303948448218,-46.87431277592453,False,,1.0877617791759748,-76.01461115272453,False,,1.0877617791759748,-76.01461115272453
1942-11,1952-11,4.602451271649171,0.0,True,46,2.4967642098024507,-45.7514254375191,False,,1.0890804155454739,-76.33694848103781,False,,1.0890804155454739,-76.33694848103781
1942-12,1952-12,4.759928659973916,0.0,True,45,2.608408751763195,-45.20067551227777,False,,1.0906145384532429,-77.08758646691105,False,,1.0906145384532429,-77.08758646691105
1943-01,1953-01,4.513449774310286,0.0,True,44,2.633369896683864,-41.65505260139341,False,,1.092034860542517,-75.80487398445916,False,,1.092034860542517,-75.80487398445916
1943-02,1953-02,4.207817631311249,0.0,True,43,2.612175260250109,-37.92090130493375,False,,1.0934659689119628,-74.0134657743897,False,,1.0934659689119628,-74.0134657743897
1943-03,1953-03,4.084126077989435,0.0,True,42,2.636342386272214,-35.449045011606174,False,,1.0949347378496306,-73.19047656852324,False,,1.0949347378496306,-73.19047656852324
1943-04,1953-04,3.7591512237499667,0.0,True,41,2.5176543850016904,-33.0259881779859,False,,1.0965665697267764,-70.82941056484317,False,,1.0965665697267764,-70.82941056484317
1943-05,1953-05,3.638143399934624,0.0,True,40,2.5421247093720187,-30.125769385074275,False,,1.0981739633413712,-69.81498960813074,False,,1.0981739633413712,-69.81498960813074
1943-06,1953-06,3.44992460362406,0.0,True,39,2.462373973394569,-28.625281526213463,False,,1.0997388476324703,-68.12281501812468,False,,1.0997388476324703,-68.12281501812468
1943-07,1953-07,3.4310366405236903,0.0,True,38,2.508703606060008,-26.882051435128464,False,,1.1012430267531839,-67.90348975739595,False,,1.1012430267531839,-67.90348975739595
1943-08,1953-08,3.626394132815489,0.0,True,37,2.5304534459906898,-30.22122380211122,False,,1.1027492632303615,-69.59102560718627,False,,1.1027492632303615,-69.59102560718627
1943-09,1953-09,3.3908149392490667,0.0,True,36,2.425764077173553,-28.460735232257615,False,,1.104031851923691,-67.44051587291311,False,,1.104031851923691,-67.44051587291311
1943-10,1953-10,3.5277525095599738,0.0,True,35,2.5103639379337914,-28.839567653034827,False,,1.1049442371223057,-68.6785216897166,False,,1.1049442371223057,-68.6785216897166
1943-11,1953-11,3.7824317505437532,0.0,True,34,2.577623224732228,-31.852749904564035,False,,1.105911901752082,-70.76188085632744,False,,1.105911901752082,-70.76188085632744
1943-12,1953-12,3.784942500682247,0.0,True,33,2.6242254381447236,-30.66670266003514,False,,1.1070257977645273,-70.75184636054624,False,,1.1070257977645273,-70.75184636054624
1944-01,1954-01,3.761500037922831,0.0,True,32,2.70278363191685,-28.146122433395572,False,,1.1077583490962242,-70.55009071040848,False,,1.1077583490962242,-70.55009071040848
1944-02,1954-02,3.871599264914769,0.0,True,31,2.7743004841715075,-28.342261315297,False,,1.108299478901135,-71.37360033759761,False,,1.108299478901135,-71.37360033759761
1944-03,1954-03,3.8469183880089504,0.0,True,30,2.845104292593489,-26.04198983108582,False,,1.1088957675159035,-71.17444001483393,False,,1.1088957675159035,-71.17444001483393
1944-04,1954-04,4.071225484808465,0.0,True,29,2.970727275127706,-27.031128926344216,False,,1.1094374529392914,-72.74929976049984,False,,1.1094374529392914,-72.74929976049984
1944-05,1954-05,4.1594619071916314,0.0,True,28,3.10106851486249,-25.445440202233826,False,,1.1097868390332601,-73.31898058461698,False,,1.1097868390332601,-73.31898058461698
1944-06,1954-06,4.004250915262391,0.0,True,27,3.137944926474197,-21.63465794529079,False,,1.1100260986771646,-72.27880764299141,False,,1.1100260986771646,-72.27880764299141
1944-07,1954-07,4.060146648239713,0.0,True,26,3.276836829688391,-19.292648429113456,False,,1.1103389301143036,-72.65273827989209,False,,1.1103389301143036,-72.65273827989209
1944-08,1954-08,4.20169313579216,0.0,True,25,3.354292686769506,-20.168070861816766,False,,1.1108354680477943,-73.5621942834156,False,,1.1108354680477943,-73.5621942834156
1944-09,1954-09,4.370336965110083,0.0,True,24,3.445165591321573,-21.169337311389825,False,,1.1114147843801998,-74.56912834747047,False,,1.1114147843801998,-74.56912834747047
1944-10,1954-10,4.36325307481589,0.0,True,23,3.5376466992223707,-18.921808142617447,False,,1.1119668771981037,-74.51518722083239,False,,1.1119668771981037,-74.51518722083239
1944-11,1954-11,4.5641952707394875,0.0,True,22,3.6888906192590643,-19.177633724216335,False,,1.1124733287472193,-75.6260794563468,False,,1.1124733287472193,-75.6260794563468
1944-12,1954-12,4.669137258519949,0.0,True,21,3.8706039677753483,-17.102373447846,False,,1.1131819754605707,-76.1587223971772,False,,1.1131819754605707,-76.1587223971772
1945-01,1955-01,4.614209873992408,0.0,True,20,3.953350800349399,-14.322258668117449,False,,1.1139552914557322,-75.85815726036988,False,,1.1139552914557322,-75.85815726036988
1945-02,1955-02,4.612921113430361,0.0,True,19,4.098578364688179,-11.150044323209663,False,,1.1146832470495902,-75.83563170407947,False,,1.1146832470495902,-75.83563170407947
1945-03,1955-03,4.5783536996646275,0.0,True,18,4.079464029287322,-10.89670442923294,False,,1.1155126916505493,-75.63506961613162,False,,1.1155126916505493,-75.63506961613162
1945-04,1955-04,4.6187337639199,0.0,True,17,4.233511693127025,-8.340425979997146,False,,1.1166270985904694,-75.82395618225041,False,,1.1166270985904694,-75.82395618225041
1945-05,1955-05,4.4307751419906305,0.0,True,16,4.228873705298366,-4.556797179320549,False,,1.1176141753402462,-74.77610261128865,False,,1.1176141753402462,-74.77610261128865
1945-06,1955-06,4.602411907003718,0.0,True,15,4.487354708354376,-2.499932665180493,False,,1.1185653641959223,-75.69610485115976,False,,1.1185653641959223,-75.69610485115976
1945-07,1955-07,5.039736888129449,0.0,True,14,4.829003933780135,-4.181427702022933,False,,1.1196920050222507,-77.78272894246597,False,,1.1196920050222507,-77.78272894246597
1945-08,1955-08,4.989463747754766,0.0,True,13,4.8131855271081445,-3.5330093484684855,False,,1.1210952003521355,-77.53074765085482,False,,1.1210952003521355,-77.53074765085482
1945-09,1955-09,4.879523515021818,0.0,True,12,5.043572419962882,3.3619861536896556,False,,1.122656090758859,-76.99250577842867,False,,1.122656090758859,-76.99250577842867
1945-10,1955-10,4.448245491351796,0.0,True,11,4.803815676200856,7.993492839825378,False,,1.1243659049426904,-74.7233845989691,False,,1.1243659049426904,-74.7233845989691
1945-11,1955-11,4.596858326952966,0.0,True,10,5.141698442989611,11.852445241613374,False,,1.126087502063559,-75.50310620927951,False,,1.126087502063559,-75.50310620927951
1945-12,1955-12,4.561433454369126,0.0,True,9,5.203728923138604,14.08100052746053,False,,1.1280871406164508,-75.2690211991162,False,,1.1280871406164508,-75.2690211991162
1946-01,1956-01,4.269106417108288,0.0,True,8,5.078157055287804,18.95128767315977,False,,1.1299708667258106,-73.53144296901353,False,,1.1299708667258106,-73.53144296901353
1946-02,1956-02,4.284649454340914,0.0,True,7,5.125037276320603,19.61392246752567,False,,1.1317748133094632,-73.58535802356418,False,,1.1317748133094632,-73.58535802356418
1946-03,1956-03,4.719893238704738,0.0,True,6,5.492904156030638,16.37772038966787,False,,1.1335169932717,-75.98426625465862,False,,1.1335169932717,-75.98426625465862
1946-04,1956-04,4.486373330929437,0.0,True,5,5.57281441022301,24.2164661554926,False,,1.1355851799157375,-74.68812566072205,False,,1.1355851799157375,-74.68812566072205
1946-05,1956-05,4.336744005587359,0.0,True,4,5.413145638239944,24.82050200025119,False,,1.137666379938626,-73.7668080367925,False,,1.137666379938626,-73.7668080367925
1946-06,1956-06,4.340261665499147,0.0,True,3,5.397482003527953,24.35844701329133,False,,1.139640258563927,-73.74259096812165,False,,1.139640258563927,-73.74259096812165
1946-07,1956-07,4.709795278401852,0.0,True,2,5.706101764513291,21.153923413195773,False,,1.1414503449858064,-75.76433204601776,False,,1.1414503449858064,-75.76433204601776
1946-08,1956-08,4.7739275065056255,0.0,True,1,5.68818693881164,19.151095844252254,False,,1.1435330066241802,-76.04628463532718,False,,1.1435330066241802,-76.04628463532718
1946-09,1956-09,5.406201048480431,0.0,True,33,4.837696532730008,-10.515785681152522,False,,1.145842546802661,-78.80503265551448,False,,1.145842546802661,-78.80503265551448
1946-10,1956-10,5.456272927539094,0.0,True,32,4.789763227626657,-12.215475815888999,False,,1.1482125590089947,-78.95610109212654,False,,1.1482125590089947,-78.95610109212654
1946-11,1956-11,5.417581150997096,0.0,True,31,4.753847242066878,-12.251480696473905,False,,1.1506713017095602,-78.76042333952338,False,,1.1506713017095602,-78.76042333952338
1946-12,1956-12,5.334004254091626,0.0,True,30,4.83802424346716,-9.29845547543401,False,,1.153340379329173,-78.3775879360339,False,,1.153340379329173,-78.3775879360339
1947-01,1957-01,5.186816362669842,0.0,True,29,4.746380993537679,-8.491439417482194,False,,1.1559222681482721,-77.71422415361401,False,,1.1559222681482721,-77.71422415361401
1947-02,1957-02,4.775535900646716,0.0,True,28,4.555257539114835,-4.61264172471304,False,,1.1585005733562128,-75.74093049537487,False,,1.1585005733562128,-75.74093049537487
1947-03,1957-03,5.037827282527116,0.0,True,27,4.627584895327972,-8.143240412826437,False,,1.1610658582965212,-76.95304358044412,False,,1.1610658582965212,-76.95304358044412
1947-04,1957-04,5.346988972479391,0.0,True,26,4.74843859565016,-11.1941576822008,False,,1.1636274159360522,-78.23770683042048,False,,1.1636274159360522,-78.23770683042048
1947-05,1957-05,5.645915955995134,0.0,True,25,4.944419763677673,-12.42484298004074,False,,1.1661851956722888,-79.34462353386661,False,,1.1661851956722888,-79.34462353386661
1947-06,1957-06,5.53866620685474,0.0,True,24,5.039449706200358,-9.01329818425497,False,,1.1689657346376245,-78.894454170376,False,,1.1689657346376245,-78.894454170376
1947-07,1957-07,5.311544659835286,0.0,True,23,5.153733931360915,-2.971089176143049,False,,1.1713580009926805,-77.94694244312342,False,,1.1713580009926805,-77.94694244312342
1947-08,1957-08,5.114623953289954,0.0,True,22,4.882523686495738,-4.537973249136296,False,,1.1738666657307397,-77.04881773418246,False,,1.1738666657307397,-77.04881773418246
1947-09,1957-09,5.032229045961756,0.0,True,21,4.696912765757073,-6.663374761801954,False,,1.1764836887065881,-76.62102265295955,False,,1.1764836887065881,-76.62102265295955
1947-10,1957-10,4.596056514476845,0.0,True,20,4.416926147516872,-3.8974796414217527,False,,1.179105261492588,-74.34528366266615,False,,1.179105261492588,-74.34528366266615
1947-11,1957-11,4.546176599355238,0.0,True,19,4.33418250718238,-4.663129281051781,False,,1.1814073559143614,-74.01316622671644,False,,1.1814073559143614,-74.01316622671644
1947-12,1957-12,4.6120755849751545,0.0,True,18,4.344632289215066,-5.798762202235874,False,,1.1834265212963062,-74.34069543110749,False,,1.1834265212963062,-74.34069543110749
1948-01,1958-01,4.760501000680023,0.0,True,17,4.4421711844499985,-6.686897370351397,False,,1.1848527994164126,-75.1107541150152,False,,1.1848527994164126,-75.1107541150152
1948-02,1958-02,5.016937239437981,0.0,True,16,4.469582010465614,-10.910147024954298,False,,1.185369686118391,-76.3726427191427,False,,1.185369686118391,-76.3726427191427
1948-03,1958-03,5.041391266006157,0.0,True,15,4.573844256354955,-9.274166296193808,False,,1.1856626957708738,-76.48143869003509,False,,1.1856626957708738,-76.48143869003509
1948-04,1958-04,4.701509478657635,0.0,True,14,4.610901442547766,-1.9272116013204221,False,,1.1857897958492576,-74.77853014585814,False,,1.1857897958492576,-74.77853014585814
1948-05,1958-05,4.622286326712807,0.0,True,13,4.770871224921883,3.2145325431353067,False,,1.1857017061685327,-74.34815538543762,False,,1.1857017061685327,-74.34815538543762
1948-06,1958-06,4.540323230530863,0.0,True,12,4.897179889055929,7.859719240370944,False,,1.1855352664337686,-73.88874742525427,False,,1.1855352664337686,-73.88874742525427
1948-07,1958-07,4.772995475112461,0.0,True,111,1.3747189256299797,-71.19798389086911,False,,1.185447195661468,-75.16345444191865,False,,1.185447195661468,-75.16345444191865
1948-08,1958-08,5.093075676165752,0.0,True,110,1.4291977750686635,-71.93841470377258,False,,1.1860612750332729,-76.71227858278787,False,,1.1860612750332729,-76.71227858278787
1948-09,1958-09,5.27860197258091,0.0,True,109,1.469941149939849,-72.15283217838191,False,,1.1873731959622973,-77.50591535164101,False,,1.1873731959622973,-77.50591535164101
1948-10,1958-10,5.337992367284019,0.0,True,108,1.5326094359385736,-71.28865441374978,False,,1.188840741271613,-77.7286916227552,False,,1.188840741271613,-77.7286916227552
1948-11,1958-11,5.811442027897596,0.0,True,107,1.5821092883093637,-72.775960239911,False,,1.1903291364354371,-79.51749099928537,False,,1.1903291364354371,-79.51749099928537
1948-12,1958-12,5.94592183641842,0.0,True,106,1.6147853761105333,-72.84213582795407,False,,1.1918964480643066,-79.95438754737725,False,,1.1918964480643066,-79.95438754737725
1949-01,1959-01,6.099031191804371,0.0,True,105,1.6818751574587996,-72.42389644245736,False,,1.1935043686289246,-80.4312466833633,False,,1.1935043686289246,-80.4312466833633
1949-02,1959-02,6.228634861906855,0.0,True,104,1.6590067580596413,-73.36484165726569,False,,1.1949981624705939,-80.81444507561399,False,,1.1949981624705939,-80.81444507561399
1949-03,1959-03,6.30880283347361,0.0,True,103,1.7039258067499943,-72.99129721237749,False,,1.1965908691319493,-81.03299626383934,False,,1.1965908691319493,-81.03299626383934
1949-04,1959-04,6.404066948727082,0.0,True,102,1.7352551608608153,-72.90385664681835,False,,1.1983312950109934,-81.28796427949301,False,,1.1983312950109934,-81.28796427949301
1949-05,1959-05,6.52863648555403,0.0,True,101,1.7641956644796073,-72.97757857428181,False,,1.1999673453564161,-81.61993935469383,False,,1.1999673453564161,-81.61993935469383
1949-06,1959-06,6.8238471157096825,0.0,True,100,1.7518180127075669,-74.32800027605282,False,,1.2019653002285515,-82.38581140744759,False,,1.2019653002285515,-82.38581140744759
1949-07,1959-07,6.69292426526176,0.0,True,99,1.82435094656369,-72.7420948712567,False,,1.2041057340405696,-82.00927298265974,False,,1.2041057340405696,-82.00927298265974
1949-08,1959-08,6.404339389772015,0.0,True,98,1.8169898985847557,-71.62876937024042,False,,1.2064052645885914,-81.16268999554788,False,,1.2064052645885914,-81.16268999554788
1949-09,1959-09,6.053732251013938,0.0,True,97,1.7481682765935482,-71.1224711614765,False,,1.2093204496905159,-80.02355572485112,False,,1.2093204496905159,-80.02355572485112
1949-10,1959-10,5.878737932865609,0.0,True,96,1.7497514049569054,-70.23593456726887,False,,1.2122723808858853,-79.37869667384612,False,,1.2122723808858853,-79.37869667384612
1949-11,1959-11,5.804085594511016,0.0,True,95,1.7598999718753392,-69.67825606259676,False,,1.2152987397018669,-79.0613229265401,False,,1.2152987397018669,-79.0613229265401
1949-12,1959-12,5.815622331301273,0.0,True,94,1.8192052746289868,-68.71864830634675,False,,1.2186435063650687,-79.04534653486704,False,,1.2186435063650687,-79.04534653486704
1950-01,1960-01,5.582417875596105,0.0,True,93,1.7906811523102548,-67.9228393105731,False,,1.2218911735134927,-78.11179312005524,False,,1.2218911735134927,-78.11179312005524
1950-02,1960-02,5.248563578796175,0.0,True,92,1.7245440043376938,-67.14255284427287,False,,1.22471478790317,-76.66571492339483,False,,1.22471478790317,-76.66571492339483
1950-03,1960-03,5.1215855239360115,0.0,True,91,1.704462676251183,-66.72001925409069,False,,1.2269034947198658,-76.04445949431353,False,,1.2269034947198658,-76.04445949431353
1950-04,1960-04,5.032113741966576,0.0,True,90,1.729825529011562,-65.62427604556615,False,,1.2289863901870615,-75.57713411885703,False,,1.2289863901870615,-75.57713411885703
1950-05,1960-05,4.812119761666499,0.0,True,89,1.7173793536676234,-64.31137547015511,False,,1.2311222912914201,-74.4162167139193,False,,1.2311222912914201,-74.4162167139193
1950-06,1960-06,4.8978123242828655,0.0,True,88,1.7841777031879664,-63.571946308718466,False,,1.2324431641075158,-74.83686424657014,False,,1.2324431641075158,-74.83686424657014
1950-07,1960-07,5.13448236180073,0.0,True,87,1.7433186530293683,-66.04684698112462,False,,1.233594623974375,-75.97431372728025,False,,1.233594623974375,-75.97431372728025
1950-08,1960-08,4.885721835872013,0.0,True,86,1.7675513077250296,-63.82210516474167,False,,1.2347064820732323,-74.72826895285455,False,,1.2347064820732323,-74.72826895285455
1950-09,1960-09,4.564365555097292,0.0,True,85,1.7176107756450611,-62.36912326781307,False,,1.2358986772700293,-72.92288134350173,False,,1.2358986772700293,-72.92288134350173
1950-10,1960-10,4.2847865868181385,0.0,True,84,1.6870278731486443,-60.62749359936214,False,,1.2369006297249372,-71.13273660979569,False,,1.2369006297249372,-71.13273660979569
1950-11,1960-11,4.419021768644331,0.0,True,83,1.7447978227020486,-60.516197610012725,False,,1.237923058208886,-71.9864910602453,False,,1.237923058208886,-71.9864910602453
1950-12,1960-12,4.52821694155085,0.0,True,82,1.789757721147286,-60.4754422270608,False,,1.238845612687773,-72.6416461782088,False,,1.238845612687773,-72.6416461782088
1951-01,1961-01,4.419507401323827,0.0,True,81,1.8847861331339548,-57.353026887806934,False,,1.2397587501760747,-71.94803317209707,False,,1.2397587501760747,-71.94803317209707
1951-02,1961-02,4.421979058954745,0.0,True,80,1.9650068485362777,-55.562728309238985,False,,1.2408340323023965,-71.939396008906,False,,1.2408340323023965,-71.939396008906
1951-03,1961-03,4.623312671596901,0.0,True,79,2.029397712389242,-56.10511647077756,False,,1.2418390969926558,-73.139625519558,False,,1.2418390969926558,-73.139625519558
1951-04,1961-04,4.668104296895033,0.0,True,78,2.086097541993323,-55.31167666110457,False,,1.2426723118357768,-73.3795084085346,False,,1.2426723118357768,-73.3795084085346
1951-05,1961-05,4.697315969751533,0.0,True,77,2.1097464425791093,-55.086128841132535,False,,1.2434244211732721,-73.52904447602992,False,,1.2434244211732721,-73.52904447602992
1951-06,1961-06,4.7001568990996905,0.0,True,76,2.0844548202116373,-55.65137792291759,False,,1.244319679263085,-73.52599698317661,False,,1.244319679263085,-73.52599698317661
1951-07,1961-07,4.590482312126795,0.0,True,75,2.0812036976461896,-54.66263551112658,False,,1.2450118413796172,-72.87840891815142,False,,1.2450118413796172,-72.87840891815142
1951-08,1961-08,4.54148082072318,0.0,True,74,2.1582259581313,-52.477483813580726,False,,1.2457952713262226,-72.56852290024989,False,,1.2457952713262226,-72.56852290024989
1951-09,1961-09,4.379789068005242,0.0,True,73,2.143662136584046,-51.055585022491314,False,,1.2464573157046588,-71.5406998750204,False,,1.2464573157046588,-71.5406998750204
1951-10,1961-10,4.438037721013825,0.0,True,72,2.1697406051438417,-51.11036134573037,False,,1.247232111576263,-71.8967663192519,False,,1.247232111576263,-71.8967663192519
1951-11,1961-11,4.75776492489023,0.0,True,71,2.270404452709963,-52.280020376115054,False,,1.2481697484617271,-73.7656280172244,False,,1.2481697484617271,-73.7656280172244
1951-12,1961-12,4.645967166054812,0.0,True,70,2.293582044027178,-50.63284000832048,False,,1.249055814824136,-73.11526814157861,False,,1.249055814824136,-73.11526814157861
1952-01,1962-01,4.318381600975858,0.0,True,69,2.2107478512271492,-48.806102482291756,False,,1.2502282522196198,-71.04868518481331,False,,1.2502282522196198,-71.04868518481331
1952-02,1962-02,4.460236833829762,0.0,True,68,2.2501123055607093,-49.551730336510836,False,,1.251442748529757,-71.94223546521381,False,,1.251442748529757,-71.94223546521381
1952-03,1962-03,4.442126250751643,0.0,True,67,2.254836701470399,-49.23969796921321,False,,1.2525968743785711,-71.80186235889576,False,,1.2525968743785711,-71.80186235889576
1952-04,1962-04,4.3024589192418174,0.0,True,66,2.185611754197512,-49.20086873060342,False,,1.2537828066094818,-70.85892439316017,False,,1.2537828066094818,-70.85892439316017
1952-05,1962-05,3.9749410608417706,0.0,True,65,2.0257938372148563,-49.0358773574908,False,,1.2548262276621303,-68.43157650754206,False,,1.2548262276621303,-68.43157650754206
1952-06,1962-06,3.4105399241543117,0.0,True,64,1.792093762929321,-47.45425056492502,True,120,1.2558803984278972,-63.17649327212291,False,,1.2558803984278972,-63.17649327212291
1952-07,1962-07,3.3891438682018196,0.0,True,63,1.838059615651105,-45.76625581178631,True,119,1.2570157726165727,-62.91052190465114,False,,1.2570157726165727,-62.91052190465114
1952-08,1962-08,3.461155838403812,0.0,True,62,1.890783151608571,-45.37133720969504,True,118,1.2930724465798789,-62.6404442055921,False,,1.2580296639229218,-63.65290317285772
1952-09,1962-09,3.479225921056945,0.0,True,61,1.87692845316383,-46.05327461478434,True,117,1.2835974685532734,-63.10680887996683,False,,1.2591272654050212,-63.81013208183634
1952-10,1962-10,3.4354246307674168,0.0,True,60,1.8207430365328863,-47.000931988830665,True,116,1.2451732769249106,-63.754894641750305,False,,1.2601539759171703,-63.31882921746204
1952-11,1962-11,3.5527569667098673,0.0,True,59,1.9489177756402982,-45.14350984595635,True,115,1.3328296659435883,-62.48463718648637,False,,1.2611599797715884,-64.50193493140843
1952-12,1962-12,3.5568870988299155,0.0,True,58,2.035564561137739,-42.77117871389945,True,114,1.3920858375548804,-60.862242773665066,False,,1.2619601534391556,-64.52065757571293
1953-01,1963-01,3.668139616344912,0.0,True,57,2.1165652266014074,-42.29867322470017,True,113,1.4474807296537426,-60.53910480386586,False,,1.2629358405690132,-65.57012620398962
1953-02,1963-02,3.7557477812714675,0.0,True,56,2.1468608438562984,-42.83799208876849,True,112,1.4681993551032575,-60.90793523397318,False,,1.263912186701488,-66.34725598443663
1953-03,1963-03,3.7161457395827524,0.0,True,55,2.1410004110094527,-42.3865326861523,True,111,1.4641915109288257,-60.59919030265954,False,,1.264817219833401,-65.96427297344334
1953-04,1963-04,4.083842052626603,0.0,True,54,2.2435744299331764,-45.062164475969944,True,110,1.5343400298070429,-62.429006557190384,False,,1.265547210680084,-69.01086784524092
1953-05,1963-05,4.135099187975565,0.0,True,53,2.2904566453083333,-44.60939045987722,True,109,1.5664019301284335,-62.11936258546431,False,,1.2663393676851518,-69.37584057554088
1953-06,1963-06,4.277006220689594,0.0,True,52,2.2914730963145424,-46.42343316617665,True,108,1.567097062612721,-63.359953627562106,False,,1.2672452542664392,-70.37074091367307
1953-07,1963-07,4.145431365262705,0.0,True,51,2.2596769045312173,-45.489945305414146,True,107,1.5453522213461768,-62.721558139987565,False,,1.2684190705196463,-69.40200044925207
1953-08,1963-08,4.233052784703666,0.0,True,50,2.3242652793784124,-45.09245696681947,True,106,1.5895230443267123,-62.4497230445477,False,,1.2697374391216751,-70.00421436486852
1953-09,1963-09,4.542095829238852,0.0,True,49,2.3879964949118904,-47.425228689812506,True,105,1.6331076715343704,-64.04506349202146,False,,1.2713785394823338,-72.00898908169036
1953-10,1963-10,4.409689386927512,0.0,True,48,2.397257913074539,-45.63658111201232,True,104,1.6394413881386174,-62.82183971962452,False,,1.2735218297996416,-71.11991983891231
1953-11,1963-11,4.280220262047526,0.0,True,47,2.3871266313877904,-44.22888343961387,True,103,1.6325127875814762,-61.85914070691931,False,,1.2756777447295728,-70.19597902376809
1953-12,1963-12,4.303584000413384,0.0,True,46,2.4410918388462184,-43.27769973557534,True,102,1.6694186182575614,-61.20864335174579,False,,1.277669493010096,-70.31150099806653
1954-01,1964-01,4.316363069968841,0.0,True,45,2.5199658273814185,-41.61830720603377,True,101,1.7233591144164973,-60.0738147722838,False,,1.2801061702487357,-70.34294498636844
1954-02,1964-02,4.266053704849769,0.0,True,44,2.5552483833056985,-40.102761003669016,True,100,1.7474882171492923,-59.037360097865175,False,,1.2827798983289642,-69.9305262643397
1954-03,1964-03,4.24477362892125,0.0,True,43,2.6059881390455835,-38.60713510633407,True,99,1.7821882196522876,-58.01452856026139,False,,1.2854059218855134,-69.717915859457
1954-04,1964-04,4.1328696887059495,0.0,True,42,2.6480251637961327,-35.9276879444689,True,98,1.810936581618009,-56.18210304169946,False,,1.2880284943306046,-68.83452440200452
1954-05,1964-05,4.00627906275819,0.0,True,41,2.67869596759976,-33.13755917553165,True,97,1.8319117903716862,-54.27398437116171,False,,1.2908907610452356,-67.77831147497497
1954-06,1964-06,3.944136041552515,0.0,True,40,2.6679301103915765,-32.35704645366621,True,96,1.8245492150769616,-53.74020581808402,False,,1.2938878713079338,-67.19464395557142
1954-07,1964-07,3.925404235175652,0.0,True,39,2.7720053934301845,-29.38293160765023,True,95,1.8957244213679307,-51.70626239253798,False,,1.296785178973245,-66.96428950290728
1954-08,1964-08,3.786638910499228,0.0,True,38,2.7359965521422307,-27.7460403061902,True,94,1.8710986251928845,-50.58682199654997,False,,1.2995159988014826,-65.68154425291755
1954-09,1964-09,3.7581072209509814,0.0,True,37,2.787491380727095,-25.827252474671923,True,93,1.9063150083766456,-49.2745976551926,False,,1.3021872862971116,-65.34991660063399
1954-10,1964-10,3.7308627376289234,0.0,True,36,2.8401567761524857,-23.8739944113438,True,92,1.9423319210801817,-47.93879974489245,False,,1.3049383715427871,-65.02314710264268
1954-11,1964-11,3.610349982798942,0.0,True,35,2.8646126758057586,-20.65554061368441,True,91,1.959056869137322,-45.73775732350044,False,,1.307822874947276,-63.7757314061453
1954-12,1964-12,3.388570817231154,0.0,True,34,2.819288846780512,-16.800061180831673,True,90,1.9280607210934908,-43.10106457598148,False,,1.3106865072345422,-61.32037434278793
1955-01,1965-01,3.4102058864094262,0.0,True,33,2.8959337823485685,-15.080382862230357,True,89,1.9804768081887376,-41.92500763424688,False,,1.313449058306766,-61.48475775198183
1955-02,1965-02,3.3204466082456237,0.0,True,32,2.9213843985137022,-12.018329363915537,True,88,1.9978820249020453,-39.830924552717406,False,,1.3163983570240765,-60.35478017459817
1955-03,1965-03,3.346194978750982,0.0,True,31,2.9281294365677137,-12.49375917536394,True,87,2.0024948346001605,-40.15606241368451,False,,1.3192348064616801,-60.57507662168257
1955-04,1965-04,3.273686864850309,0.0,True,30,2.969888682823422,-9.280001251456838,True,86,2.0310532288704204,-37.95823141553609,False,,1.3217407052822934,-59.62531665829527
1955-05,1965-05,3.333067759244344,0.0,True,29,3.0177787179197035,-9.459424893183732,True,85,2.063804358896126,-38.08093600341264,False,,1.3243610707462923,-60.266002181529466
1955-06,1965-06,2.998607368427561,0.0,True,28,2.8784525300477406,-4.007021380822806,True,84,1.968521695481773,-34.35213572112158,False,,1.3269344024228584,-55.748311152897315
1955-07,1965-07,2.7884887314681803,0.0,True,27,2.877652253077921,3.1975571786798884,True,83,1.9679744005164945,-29.42505457139405,False,,1.329348045844379,-52.32729360378452
1955-08,1965-08,2.8560665321835867,0.0,True,26,2.934059144904951,2.7307701638776383,True,82,2.006550055031236,-29.74428177983861,False,,1.3314389042970556,-53.38207673757821
1955-09,1965-09,2.8227706034749853,0.0,True,25,3.0344329488786217,7.498389884855272,True,81,2.075193886644791,-26.483792764098023,False,,1.3334333965021103,-52.761538792398476
1955-10,1965-10,3.036746789599002,0.0,True,24,3.1045430288270413,2.2325285552369456,True,80,2.123140904012535,-30.085020216885038,False,,1.3353743023842917,-56.02615578756812
1955-11,1965-11,2.8668622249738385,0.0,True,23,3.132216123838488,9.255899936630918,True,79,2.142066033867033,-25.281863383351798,False,,1.337371390835619,-53.35069194516932
1955-12,1965-12,2.8258517492211888,0.0,True,22,3.1191181467142846,10.377982410928688,True,78,2.1331085638838516,-24.514491445924534,False,,1.339354969603862,-52.603494858745115
1956-01,1966-01,2.952196802000902,0.0,True,21,3.1746410124246625,7.534870652017345,True,77,2.1710796489044504,-26.458844226341416,False,,1.341708001758137,-54.5522168153298
1956-02,1966-02,2.9117334148316787,0.0,True,20,3.154997716248305,8.354621346085311,True,76,2.15764595344125,-25.89823153277997,False,,1.3442278891770154,-53.83410162723558
1956-03,1966-03,2.6110250355392073,0.0,True,19,3.027578810853389,15.953649223748577,True,75,2.070506465446889,-20.701393618797493,False,,1.34676495085108,-48.420067501460885
1956-04,1966-04,2.6582523187505362,0.0,True,18,3.1214867841031464,17.42627899109086,True,74,2.134728432212415,-19.694288719145902,False,,1.3489548638742226,-49.254069887982844
1956-05,1966-05,2.598840825134685,0.0,True,17,2.9588633142372256,13.853195071455836,True,73,2.0235131784314953,-22.137856275725287,False,,1.3511588867924453,-48.00917109948735
1956-06,1966-06,2.591022023432899,0.0,True,16,2.9363306606522688,13.327120884980491,True,72,2.008103503623335,-22.49762891004853,False,,1.353347489907881,-47.76781217340628
1956-07,1966-07,2.4506079159175935,0.0,True,15,2.9313437928282013,19.61700498019503,True,71,2.00469307478989,-18.196090783487794,False,,1.3560621313934764,-44.664255649165355
1956-08,1966-08,2.3158097089055016,0.0,True,14,2.7563760124101737,19.024287781956506,True,70,1.8850357699819258,-18.6014393698681,False,,1.3586344631512723,-41.33220627210383
1956-09,1966-09,2.312554494554361,0.0,True,13,2.661326317617522,15.08166937836295,True,69,1.8200330004746756,-21.297724885596537,False,,1.361388891957848,-41.13051626832286
1956-10,1966-10,2.3217637437368466,0.0,True,12,2.6399898268593,13.706221573185262,True,68,1.8054413598189525,-22.23836879659773,False,,1.3640610241096287,-41.24893078422392
1956-11,1966-11,2.4628684797308895,0.0,True,11,2.773496592891526,12.6124523382823,True,67,1.8967442257459077,-22.986377820988658,False,,1.3666063966324506,-44.511596624852025
1956-12,1966-12,2.436552441357549,0.0,True,10,2.7859850505403627,14.341271841788217,True,66,1.9052848563688582,-21.8040693880034,False,,1.3685225339260163,-43.833651568626586
1957-01,1967-01,2.5853854580399367,0.0,True,9,2.8936882669243214,11.924829542366155,True,65,1.9789411407479771,-23.456630631461984,False,,1.370290636382204,-46.99859426682684
1957-02,1967-02,2.793484590882647,0.0,True,8,2.9940251094193253,7.178866108343707,True,64,2.04755969507386,-26.702309303703732,False,,1.3718972930518085,-50.8893910662906
1957-03,1967-03,2.82138099742975,0.0,True,7,3.065150143125159,8.640064773863587,True,63,2.0962008209844827,-25.703021928123114,False,,1.373199199980544,-51.32882793101978
1957-04,1967-04,2.8034715226513836,0.0,True,6,3.1183546498372308,11.2319003293476,True,62,2.132586422159703,-23.930512404748484,False,,1.374051177687592,-50.98751078491131
1957-05,1967-05,2.746882430864769,0.0,True,5,3.1745367354283265,15.568715273661127,True,61,2.1710083357500776,-20.964642994691108,False,,1.3746497057980784,-49.95600502037819
1957-06,1967-06,2.6675100678299906,0.0,True,4,3.134583744620594,17.509724983739837,True,60,2.143685206956598,-19.637221511951854,False,,1.3749266620844018,-48.456552098305686
1957-07,1967-07,2.6588851782007987,0.0,True,3,3.1887788738946816,19.92916806029392,True,59,2.1807482770096294,-17.982608091211848,False,,1.3760874653782762,-48.245697984241644
1957-08,1967-08,2.856784119944874,0.0,True,3,3.236616800248532,13.29581320659916,True,58,2.2150147436133945,-22.46474880096516,False,,1.3770819220735415,-51.79608033875116
1957-09,1967-09,3.0168068239584067,0.0,True,56,2.3006688643648814,-23.738276972400495,True,57,2.245162063094719,-25.57819594995475,False,,1.378064568240257,-54.32042392319726
1957-10,1967-10,3.2089015658266655,0.0,True,55,2.2961697172434086,-28.443747178269152,True,56,2.2407714640868077,-30.17014021402217,False,,1.3791464068201797,-57.02123051989321
1957-11,1967-11,3.1735023275451364,0.0,True,54,2.223956943533223,-29.92105522564512,True,55,2.1703009228819528,-31.611806172494926,False,,1.3807162433111633,-56.4923513265794
1957-12,1967-12,3.2618117293453532,0.0,True,53,2.287444929510426,-29.87195094888211,True,54,2.2322571738601464,-31.56388660395917,False,,1.382853096037257,-57.604754327289264
1958-01,1968-01,3.187095678669678,0.0,True,52,2.2824749636315493,-28.383858102927285,True,53,2.2274071152450357,-30.111696045009385,False,,1.3857004472428809,-56.521529726359375
1958-02,1968-02,3.0302221533413958,0.0,True,51,2.1825670377975195,-27.973365405212135,True,52,2.1299096055601874,-29.711107048321285,False,,1.38956448479242,-54.143148110109315
1958-03,1968-03,2.912587300752394,0.0,True,50,2.146244510680897,-26.311410129184164,True,51,2.0944634093773726,-28.089248729597895,False,,1.3939126991007091,-52.14177103839508
1958-04,1968-04,3.1079981047918355,0.0,True,49,2.308547980289714,-25.722349163261992,True,50,2.2528510845089516,-27.514399669820875,False,,1.398702733477273,-54.99666710475829
1958-05,1968-05,3.0780944099161407,0.0,True,48,2.3658337068035196,-23.1396639693071,True,49,2.308754714065446,-24.994025309043543,False,,1.4040744082635113,-54.38494661696346
1958-06,1968-06,3.0843619222182723,0.0,True,47,2.4337554780707467,-21.093712753385617,True,48,2.375037779164201,-22.99743548072094,False,,1.4094041358352194,-54.304839335405354
1958-07,1968-07,2.9939672923167344,0.0,True,46,2.4331355452474974,-18.73205991623459,True,47,2.3744328030731237,-20.6927607670762,False,,1.414425765011195,-52.757474383873074
1958-08,1968-08,2.821699391953835,0.0,True,45,2.382777570538173,-15.55522968418469,True,46,2.3252897837786586,-17.592575934584097,False,,1.4183075699162544,-49.735695660544025
1958-09,1968-09,2.837188050277468,0.0,True,44,2.461435062695669,-13.243852043753368,True,45,2.4020495557325985,-15.336963459377117,False,,1.4214420579461895,-49.89961776389207
1958-10,1968-10,2.792551535054854,0.0,True,43,2.5228798350496207,-9.6568208901447,True,44,2.4620118884269515,-11.836474366852102,False,,1.424543926795839,-48.98773007718704
1958-11,1968-11,2.750917244800299,0.0,True,42,2.562326661594628,-6.855552763796846,True,43,2.500507006016495,-9.102790687619622,False,,1.4277190819710015,-48.100253300253456
1958-12,1968-12,2.7272992982197173,0.0,True,41,2.589385052191894,-5.056806420837223,True,42,2.5269125757177,-7.347441574631086,False,,1.4313606162835686,-47.51728872522685
1959-01,1969-01,2.511741246014809,0.0,True,40,2.4804598049238966,-1.2454085842060536,True,41,2.420615299883165,-3.6279989539617863,False,,1.4351562515545666,-42.8620980034619
1959-02,1969-02,2.537848983943676,0.0,True,39,2.469074800285933,-2.7099399567452553,True,40,2.4095049741438856,-5.057196492454452,False,,1.4390793906313564,-43.295310330281865
1959-03,1969-03,2.4213292389936605,0.0,True,38,2.416275198670402,-0.2087299918518748,True,39,2.357979235551152,-2.616331658756055,False,,1.4427828700886922,-40.41360229522798
1959-04,1969-04,2.4293499692708136,0.0,True,37,2.465267670698042,1.478490208556038,True,38,2.4057896967945838,-0.9698179667090745,False,,1.446422407083022,-40.46051720093767
1959-05,1969-05,2.4710760209022657,0.0,True,36,2.5459565219173594,3.0302791327218026,True,37,2.4845318184785383,0.5445319149412375,False,,1.4501205661968144,-41.31623009852482
1959-06,1969-06,2.3625512098946206,0.0,True,35,2.4130473398962753,2.137355998471957,True,36,2.3548292533103585,-0.32684822034424466,False,,1.4538492248822186,-38.46274236116701
1959-07,1969-07,2.171392971717221,0.0,True,34,2.305524508828147,6.177211534623761,True,35,2.2499005584556357,3.615540243566695,False,,1.458236762194335,-32.843258627612414
1959-08,1969-08,2.1721456289352767,0.0,True,33,2.2926395577387724,5.54723068280456,True,34,2.2373264745364887,3.0007585464314257,False,,1.462402367334157,-32.674754958718644
1959-09,1969-09,2.269847492773057,0.0,True,32,2.299461118486969,1.3046526609474363,True,33,2.2439834557475478,-1.1394614443418494,False,,1.4659278509318878,-35.41734166726004
1959-10,1969-10,2.2963347586945724,0.0,True,31,2.3227308783428695,1.1494891826356657,True,32,2.266691800635857,-1.290881390288534,False,,1.4693471122513067,-36.01337493638751
1959-11,1969-11,2.303809252644496,0.0,True,30,2.337970401561586,1.482811516529714,True,31,2.2815636493926568,-0.9656009162348878,False,,1.472931436582657,-36.06539105214945
1959-12,1969-12,2.1147358130379788,0.0,True,29,2.212323852406508,4.614668119150855,True,30,2.1589484960817433,2.0906953375064763,False,,1.4767871832900767,-30.166823950999355
1960-01,1970-01,2.1338800862312612,0.0,True,28,2.191509204833401,2.7006727779123274,True,29,2.1386360305150274,0.2228777668648485,False,,1.4808756769635687,-30.601738751917974
1960-02,1970-02,2.142916182820414,0.0,True,27,2.1146186444184605,-1.3205154092732374,True,28,2.0636005606446717,-3.7012937235534116,False,,1.484587055488595,-30.721179512740182
1960-03,1970-03,2.2097473509659973,0.0,True,26,2.1513311609899506,-2.6435687297242327,True,27,2.0994273372502654,-4.992426562588936,False,,1.4885054306965189,-32.63911233807727
1960-04,1970-04,2.115510981729096,0.0,True,25,2.0866906329935198,-1.3623351041184395,True,26,2.0363463509145534,-3.742104460731177,False,,1.4923904510872277,-29.454847364231863
1960-05,1970-05,1.890398221509439,0.0,True,24,1.8480167207182427,-2.2419350753173917,True,25,1.8034307751049168,-4.600482872602408,False,,1.4965989232046748,-20.831552517560283
1960-06,1970-06,1.8129903710672581,0.0,True,23,1.8393071482473642,1.451567399368714,True,24,1.7949313330512302,-0.9960912260883692,False,,1.50164111128677,-17.173243981279683
1960-07,1970-07,1.86339332318975,0.0,True,22,1.8454249915803895,-0.9642801326883776,True,23,1.800901574997829,-3.353653113071575,False,,1.5066255185429642,-19.146135182886237
1960-08,1970-08,1.895804265909879,0.0,True,21,1.9019073244012483,0.3219245046080843,True,22,1.8560211938394084,-2.09847993201856,False,,1.5115791279455852,-20.267131205124034
1960-09,1970-09,2.0720252451109626,0.0,True,20,2.018015440339457,-2.6066190505614872,True,21,1.9693280417563654,-4.95636834526586,False,,1.5159820656685599,-26.835733819093754
1960-10,1970-10,2.159726623288822,0.0,True,19,2.064304613329305,-4.418244833885909,True,20,2.014500424770087,-6.724286164402837,False,,1.5203695912522095,-29.60360932454509
1960-11,1970-11,2.090147515744237,0.0,True,18,2.0645050532616045,-1.2268254890852592,True,19,2.0146960288132845,-3.6098642015746307,False,,1.5239250424766164,-27.090072303629075
1960-12,1970-12,2.1810488495977114,0.0,True,17,2.2081572821382576,1.2429080873427534,True,18,2.15488245005296,-1.1997163451693327,False,,1.5271414619817114,-29.981326999466862
1961-01,1971-01,2.1538092482175344,0.0,True,16,2.294667089054508,6.539940384857457,True,17,2.239305088870056,3.969517761300212,False,,1.5298532388837582,-28.969882539512458
1961-02,1971-02,2.1491977327128433,0.0,True,15,2.385142326811696,10.978263679862987,True,16,2.3275974870540037,8.30076040122998,False,,1.53143747061351,-28.743761111247778
1961-03,1971-03,2.1374408049607756,0.0,True,14,2.447842594589414,14.522123321882319,True,15,2.3887850246178997,11.759119554271646,False,,1.5326659804627563,-28.29434261264221
1961-04,1971-04,2.153112008344416,0.0,True,13,2.5329823659806503,17.642851656766645,True,14,2.471870681901713,14.80455602504389,False,,1.5346126697426463,-28.725832014533694
1961-05,1971-05,2.1026879929770663,0.0,True,12,2.500191411498741,18.904536471855437,True,13,2.439870854305588,16.035800958330725,False,,1.5369066118970467,-26.90752898051054
1961-06,1971-06,2.0917211709380426,0.0,True,11,2.4555674195127932,17.394586507511512,True,12,2.3963234775133393,14.562280614040745,False,,1.5399031254016464,-26.381051796159362
1961-07,1971-07,2.0825956640391463,0.0,True,10,2.439684238067457,17.146322744941543,True,11,2.380823499670086,14.320006556267085,False,,1.5438142593021567,-25.870667746039356
1961-08,1971-08,1.9751521645833425,0.0,True,9,2.39794018895499,21.405339393728905,True,10,2.340086583167699,18.476268569482034,False,,1.546982286876812,-21.677817303602676
1961-09,1971-09,2.0352652209154964,0.0,True,8,2.4529431966885724,20.522041622919176,True,9,2.393762567674768,17.614281572502534,False,,1.5499875663692644,-23.843460280225592
1961-10,1971-10,1.9708052919540426,0.0,True,7,2.402657167870091,21.912457698338628,True,8,2.344689758477557,18.971151947375287,False,,1.5526887751079541,-21.215516243693877
1961-11,1971-11,1.7987579457979694,0.0,True,6,2.2929250369692666,27.472684266702352,True,7,2.237605066187827,24.397230400846137,False,,1.5548687771160947,-13.558754208792667
1961-12,1971-12,1.9053983863961559,0.0,True,5,2.4519170931860286,28.682647717758947,True,6,2.392761220330783,25.57800181915859,False,,1.5566383319382313,-18.303786596437956
1962-01,1972-01,2.0615379236498685,0.0,True,5,2.493000497519593,20.929160163390904,True,5,2.493000497519593,20.929160163390904,False,,1.5574693678669087,-24.451093040797765
1962-02,1972-02,2.0651116420084596,0.0,True,4,2.5393225979737637,22.962969474333207,True,4,2.5393225979737637,22.962969474333207,False,,1.558061924493061,-24.553138300177267
1962-03,1972-03,2.1119911579649426,0.0,True,3,2.60002186987122,23.107611509914207,True,3,2.60002186987122,23.107611509914207,False,,1.5593328511373046,-26.16764301987725
1962-04,1972-04,2.20345194190957,0.0,True,2,2.6268509088740073,19.215257610633806,True,97,2.197625750552119,-0.26441200039979407,False,,1.560567077683499,-29.176259849304
1962-05,1972-05,2.355587123815055,0.0,True,1,2.6007102164201497,10.406029568038178,True,96,2.175756424554292,-7.634219827518551,False,,1.5618278665240388,-33.696875367762324
1962-06,1972-06,2.6727553881322357,0.0,True,50,1.9509931026104157,-27.00442729352045,True,95,2.1820821905993206,-18.358327878100557,False,,1.5633150376238718,-41.5092363272218
1962-07,1972-07,2.5889192715711635,0.0,True,49,1.9365176002706357,-25.199768817225355,True,94,2.1658921098587225,-16.339913196896028,False,,1.564650494475944,-39.56356570645833
1962-08,1972-08,2.6080159388110467,0.0,True,48,2.00514210799398,-23.116186594009356,True,93,2.242644977893674,-14.009537115173442,False,,1.5661641521482839,-39.94806056046293
1962-09,1972-09,2.591807071257587,0.0,True,47,1.9763544418330548,-23.746081884324234,True,92,2.2104475018725505,-14.714041550939772,False,,1.5685316593635013,-39.48115672813471
1962-10,1972-10,2.6791325492343177,0.0,True,46,1.9801738383821141,-26.088993284485397,True,91,2.214719294108712,-17.33446354710343,False,,1.57105373536105,-41.35961149775702
1962-11,1972-11,2.6304660924419325,0.0,True,45,2.079409950528657,-20.948992404677426,True,90,2.3257096162628805,-11.585645489014397,False,,1.5735151166127177,-40.18112907313771
1962-12,1972-12,2.5723166941926374,0.0,True,44,2.1225002466048206,-17.48682223317759,True,89,2.373903824397006,-7.713391987991836,False,,1.5762922931536987,-38.72090879352462
1963-01,1973-01,2.4943238354785606,0.0,True,43,2.1383917953123355,-14.269680428160447,True,88,2.3916776778100766,-4.115189704258682,False,,1.579448386278928,-36.67829478220517
1963-02,1973-02,2.373505831465908,0.0,True,42,2.0623452503215502,-13.109745803834016,True,87,2.306623655190021,-2.81786441765679,False,,1.5828355051329062,-33.312339740268236
1963-03,1973-03,2.3441042557290284,0.0,True,41,2.0297847177538597,-13.408940204215181,True,86,2.2702064284262127,-3.1524974677302975,False,,1.5868805008982085,-32.30333091969578
1963-04,1973-04,2.1964569789334933,0.0,True,40,1.9919063042503418,-9.312755799226846,True,85,2.227841434206808,1.4288672882886821,False,,1.5911352361777031,-27.559007463451834
1963-05,1973-05,2.0925078106192587,0.0,True,39,1.9360792442661388,-7.475650296704329,True,84,2.1654018319437074,3.48357224544249,False,,1.5954876851548068,-23.752366559499883
1963-06,1973-06,2.0464246997239846,0.0,True,38,1.892927288862271,-7.500760271434215,True,83,2.1171386611255594,3.4554880720073733,False,,1.6008109910979422,-21.775231147578765
1963-07,1973-07,2.096831170269854,0.0,True,37,1.91086991051072,-8.868680626070702,True,82,2.1372065307143115,1.925541789769425,False,,1.6069255683969657,-23.364093820192466
1963-08,1973-08,2.0018787419328445,0.0,True,36,1.874535248295304,-6.361199156078179,True,81,2.096568140339884,4.730026670627185,False,,1.6137002520173722,-19.390709426320196
1963-09,1973-09,1.984419561110626,0.0,True,35,1.9066737260389715,-3.91781237170139,True,80,2.132513321193469,7.462825048950794,False,,1.6199521465286302,-18.366449400348237
1963-10,1973-10,2.0581800703470416,0.0,True,34,1.9818729480369488,-3.707504674128259,True,79,2.2166196580375908,7.698043041677782,False,,1.6247914609316831,-21.0568849470145
1963-11,1973-11,1.9230373324746506,0.0,True,33,1.8407985704368997,-4.276503666828058,True,78,2.0588354575198813,7.061647881296174,False,,1.6303239422623652,-15.221409655922214
1963-12,1973-12,1.7502892740790559,0.0,True,32,1.7106434505545072,-2.2651012099362267,True,77,1.9132638669639281,9.311294727017284,False,,1.635394073222197,-6.5643549645422405
1964-01,1974-01,1.7226816861618892,0.0,True,31,1.734753495770408,0.7007568319493007,True,76,1.940229672332371,12.628449464461177,False,,1.6408865472036953,-4.748128433432896
1964-02,1974-02,1.6555809078865438,0.0,True,30,1.687001465902565,1.8978569918477461,True,75,1.8868215624829954,13.967342429168571,False,,1.645554423463373,-0.6056173017826239
1964-03,1974-03,1.696188108894809,0.0,True,29,1.7590987769267994,3.7089440553254027,True,74,1.9674585766095911,15.99294714378907,False,,1.651296814991913,-2.64659878627177
1964-04,1974-04,1.5876099680939524,0.0,True,28,1.6696464873227068,5.167296809508293,True,73,1.867410940463538,17.624037263101087,False,,1.6576251768842183,4.41010135973916
1964-05,1974-05,1.5260334222475591,0.0,True,27,1.619877043629016,6.149512849020233,True,72,1.8117464603714597,18.72259374916567,False,,1.663836335192947,9.03013727854205
1964-06,1974-06,1.5384074631916036,0.0,True,26,1.6226814026508003,5.4779986106126,True,71,1.8148829870302654,17.971540729858493,False,,1.6696458268727656,8.53079348749992
1964-07,1974-07,1.3118976114725267,0.0,True,25,1.4345313644016953,9.347814330686944,True,70,1.6044471597202523,22.299724131623066,False,,1.6750490082089362,27.681382568323578
1964-08,1974-08,1.278189884220439,0.0,True,24,1.3766177510064324,7.700566872035908,True,69,1.5396738582595897,20.45736531537552,True,120,1.6822404833192413,31.611156064283065
1964-09,1974-09,1.1280451455646658,0.0,True,23,1.2352379821685011,9.502530729847503,True,68,1.3815480938581037,22.472766208886252,True,119,1.688254732795242,49.661982894323955
1964-10,1974-10,1.1325270807742287,0.0,True,22,1.2609125914800428,11.336197860985898,True,67,1.4102637810916208,24.52362553021894,True,118,1.723345364162313,52.16813738212633
1964-11,1974-11,1.1639981665033374,0.0,True,21,1.3042274913757155,12.047211834845783,True,66,1.458709196671756,25.318856906255572,True,117,1.7825457658703683,53.1399118286547
1964-12,1974-12,1.1096090325906918,0.0,True,20,1.22094134907546,10.033472440723724,True,65,1.365558068872307,23.066596320330124,True,116,1.6687148879792737,50.38764456370668
1965-01,1975-01,1.1723425214041185,0.0,True,19,1.3222512463901699,12.787109760934467,True,64,1.478867809622332,26.14639344916767,True,115,1.8071796341169342,54.15116325836831
1965-02,1975-02,1.2865102239788657,0.0,True,18,1.4604903439939667,13.523415264981132,True,63,1.6334809000131505,26.969912058777744,True,114,1.9961171620718656,55.15750476497239
1965-03,1975-03,1.3459895426644453,0.0,True,17,1.5282483277619527,13.540876754266474,True,62,1.7092646070150936,26.98944180736571,True,113,2.088725014511883,55.18137015961955
1965-04,1975-04,1.3450458428287255,0.0,True,16,1.546019854393854,14.941796418066012,True,61,1.729141115912713,28.556296064690876,True,112,2.113014151000895,57.096069421476244
1965-05,1975-05,1.4108798963152622,0.0,True,15,1.644580378723772,16.564165597571833,True,60,1.839375828966639,30.370829846712134,True,111,2.2477212067009265,59.31343359354746
1965-06,1975-06,1.520230773278393,0.0,True,14,1.6869538873132945,10.966960869721198,True,59,1.8867683483572455,24.110653561393857,True,110,2.3056349670079204,51.66348475079183
1965-07,1975-07,1.5252039090478546,0.0,True,13,1.6889297788090145,10.734687263119437,True,58,1.8889782780784716,23.850867865773573,True,109,2.308335505865446,51.346026073751695
1965-08,1975-08,1.3890459927420222,0.0,True,12,1.5658433826982958,12.72797235513201,True,57,1.7513126797230045,26.08025140088097,True,108,2.140107849513891,54.07033753355051
1965-09,1975-09,1.329374695833544,0.0,True,11,1.5475250912289913,16.410000587431274,True,56,1.7308246433871033,30.198404468789917,True,107,2.1150714251841576,59.102729412038826
1965-10,1975-10,1.3614303102383014,0.0,True,10,1.6191018102264394,18.926528816817356,True,55,1.8108794029743558,33.013007669660574,True,106,2.2128985130407512,62.542180558137495
1965-11,1975-11,1.3744005502617291,0.0,True,9,1.6466340311330128,19.807433925971708,True,54,1.8416727301406577,33.99825325957162,True,105,2.2505280248602357,63.746152781419084
1965-12,1975-12,1.3610303628378706,0.0,True,8,1.621391977483623,19.12974329998598,True,53,1.8134408334472296,33.240292278714676,True,104,2.2160285865704226,62.81992283770978
1966-01,1976-01,1.4619687102754404,0.0,True,7,1.7695334002473784,21.0377067450364,True,52,1.9791291487315426,35.374248082140355,True,103,2.41850006309098,65.42762140479226
1966-02,1976-02,1.5296123953625802,0.0,True,6,1.8365028892386763,20.063284973795636,True,51,2.0540309661935954,34.28440907127368,True,102,2.5100302446224414,64.09583579684985
1966-03,1976-03,1.6038058952112586,0.0,True,5,1.8443338244446823,14.997321680360853,True,50,2.0627894514111476,28.618398122263432,True,101,2.5207331323368733,57.17195826897956
1966-04,1976-04,1.5692664368575382,0.0,True,4,1.8575685196203457,18.371773969762174,True,49,2.0775917552235934,32.39254382984056,True,100,2.5388215793324798,61.78397241557523
1966-05,1976-05,1.6456648634949693,0.0,True,43,1.7065645994015508,3.700615918677763,True,48,2.061860708432757,25.290437571468516,True,99,2.519598206426013,53.10518334061249
1966-06,1976-06,1.6698334488874267,0.0,True,42,1.7156616714837667,2.7444786560524514,True,47,2.072851734201532,24.135238492355484,True,98,2.5330292634807057,51.69352758913814
1966-07,1976-07,1.7140329351808983,0.0,True,41,1.7545638823622685,2.3646539310572035,True,46,2.1198531428266003,23.67633662785318,True,97,2.590465085593651,51.132748526810204
1966-08,1976-08,1.8087868579033846,0.0,True,40,1.7377451439559677,-3.927589015643518,True,45,2.0995328479502615,16.074087932277912,True,96,2.565633641687147,41.84278432125743
1966-09,1976-09,1.914630959061921,0.0,True,39,1.772408636748879,-7.428184613849775,True,44,2.141413063813059,11.84469015701335,True,95,2.616811355264535,36.67445117186705
1966-10,1976-10,1.8657648165744507,0.0,True,38,1.7099688824217978,-8.35024504528361,True,43,2.0659737419518476,10.730662492874155,True,94,2.524624342204869,35.31310697776402
1966-11,1976-11,1.765199432739226,0.0,True,37,1.6964490518708955,-3.89476563345843,True,42,2.0496391669774523,16.113744937977593,True,93,2.504663456564103,41.89124526724899
1966-12,1976-12,1.8191269871766198,0.0,True,36,1.7536894940500294,-3.5971921469953427,True,41,2.1187967123196327,16.473271368928245,True,92,2.589174125249101,42.330587336711154
1967-01,1977-01,1.7376341412268823,0.0,True,35,1.7376417748391724,0.0004393106758815435,True,40,2.0994079580278635,20.819907264572123,True,91,2.565481025934209,47.64218572056909
1967-02,1977-02,1.635520228985745,0.0,True,34,1.6902564962365711,3.3467190610519504,True,39,2.042157359871131,24.86286159465965,True,90,2.49552067223885,52.582684580210135
1967-03,1977-03,1.5927334550169934,0.0,True,33,1.683542824710404,5.701479391128994,True,38,2.034045943793485,27.70786834334331,True,89,2.485608504400728,56.05928892692269
1967-04,1977-04,1.5430513852110284,0.0,True,32,1.6583104617562983,7.469555301264785,True,37,2.0035603601980982,29.844046633877362,True,88,2.448355055884718,58.669703378016806
1967-05,1977-05,1.5129877772352647,0.0,True,31,1.6545754943321649,9.358153398676382,True,36,1.9990477958440749,32.1258390796127,True,87,2.4428406925689616,61.45805863896994
1967-06,1977-06,1.5419671629398284,0.0,True,30,1.6647089837305777,7.960080067900832,True,35,2.011291014552136,30.436695598466624,True,86,2.4578019320802187,59.393921683410625
1967-07,1977-07,1.5312834858929185,0.0,True,29,1.6803386571288548,9.734002397930874,True,34,2.0301746884996934,32.57993749706394,True,85,2.480877822131573,62.012967878702696
1967-08,1977-08,1.4722437091450071,0.0,True,28,1.6397523888091232,11.3777819951695,True,33,1.9811386121743622,34.56594175735288,True,84,2.4209556317264864,64.43986934285735
1967-09,1977-09,1.4313174112338887,0.0,True,27,1.614714717163926,12.813182072028106,True,32,1.950888253404482,36.30018318038131,True,83,2.3839896284515762,66.55911608008891
1967-10,1977-10,1.3985668962947277,0.0,True,26,1.5734471423155416,12.504246059600742,True,31,1.9010290267792322,35.92692861640692,True,82,2.3230615466151163,66.10299820263761
1967-11,1977-11,1.4542673854251524,0.0,True,25,1.582856361813497,8.842182509013075,True,30,1.9123971871094398,31.50244626784049,True,81,2.3369534629124744,60.69627128640243
1967-12,1977-12,1.4093204690068577,0.0,True,24,1.57528689965958,11.776344295182062,True,29,1.9032518101312674,35.04748224316086,True,80,2.325777792637052,65.02831284895889
1968-01,1978-01,1.3618199636502284,0.0,True,23,1.5157642598986591,11.304306028514798,True,28,1.831336927900453,34.477168552569104,True,79,2.2378976523622853,64.33138829627777
1968-02,1978-02,1.4085886648272534,0.0,True,22,1.4950247293245698,6.1363595104548585,True,27,1.8062795563734384,28.23328779200116,True,78,2.2072774906321535,56.701352619705325
1968-03,1978-03,1.4347457518725015,0.0,True,21,1.4927733428994308,4.044451147612516,True,26,1.8035594453321566,25.70585715122784,True,77,2.203953509107667,53.61282695775642
1968-04,1978-04,1.3970385278524218,0.0,True,20,1.5581065951370885,11.5292502013002,True,25,1.8824946733277406,34.74894469958387,True,76,2.3004125269589153,64.66349933062996
1968-05,1978-05,1.4372060385537815,0.0,True,19,1.6363960613910669,13.859531444616291,True,24,1.9770835183148312,37.56437596827193,True,75,2.4160002983358364,68.10396237737682
1968-06,1978-06,1.4055817205224113,0.0,True,18,1.6401093403864178,16.685448909853484,True,23,1.981569878844428,40.97863182995434,True,74,2.4214826405219605,72.27619036066935
1968-07,1978-07,1.4040477437725334,0.0,True,17,1.6320870594004666,16.24156419462024,True,22,1.9718774089767528,40.442333084665535,True,73,2.409638421562574,71.620832144078
1968-08,1978-08,1.5366837221121619,0.0,True,16,1.7445076339125656,13.52418255037875,True,21,2.1077032461511673,37.15920952518081,True,72,2.5756178858063525,67.60884811522455
1968-09,1978-09,1.4905695314070628,0.0,True,15,1.744161765600211,17.013110012638123,True,20,2.107285370212697,41.374509931346104,True,71,2.5751072405135984,72.7599542493504
1968-10,1978-10,1.4108964900105458,0.0,True,14,1.6884615447515765,19.672956641840965,True,19,2.039988710678624,44.58812004439645,True,70,2.492870578275925,76.68699269762105
1968-11,1978-11,1.3107750920248595,0.0,True,13,1.589626933254462,21.273812946722813,True,18,1.920577349309369,46.52226465049003,True,69,2.3469496386594195,79.05052155315965
1968-12,1978-12,1.3190306677184298,0.0,True,12,1.6124184804202102,22.242683197750267,True,17,1.9481139544879411,47.69284764679937,True,68,2.3805994292273405,80.4809764844316
1969-01,1979-01,1.4313143054669952,0.0,True,11,1.6716421740645726,16.790712401855412,True,16,2.0196676518846823,41.10581052466495,True,67,2.4680382008604744,72.43160299828256
1969-02,1979-02,1.4196128715432048,0.0,True,10,1.645866943464468,15.937730381051797,True,15,1.9885261789842212,40.07524296553986,True,66,2.429983254207406,71.1722472314489
1969-03,1979-03,1.4812361120050965,0.0,True,9,1.6762740086486252,13.167238839425321,True,14,2.025263805549282,36.72795235917889,True,65,2.474876712637017,67.08185093373564
1969-04,1979-04,1.4835489585370238,0.0,True,8,1.7086225088932256,15.171292397263002,True,13,2.0643470618493716,39.14923737232721,True,64,2.5226365356319658,70.04066641114561
1969-05,1979-05,1.4061065223784057,0.0,True,7,1.6681703373728984,18.637550628185416,True,12,2.0154730004409758,43.3371489545356,True,63,2.462912327802745,75.15830334367341
1969-06,1979-06,1.5154833721962113,0.0,True,8,1.740366857280463,14.83905988083225,True,11,2.053570133956936,35.50594956254378,True,62,2.5094671066411984,65.58856089621912
1969-07,1979-07,1.6045542703727014,0.0,True,10,2.0711330666244043,29.07840544049205,True,58,1.9053893315987998,18.74882431718694,True,61,2.5309290480165543,57.73408819813102
1969-08,1979-08,1.689868575261673,0.0,True,9,2.1628864558209315,27.991400484266226,True,57,1.9898000977298391,17.748807620836573,True,60,2.6430518863380636,56.40576581103605
1969-09,1979-09,1.7052465223274944,0.0,True,8,2.1837983726150134,28.063499559837403,True,56,2.0090385251417806,17.815136922234554,True,59,2.668606293496513,56.49387103596768
1969-10,1979-10,1.6262381684533194,0.0,True,7,2.0987974633729123,29.058430928910873,True,55,1.9308398674813798,18.730448278542177,True,58,2.56473500015693,57.70967930215258
1969-11,1979-11,1.605040745737216,0.0,True,6,2.0799573527962543,29.589068584106435,True,54,1.913507448682519,19.2186213193996,True,57,2.541712344638219,58.35811965451241
1969-12,1979-12,1.764491339974253,0.0,True,5,2.158053512012256,22.304568071370955,True,53,1.9853539133095042,12.517067572486585,True,56,2.637146018641816,49.45644440965613
1970-01,1980-01,1.8338037320487,0.0,True,4,2.2155902351510655,20.819376492152685,True,52,2.0382862237488912,11.1507293897666,True,55,2.707456017678739,47.64153711553454
1970-02,1980-02,1.9776864818016824,0.0,True,3,2.2998299403060836,16.288904306557583,True,51,2.1157845931612447,6.982811109360165,True,54,2.8103971179918488,42.1052903912031
1970-03,1980-03,1.768566223792203,0.0,True,2,2.086844369571549,17.996393999704807,True,50,1.9198433275797517,8.553657858690556,True,53,2.5501282939036987,44.19184645716297
1970-04,1980-04,1.7974635127495415,0.0,True,1,2.051859310384154,14.15304376584916,True,49,1.8876579699051435,5.017874160774105,True,52,2.507376476567177,39.49526423107732
1970-05,1980-05,2.1261557999030747,0.0,True,37,1.611597974482752,-24.201322661480397,True,48,1.9718922097126816,-7.255516749874369,True,51,2.619264834936227,23.192516515282268
1970-06,1980-06,2.278284459683356,0.0,True,36,1.7129994213161204,-24.811872633578027,True,47,2.0959633032671943,-8.002563316500932,True,50,2.784068494476405,22.200214404453455
1970-07,1980-07,2.3791336190178956,0.0,True,35,1.788838247716481,-24.811358495496695,True,46,2.1887569114377565,-8.001934235989927,True,49,2.9073262636337867,22.201050012227917
1970-08,1980-08,2.384929592169289,0.0,True,34,1.8420235836794496,-22.764026672838654,True,45,2.2538325390551153,-5.496894061133684,True,48,2.9937662334201613,25.52849540086781
1970-09,1980-09,2.3068032054273613,0.0,True,33,1.884959949150216,-18.286919980198057,True,44,2.3063679020462198,-0.01887041686595703,True,47,3.063548967078438,32.80495535425967
1970-10,1980-10,2.325685739433802,0.0,True,32,1.938370527088114,-16.653806908580084,True,43,2.371719127488034,1.979346877082322,True,46,3.1503550135127276,35.45918780409663
1970-11,1980-11,2.4280733553883502,0.0,True,31,2.019181260864166,-16.84018704034522,True,42,2.470596179282112,1.7512989794725708,True,45,3.281693422108668,35.156271733964495
1970-12,1980-12,2.23774520401537,0.0,True,30,1.9861979532589737,-11.241103334956282,True,41,2.430239013073766,8.602132571348541,True,44,3.2280869897861835,44.25623542813373
1971-01,1981-01,2.1496780948923533,0.0,True,29,1.9792675618354925,-7.927258200274601,True,40,2.421759240156075,12.656832011741104,True,43,3.21682330564455,49.642093543574696
1971-02,1981-02,2.000700481644266,0.0,True,28,1.912750246419494,-4.3959721123518865,True,39,2.3403710911532785,16.97758423239124,True,42,3.108715410287209,55.38134962272447
1971-03,1981-03,2.0262837581619983,0.0,True,27,1.986540358608657,-1.961393580403159,True,38,2.4306579677090374,19.95644528651006,True,41,3.228643487315915,59.33817138447348
1971-04,1981-04,1.9798159846898296,0.0,True,26,2.0059466239651376,1.3198519194399738,True,37,2.454402762677734,23.9712570086283,True,40,3.2601837034433157,64.67104663538095
1971-05,1981-05,1.9696688007414054,0.0,True,25,1.9668903304356595,-0.14106281750008165,True,36,2.406614913492985,22.183735285196594,True,39,3.1967070933678157,62.29668115596589
1971-06,1981-06,2.0188292692731453,0.0,True,24,1.9761468485857507,-2.114216458866869,True,35,2.4179408498109978,19.769456814025066,True,38,3.2117513369498822,59.089794557329455
1971-07,1981-07,1.987386096537701,0.0,True,23,1.9278887947113708,-2.9937465060253188,True,34,2.3588940639515603,18.69329608680854,True,37,3.133319478932568,57.660330038095765
1971-08,1981-08,2.034259533629809,0.0,True,22,1.9356218898885664,-4.848822980086487,True,33,2.368355995759817,16.423492509525907,True,36,3.145887764934134,54.645349471254704
1971-09,1981-09,1.820166616708897,0.0,True,21,1.7682007936018918,-2.85500363702782,True,32,2.1635056790328995,18.86305677580249,True,35,2.873785046344591,57.885823196822294
1971-10,1981-10,1.8868274249082484,0.0,True,20,1.7922588453687658,-5.0120418163882245,True,31,2.192942229345758,16.223783924085964,True,34,2.9128856222870945,54.38007651541001
1971-11,1981-11,2.0331988603504145,0.0,True,19,1.8405055476849306,-9.477347072301324,True,30,2.251975125854645,10.76020008522558,True,33,2.9912990310771663,47.12279695856345
1971-12,1981-12,1.9197188265819989,0.0,True,18,1.8561661315291424,-3.3105210082254644,True,29,2.271136842219958,18.30570241703824,True,32,3.0167515429363205,57.14548928540515
1972-01,1982-01,1.7501317228824975,0.0,True,17,1.7621430753867728,0.686311341439616,True,28,2.1560936770658072,23.196079979321983,True,31,2.8639396825801535,63.64137882508609
1972-02,1982-02,1.6815793739247669,0.0,True,16,1.7239239928598096,2.5181457141812746,True,27,2.109330208576421,25.43744537335122,True,30,2.801823757596736,66.61858494715864
1972-03,1982-03,1.5937152668735044,0.0,True,15,1.6715388879451873,4.88315715418568,True,26,2.0452337143379733,28.331186683694277,True,29,2.71668437088253,70.46234213543224
1972-04,1982-04,1.6600185760885655,0.0,True,14,1.757654502503622,5.881616496431752,True,25,2.150601623811115,29.552864937119594,True,28,2.8566445870922976,72.08509761519015
1972-05,1982-05,1.682565344459162,0.0,True,13,1.7623749662695583,4.743329706226063,True,24,2.1563774102502036,28.16009894363669,True,27,2.8643165654283806,70.23508625450008
1972-06,1982-06,1.5857359910480149,0.0,True,12,1.6641970627156804,4.9479277830990265,True,23,2.036250526096015,28.41043765111584,True,26,2.7047520000602927,70.56761121204791
1972-07,1982-07,1.597664672263551,0.0,True,11,1.6628549901238538,4.080350463526372,True,22,2.034608415265279,27.34890184325549,True,25,2.702570783900083,69.15757297625635
1972-08,1982-08,1.5516523244953853,0.0,True,10,1.6705786760540786,7.664497367177248,True,21,2.0440588342638293,31.73433262045866,True,24,2.715123777434108,74.98274159561464
1972-09,1982-09,1.7606695103574383,0.0,True,9,1.8655806473511132,5.958593386011235,True,20,2.2826560986980033,29.647051037681393,True,23,3.0320525737274258,72.21020503228233
1972-10,1982-10,1.9090467744683355,0.0,True,8,2.0234547057208467,5.992934944423944,True,19,2.475825009768964,29.68907010979207,True,22,3.288638878738902,72.2660189745628
1972-11,1982-11,1.8953414702542128,0.0,True,7,2.106305213113667,11.13064564725419,True,18,2.577197853794214,35.9753846070042,True,21,3.4232924486779504,80.61613183711962
1972-12,1982-12,1.8776075063074635,0.0,True,6,2.126084146757478,13.233683803207242,True,17,2.6013986320194236,38.5485850094081,True,20,3.4554383474604284,84.034114470279
1973-01,1983-01,1.9322070487970717,0.0,True,5,2.199885829545441,13.853524699385456,True,16,2.691699665935762,39.306999610188,True,19,3.5753852297141564,85.04151674325342
1973-02,1983-02,2.041242452018441,0.0,True,10,2.5157122370562064,23.244166050367788,True,17,3.2500863068602945,59.22098345772269,True,19,3.5719681551947526,74.98990145255331
1973-03,1983-03,2.1490664637448313,0.0,True,9,2.6001379191090357,20.98918125492475,True,16,3.3591571096116946,56.307734836559376,True,18,3.6918411054198477,71.7881306931137
1973-04,1983-04,2.27643590164353,0.0,True,8,2.6956159788199856,18.41387569374644,True,15,3.4825066445470836,52.98065902197382,True,17,3.8274069240312714,68.13154814804929
1973-05,1983-05,2.439824627684274,0.0,True,7,2.80045801888083,14.781119392947772,True,14,3.617953645903556,48.28744676364247,True,16,3.9762683172012636,62.97352982190707
1973-06,1983-06,2.5329877749865015,0.0,True,6,2.8331381459785776,11.849657308104277,True,13,3.660173591421304,44.50024700339539,True,15,4.022669639093893,58.811253604069606
1973-07,1983-07,2.5204135622880575,0.0,True,5,2.834966634038068,12.48021659844014,True,12,3.662535842523345,45.31487599195654,True,14,4.025265842675704,59.706561768439556
1973-08,1983-08,2.5006307589480157,0.0,True,4,2.747648011039139,9.878197778989172,True,11,3.549727606047618,41.95328891903036,True,13,3.901285310994305,56.01205004114751
1973-09,1983-09,2.532949594256495,0.0,True,3,2.819950772272069,11.330710199143068,True,10,3.643136625875066,43.82981146312341,True,12,4.003945367598747,58.07441950987731
1973-10,1983-10,2.4457432468496783,0.0,True,2,2.8218233829738404,15.376926282371816,True,9,3.645555879679321,49.057178605117336,True,11,4.006604219312897,63.819494318291106
1973-11,1983-11,2.5956688508757106,0.0,True,6,3.015593127462799,16.1778832629369,True,8,3.581429133769872,37.97712033110818,True,10,3.936126492674894,51.642089912468926
1973-12,1983-12,2.781594416996214,0.0,True,7,3.5555402570656858,27.823820587950408,True,8,3.9766578316665604,42.96325184463343,False,,2.2683336395178553,-18.45203507535863
1974-01,1984-01,2.778182889270353,0.0,True,6,3.5891760724338395,29.191497301910218,True,7,4.014277467203649,44.492915952626035,False,,2.2703061896261714,-18.280895098938853
1974-02,1984-02,2.702993326421326,0.0,True,5,3.3862802518453012,25.278897981173508,True,6,3.787350700630712,40.116909043391516,False,,2.2737565579524235,-15.880052838946446
1974-03,1984-03,2.5961810554774365,0.0,True,4,3.3796737200697744,30.17866041889956,True,5,3.7799616923715336,45.59699849887397,False,,2.276476533937035,-12.314415470596208
1974-04,1984-04,2.7414051600699687,0.0,True,3,3.3743189770489814,23.08720455472035,True,5,3.7085045729545274,35.27750757060206,False,,2.278844556933417,-16.87312075843418
1974-05,1984-05,2.810537249196899,0.0,True,2,3.343763146294733,18.972383207167987,True,4,3.6749225557079965,30.755162798788472,False,,2.2816331221328925,-18.818612961459202
1974-06,1984-06,2.7460479276807486,0.0,True,1,3.2613073565394446,18.76367209999399,True,3,3.584300514503851,30.525781373782213,False,,2.2850758447217547,-16.78674571963209
1974-07,1984-07,3.069322207706805,0.0,True,2,3.5303064887569455,15.019090530562362,False,,2.2895770776936457,-25.40447295025873,False,,2.2895770776936457,-25.40447295025873
1974-08,1984-08,3.482955918083683,0.0,True,1,3.8279006926928347,9.903793867105271,False,,2.292204566617591,-34.18795355070821,False,,2.292204566617591,-34.18795355070821
1974-09,1984-09,3.9248950794501316,0.0,True,41,3.127764893383781,-20.309592229355246,False,,2.29624847043982,-41.49529034642325,False,,2.29624847043982,-41.49529034642325
1974-10,1984-10,3.8180393975011335,0.0,True,40,3.0963239633263613,-18.902775980968855,False,,2.300269512218537,-39.75259884106907,False,,2.300269512218537,-39.75259884106907
1974-11,1984-11,3.727674027063755,0.0,True,39,3.1174461798024016,-16.37020412275756,False,,2.3022930566128523,-38.237811571031024,False,,2.3022930566128523,-38.237811571031024
1974-12,1984-12,3.9414852828454294,0.0,True,38,3.0777034623947603,-21.915134992641384,False,,2.303916151569683,-41.54700610967538,False,,2.303916151569683,-41.54700610967538
1975-01,1985-01,3.798683940267741,0.0,True,37,3.20608468225373,-15.60012012929517,False,,2.3066090074530834,-39.27873327385832,False,,2.3066090074530834,-39.27873327385832
1975-02,1985-02,3.6265677958096774,0.0,True,36,3.3766007015654402,-6.892662934167726,False,,2.3115961194877106,-36.25939870313062,False,,2.3115961194877106,-36.25939870313062
1975-03,1985-03,3.4382060577660964,0.0,True,35,3.3455833108879673,-2.69392658037223,False,,2.3170576055187735,-32.608529954594005,False,,2.3170576055187735,-32.608529954594005
1975-04,1985-04,3.422540791009383,0.0,True,34,3.364568507014857,-1.6938376350929873,False,,2.321293016265856,-32.17632285454061,False,,2.321293016265856,-32.17632285454061
1975-05,1985-05,3.294987394181668,0.0,True,33,3.441998834044203,4.461669265324941,False,,2.325389133864106,-29.42646342227868,False,,2.325389133864106,-29.42646342227868
1975-06,1985-06,3.2827007362846468,0.0,True,32,3.5132039650098874,7.021755781068362,False,,2.3283303271165914,-29.072720477353343,False,,2.3283303271165914,-29.072720477353343
1975-07,1985-07,3.342080794983334,0.0,True,31,3.5744394212969035,6.952513735226096,False,,2.33006003801607,-30.2811577292317,False,,2.33006003801607,-30.2811577292317
1975-08,1985-08,3.5272312481091226,0.0,True,30,3.4903312230683503,-1.046147032762701,False,,2.3313331701945015,-33.90472565573119,False,,2.3313331701945015,-33.90472565573119
1975-09,1985-09,3.4905585176057286,0.0,True,29,3.40687866921199,-2.3973197404275837,False,,2.332570940833929,-33.17485069885308,False,,2.332570940833929,-33.17485069885308
1975-10,1985-10,3.3750445972904606,0.0,True,28,3.4412200105403743,1.9607270761115458,False,,2.3347609656505797,-30.82281142225608,False,,2.3347609656505797,-30.82281142225608
1975-11,1985-11,3.519936656832118,0.0,True,27,3.6459491531008026,3.5799648844276,False,,2.3379828126067936,-33.57883846947014,False,,2.3379828126067936,-33.57883846947014
1975-12,1985-12,3.750608230057712,0.0,True,26,3.8221059299200824,1.9062961385670985,False,,2.341028245309312,-37.582703878584255,False,,2.341028245309312,-37.582703878584255
1976-01,1986-01,3.4495799472026296,0.0,True,25,3.8356698388107153,11.192374072129496,False,,2.3450819909664053,-32.01833188797075,False,,2.3450819909664053,-32.01833188797075
1976-02,1986-02,3.499924516959068,0.0,True,24,4.038193065101752,15.379433057326676,False,,2.3491058058078784,-32.88124374039603,False,,2.3491058058078784,-32.88124374039603
1976-03,1986-03,3.686776851896505,0.0,True,23,4.270527995089368,15.833644580158879,False,,2.351994603563525,-36.20458470781486,False,,2.351994603563525,-36.20458470781486
1976-04,1986-04,3.746766390403266,0.0,True,22,4.370324854913526,16.64257654566892,False,,2.3542259097174743,-37.16646130520863,False,,2.3542259097174743,-37.16646130520863
1976-05,1986-05,3.7796433264311005,0.0,True,21,4.373346270997837,15.707909273210085,False,,2.355990256095764,-37.66633376169942,False,,2.355990256095764,-37.66633376169942
1976-06,1986-06,3.8632379956233804,0.0,True,20,4.490654400663378,16.240687365127158,False,,2.357475146528447,-38.97670427762399,False,,2.357475146528447,-38.97670427762399
1976-07,1986-07,3.6950289367000186,0.0,True,19,4.391019428395329,18.835860384814485,False,,2.358592383367734,-36.16850033455593,False,,2.358592383367734,-36.16850033455593
1976-08,1986-08,3.8005783439241108,0.0,True,18,4.472517927663091,17.67992981418718,False,,2.3593202152061457,-37.92207391335764,False,,2.3593202152061457,-37.92207391335764
1976-09,1986-09,3.6189693648836005,0.0,True,17,4.344750326389085,20.05490758081696,False,,2.359563313996864,-34.80013020025229,False,,2.359563313996864,-34.80013020025229
1976-10,1986-10,3.731525310302732,0.0,True,16,4.323532029201268,15.865006121330794,False,,2.3600500267093163,-36.75374463645673,False,,2.3600500267093163,-36.75374463645673
1976-11,1986-11,3.8773848925676115,0.0,True,15,4.4590281941794085,15.000917312251438,False,,2.3611735955736326,-39.10396669415868,False,,2.3611735955736326,-39.10396669415868
1976-12,1986-12,3.799588776294212,0.0,True,14,4.519191313326619,18.9389583820764,False,,2.3633871779569464,-37.79886937496462,False,,2.3633871779569464,-37.79886937496462
1977-01,1987-01,4.074915991279827,0.0,True,56,4.306758877781539,5.689513280711744,False,,2.364906632388007,-41.964284970565735,False,,2.364906632388007,-41.964284970565735
1977-02,1987-02,4.443336348837393,0.0,True,55,4.56767713143321,2.798365301072714,False,,2.3666318943779103,-46.73750289020673,False,,2.3666318943779103,-46.73750289020673
1977-03,1987-03,4.640156683943939,0.0,True,54,4.749769979126833,2.3622757300886477,False,,2.368490453121893,-48.95667076679887,False,,2.368490453121893,-48.95667076679887
1977-04,1987-04,4.655854260086037,0.0,True,53,4.691782067931477,0.7716695119399208,False,,2.3705573322372406,-49.084374213349314,False,,2.3705573322372406,-49.084374213349314
1977-05,1987-05,4.6607530340196925,0.0,True,52,4.681050067819854,0.4354882923855774,False,,2.3718708003436655,-49.109708602216315,False,,2.3718708003436655,-49.109708602216315
1977-06,1987-06,4.8268338676537565,0.0,True,51,4.871779545749228,0.9311627316752613,False,,2.373090694773472,-50.835459436954025,False,,2.373090694773472,-50.835459436954025
1977-07,1987-07,4.914378200761159,0.0,True,50,5.0028052019384734,1.7993527881842386,False,,2.3740286547869633,-51.692186522818616,False,,2.3740286547869633,-51.692186522818616
1977-08,1987-08,5.342456411822972,0.0,True,49,5.302082301023468,-0.7557218569000379,False,,2.3750576669531953,-55.543714653485225,False,,2.3750576669531953,-55.543714653485225
1977-09,1987-09,5.242023038274014,0.0,True,48,5.117329108280739,-2.378736779347157,False,,2.3761584730318046,-54.67096470804185,False,,2.3761584730318046,-54.67096470804185
1977-10,1987-10,4.724309999667549,0.0,True,47,4.488379329530137,-4.993970974682327,False,,2.376102508772852,-49.704771512875766,False,,2.376102508772852,-49.704771512875766
1977-11,1987-11,4.1026691625509075,0.0,True,46,3.91684742587943,-4.5292888436546335,True,120,2.375335989972326,-42.10266790083024,False,,2.375335989972326,-42.10266790083024
1977-12,1987-12,4.051024429417792,0.0,True,45,3.8457043552606986,-5.068349444305909,True,119,2.3747754118762057,-41.37839814958841,False,,2.3747754118762057,-41.37839814958841
1978-01,1988-01,4.3711475587706135,0.0,True,44,3.9882790455064434,-8.758993104589951,True,118,2.4628172469923912,-43.65742144643912,False,,2.373600898409505,-45.698449514774985
1978-02,1988-02,4.5608605726934375,0.0,True,43,4.0996834136276945,-10.111625902946486,True,117,2.531610978842334,-44.49269083121128,False,,2.3721279429461073,-47.989465910262716
1978-03,1988-03,4.695673663499071,0.0,True,42,4.210789670384405,-10.326185929056775,True,116,2.600220622818345,-44.625184602783044,False,,2.371027863893066,-49.506119168293104
1978-04,1988-04,4.439620202445743,0.0,True,41,4.1524419630993625,-6.468531681790646,True,115,2.5641901098616438,-42.24302996799013,False,,2.3703203103984123,-46.6098404297596
1978-05,1988-05,4.115912314852218,0.0,True,40,4.040723556882705,-1.8267823077327217,True,114,2.4952024551620835,-39.376685791916,False,,2.370041688426611,-42.41758552838103
1978-06,1988-06,4.333592826849658,0.0,True,39,4.260032003071181,-1.6974558228617154,True,113,2.630628441538996,-39.2968249061056,False,,2.369541474168069,-45.32154798930136
1978-07,1988-07,4.322951972599614,0.0,True,38,4.223146287520285,-2.3087391604610152,True,112,2.607851004105486,-39.67430078717135,False,,2.369024179348548,-45.19892438397988
1978-08,1988-08,3.9585524710418762,0.0,True,37,4.127078784099562,4.257271168956622,True,111,2.548527997465159,-35.61969896550605,False,,2.3689873030721564,-40.155212785428915
1978-09,1988-09,4.018755625968121,0.0,True,36,4.180305596915727,4.019900336903115,True,110,2.5813962875497714,-35.76627872395424,False,,2.3678678145965035,-41.0795769890566
1978-10,1988-10,4.2905878804192366,0.0,True,35,4.311634088474899,0.49052038187378244,True,109,2.66249344006668,-37.9457194614896,False,,2.3666952002852804,-44.839838589810476
1978-11,1988-11,4.4457039252207045,0.0,True,34,4.1955709744142675,-5.6263969669104625,True,108,2.590822868427457,-41.723000181600334,False,,2.3650916900968686,-46.80051281238988
1978-12,1988-12,4.46337086592853,0.0,True,33,4.2623175275487135,-4.504517872681657,True,107,2.632039784385741,-41.03022438763468,False,,2.3632589829134227,-47.0521483896054
1979-01,1989-01,4.434475921292661,0.0,True,32,4.3793773760486,-1.24250410244644,True,106,2.7043258532706775,-39.015885952034665,False,,2.361305052990141,-46.751203639373585
1979-02,1989-02,4.629680889583945,0.0,True,31,4.49052720207256,-3.00568637083517,True,105,2.7729624018693597,-40.10467528964923,False,,2.359878325461744,-49.02719254860308
1979-03,1989-03,4.516442109158478,0.0,True,30,4.4497003043489025,-1.4777518054363226,True,104,2.747751230156513,-39.161154649041094,False,,2.358689493508955,-47.77549592131414
1979-04,1989-04,4.566361606107329,0.0,True,29,4.573838208888962,0.1637321663626734,True,103,2.8244080961426614,-38.147515685899116,False,,2.357230018838612,-48.378375998827835
1979-05,1989-05,4.845966118476119,0.0,True,28,4.725924413469212,-2.4771470140747986,True,102,2.918323422376383,-39.77829495650518,False,,2.355104793731263,-51.40071688177923
1979-06,1989-06,4.8921338847810985,0.0,True,27,4.851289976438193,-0.8348894225885028,True,101,2.995738384352723,-38.76417827255009,False,,2.353460908518822,-51.892957879992096
1979-07,1989-07,4.958506353607361,0.0,True,26,4.95060654062741,-0.15931839986861318,True,100,3.057067730771656,-38.34700386039417,False,,2.3510052169548206,-52.58642322310545
1979-08,1989-08,4.943157495035233,0.0,True,25,5.143852028339913,4.060047318060422,True,99,3.176399481286462,-35.74148741008661,False,,2.3480874119530823,-52.49822781670552
1979-09,1989-09,4.890344871171404,0.0,True,24,5.125621907516403,4.811052032995833,True,98,3.165142130567865,-35.27773165392924,False,,2.3435858536723306,-52.07728871050025
1979-10,1989-10,5.0743590598999555,0.0,True,23,5.093197114627357,0.3712400818512984,True,97,3.145119374324853,-38.01937668977525,False,,2.336366179255381,-53.95741311019003
1979-11,1989-11,4.99841773089681,0.0,True,22,4.954751662981552,-0.8735978116703569,True,96,3.059627400922165,-38.78808123599524,False,,2.3291025592346033,-53.40320308089339
1979-12,1989-12,4.918578631753687,0.0,True,21,5.0425157156005325,2.5197743723506694,True,95,3.1138229123168584,-36.69262717049122,False,,2.321321529012385,-52.80503367321927
1980-01,1990-01,4.655519581748804,0.0,True,20,4.884760259331314,4.924062149393804,True,94,3.0164067450743164,-35.20794635040004,False,,2.31365325114614,-50.30300677465871
1980-02,1990-02,4.34672963149507,0.0,True,19,4.713660070218037,8.441528915539198,True,93,2.910750021484072,-33.03586217109825,False,,2.3047191756830556,-46.978087641251776
1980-03,1990-03,4.89390294550304,0.0,True,18,4.784621273722969,-2.233016735251947,True,92,2.9545695421006606,-39.6275411465692,False,,2.292180229716632,-53.162531925098875
1980-04,1990-04,4.9611011207447575,0.0,True,17,4.7448571393651395,-4.358790037062487,True,91,2.930014641405206,-40.94023544181752,False,,2.282809740897367,-53.985825216264224
1980-05,1990-05,4.905080156483688,0.0,True,16,4.894027130971864,-0.22533832596423053,True,90,3.0221291659585106,-38.38777207414713,False,,2.2813328013048473,-53.4904073221044
1980-06,1990-06,4.735537624546923,0.0,True,15,5.020627405329803,6.020219949369654,True,89,3.100306579225018,-34.531053809932665,False,,2.282501384473705,-51.800586006492026
1980-07,1990-07,4.518938790120115,0.0,True,14,4.996843420056334,10.575594229801833,True,88,3.085619640707086,-31.71804744394271,False,,2.28172544227135,-49.50749394393321
1980-08,1990-08,4.0226514868123635,0.0,True,13,4.570695904900521,13.623959716242794,True,87,2.822467680146256,-29.83563976647551,False,,2.278777417903466,-43.351358541149224
1980-09,1990-09,3.741851946668032,0.0,True,12,4.336857138344283,15.901355803403149,True,86,2.6780690207949287,-28.429316312751475,False,,2.273704394039102,-39.235853624199535
1980-10,1990-10,3.5376076905481515,0.0,True,11,4.197903352210703,18.66503353174922,True,85,2.5922631438440025,-26.72270724732816,False,,2.2660088522823973,-35.94516264941521
1980-11,1990-11,3.4824740396201936,0.0,True,10,4.277155762292674,22.81945862715318,True,84,2.6412025987288126,-24.157292525951814,False,,2.2546248295241895,-35.25795730640726
1980-12,1990-12,3.6881129334464355,0.0,True,9,4.420053438212261,19.845935251279002,True,83,2.7294438819475495,-25.993484169234414,False,,2.2398702090388527,-39.26785189449829
1981-01,1991-01,3.6624014332935553,0.0,True,8,4.338893825528477,18.471279147205877,True,82,2.679326703185435,-26.842353248645733,False,,2.2250627575344826,-39.245798199311274
1981-02,1991-02,4.2168534252670895,0.0,True,7,4.787163211020731,13.524534249551712,True,81,2.9561392233958457,-29.897036361689334,False,,2.2102357068458214,-47.585664381829254
1981-03,1991-03,4.172259757868792,0.0,True,6,4.881630661530375,17.00207908493052,True,80,3.014474175323713,-27.749604524539016,False,,2.197750318448359,-47.32470061808953
1981-04,1991-04,4.211932281111008,0.0,True,5,4.938830371770232,17.25806689530831,True,79,3.0497957842919745,-27.591528525536734,False,,2.1843586894055127,-48.13879845121036
1981-05,1991-05,4.27342292340317,0.0,True,9,5.390484624473641,26.139741399170724,True,78,3.0062783029664697,-29.651748566640833,False,,2.1666210532985835,-49.30010223342979
1981-06,1991-06,4.251700836790774,0.0,True,8,5.3476148862880315,25.775897495282486,True,77,2.982369809994219,-29.85466465120953,False,,2.151649793879648,-49.39319871094847
1981-07,1991-07,4.372976138166216,0.0,True,8,5.101405520148155,16.657520163999862,True,76,2.9709793827095243,-32.06047120221908,False,,2.136457754942263,-51.14407928513931
1981-08,1991-08,4.4542936558626005,0.0,True,7,5.1755549123352,16.192494527685632,True,75,3.014162837653088,-32.33129491393226,False,,2.120095144727287,-52.40333690310506
1981-09,1991-09,4.842779654921018,0.0,True,73,2.917632074278501,-39.75294599014572,True,74,2.9709051037396725,-38.652895332110134,False,,2.104908675457576,-56.53511360322452
1981-10,1991-10,4.769052038220775,0.0,True,72,2.892147615857989,-39.35592246259104,True,73,2.9449553247202385,-38.24862255395027,False,,2.0912205849122016,-56.15018313592592
1981-11,1991-11,4.628772591326485,0.0,True,71,2.867842657373587,-38.04312912785075,True,72,2.9202065821203522,-36.911858932272644,False,,2.0810494669152533,-55.04100869386459
1981-12,1991-12,4.617459714743573,0.0,True,70,2.869903235429332,-37.84670765473675,True,71,2.9223047842605174,-36.711851000462815,False,,2.0701328880392733,-55.16727776900081
1982-01,1992-01,5.207313632544624,0.0,True,69,3.0515000047736742,-41.39972699738238,True,70,3.107217328108651,-40.3297449055269,False,,2.0566298623107597,-60.50497420671472
1982-02,1992-02,5.276950287731332,0.0,True,68,3.0013936043003633,-43.12257192798526,True,69,3.0561960351195423,-42.08404725310644,False,,2.0414711655420072,-61.31342813123833
1982-03,1992-03,5.370858409377851,0.0,True,67,2.941621688788866,-45.229952745493854,True,68,2.995332744501476,-44.229906726428695,False,,2.027944392854352,-62.24170815388774
1982-04,1992-04,5.105692230544538,0.0,True,66,2.920156768459556,-42.80585987949156,True,67,2.9734758962991608,-41.761552360902286,False,,2.014008927809892,-60.55365586352447
1982-05,1992-05,5.181667218333048,0.0,True,65,2.9523421772671306,-43.023315607348,True,66,3.0062489783252815,-41.982978611806764,False,,2.000881077747551,-61.38538054569938
1982-06,1992-06,5.397143435222442,0.0,True,64,2.8847130761913276,-46.551113365538434,True,65,2.937385037830963,-45.57519041163116,False,,1.9873261761957401,-63.178184903773406
1982-07,1992-07,5.486934402376252,0.0,True,63,2.9136654942775277,-46.89811686074299,True,64,2.9668660979742874,-45.92852984192024,False,,1.974793925440413,-64.00915737966213
1982-08,1992-08,5.494947278786774,0.0,True,62,2.920787377444878,-46.84594356854763,True,63,2.9741180195707932,-45.87540391784347,False,,1.9661865985380889,-64.21828092639676
1982-09,1992-09,4.920511633749373,0.0,True,61,2.9132896767819267,-40.792952163756325,True,62,2.966483418428913,-39.711890973246476,False,,1.9584133837525617,-60.19898885473678
1982-10,1992-10,4.46569858986755,0.0,True,60,2.8610820909497776,-35.9320376560695,True,61,2.9133225745480016,-34.76222105185991,False,,1.9509085389924155,-56.31347481849915
1982-11,1992-11,4.39119215721821,0.0,True,59,2.9210048134356357,-33.48036913770424,True,60,2.97433942572422,-32.265787530271886,False,,1.943316620852455,-55.74512452938218
1982-12,1992-12,4.474177192473935,0.0,True,58,2.997414817475201,-33.00634533390436,True,59,3.0521445996456267,-31.783108528207727,False,,1.936089153289774,-56.7274815010346
1983-01,1993-01,4.311304883661997,0.0,True,57,2.9828440578121502,-30.813427992164165,True,58,3.0373077925547163,-29.550150719685476,False,,1.928664792687546,-55.264940784022
1983-02,1993-02,4.2941704813911885,0.0,True,56,3.014641052697313,-29.796894050637334,True,57,3.0696853686105574,-28.515055890001207,False,,1.9207894487577284,-55.26983716455879
1983-03,1993-03,4.223242445874256,0.0,True,55,3.058967698679483,-27.56826684985061,True,56,3.1148213746001607,-26.245736196294555,False,,1.9126237647463225,-54.71195913427156
1983-04,1993-04,3.9987237782796976,0.0,True,54,2.998152970331171,-25.022253684623973,True,55,3.052896230430904,-23.653235389409687,False,,1.9045746208719916,-52.37043800781448
1983-05,1993-05,3.8570565575794142,0.0,True,53,3.000143545720001,-22.216760347356402,True,54,3.0549231517258093,-20.796516563319535,False,,1.8967267854909948,-50.824501606962954
1983-06,1993-06,3.8233743006773837,0.0,True,52,3.004936531727035,-21.406163890502338,True,53,3.05980365284039,-19.971119429811324,False,,1.8882089519111682,-50.61407010094104
1983-07,1993-07,3.7987683206691245,0.0,True,51,2.9850714529394513,-21.420018254399544,True,52,3.0395758576785132,-19.9852267604697,False,,1.8792668185558816,-50.52957538024159
1983-08,1993-08,3.961030130433235,0.0,True,50,3.015162783384899,-23.879327243210913,True,51,3.07021662557616,-22.489440259815517,False,,1.8699657493976585,-52.790923375452024
1983-09,1993-09,3.885889168518817,0.0,True,49,3.0341492932010645,-21.918789712739283,True,50,3.0895498099801597,-20.49310528437427,False,,1.8610882751774722,-52.10650138313485
1983-10,1993-10,3.9087779395527718,0.0,True,48,3.0507012017764024,-21.9525578338315,True,49,3.106403939771444,-20.527489977420732,False,,1.852868602616183,-52.597240588495
1983-11,1993-11,3.95416166011439,0.0,True,47,3.0296670141712188,-23.380294621450215,True,48,3.084985689039912,-21.981295803908374,False,,1.844634857031534,-53.34953359043568
1983-12,1993-12,3.994313790271577,0.0,True,46,3.0346845642237747,-24.024883282456287,True,47,3.0900948545137985,-22.637654006053943,False,,1.8360410251967663,-54.033630766101325
1984-01,1994-01,4.000574030957828,0.0,True,45,3.0655284518371455,-23.372785302433485,True,46,3.121501920516936,-21.973649372273265,False,,1.8275087499237819,-54.31883685236454
1984-02,1994-02,4.212882990438588,0.0,True,44,3.0411023686625662,-27.814221862687706,True,45,3.0966298416117604,-26.496182100481704,False,,1.8191488024693654,-56.8193845735084
1984-03,1994-03,4.1345759830543,0.0,True,43,2.975193958744559,-28.041134787739008,True,44,3.0295180103664863,-26.727238227497363,False,,1.8105984090642262,-56.20836534423299
1984-04,1994-04,3.9759921730154724,0.0,True,42,2.853577433987531,-28.229802529432035,True,43,2.905680890091791,-26.919350852542944,False,,1.8021162263671084,-54.67505598733744
1984-05,1994-05,4.028181746086672,0.0,True,41,2.8613531385638282,-28.966632616723487,True,42,2.913598571219082,-27.669634716715375,False,,1.7941448916882135,-55.460180181015836
1984-06,1994-06,4.14944873760341,0.0,True,40,2.870478005131449,-30.82266617446283,True,41,2.922890048679753,-29.559557581908546,False,,1.786154616135061,-56.9544118005736
1984-07,1994-07,4.1657316772717685,0.0,True,39,2.832751380859391,-31.998707542425684,True,40,2.8844745741636784,-30.75707228333089,False,,1.7781332402819179,-57.315223878114566
1984-08,1994-08,3.932085459721375,0.0,True,38,2.895944682169079,-26.350922129391265,True,39,2.9488217216461234,-25.006163984668962,False,,1.7698917363226148,-54.98847228900188
1984-09,1994-09,3.9091956312216163,0.0,True,37,2.895720639979363,-25.925409901410944,True,38,2.948593588671186,-24.572882331044767,False,,1.762018001203305,-54.926328395269444
1984-10,1994-10,3.907921956227365,0.0,True,36,2.8606688622011505,-26.798209016364616,True,37,2.912901800657719,-25.46161788067589,False,,1.7554769505569348,-55.079017180485366
1984-11,1994-11,3.8439984962193963,0.0,True,35,2.830581123057136,-26.363625640305642,True,36,2.8822646896350594,-25.01909944892564,False,,1.7509412497224406,-54.4500016988949
1984-12,1994-12,3.8316362906713715,0.0,True,34,2.7835460973656234,-27.353592924711123,True,35,2.8343708516445396,-26.027142541028937,False,,1.747584377928555,-54.39065074669844
1985-01,1995-01,3.7493526809680344,0.0,True,33,2.834074978533174,-24.411619293134823,True,34,2.8858223394007716,-23.031451427618443,False,,1.744789455564064,-53.46424825755304
1985-02,1995-02,3.6795194683481474,0.0,True,32,2.922892823602411,-20.563191776925414,True,33,2.9762619090591933,-19.11275549262601,False,,1.7413960643708954,-52.673274884107
1985-03,1995-03,3.7917021877407717,0.0,True,31,2.977304633327331,-21.47841560570154,True,32,3.0316672237459166,-20.044690388717225,False,,1.7376204902378638,-54.17307572688881
1985-04,1995-04,3.873928744438766,0.0,True,30,3.053550277480841,-21.176911633587036,True,31,3.1093050367349298,-19.737681257082873,False,,1.73450477759898,-55.226208533418294
1985-05,1995-05,3.8970031811105295,0.0,True,29,3.136894239228812,-19.504960775143864,True,30,3.1941707754638826,-18.035202256272232,False,,1.7320516472126397,-55.55426652951675
1985-06,1995-06,3.922363049404637,0.0,True,28,3.2185524766506624,-17.943534647074642,True,29,3.277320010234669,-16.44526605633502,False,,1.7300414864558913,-55.89287721037224
1985-07,1995-07,3.9722333189942356,0.0,True,27,3.3138253494042176,-16.575259223612925,True,28,3.3743324698956325,-15.05200729875532,False,,1.7277904601878635,-56.50329873811799
1985-08,1995-08,4.067659616988393,0.0,True,26,3.3117758854975987,-18.582767553457046,True,27,3.372245584837787,-17.096170713159996,False,,1.7254345331475203,-57.5816391828529
1985-09,1995-09,4.299913688916502,0.0,True,25,3.4153528663062342,-20.571594841317854,True,26,3.477713777221303,-19.12131198852919,False,,1.7229718670846934,-59.930082514776004
1985-10,1995-10,4.2752192953575525,0.0,True,24,3.4267502142593527,-19.846211912908185,True,25,3.4893192292937307,-18.382684296855324,False,,1.720432417560891,-59.75803113938265
1985-11,1995-11,4.112037414970829,0.0,True,23,3.4872283547279284,-15.194634610281954,True,24,3.550901639826836,-13.646173867510248,False,,1.71789861790811,-58.22269000632873
1985-12,1995-12,4.037633157756431,0.0,True,22,3.58489929496811,-11.21285280507972,True,23,3.6503559532766787,-9.591688728228798,False,,1.7152564934316086,-57.51826809385735
1986-01,1996-01,4.014015046627016,0.0,True,21,3.570394611196294,-11.051788054543966,True,22,3.6355864285563713,-9.427683097218054,False,,1.7124682576203134,-57.337771838715355
1986-02,1996-02,4.021874122601848,0.0,True,20,3.7598196253560197,-6.51573095669884,True,21,3.828470153102845,-4.8088021554957505,False,,1.7094670166223236,-57.495760321896206
1986-03,1996-03,3.7800842466779354,0.0,True,19,3.7325081743291704,-1.2585982016294128,True,20,3.8006600224282057,0.5443205602719825,False,,1.7073131809472104,-54.83399126758472
1986-04,1996-04,3.68646326119068,0.0,True,18,3.7215986150314655,0.9530911161023559,True,19,3.789551265541812,2.7963931022015887,False,,1.7058169607203246,-53.72754752018422
1986-05,1996-05,3.754797632136032,0.0,True,17,3.7903642452585746,0.9472311588283766,True,18,3.8595724870675303,2.7904261479970716,False,,1.7042962805067678,-54.61016950899624
1986-06,1996-06,3.6872677397555402,0.0,True,16,3.8196293360466056,3.5896931178597047,True,17,3.889371929001986,5.481136806730635,False,,1.7027913216789616,-53.81969952114587
1986-07,1996-07,3.624466138502859,0.0,True,15,3.6695309065440918,1.243349125613502,True,16,3.7365328530254156,3.0919509312576254,False,,1.7018768659925076,-53.04475746335724
1986-08,1996-08,3.6526404062409967,0.0,True,14,3.7655303859982814,3.090640391657451,True,15,3.8342851864951295,4.972971879295041,False,,1.7012304393312292,-53.42463943550363
1986-09,1996-09,3.8204013414456917,0.0,True,13,3.8255705402742874,0.13530512547248463,True,14,3.8954216136479647,1.9636751612563286,False,,1.7010686561898953,-55.47408494139551
1986-10,1996-10,3.981375389801462,0.0,True,12,3.966474216030739,-0.37427201185031844,True,13,4.038898048915781,1.4447936575301856,False,,1.7008123725582638,-57.28078349720553
1986-11,1996-11,4.039807578779087,0.0,True,11,4.148843149122715,2.699028808114212,True,12,4.224596855445556,4.574209861805278,False,,1.7003812547419805,-57.909350344456975
1986-12,1996-12,4.019536048694782,0.0,True,10,4.1798030261434596,3.98720089848974,True,11,4.256122028706077,5.885902679940358,False,,1.6995465111604158,-57.717843786665625
1987-01,1997-01,3.89082293771072,0.0,True,9,4.297010552668722,10.439632475205718,True,10,4.37546964687233,12.456149172564658,False,,1.6990082364587478,-56.33293358092494
1987-02,1997-02,3.814047566876321,0.0,True,8,4.464154167174782,17.045057485502046,True,9,4.545665135800229,19.182182605108355,False,,1.6982285584403471,-55.47437391214329
1987-03,1997-03,3.6313374001171117,0.0,True,7,4.4162732478052265,21.615613235575417,True,8,4.496909958963226,23.8361921097775,False,,1.6976242559074326,-53.25071540164008
1987-04,1997-04,3.5379328768915754,0.0,True,6,4.246443510941412,20.026118603819686,True,7,4.3239793017828685,22.217674903485253,False,,1.6969801173496628,-52.03470002402567
1987-05,1997-05,3.8573331014049552,0.0,True,5,4.616658986314371,19.685255718072337,True,6,4.700954539670229,21.870588204010733,False,,1.6961615269706294,-56.02761072532634
1987-06,1997-06,3.8882280921246153,0.0,True,4,4.840758528999953,24.497802451575158,True,5,4.929145914785601,26.771007204266283,False,,1.6951684933873439,-56.40254498390125
1987-07,1997-07,3.9867531483019185,0.0,True,3,5.094896621393256,27.795638000896304,True,4,5.187924313337664,30.129057916398992,False,,1.6943106933722365,-57.501489800192516
1987-08,1997-08,3.758047060633391,0.0,True,2,5.087716630860249,35.38192973035179,True,3,5.1806132233934035,37.85386770862442,False,,1.693107653768656,-54.94714072358382
1987-09,1997-09,3.921659098221734,0.0,True,1,5.121842031480449,30.60395876334421,True,2,5.21536171953296,32.98865579361174,False,,1.6911727578392608,-56.87608954572011
1987-10,1997-10,4.522202487288199,0.0,True,1,5.274982641777362,16.646316846828736,False,,1.689624611562743,-62.63713055060589,False,,1.689624611562743,-62.63713055060589
1987-11,1997-11,5.09717835152266,0.0,True,34,4.537019042330271,-10.989596018845516,False,,1.6888901385676731,-66.86617532103507,False,,1.6888901385676731,-66.86617532103507
1987-12,1997-12,5.30217270814667,0.0,True,33,4.634857507241367,-12.585693406025566,False,,1.6880763001574184,-68.16255536973122,False,,1.6880763001574184,-68.16255536973122
1988-01,1998-01,5.098187538356954,0.0,True,32,4.624053099459084,-9.300058801890888,False,,1.6870491647211743,-66.90884452507062,False,,1.6870491647211743,-66.90884452507062
1988-02,1998-02,5.249779799148131,0.0,True,31,4.897590449109802,-6.708649953193813,False,,1.6862888613084686,-67.87886490816055,False,,1.6862888613084686,-67.87886490816055
1988-03,1998-03,5.355536207802511,0.0,True,30,5.134037274428453,-4.135887141447303,False,,1.685395523824009,-68.52984540803688,False,,1.685395523824009,-68.52984540803688
1988-04,1998-04,5.587315395209492,0.0,True,29,5.2835872943398305,-5.436029280360211,False,,1.6841171264912465,-69.85820546419858,False,,1.6841171264912465,-69.85820546419858
1988-05,1998-05,5.699513119425931,0.0,True,28,5.245296934162848,-7.969385730773304,False,,1.6824438657386913,-70.48091950162664,False,,1.6824438657386913,-70.48091950162664
1988-06,1998-06,5.383138577935422,0.0,True,27,5.224121555377438,-2.953983447681774,False,,1.680482233065725,-68.78248239876754,False,,1.680482233065725,-68.78248239876754
1988-07,1998-07,5.6408460078648375,0.0,True,26,5.4280025423870555,-3.7732543164805676,False,,1.6781419782777882,-70.25017212067104,False,,1.6781419782777882,-70.25017212067104
1988-08,1998-08,5.339277241743753,0.0,True,25,5.02101669036312,-5.9607421935762295,False,,1.6752940860212822,-68.6232047865312,False,,1.6752940860212822,-68.6232047865312
1988-09,1998-09,4.981633693324044,0.0,True,24,4.747353086265207,-4.7028870744310165,False,,1.671831184363791,-66.44010203712418,False,,1.671831184363791,-66.44010203712418
1988-10,1998-10,4.861017025062583,0.0,True,23,4.780307955010954,-1.6603330051202403,False,,1.6673666357739791,-65.69922246358492,False,,1.6673666357739791,-65.69922246358492
1988-11,1998-11,5.505567462755903,0.0,True,22,5.271987176206494,-4.242619641472645,False,,1.662984302244429,-69.79449777894476,False,,1.662984302244429,-69.79449777894476
1988-12,1998-12,5.6010609081994405,0.0,True,21,5.452980498073363,-2.643792177108828,False,,1.6581900133353296,-70.39507263868722,False,,1.6581900133353296,-70.39507263868722
1989-01,1999-01,5.684047951775735,0.0,True,20,5.690457361540794,0.1127613598519428,False,,1.6530888116378484,-70.91705021381087,False,,1.6530888116378484,-70.91705021381087
1989-02,1999-02,5.498704802314059,0.0,True,19,5.648033861579036,2.715713329475955,False,,1.6478054750870659,-70.03284347263727,False,,1.6478054750870659,-70.03284347263727
1989-03,1999-03,5.668472117815248,0.0,True,18,5.772383413581489,1.8331446923706585,False,,1.6421738041036102,-71.02969248199213,False,,1.6421738041036102,-71.02969248199213
1989-04,1999-04,5.705856521504661,0.0,True,17,5.976251260409918,4.738898321157814,False,,1.6365785876258407,-71.31756500609889,False,,1.6365785876258407,-71.31756500609889
1989-05,1999-05,5.474753784518018,0.0,True,16,5.930213016456627,8.319264205572052,False,,1.6315514270791065,-70.19863374143056,False,,1.6315514270791065,-70.19863374143056
1989-06,1999-06,5.2624781650888925,0.0,True,15,5.855577305074651,11.270339208632896,False,,1.6269810058616516,-69.08336804787163,False,,1.6269810058616516,-69.08336804787163
1989-07,1999-07,5.350589518546869,0.0,True,14,6.0818488050671515,13.666891918834413,False,,1.622735514649729,-69.67183692516863,False,,1.622735514649729,-69.67183692516863
1989-08,1999-08,4.917822804353355,0.0,True,13,5.815355241297457,18.2506054538929,False,,1.6186952420389316,-67.08512473027636,False,,1.6186952420389316,-67.08512473027636
1989-09,1999-09,4.866051833511838,0.0,True,12,5.744756121375567,18.057848907654716,False,,1.6148008143571224,-66.81496889868274,False,,1.6148008143571224,-66.81496889868274
1989-10,1999-10,4.790348532503049,0.0,True,11,5.636971675723209,17.673518690252443,False,,1.6112835505606697,-66.36395995765379,False,,1.6112835505606697,-66.36395995765379
1989-11,1999-11,5.225359254622131,0.0,True,10,6.000377867199694,14.831872313698135,False,,1.607979791482832,-69.22738297734301,False,,1.607979791482832,-69.22738297734301
1989-12,1999-12,5.228857187165563,0.0,True,9,6.131234233977204,17.25763421166984,False,,1.6049226997580357,-69.30643461256922,False,,1.6049226997580357,-69.30643461256922
1990-01,2000-01,5.340636895362388,0.0,True,8,6.086494030712162,13.96569641342682,False,,1.602011206609498,-70.00336780055905,False,,1.602011206609498,-70.00336780055905
1990-02,2000-02,5.343214031474901,0.0,True,7,5.898912876526816,10.400085824346505,False,,1.5992719569157272,-70.06910171490405,False,,1.5992719569157272,-70.06910171490405
1990-03,2000-03,5.407288054575012,0.0,True,6,6.092667487109558,12.675104888385924,False,,1.5965163104365407,-70.4747316154952,False,,1.5965163104365407,-70.4747316154952
1990-04,2000-04,5.473433149930642,0.0,True,5,6.141046821305045,12.197347680821903,False,,1.5938878254813846,-70.87955983345513,False,,1.5938878254813846,-70.87955983345513
1990-05,2000-05,5.1207057460611844,0.0,True,4,5.92975451801324,15.799556000154302,False,,1.5914636513367264,-68.92100951981335,False,,1.5914636513367264,-68.92100951981335
1990-06,2000-06,5.120252443992106,0.0,True,3,6.079494679900039,18.734276217835077,False,,1.5889302275135244,-68.9677365541242,False,,1.5889302275135244,-68.9677365541242
1990-07,2000-07,5.1549294406103385,0.0,True,2,6.093744587649578,18.211988308574888,False,,1.586873254638109,-69.21639233047921,False,,1.586873254638109,-69.21639233047921
1990-08,2000-08,5.647202257611012,0.0,True,97,2.1326429994332385,-62.23540609761283,False,,1.5851897045034709,-71.92964529706664,False,,1.5851897045034709,-71.92964529706664
1990-09,2000-09,5.839628346347804,0.0,True,96,2.0971559217349425,-64.08751041414243,False,,1.5835065223897713,-72.88343660808275,False,,1.5835065223897713,-72.88343660808275
1990-10,2000-10,5.66619918135751,0.0,True,95,1.9763646098870828,-65.12009997125472,False,,1.5821953854415114,-72.07660135480009,False,,1.5821953854415114,-72.07660135480009
1990-11,2000-11,5.459388776199274,0.0,True,94,1.94997570940867,-64.282160707994,False,,1.5810951084420306,-71.03897206707525,False,,1.5810951084420306,-71.03897206707525
1990-12,2000-12,5.046556305944644,0.0,True,93,1.87501258734115,-62.84570162959522,False,,1.5798927417451265,-68.69364679664675,False,,1.5798927417451265,-68.69364679664675
1991-01,2001-01,5.104439461326333,0.0,True,92,1.874084693617616,-63.28520089587554,False,,1.5785603335436338,-69.07475648396735,False,,1.5785603335436338,-69.07475648396735
1991-02,2001-02,4.475853789564808,0.0,True,91,1.8252398110334698,-59.22029858774855,False,,1.5772380466492748,-64.76118030650346,False,,1.5772380466492748,-64.76118030650346
1991-03,2001-03,3.9491872807849915,0.0,True,90,1.6515764973090012,-58.17933210347237,False,,1.5753768942152206,-60.10883297734924,False,,1.5753768942152206,-60.10883297734924
1991-04,2001-04,3.8792384209762987,0.0,True,89,1.6513952311487088,-57.42991144295024,False,,1.5731477880692315,-59.446994039791115,False,,1.5731477880692315,-59.446994039791115
1991-05,2001-05,4.153499400927423,0.0,True,88,1.7571875765981457,-57.6938045011927,False,,1.5708420161343746,-62.18027584682868,False,,1.5708420161343746,-62.18027584682868
1991-06,2001-06,4.040232356657192,0.0,True,87,1.7074736055495363,-57.73823248714671,False,,1.5682392931993818,-61.18442815261962,False,,1.5682392931993818,-61.18442815261962
1991-07,2001-07,3.9022636891466878,0.0,True,86,1.6545492133824236,-57.60027140184816,False,,1.5656537363223775,-59.87832035346794,False,,1.5656537363223775,-59.87832035346794
1991-08,2001-08,3.7226708648069984,0.0,True,85,1.6137035273346652,-56.651995678959175,False,,1.5631923467775588,-58.00884892737885,False,,1.5631923467775588,-58.00884892737885
1991-09,2001-09,3.313988391116263,0.0,True,84,1.4261468694740496,-56.96584594873384,True,120,1.5599617474453558,-52.927965842393675,False,,1.5599617474453558,-52.927965842393675
1991-10,2001-10,3.4133262688738735,0.0,True,83,1.4655964931284915,-57.0625138741272,True,119,1.556413639281623,-54.40184978873654,False,,1.556413639281623,-54.40184978873654
1991-11,2001-11,3.5852608797374335,0.0,True,82,1.5339446276677582,-57.21525771424207,True,118,1.6289970340394087,-54.56405855300805,False,,1.5530368319793202,-56.68273846523948
1991-12,2001-12,3.6041396088616575,0.0,True,81,1.5512672998252202,-56.958734450489914,True,117,1.6473931228272065,-54.29163956976893,False,,1.5500456191827197,-56.992631046490146
1992-01,2002-01,3.3471003674533306,0.0,True,80,1.541849472727573,-53.934770294901504,True,116,1.6373917106950822,-51.08029246398412,False,,1.5473443820908432,-53.77060105107774
1992-02,2002-02,3.254406899088685,0.0,True,79,1.48548256241162,-54.35473779177422,True,115,1.5775319686506377,-51.52628366500864,False,,1.5446868704700827,-52.53553355904471
1992-03,2002-03,3.450246973387146,0.0,True,78,1.5538066073325971,-54.96535119608531,True,114,1.650089781052947,-52.17473433697312,False,,1.541875068221897,-55.311168153617096
1992-04,2002-04,3.32024062333095,0.0,True,77,1.4946184474804494,-54.98463463828684,True,113,1.587233967935368,-52.19521269687333,False,,1.5393255636868446,-53.638132342873575
1992-05,2002-05,3.1612377438848913,0.0,True,76,1.4481667639294036,-54.18988126626218,True,112,1.5379038595560057,-51.35121164072737,False,,1.5369536736006697,-51.381269043311974
1992-06,2002-06,3.0141491286978765,0.0,True,75,1.3583578898428403,-54.933952109076436,True,111,1.4425298891540463,-52.14138957427019,True,120,1.5345107068919093,-49.08975497324436
1992-07,2002-07,2.6393712537008365,0.0,True,74,1.2090225303538897,-54.192782517478754,True,110,1.2839408154046386,-51.35429267086469,True,119,1.5326020530024849,-41.93306262415633
1992-08,2002-08,2.644492561680211,0.0,True,73,1.2196453514832337,-53.87979648132127,True,109,1.29522189022358,-51.0219121433019,True,118,1.5460679372707844,-41.53630985112429
1992-09,2002-09,2.5091494758139006,0.0,True,72,1.1588356284217747,-53.81560008313655,True,108,1.230644032117655,-50.953737751376195,True,117,1.468983264267027,-41.45493210241975
1992-10,2002-10,2.5044810094519425,0.0,True,71,1.140321088062866,-54.468766831959194,True,107,1.2109822198284317,-51.64737862822,True,116,1.4455135423618815,-42.28291063471852
1992-11,2002-11,2.5987948313962135,0.0,True,70,1.2127651413234795,-53.333555743917024,True,106,1.2879153409898907,-50.441823054652126,True,115,1.537346326257595,-40.843874718973126
1992-12,2002-12,2.490446364468293,0.0,True,69,1.197056625140346,-51.934053179422065,True,105,1.2712334309587636,-48.955598920108834,True,114,1.5174336252553688,-39.06981307026305
1993-01,2003-01,2.481359470675986,0.0,True,68,1.1914600491084164,-51.98357742242674,True,104,1.2652900575198858,-49.00819198214806,True,113,1.5103391967389617,-39.1325918478266
1993-02,2003-02,2.282819813044966,0.0,True,67,1.1123551873292867,-51.272755695704305,True,103,1.1812833842071577,-48.25332347928551,True,112,1.4100629235336266,-38.23152771515515
1993-03,2003-03,2.26399456847575,0.0,True,66,1.1241822598181581,-50.345187419110204,True,102,1.1938433330203255,-47.26827751075,True,111,1.4250553617408355,-37.05570757176048
1993-04,2003-04,2.4160740189259933,0.0,True,65,1.1808154676126932,-51.12668492923093,True,101,1.2539858739317944,-48.09820129230879,True,110,1.4968457282186347,-38.04636296349807
1993-05,2003-05,2.5261035631189177,0.0,True,64,1.2405218333741022,-50.891885372963074,True,100,1.3173920041038365,-47.84885214772093,True,109,1.5725317443563713,-37.74872228853495
1993-06,2003-06,2.6472830137231917,0.0,True,63,1.307981579874651,-50.59154714119214,True,99,1.3890319609734179,-47.52990315833835,True,108,1.6580462351008125,-37.36800234407491
1993-07,2003-07,2.661465861156114,0.0,True,62,1.3125117165666906,-50.68463076221656,True,98,1.3938428120967379,-47.62875479863317,True,107,1.663788805334446,-37.4859986138724
1993-08,2003-08,2.6110515938382144,0.0,True,61,1.3070992607016325,-49.93973831132872,True,97,1.3880949680142207,-46.83770434525433,True,106,1.6569277744087896,-36.54174516049582
1993-09,2003-09,2.657612542715097,0.0,True,60,1.3451714506625807,-49.384215003428864,True,96,1.428526339138786,-46.247757482384536,True,105,1.7051895024010446,-35.837543095767764
1993-10,2003-10,2.6782907148347332,0.0,True,59,1.3690798239201918,-48.882329452250204,True,95,1.4539162185535155,-45.71477209324415,True,104,1.7354966480651048,-35.20133425201396
1993-11,2003-11,2.710556789039786,0.0,True,58,1.382162169055969,-49.008182575447925,True,94,1.4678092242331675,-45.84842383054669,True,103,1.75208031669807,-35.36087036498711
1993-12,2003-12,2.76908375659786,0.0,True,57,1.4209646383214873,-48.68466383742373,True,93,1.5090161271466325,-45.504857931757414,True,102,1.8012677739743987,-34.9507659462253
1994-01,2004-01,2.856179837605729,0.0,True,56,1.487467340532678,-47.921089528466524,True,92,1.5796397355244312,-44.69396798037033,True,101,1.8855690796822844,-33.98283067277323
1994-02,2004-02,2.889426230437479,0.0,True,55,1.49965178665751,-48.09863041803797,True,91,1.592579202986787,-44.8825103679612,True,100,1.9010145380395804,-34.207888126226585
1994-03,2004-03,2.8853046650097496,0.0,True,54,1.4719763442470921,-48.98367711050305,True,90,1.563188824227911,-45.82239986006369,True,99,1.865932115015137,-35.32980632363023
1994-04,2004-04,3.0141201131774316,0.0,True,53,1.4817789587577286,-50.83875548689851,True,89,1.5735988675082457,-47.79243001535908,True,98,1.8783582747819003,-37.68137286334722
1994-05,2004-05,2.9060962551001204,0.0,True,52,1.4389309230344134,-50.48577897207883,True,88,1.52809571058281,-47.41758095930088,True,97,1.8240425065741275,-37.233926668017894
1994-06,2004-06,2.956402205380136,0.0,True,51,1.4750770101434265,-50.105672108516096,True,87,1.5664816259741872,-47.01392039542306,True,96,1.8698626347524374,-36.7520890307275
1994-07,2004-07,2.905314460513716,0.0,True,50,1.4369885529271973,-50.539310891905664,True,86,1.5260329795776677,-47.47443003784741,True,95,1.8215802857806587,-37.3017857261975
1994-08,2004-08,2.779364478766116,0.0,True,49,1.4119036685954438,-49.20048524106306,True,85,1.4993936854085057,-46.052642722333644,True,94,1.7897817507980878,-35.604640396330744
1994-09,2004-09,2.8335698412874986,0.0,True,48,1.4457601363722605,-48.977430684561995,True,84,1.5353481029257399,-45.81576636811893,True,93,1.8326994721138132,-35.32188812113121
1994-10,2004-10,2.849099421581012,0.0,True,47,1.4414383267325994,-49.407229673553424,True,83,1.5307584880480536,-46.27219827946156,True,92,1.8272209850218548,-35.866717350007406
1994-11,2004-11,2.9961697541263246,0.0,True,46,1.5037874326539926,-49.809671812387236,True,82,1.596971118405762,-46.69957814618435,True,91,1.906257037154006,-36.37686801528154
1994-12,2004-12,3.1097644844700087,0.0,True,45,1.537813846814625,-50.54886456854266,True,81,1.6331060132037198,-47.48457571757088,True,90,1.9493901888444334,-37.3138963230309
1995-01,2005-01,2.9944588902230875,0.0,True,44,1.5100894263847948,-49.570540730572766,True,80,1.6036636214536846,-46.44562906875601,True,89,1.9142456794558242,-36.073736536980384
1995-02,2005-02,2.9328492941460587,0.0,True,43,1.5283438831290077,-47.888768571246786,True,79,1.6230492337880342,-44.65964422285092,True,88,1.9373857096705116,-33.941859421910415
1995-03,2005-03,2.8524415565159456,0.0,True,42,1.5174035740834677,-46.80334218882759,True,78,1.611430997598011,-43.50695831376614,True,87,1.9235173658781346,-32.565932455858125
1995-04,2005-04,2.6970175458050947,0.0,True,41,1.474108159771302,-45.34302670503163,True,77,1.5654527398239624,-41.95615292681922,True,86,1.8686344838850288,-30.71478208247187
1995-05,2005-05,2.6445311779822966,0.0,True,40,1.4869752293907383,-43.77168846520241,True,76,1.579117130225531,-40.2874451482038,True,85,1.884945261244242,-28.722895122665836
1995-06,2005-06,2.618979614809193,0.0,True,39,1.5126978807768796,-42.24094482357824,True,75,1.606433711319702,-38.66184745249575,True,84,1.9175522535320766,-26.782467389621857
1995-07,2005-07,2.5749792648017142,0.0,True,38,1.5333040537499683,-40.45373200828318,True,74,1.6283167663209115,-36.76388821537561,True,83,1.9436734069516368,-24.516929766371966
1995-08,2005-08,2.5697807112436015,0.0,True,37,1.5313502095719804,-40.40930407517498,True,73,1.626241850242777,-36.7167072611505,True,82,1.9411966411981043,-24.460611261312827
1995-09,2005-09,2.484604451518214,0.0,True,36,1.5290815811402043,-38.45774605266198,True,72,1.6238326439911015,-34.644219002390464,True,81,1.9383208431838008,-21.986743523726982
1995-10,2005-10,2.3975418460578366,0.0,True,35,1.4826103615808732,-38.16123109514612,True,71,1.5744817890352454,-34.32933020025947,True,80,1.8794121920097697,-21.61087010431133
1995-11,2005-11,2.4351097456541324,0.0,True,34,1.534678466393474,-36.977030742356945,True,70,1.629776345812527,-33.07174969337049,True,79,1.9454156636807096,-20.109733569395182
1995-12,2005-12,2.4058031344375026,0.0,True,33,1.5610757526299057,-35.1120742057351,True,69,1.6578093661772948,-31.091229267813514,True,78,1.9788778482669707,-17.745645105344444
1996-01,2006-01,2.4371239821943624,0.0,True,32,1.5775651916358264,-35.269391169200915,True,68,1.6753205896915742,-31.25829453357839,True,77,1.9997804761658367,-17.945065955764218
1996-02,2006-02,2.300863777047663,0.0,True,31,1.5711338853822923,-31.715475681125227,True,67,1.668490761141679,-27.484157133257536,True,76,1.99162791248717,-13.439990130892799
1996-03,2006-03,2.339750622229863,0.0,True,30,1.588082826688712,-32.12597908510377,True,66,1.6864899604740837,-27.920097789447297,True,75,2.0131130226404377,-13.96035955652951
1996-04,2006-04,2.3538075649468366,0.0,True,29,1.5943514501751668,-32.26500441589085,True,65,1.693147025457239,-28.067737963299454,True,74,2.0210593635758958,-14.136593251133355
1996-05,2006-05,2.2815809341261026,0.0,True,28,1.5753887258578714,-30.951880676488862,True,64,1.673009257044341,-26.673245203762995,True,73,1.997021506968954,-12.472028622826004
1996-06,2006-06,2.1918381473423434,0.0,True,27,1.5264559531055086,-30.357268626044622,True,63,1.6210443163006076,-26.041787425492025,True,72,1.9349924991576413,-11.718276210135937
1996-07,2006-07,2.287128780631242,0.0,True,26,1.5310488147940349,-33.05804081694651,True,62,1.6259217792372849,-28.90991565466049,True,71,1.9408145819363078,-15.141875771391945
1996-08,2006-08,2.2697281377095035,0.0,True,25,1.5597423239821866,-31.280654362588077,True,61,1.656393310295577,-27.02239167871767,True,70,1.9771875443795575,-12.888794409764138
1996-09,2006-09,2.2810124717887623,0.0,True,24,1.592641527216909,-30.178306917894016,True,60,1.6913311454201119,-25.851736176883954,True,69,2.018891801458143,-11.491417674058802
1996-10,2006-10,2.2699946045377137,0.0,True,23,1.6435732247556585,-27.59572108805195,True,59,1.7454188763151712,-23.10911784432954,True,68,2.0834547208835916,-8.217635552138724
1996-11,2006-11,2.2040942722281898,0.0,True,22,1.6696555185229998,-24.24754514537659,True,58,1.7731173853888293,-19.553468845217402,True,67,2.1165176092676,-3.9733628485888572
1996-12,2006-12,2.2248001200776595,0.0,True,21,1.6987511535582422,-23.64477427756768,True,57,1.804015960422771,-18.913346680339103,True,66,2.1534003214329154,-3.2092680147038033
1997-01,2007-01,2.1695536937567046,0.0,True,20,1.7035596402110489,-21.478797915287394,True,56,1.80912240973936,-16.613153435868078,True,65,2.159495738458576,-0.4635955923595003
1997-02,2007-02,2.1120829645008823,0.0,True,19,1.7237331015888648,-18.3870553117117,True,55,1.8305459397403967,-13.329827923072003,True,64,2.185068370520904,3.4556126462233605
1997-03,2007-03,2.072773155110931,0.0,True,18,1.674102880947469,-19.23366641354084,True,54,1.7778403330546617,-14.228900124890176,True,63,2.1221552517523876,2.3824168370616405
1997-04,2007-04,2.2355670224938335,0.0,True,17,1.7368099379000124,-22.31009312516359,True,53,1.844433095235616,-17.49596068123681,True,62,2.2016450559623055,-1.5173764056372274
1997-05,2007-05,2.1163330747524265,0.0,True,16,1.7883833214445943,-15.496131361373566,True,52,1.899202274848857,-10.259764991338605,True,61,2.267021400502035,7.1202556699274
1997-06,2007-06,2.0160585533706277,0.0,True,15,1.7873915168881036,-11.342281507658491,True,51,1.8981490121353741,-5.84851769499064,True,60,2.2657641520543903,12.385830672739262
1997-07,2007-07,1.9176669119734595,0.0,True,14,1.7903234615929284,-6.640540627020708,True,50,1.9012626377134936,-0.855428758641108,True,59,2.2694807945164515,18.345932776247498
1997-08,2007-08,1.8307555291320228,0.0,True,13,1.7079875459422975,-6.7058643951183665,True,49,1.8138246950586006,-0.9248003790789716,True,58,2.1651087169133505,18.263125931393343
1997-09,2007-09,1.8648363814312525,0.0,True,12,1.7534562827955402,-5.97264723837212,True,48,1.862110947469201,-0.14614869106960304,True,57,2.222746583619036,19.19257934645662
1997-10,2007-10,1.889551636139707,0.0,True,11,1.79865272822575,-4.810607245413012,True,47,1.910108035647591,1.0878982672249293,True,56,2.2800392835610963,20.66562458272605
1997-11,2007-11,1.8197143673358418,0.0,True,10,1.7050913755260264,-6.298955147429508,True,46,1.8107490605584484,-0.4926765946525524,True,55,2.1614374232737505,18.778939270464146
1997-12,2007-12,1.7949726759311198,0.0,True,9,1.7190059805921265,-4.232192297834647,True,45,1.8255258979837798,1.7021552730216882,True,54,2.179076095635613,21.398844943711715
1998-01,2008-01,1.6719207419031996,0.0,True,8,1.5984019127847529,-4.397267602216481,True,44,1.6974484790159208,1.5268509130200947,True,53,2.026193881051962,21.18958933098003
1998-02,2008-02,1.5467590221805807,0.0,True,7,1.566925626855689,1.3037974491125315,True,43,1.664021733684845,7.581188137435291,True,52,1.9862933670212963,28.416472025556484
1998-03,2008-03,1.4301620316462873,0.0,True,6,1.5195593140121966,6.250849930829339,True,42,1.6137203200981332,12.834789652508704,True,51,1.9262500622155168,34.6875402641037
1998-04,2008-04,1.4417539221345907,0.0,True,5,1.5776947043116365,9.428847745097757,True,41,1.6754581277493092,16.209715266021774,True,50,1.9999446512641914,38.71608882486483
1998-05,2008-05,1.4819891516600971,0.0,True,4,1.6115721421524858,8.743855536812273,True,40,1.7114348147614793,15.482276833427644,True,49,2.04288895501522,37.84776715314096
1998-06,2008-06,1.417405968641705,0.0,True,3,1.5369114180714059,8.431278834265266,True,39,1.6321476645647786,15.150331004240059,True,48,1.9482462365111868,37.45153326666064
1998-07,2008-07,1.2743149301453496,0.0,True,2,1.4376836840012925,12.820123973381436,True,38,1.526771185140989,19.811135302859874,True,47,1.8224614598568385,43.01499705798526
1998-08,2008-08,1.3987112857934636,0.0,True,28,1.2316176162625319,-11.946258761767448,True,37,1.5527964556084215,11.016224104286687,True,46,1.8535270529665657,32.516772531444424
1998-09,2008-09,1.3994580985177114,0.0,True,27,1.1675250706134956,-16.57305982579088,True,36,1.4719899809359036,5.18285488468837,True,45,1.7570707619186297,25.55365278743944
1998-10,2008-10,1.1026071607049504,0.0,True,26,0.9287370700468133,-15.76899705122299,True,35,1.170931311405857,6.196599581053297,True,44,1.39770596140753,26.763729750667387
1998-11,2008-11,0.9080547961057331,0.0,True,25,0.8457567167212653,-6.8606079337544585,True,34,1.066311503417028,17.428101034209796,True,43,1.2728244009924008,40.17043976321823
1998-12,2008-12,0.8691793225920451,0.0,True,24,0.8397620391712466,-3.384489558848569,True,33,1.0587535455498516,21.810714777758733,True,42,1.2638026909534605,45.40183574369663
1999-01,2009-01,0.8183151201249693,0.0,True,23,0.8275967303695432,1.1342342352364643,True,32,1.0434157912507602,27.507822547799755,True,41,1.2454944687634626,52.20230423864787
1999-02,2009-02,0.7639432001664914,0.0,True,22,0.7693068921696838,0.7021061254322891,True,31,0.9699252427561726,26.963004912510534,True,40,1.1577709817088147,51.55197159376426
1999-03,2009-03,0.6999962772044968,0.0,True,21,0.7229012635536112,3.272158309268125,True,30,0.9114180448370758,30.203270291223895,True,39,1.087932675635515,55.41978022801493
1999-04,2009-04,0.7541534908927046,0.0,True,20,0.8090939107504054,7.285044824584297,True,29,1.020087842426395,35.26262952371928,True,38,1.2176485884615025,61.45898721759555
1999-05,2009-05,0.8051332482110629,0.0,True,19,0.8597743629613694,6.78659276234268,True,28,1.0839846440981908,34.634192105059846,True,37,1.293920304608811,60.70884011855069
1999-06,2009-06,0.8332877949351893,0.0,True,18,0.8811086408869299,5.738815117946117,True,27,1.1108824334025569,33.31317705054806,True,36,1.3260273975639547,59.13198364642904
1999-07,2009-07,0.8073760966269748,0.0,True,17,0.8890188493089773,10.112109216892406,True,26,1.120855450545778,38.82693025325437,True,35,1.3379318921987113,65.71358723502867
1999-08,2009-08,0.9071358895104024,0.0,True,16,0.9574822072817628,5.550030414796314,True,25,1.2071725494533097,33.07516144078948,True,34,1.4409660518793586,58.8478714756919
1999-09,2009-09,0.9458599280449609,0.0,True,15,0.9886137965523002,4.520105698494814,True,24,1.246422573842733,31.776654966134178,True,33,1.48781764132795,57.29788282744836
1999-10,2009-10,0.9810348389860655,0.0,True,14,1.0083365579388213,2.782951009260093,True,23,1.2712885984687332,29.586488465858697,True,32,1.5174994770750347,54.68354606482932
1999-11,2009-11,0.9350945279639818,0.0,True,13,1.0251814352996662,9.63398936060873,True,22,1.29252625008698,38.22412723355877,True,31,1.5428502316273924,64.99403915737814
1999-12,2009-12,0.9297575173405612,0.0,True,12,1.0435438192091533,12.238277157904731,True,21,1.315677140651292,41.507556122224074,True,30,1.5704847627381726,68.91337079266864
2000-01,2010-01,0.9434829910707498,0.0,True,11,1.0531322909901641,11.621756932255266,True,20,1.3277660753982934,40.73026095482912,True,29,1.5849149654309878,67.98553661601072
2000-02,2010-02,0.9394023268062421,0.0,True,10,1.0180016804895118,8.366953268094402,True,19,1.2834741728236028,36.62667594055553,True,28,1.5320450356001771,63.08720895005526
2000-03,2010-03,0.9574837904736242,0.0,True,9,1.0735264539058795,12.1195433893303,True,18,1.3534785883345106,41.35785919310504,True,27,1.6156072291561503,68.73468201033273
2000-04,2010-04,0.9826302344554816,0.0,True,8,1.112300113146457,13.196202818126302,True,17,1.402363566792714,42.715287767409784,True,26,1.673959777378876,70.35500422053371
2000-05,2010-05,0.9518534629928637,0.0,True,7,1.0419749745145024,9.468002694267064,True,16,1.3136991756976515,38.01485488817313,True,25,1.5681237246651203,64.74423696842473
2000-06,2010-06,0.8899741070210774,0.0,True,6,1.0004312072190338,12.411271218628883,True,15,1.2613217058098918,41.72566323662939,True,24,1.5056022930555508,69.17371878324697
2000-07,2010-07,0.88107914164166,0.0,True,5,0.9940406169217045,12.820809157911794,True,14,1.2532645898415016,42.24199968079729,True,23,1.4959847528026977,69.79005427541077
2000-08,2010-08,0.8804276046340827,0.0,True,4,0.9977059015983734,13.320606526533552,True,13,1.2578857003059654,42.872133232210416,True,22,1.5015008352420243,70.54222599779432
2000-09,2010-09,0.9200545486362812,0.0,True,5,1.1622785387787968,26.32713359240968,True,12,1.2940023115778316,40.64408610291872,True,22,1.5292780690869119,66.21602179497195
2000-10,2010-10,1.0151098113495078,0.0,True,5,1.2079208514153865,18.9941066385273,True,11,1.346575136274826,32.65314956267255,True,21,1.5914096952205865,56.772171584563225
2000-11,2010-11,1.0485065350774543,0.0,True,4,1.231858560560115,17.486970214173848,True,10,1.3732605965977431,30.973012628509643,True,20,1.622947111243874,54.78655181905807
2000-12,2010-12,1.1248005545434168,0.0,True,3,1.2716588069451795,13.056381578810306,True,9,1.4176294160753942,26.033847542940048,True,19,1.6753830782984562,48.94934675583744
2001-01,2011-01,1.1584969425579763,0.0,True,2,1.3102115328632475,13.095812749430614,True,8,1.4606075152580167,26.07780492134717,True,18,1.726175464017525,49.001296473524334
2001-02,2011-02,1.2211108625711016,0.0,True,7,1.5006810327576527,22.894741071904324,True,16,1.7913184191293368,46.695805764731176,True,19,1.8929539420994297,55.01900770203072
2001-03,2011-03,1.3281474275498302,0.0,True,6,1.478669513395117,11.333236259996404,True,16,1.7475214982462237,31.57586740728444,True,18,1.8651886865658518,40.435364920802265
2001-04,2011-04,1.3516153443132048,0.0,True,5,1.5067639691185444,11.478755805644925,True,15,1.7807240934938184,31.747845345648717,True,17,1.900626937301302,40.61892277991754
2001-05,2011-05,1.2729866535636134,0.0,True,4,1.5122377539474066,18.794470445862956,True,14,1.7871931229683273,40.39370467594758,True,16,1.9075315508359703,49.84694030341987
2001-06,2011-06,1.2564051283564242,0.0,True,3,1.4527202122961143,15.625141883693283,True,13,1.7168540900632736,36.648128164614334,True,20,1.8446489157660826,46.81959458245557
2001-07,2011-07,1.3307990540146204,0.0,True,2,1.4935063210894066,12.226283643946644,True,12,1.765055937264706,32.631288844101846,True,87,1.9125855575579522,43.717081236889754
2001-08,2011-08,1.2173136519020502,0.0,True,1,1.3345179866630144,9.628113065012677,True,11,1.5771603122696705,29.560718374049323,True,86,1.7089849514203708,40.389861622769544
2001-09,2011-09,1.3607797409538334,0.0,True,9,1.577005281612201,15.889826556853738,True,10,1.5613496064991952,14.739333597425052,True,85,1.691852730920734,24.329653066030833
2001-10,2011-10,1.3586410919030467,0.0,True,8,1.6217695564790633,19.367032702319698,True,9,1.6056694852995659,18.182019877707866,True,84,1.7398770220022244,28.060091246407183
2001-11,2011-11,1.3161804962509887,0.0,True,7,1.6479285844551759,25.2053642451882,True,8,1.6315688202689138,23.96239155011626,True,83,1.7679411150243924,34.32360683509592
2001-12,2011-12,1.3173678268969173,0.0,True,6,1.6712607718704482,26.863639580991716,True,7,1.6546693780567472,25.604204404653586,True,82,1.7929724991656835,36.10264821701781
2002-01,2012-01,1.3845206896397566,0.0,True,5,1.7488374832331246,26.313568032570235,True,6,1.731475948822185,25.05959367589543,True,81,1.8761988348699132,35.5125169966285
2002-02,2012-02,1.4922108227878652,0.0,True,4,1.8190820876241243,21.90516647142209,True,5,1.8010232018995207,20.694956395954023,True,80,1.9515590934290101,30.783067890028736
2002-03,2012-03,1.4629266374194834,0.0,True,3,1.868810796636647,27.74466940687603,True,4,1.8502582305666653,26.476487831981245,True,79,2.0049093599937415,37.04784017948322
2002-04,2012-04,1.515651244547333,0.0,True,3,1.8469755915629633,21.860196942244748,True,5,1.9713393976576536,30.065501859328947,True,78,2.0013523464075953,32.045703363990086
2002-05,2012-05,1.511449426549956,0.0,True,2,1.7873657764388169,18.255083169978725,True,5,1.79098171520803,18.494319674071804,True,77,1.936760132026095,28.13926142715577
2002-06,2012-06,1.588078474882894,0.0,True,1,1.7643236881332056,11.098016630652218,True,76,1.911792104453223,20.383981943600094,True,76,1.911792104453223,20.383981943600094
2002-07,2012-07,1.8315716156322919,0.0,True,66,1.2914729019501032,-29.488266201140966,True,75,1.9649581874681412,7.282629338509472,True,75,1.9649581874681412,7.282629338509472
2002-08,2012-08,1.8723588628209429,0.0,True,65,1.3334706894828061,-28.78124402531651,True,74,2.0288572412874837,8.358353816359564,True,74,2.0288572412874837,8.358353816359564
2002-09,2012-09,2.0253484069048024,0.0,True,64,1.3719407986720724,-32.26149170212581,True,73,2.0873889812179924,3.063205031869165,True,73,2.0873889812179924,3.063205031869165
2002-10,2012-10,2.0490084852461448,0.0,True,63,1.3672184011056119,-33.27414644935598,True,72,2.0802039185281873,1.5224648168450594,True,72,2.0802039185281873,1.5224648168450594
2002-11,2012-11,1.867204267321889,0.0,True,62,1.3271148247834663,-28.925032573595555,True,71,2.019186880910159,8.139581525606566,True,71,2.019186880910159,8.139581525606566
2002-12,2012-12,1.9278259851344388,0.0,True,61,1.3546944238320215,-29.729424010354823,True,70,2.06114886003935,6.915711061733298,True,70,2.06114886003935,6.915711061733298
2003-01,2013-01,2.014626218244799,0.0,True,60,1.411177275898516,-29.95339467348068,True,69,2.147086739534942,6.574942790407379,True,69,2.147086739534942,6.574942790407379
2003-02,2013-02,2.2029668625123056,0.0,True,59,1.4427239534572358,-34.50995664038605,True,68,2.195084573839342,-0.3578033245572598,True,68,2.195084573839342,-0.3578033245572598
2003-03,2013-03,2.2337501249139695,0.0,True,58,1.4806371422553493,-33.71518480329691,True,67,2.252768967084751,0.8514310512467871,True,67,2.252768967084751,0.8514310512467871
2003-04,2013-04,2.152496223226537,0.0,True,57,1.5007873072698703,-30.276890102031008,True,66,2.2834271649178848,6.082748962740836,True,66,2.2834271649178848,6.082748962740836
2003-05,2013-05,2.1374583862229777,0.0,True,56,1.568076764358454,-26.638255300523372,True,65,2.3858071447353826,11.618881570426854,True,65,2.3858071447353826,11.618881570426854
2003-06,2013-06,1.9995531676490412,0.0,True,55,1.549397114265545,-22.512832400088854,True,64,2.357386315050395,17.895655548988152,True,64,2.357386315050395,17.895655548988152
2003-07,2013-07,2.0524123638492506,0.0,True,54,1.5986578574505488,-22.10834988090288,True,63,2.432335855606747,18.51107011677511,True,63,2.432335855606747,18.51107011677511
2003-08,2013-08,2.0610376690198478,0.0,True,53,1.6014626548004949,-22.298234579958432,True,62,2.436603316045633,18.22216316911811,True,62,2.436603316045633,18.22216316911811
2003-09,2013-09,2.021719557949055,0.0,True,52,1.619326632834214,-19.90349865948029,True,61,2.463783111955485,21.86572080525768,True,61,2.463783111955485,21.86572080525768
2003-10,2013-10,2.023473427438986,0.0,True,51,1.652370905081805,-18.339876240770202,True,60,2.514059515899994,24.244750724595356,True,60,2.514059515899994,24.244750724595356
2003-11,2013-11,2.0764174161884337,0.0,True,50,1.7148446946305644,-17.4132965144161,True,59,2.6091125240511,25.65452898389311,True,59,2.6091125240511,25.65452898389311
2003-12,2013-12,2.0453243930878733,0.0,True,49,1.7396551965139007,-14.944778324992091,True,58,2.646861360079515,29.41034532343729,True,58,2.646861360079515,29.41034532343729
2004-01,2014-01,1.9680059652800341,0.0,True,48,1.7552428437424883,-10.811101454525884,True,57,2.6705777501012706,35.69967760342969,True,57,2.6705777501012706,35.69967760342969
2004-02,2014-02,1.944325751233677,0.0,True,47,1.7516418036724248,-9.910065092693133,True,56,2.6650988173583636,37.07059198631482,True,56,2.6650988173583636,37.07059198631482
2004-03,2014-03,2.0290194826106336,0.0,True,46,1.7979570475770266,-11.387886465058038,True,55,2.7355668214314734,34.82210717423779,True,55,2.7355668214314734,34.82210717423779
2004-04,2014-04,2.0136237819850047,0.0,True,45,1.8002106528243982,-10.598460897706852,True,54,2.7389956506972335,36.02320727445751,True,54,2.7389956506972335,36.02320727445751
2004-05,2014-05,2.098283171493152,0.0,True,44,1.8262762280514764,-12.963309582667703,True,53,2.778654063487915,32.42512265447024,True,53,2.778654063487915,32.42512265447024
2004-06,2014-06,2.1051959853595834,0.0,True,43,1.8826996730885035,-10.568912054669145,True,52,2.8645015560084723,36.06816543112463,True,52,2.8645015560084723,36.06816543112463
2004-07,2014-07,2.1856205192750844,0.0,True,42,1.9087885358016607,-12.666058953602889,True,51,2.904195400387665,32.87738538211171,True,51,2.904195400387665,32.87738538211171
2004-08,2014-08,2.206914593078292,0.0,True,41,1.8983432190192608,-13.982026084145993,True,50,2.8883029951337225,30.875159564059196,True,50,2.8883029951337225,30.875159564059196
2004-09,2014-09,2.185347732363036,0.0,True,40,1.9294930452360888,-11.707733434728462,True,49,2.935697025601218,34.33546442637861,True,49,2.935697025601218,34.33546442637861
2004-10,2014-10,2.1253443145043946,0.0,True,39,1.8757238260502516,-11.744943478127768,True,48,2.8538879010633,34.278849859148266,True,48,2.8538879010633,34.278849859148266
2004-11,2014-11,2.144258423687425,0.0,True,38,1.979389180988597,-7.68887000174664,True,47,3.011613307175432,40.45010964659939,True,47,3.011613307175432,40.45010964659939
2004-12,2014-12,2.1005723107591616,0.0,True,37,1.9883689819749697,-5.3415599267630505,True,46,3.025275950381777,44.02150951368207,True,46,3.025275950381777,44.02150951368207
2005-01,2015-01,2.1056654750325143,0.0,True,36,1.9625634694699794,-6.796046535375011,True,45,2.98601321943177,41.8085282224453,True,45,2.98601321943177,41.8085282224453
2005-02,2015-02,2.129401337716398,0.0,True,35,2.013875905838581,-5.425254029459192,True,44,3.064084382836882,43.8941700920904,True,44,3.064084382836882,43.8941700920904
2005-03,2015-03,2.136039554314296,0.0,True,34,2.010493697747314,-5.8775061685261925,True,43,3.05893839992805,43.2060747072645,True,43,3.05893839992805,43.2060747072645
2005-04,2015-04,2.2079818130995936,0.0,True,33,2.023549840257427,-8.352966122635708,True,42,3.0788031404760376,39.439696568604155,True,42,3.0788031404760376,39.439696568604155
2005-05,2015-05,2.2001945696819476,0.0,True,32,2.0386203536332097,-7.343633071146726,True,41,3.1017327184814136,40.97538286942455,True,41,3.1017327184814136,40.97538286942455
2005-06,2015-06,2.1438533003121925,0.0,True,31,2.0248226123854263,-5.552184373316615,True,40,3.0807396456941634,43.70104732658431,True,40,3.0807396456941634,43.70104732658431
2005-07,2015-07,2.104103938176514,0.0,True,30,2.017894496169236,-4.097204536482646,True,39,3.070198612535684,45.91477905775032,True,39,3.070198612535684,45.91477905775032
2005-08,2015-08,2.0467431900694546,0.0,True,29,1.9634516022616186,-4.0694693995786295,True,38,2.987364501210779,45.95697768557887,True,38,2.987364501210779,45.95697768557887
2005-09,2015-09,1.9490408191953286,0.0,True,28,1.8697305661503991,-4.069194049905689,True,37,2.844769238881495,45.957396626304224,True,37,2.844769238881495,45.957396626304224
2005-10,2015-10,2.087965045556407,0.0,True,27,1.9445605070986223,-6.868148428201781,True,36,2.9586219607713184,41.69882618810297,True,36,2.9586219607713184,41.69882618810297
2005-11,2015-11,2.0672866320378933,0.0,True,26,1.9952682286097942,-3.4837163996511045,True,35,3.0357730588708436,46.84819278680452,True,35,3.0357730588708436,46.84819278680452
2005-12,2015-12,2.0015596124670587,0.0,True,25,1.9670189822149324,-1.7256858120529572,True,34,2.992792220550836,49.523012050688585,True,34,2.992792220550836,49.523012050688585
2006-01,2016-01,1.8459812635293273,0.0,True,24,1.8343979463519784,-0.6274883394646658,True,33,2.791011145736239,51.193904341158444,True,33,2.791011145736239,51.193904341158444
2006-02,2016-02,1.8361263319987382,0.0,True,23,1.8177454444468213,-1.001068784407022,True,32,2.765674594027754,50.62550685263276,True,32,2.765674594027754,50.62550685263276
2006-03,2016-03,1.9243453007971687,0.0,True,22,1.926322341191942,0.10273833879783645,True,31,2.9308728431795985,52.30493414905688,True,31,2.9308728431795985,52.30493414905688
2006-04,2016-04,1.9631436453000708,0.0,True,21,1.9734668915810247,0.5258528231323556,True,30,3.002602625617659,52.948696994544406,True,30,3.002602625617659,52.948696994544406
2006-05,2016-05,1.9726737384775346,0.0,True,20,1.9599285213164879,-0.646088449014548,True,29,2.9820041821999865,51.16560453131142,True,29,2.9820041821999865,51.16560453131142
2006-06,2016-06,2.049143969464846,0.0,True,19,1.9731379456898737,-3.7091597714738467,True,28,3.0021021389864053,46.505183809531616,True,28,3.0021021389864053,46.505183809531616
2006-07,2016-07,2.1015659357760974,0.0,True,18,2.0300262802889573,-3.4041118705476547,True,27,3.0886569545563693,46.969309978644304,True,27,3.0886569545563693,46.969309978644304
2006-08,2016-08,2.07910624139392,0.0,True,17,2.0461155736516274,-1.5867716177973668,True,26,3.1131365922443286,49.73436807910075,True,26,3.1131365922443286,49.73436807910075
2006-09,2016-09,2.0188710780247647,0.0,True,16,2.0291950754897794,0.5113747765962184,True,25,3.0873922879318187,52.92666884665464,True,25,3.0873922879318187,52.92666884665464
2006-10,2016-10,1.9385453978398453,0.0,True,15,2.0108809003165926,3.731431957041198,True,24,3.0595275232906562,57.82594138367565,True,24,3.0595275232906562,57.82594138367565
2006-11,2016-11,1.923318736483286,0.0,True,14,2.0268914030051333,5.38510152047007,True,23,3.08388728205588,60.34197679031863,True,23,3.08388728205588,60.34197679031863
2006-12,2016-12,1.9571533547052251,0.0,True,13,2.0985903261735666,7.226667809566911,True,22,3.1929762036273117,63.14389447055972,True,22,3.1929762036273117,63.14389447055972
2007-01,2017-01,1.9716230130065522,0.0,True,12,2.120173976342929,7.534450671168091,True,21,3.2258154293297605,63.61218184457458,True,21,3.2258154293297605,63.61218184457458
2007-02,2017-02,1.9906418853555157,0.0,True,11,2.1659406179731486,8.806141069734696,True,20,3.2954487426175807,65.5470412263045,True,20,3.2954487426175807,65.5470412263045
2007-03,2017-03,2.0768337102650722,0.0,True,10,2.1950082850319226,5.69013177043276,True,19,3.339674796676856,60.80607610373407,True,19,3.339674796676856,60.80607610373407
2007-04,2017-04,1.9904241506715674,0.0,True,9,2.182982056882325,9.674214721811358,True,18,3.3213770566071816,66.86780330144968,True,18,3.3213770566071816,66.86780330144968
2007-05,2017-05,1.9577035082814047,0.0,True,8,2.2114146424848666,12.959630154935242,True,17,3.364636843000099,71.86651751744517,True,17,3.364636843000099,71.86651751744517
2007-06,2017-06,1.9856264952520932,0.0,True,7,2.242283089570965,12.925723691367574,True,16,3.4116027590055107,71.81492930131238,True,16,3.4116027590055107,71.81492930131238
2007-07,2017-07,1.9937774478663275,0.0,True,6,2.2555927885360583,13.131623138275362,True,15,3.4318532821986096,72.12820246669264,True,15,3.4318532821986096,72.12820246669264
2007-08,2017-08,2.0863588894979257,0.0,True,5,2.2534672591722593,8.009569710920994,True,14,3.4286193186212133,64.33506890304463,True,14,3.4286193186212133,64.33506890304463
2007-09,2017-09,2.0575772567235715,0.0,True,4,2.2834737371257954,10.97876056240703,True,13,3.4742737604936305,68.85265178455397,True,13,3.4742737604936305,68.85265178455397
2007-10,2017-10,2.0524353948247507,0.0,True,3,2.3384740137477964,13.93654677970848,True,12,3.557955921922046,73.35288267262831,True,12,3.557955921922046,73.35288267262831
2007-11,2017-11,2.190321206469981,0.0,True,4,2.339044512614541,6.790022655364281,True,11,3.604862430887427,64.58145135238786,True,11,3.604862430887427,64.58145135238786
2007-12,2017-12,2.225903358663976,0.0,True,3,2.400589079315362,7.847857364132604,True,10,3.6997129970602978,66.21175320391836,True,10,3.6997129970602978,66.21175320391836
2008-01,2018-01,2.5000027004821335,0.0,True,6,2.682004740433161,7.280073734157488,True,9,3.870869690577815,54.83462037186222,True,9,3.870869690577815,54.83462037186222
2008-02,2018-02,2.466407540836805,0.0,True,5,2.600062840838541,5.4190273824896495,True,8,3.7526050168628986,52.14861918520211,True,8,3.7526050168628986,52.14861918520211
2008-03,2018-03,2.5345717506665344,0.0,True,4,2.5990571072490654,2.544230857365659,True,7,3.7511534669794835,47.99949798197727,True,7,3.7511534669794835,47.99949798197727
2008-04,2018-04,2.3909357100774136,0.0,True,3,2.5531074764148998,6.782774026669047,True,6,3.684835525550161,54.11688026654859,True,6,3.684835525550161,54.11688026654859
2008-05,2018-05,2.3769305130058123,0.0,True,2,2.599498011729578,9.363651882372936,True,5,3.751789813278327,57.841796079006905,True,5,3.751789813278327,57.841796079006905
2008-06,2018-06,2.534800335407449,0.0,True,4,3.8252230461462564,50.90825863928971,True,4,3.8252230461462564,50.90825863928971,True,5,3.838856940803431,51.44612722273312
2008-07,2018-07,2.7415392332872144,0.0,True,3,3.8805099799601086,41.54493697714561,True,3,3.8805099799601086,41.54493697714561,True,4,3.894340928807965,42.049432724641164
2008-08,2018-08,2.750702761853029,0.0,True,2,3.9700198094824843,44.327473856464735,True,2,3.9700198094824843,44.327473856464735,True,3,3.984169790076141,44.841887147129576
2008-09,2018-09,2.9394244686331708,0.0,True,1,4.032980026741727,37.20305011331211,True,1,4.032980026741727,37.20305011331211,True,5,4.653693695876199,58.31989375934403
2008-10,2018-10,3.5415239410848898,0.0,True,4,4.472147175081381,26.277479680439765,True,5,3.9822981860672972,12.445892003412041,False,,1.0341975045241178,-70.79795247106793
2008-11,2018-11,3.794639880235012,0.0,True,4,3.899060543553227,2.7517937568227957,False,,1.0360205468524712,-72.69779005252252,False,,1.0360205468524712,-72.69779005252252
2008-12,2018-12,3.59630001706374,0.0,True,3,3.6821388636929178,2.3868655624361024,False,,1.038018845158627,-71.13647804039066,False,,1.038018845158627,-71.13647804039066
2009-01,2019-01,3.6994266492987644,0.0,True,2,3.745689274007143,1.2505349907977692,False,,1.0399344022856838,-71.88930878024556,False,,1.0399344022856838,-71.88930878024556
2009-02,2019-02,4.1965347153935175,0.0,True,30,2.73182192455665,-34.90291133453708,False,,1.0417231837935683,-75.17658605390844,False,,1.0417231837935683,-75.17658605390844
2009-03,2019-03,4.5365232004755915,0.0,True,29,2.7845843608242777,-38.618535874954794,False,,1.0436016028884703,-76.99556341342941,False,,1.0436016028884703,-76.99556341342941
2009-04,2019-04,4.189514245202627,0.0,True,28,2.8879071521580344,-31.068210223537264,False,,1.0455098728300765,-75.04460394120201,False,,1.0455098728300765,-75.04460394120201
2009-05,2019-05,3.8679952914956033,0.0,True,27,2.8432757994240103,-26.492263171172937,False,,1.0473786250460277,-72.92192605950544,False,,1.0473786250460277,-72.92192605950544
2009-06,2019-06,3.813175052812742,0.0,True,26,2.8828160912051186,-24.398537930257234,False,,1.0490968194731718,-72.48757780738866,False,,1.0490968194731718,-72.48757780738866
2009-07,2019-07,3.9094101433286186,0.0,True,25,2.992734495776608,-23.447927281723334,False,,1.0507578179025605,-73.12234379665506,False,,1.0507578179025605,-73.12234379665506
2009-08,2019-08,3.5026489780533607,0.0,True,24,2.898551204165641,-17.2468830782882,False,,1.0523012662166822,-69.95698761679763,False,,1.0523012662166822,-69.95698761679763
2009-09,2019-09,3.4837453404453442,0.0,True,23,2.9877112484246333,-14.238529041198532,False,,1.0538391287148567,-69.74982308608875,False,,1.0538391287148567,-69.74982308608875
2009-10,2019-10,3.4024892629431216,0.0,True,22,2.9878582765994532,-12.186107120438539,False,,1.055215778869017,-68.98694757507432,False,,1.055215778869017,-68.98694757507432
2009-11,2019-11,3.4806170132508383,0.0,True,21,3.1202291671421887,-10.354136773354828,False,,1.0565164956666753,-69.64571248015861,False,,1.0565164956666753,-69.64571248015861
2009-12,2019-12,3.489067390619146,0.0,True,20,3.197172894160501,-8.365974737072857,False,,1.0578188157991386,-69.6819035756307,False,,1.0578188157991386,-69.6819035756307
2010-01,2020-01,3.557635769533851,0.0,True,19,3.3040353300272454,-7.1283418521462245,False,,1.0590965343564578,-70.23032702149752,False,,1.0590965343564578,-70.23032702149752
2010-02,2020-02,3.668392873388183,0.0,True,18,3.3078032610923844,-9.82963452229021,False,,1.0603316523611193,-71.09547180583793,False,,1.0603316523611193,-71.09547180583793
2010-03,2020-03,2.8076363602138223,0.0,True,17,2.681745265909145,-4.483881747958618,False,,1.0604550933710426,-62.229613905901935,False,,1.0604550933710426,-62.229613905901935
2010-04,2020-04,2.8138524466162083,0.0,True,16,2.7971896077977125,-0.5921717337571741,False,,1.0604374457379413,-62.313679702247086,False,,1.0604374457379413,-62.313679702247086
2010-05,2020-05,3.16572739208419,0.0,True,15,2.9614786012850374,-6.451875525033235,False,,1.0604109735172234,-66.50340215115331,False,,1.0604109735172234,-66.50340215115331
2010-06,2020-06,3.4956220559350037,0.0,True,14,3.1539072628857054,-9.775507408448847,False,,1.0604462717209584,-69.66358906219592,False,,1.0604462717209584,-69.66358906219592
2010-07,2020-07,3.6228533073175746,0.0,True,13,3.2630926139166077,-9.93031356456826,False,,1.060419799279913,-70.72970641295254,False,,1.060419799279913,-70.72970641295254
2010-08,2020-08,3.803462825972991,0.0,True,12,3.454919362826412,-9.163845661023796,False,,1.060366848448227,-72.12101453424967,False,,1.060366848448227,-72.12101453424967
2010-09,2020-09,3.656300656943679,0.0,True,11,3.4328046362600038,-6.112626987040414,False,,1.0603315493632732,-70.99988078525222,False,,1.0603315493632732,-70.99988078525222
2010-10,2020-10,3.556558552077896,0.0,True,10,3.4916606705387725,-1.8247381728386691,False,,1.0603050718544464,-70.18732979287041,False,,1.0603050718544464,-70.18732979287041
2010-11,2020-11,3.607285619184722,0.0,True,9,3.629285655057045,0.6098778470803534,False,,1.0602609441417377,-70.60779056410382,False,,1.0602609441417377,-70.60779056410382
2010-12,2020-12,3.6262417844730734,0.0,True,8,3.7834388014189337,4.3349844353719025,False,,1.0602168182655323,-70.76265507707751,False,,1.0602168182655323,-70.76265507707751
2011-01,2021-01,3.602796324524865,0.0,True,7,3.888693147364547,7.935414524921458,False,,1.0601550451227961,-70.57410551059644,False,,1.0601550451227961,-70.57410551059644
2011-02,2021-02,3.5796983056285128,0.0,True,6,3.9851312039801203,11.325895752559045,False,,1.0600756039930939,-70.38645401132571,False,,1.0600756039930939,-70.38645401132571
2011-03,2021-03,3.649630908755287,0.0,True,5,4.017510346470121,10.079907993772984,False,,1.0600138082166535,-70.9555888056041,False,,1.0600138082166535,-70.9555888056041
2011-04,2021-04,3.785255701473565,0.0,True,4,4.259217882642809,12.521272499100533,False,,1.0599784891388626,-71.99717607647422,False,,1.0599784891388626,-71.99717607647422
2011-05,2021-05,3.7889880298592127,0.0,True,3,4.291461395224649,13.261413374908626,False,,1.0599608282760857,-72.02522626297474,False,,1.0599608282760857,-72.02522626297474
2011-06,2021-06,4.004171754484347,0.0,True,2,4.369016009126722,9.111603522845346,False,,1.0599608282760846,-73.52858735170351,False,,1.0599608282760846,-73.52858735170351
2011-07,2021-07,4.002834375537762,0.0,True,1,4.502955935659446,12.49418569946441,False,,1.059969657346701,-73.51952247076674,False,,1.059969657346701,-73.51952247076674
2011-08,2021-08,4.56505283880199,0.0,True,88,1.8532614799637763,-59.40328523228815,False,,1.059996147647854,-76.78019981196911,False,,1.059996147647854,-76.78019981196911
2011-09,2021-09,4.5974294586878655,0.0,True,87,1.8516961240401393,-59.723229237569974,False,,1.0600226412595104,-76.94314505997777,False,,1.0600226412595104,-76.94314505997777
2011-10,2021-10,4.482787037071078,0.0,True,86,1.8600512733245678,-58.50681154508132,False,,1.0600491328848167,-76.35290001245694,False,,1.0600491328848167,-76.35290001245694
2011-11,2021-11,4.613850611885558,0.0,True,85,1.9483029455894831,-57.77273454475234,False,,1.0600844578476407,-77.02386689510928,False,,1.0600844578476407,-77.02386689510928
2011-12,2021-12,4.555176692142401,0.0,True,84,1.953470783383167,-57.11536751685462,False,,1.0601286134997268,-76.72694858734174,False,,1.0601286134997268,-76.72694858734174
2012-01,2022-01,4.2580194166327745,0.0,True,83,1.9133569129624604,-55.06462686646141,False,,1.0602345363392744,-75.10028882917345,False,,1.0602345363392744,-75.10028882917345
2012-02,2022-02,3.9691691331533785,0.0,True,82,1.857699398864331,-53.19676898251882,False,,1.060446160099685,-73.28291830040526,False,,1.060446160099685,-73.28291830040526
2012-03,2022-03,3.823445870117531,0.0,True,81,1.8410134860500451,-51.84936445841579,False,,1.0607635167633709,-72.25634799608753,False,,1.0607635167633709,-72.25634799608753
2012-04,2022-04,3.829407616301806,0.0,True,80,1.8430924848426304,-51.87003658224898,False,,1.0613622732416084,-72.28390446805965,False,,1.0613622732416084,-72.28390446805965
2012-05,2022-05,3.640431593292951,0.0,True,79,1.6978873961920515,-53.36027191610465,False,,1.0621455552762433,-70.82363648219302,False,,1.0621455552762433,-70.82363648219302
2012-06,2022-06,3.558762837628987,0.0,True,78,1.6405799725623742,-53.90027244256027,False,,1.0633757440072549,-70.1195108377684,False,,1.0633757440072549,-70.1195108377684
2012-07,2022-07,3.473768417832182,0.0,True,77,1.6480814047263839,-52.55638239250055,False,,1.0652432066941153,-69.33465106004722,False,,1.0652432066941153,-69.33465106004722
2012-08,2022-08,3.576513607887885,0.0,True,76,1.7542087813010416,-50.95198918208529,False,,1.067461271988592,-70.15358002177481,False,,1.067461271988592,-70.15358002177481
2012-09,2022-09,3.218936930907648,0.0,True,75,1.6264141188375638,-49.473563671874686,False,,1.0701083608868032,-66.75584567650839,False,,1.0701083608868032,-66.75584567650839
2012-10,2022-10,3.126159257717707,0.0,True,74,1.5760263272509927,-49.58585928211504,False,,1.0732810459327407,-65.6677425091803,False,,1.0732810459327407,-65.6677425091803
2012-11,2022-11,3.387426432558401,0.0,True,73,1.6592152321817064,-51.0184127916673,False,,1.076843295800414,-68.21057763940534,False,,1.076843295800414,-68.21057763940534
2012-12,2022-12,3.315590542553116,0.0,True,72,1.6593171304058518,-49.95409990739924,False,,1.0805217722277352,-67.41088025315403,False,,1.0805217722277352,-67.41088025315403
2013-01,2023-01,3.223596766402604,0.0,True,71,1.6820740137618684,-47.8199621214104,False,,1.0844638306847498,-66.35857679262517,False,,1.0844638306847498,-66.35857679262517
2013-02,2023-02,3.249214295845276,0.0,True,70,1.7348791171765343,-46.60619586110711,False,,1.0884884744135912,-66.49994813190912,False,,1.0884884744135912,-66.49994813190912
2013-03,2023-03,3.0813010906265736,0.0,True,69,1.689913629849209,-45.15584228396291,False,,1.0925719437522954,-64.5418635953514,False,,1.0925719437522954,-64.5418635953514
2013-04,2023-04,3.1584643758740985,0.0,True,68,1.7573643881905654,-44.36016433763898,False,,1.0968987106321162,-65.27113875303559,False,,1.0968987106321162,-65.27113875303559
2013-05,2023-05,3.042538524338672,0.0,True,67,1.7702753055464464,-41.81584583448341,False,,1.1014532028384858,-63.79821671845887,False,,1.1014532028384858,-63.79821671845887
2013-06,2023-06,3.2289455506147577,0.0,True,66,1.8576941602375856,-42.46746713075109,False,,1.1060349242195677,-65.74625038167676,False,,1.1060349242195677,-65.74625038167676
2013-07,2023-07,3.2483340094060726,0.0,True,65,1.929642018586026,-40.5959481691711,False,,1.1107241354127702,-65.80634466170997,False,,1.1107241354127702,-65.80634466170997
2013-08,2023-08,3.20777861971423,0.0,True,64,1.9103347061084834,-40.44680345557423,False,,1.1154773757367011,-65.22586163268103,False,,1.1154773757367011,-65.22586163268103
2013-09,2023-09,3.139703088516394,0.0,True,63,1.8920938388719475,-39.736536050419346,False,,1.1202873523674506,-64.3186848952389,False,,1.1202873523674506,-64.3186848952389
2013-10,2023-10,2.98120267275463,0.0,True,62,1.8345604203626518,-38.46240521891392,False,,1.1251077547833086,-62.25993740493633,False,,1.1251077547833086,-62.25993740493633
2013-11,2023-11,3.002484273970019,0.0,True,61,1.9188817468985337,-36.090198255683035,False,,1.1298674871766887,-62.36891240456932,False,,1.1298674871766887,-62.36891240456932
2013-12,2023-12,3.1105284715461305,0.0,True,60,2.018082770637195,-35.120903438183944,False,,1.1346204058223752,-63.52322712357632,False,,1.1346204058223752,-63.52322712357632
2014-01,2024-01,3.1703681234237213,0.0,True,59,2.0767830696500176,-34.493945535659975,False,,1.1394037413156914,-64.06083782834548,False,,1.1394037413156914,-64.06083782834548
2014-02,2024-02,3.307748760654696,0.0,True,58,2.1639089304480987,-34.58061397565755,False,,1.144215833990525,-65.40801866209291,False,,1.144215833990525,-65.40801866209291
2014-03,2024-03,3.3257243816732016,0.0,True,57,2.2348441719343266,-32.80128130130987,False,,1.1490482497826802,-65.44968500352444,False,,1.1490482497826802,-65.44968500352444
2014-04,2024-04,3.2855001624230558,0.0,True,56,2.2122502499103014,-32.66625656536972,False,,1.1539202986788295,-64.87839775884187,False,,1.1539202986788295,-64.87839775884187
2014-05,2024-05,3.31732785862243,0.0,True,55,2.267883384131524,-31.635235322405066,False,,1.1588221809752104,-65.06760168539903,False,,1.1588221809752104,-65.06760168539903
2014-06,2024-06,3.328681137154421,0.0,True,54,2.3483420776330663,-29.451275719350335,False,,1.1637259776929703,-65.03942763686278,False,,1.1637259776929703,-65.03942763686278
2014-07,2024-07,3.3576393147615455,0.0,True,53,2.4041817246950434,-28.39666505793864,False,,1.1686232390642228,-65.19509305462083,False,,1.1686232390642228,-65.19509305462083
2014-08,2024-08,3.339278594362993,0.0,True,52,2.380804146100131,-28.70303932953825,False,,1.1734015765017818,-64.86062652925723,False,,1.1734015765017818,-64.86062652925723
2014-09,2024-09,3.3702248523177794,0.0,True,51,2.4455887056591417,-27.435443840571782,False,,1.177900391094466,-65.04979807847546,False,,1.177900391094466,-65.04979807847546
2014-10,2024-10,3.570934858966775,0.0,True,50,2.5226461462458536,-29.356142134282347,False,,1.1822186759353879,-66.89330042056677,False,,1.1822186759353879,-66.89330042056677
2014-11,2024-11,3.462005159375559,0.0,True,49,2.5852270298061106,-25.32573145349074,False,,1.1864676072120715,-65.72888968697914,False,,1.1864676072120715,-65.72888968697914
2014-12,2024-12,3.490758436876718,0.0,True,48,2.6231899430306727,-24.85329505132655,False,,1.1905792551344874,-65.89339317905558,False,,1.1905792551344874,-65.89339317905558
2015-01,2025-01,3.5151243469788955,0.0,True,47,2.612161905243207,-25.687923174374973,False,,1.1946478476487492,-66.0140657989667,False,,1.1946478476487492,-66.0140657989667
2015-02,2025-02,3.4558442122927104,0.0,True,46,2.640724465938137,-23.58670403761628,False,,1.1987499163308812,-65.31238555063237,False,,1.1987499163308812,-65.31238555063237
2015-03,2025-03,3.2546213868657103,0.0,True,45,2.4883235953270786,-23.54491353836391,False,,1.2028368114311454,-63.04218929165491,False,,1.2028368114311454,-63.04218929165491
2015-04,2025-04,3.051358500736348,0.0,True,44,2.353401119126601,-22.873660418509246,False,,1.2069573473826374,-60.44524604069379,False,,1.2069573473826374,-60.44524604069379
2015-05,2025-05,3.2737659054596033,0.0,True,43,2.5496411517780784,-22.119014449808837,False,,1.211130730993472,-63.00496840737176,False,,1.211130730993472,-63.00496840737176
2015-06,2025-06,3.415629271771221,0.0,True,42,2.6485292910167777,-22.458525785986527,False,,1.2152991139525802,-64.4194665973696,False,,1.2152991139525802,-64.4194665973696
2015-07,2025-07,3.573090848819421,0.0,True,41,2.768380094862877,-22.521418794107262,False,,1.2194911815634217,-65.87013224233155,False,,1.2194911815634217,-65.87013224233155
2015-08,2025-08,3.731013874718491,0.0,True,40,2.8205187161290377,-24.403424622969304,False,,1.2235297091537594,-67.20650873360593,False,,1.2235297091537594,-67.20650873360593
2015-09,2025-09,4.017781677731366,0.0,True,39,2.90039461360221,-27.811044844031628,False,,1.2274360557328912,-69.44990658561714,False,,1.2274360557328912,-69.44990658561714
2015-10,2025-10,3.944028414554756,0.0,True,38,2.9700541889734877,-24.694908940995063,False,,1.231256088263385,-68.78176425606756,False,,1.231256088263385,-68.78176425606756
2015-11,2025-11,3.838328844316849,0.0,True,37,2.974956377515201,-22.493447065641202,False,,1.2349455032983365,-67.82595881207949,False,,1.2349455032983365,-67.82595881207949
2015-12,2025-12,3.949470669556133,0.0,True,36,3.0267920202856433,-23.362083845382408,False,,1.238343517395776,-68.64532943765477,False,,1.238343517395776,-68.64532943765477
2016-01,2026-01,4.271333618071503,0.0,True,35,3.0626761580857216,-28.296957532703505,False,,1.2416999338980326,-70.9294556471883,False,,1.2416999338980326,-70.9294556471883
2016-02,2026-02,4.277167924635926,0.0,True,34,3.049229750958743,-28.709141079180466,False,,1.2450437669179846,-70.89093089502762,False,,1.2450437669179846,-70.89093089502762
2016-03,2026-03,3.8855441630933854,0.0,True,33,2.945596655368497,-24.190884681042235,False,,1.2484273907777106,-67.86994721007613,False,,1.2484273907777106,-67.86994721007613
2016-04,2026-04,3.954163980167892,0.0,True,32,3.0819208682692505,-22.058850272102436,False,,1.2518826404806185,-68.34014353579074,False,,1.2518826404806185,-68.34014353579074
2016-05,2026-05,4.22975055670215,0.0,True,31,3.2859693170238597,-22.312929025633544,False,,1.25529561649722,-70.3222305980155,False,,1.25529561649722,-70.3222305980155
2016-06,2026-06,4.210058557821478,0.0,True,30,3.3048354099665187,-21.501438410476005,False,,1.2587786300378998,-70.10068594653318,False,,1.2587786300378998,-70.10068594653318
