depart,fin,A_final,drawdown_t0_pct,B10_declenche,B10_mois_attente,B10_final,B10_ecart_pct,B20_declenche,B20_mois_attente,B20_final,B20_ecart_pct,B30_declenche,B30_mois_attente,B30_final,B30_ecart_pct
1949-05,1959-05,4.510480398821663,0.0,True,1,5.419207732099102,20.14701878573375,True,6,6.48152067730381,43.69912080755456,True,6,6.48152067730381,43.69912080755456
1949-06,1959-06,5.5136809147835555,-16.76863811466124,True,0,5.5136809147835555,0.0,True,5,6.594513187886681,19.602735265385874,True,5,6.594513187886681,19.602735265385874
1949-07,1959-07,5.912649560827166,-18.08860185814639,True,0,5.912649560827166,0.0,True,4,6.959540866167372,17.705958971019207,True,4,6.959540866167372,17.705958971019207
1949-08,1959-08,5.0321383719602695,-0.7591207795150767,True,2,6.228133389854459,23.767132965946036,True,3,7.176245522631065,42.60827092152395,True,3,7.176245522631065,42.60827092152395
1949-09,1959-09,5.526854063322923,-7.494901427600276,True,1,6.376148085346899,15.36668079694785,True,2,7.346792575708239,32.92901335070009,True,2,7.346792575708239,32.92901335070009
1949-10,1959-10,6.746785361028686,-19.816451393609803,True,0,6.746785361028686,0.0,True,1,7.773852165418432,15.223054379680878,True,1,7.773852165418432,15.223054379680878
1949-11,1959-11,7.9528655161185275,-30.410151824155907,True,0,7.9528655161185275,0.0,True,0,7.9528655161185275,0.0,True,0,7.9528655161185275,0.0
1949-12,1959-12,7.959967245928488,-37.73510083843191,True,0,7.959967245928488,0.0,True,0,7.959967245928488,0.0,True,0,7.959967245928488,0.0
1950-01,1960-01,10.298573589799005,-47.57534556990709,True,0,10.298573589799005,0.0,True,0,10.298573589799005,0.0,True,0,10.298573589799005,0.0
1950-02,1960-02,9.447691734921817,-39.13437570813506,True,0,9.447691734921817,0.0,True,0,9.447691734921817,0.0,True,0,9.447691734921817,0.0
1950-03,1960-03,10.854318205101938,-44.703149784726946,True,0,10.854318205101938,0.0,True,0,10.854318205101938,0.0,True,0,10.854318205101938,0.0
1950-04,1960-04,10.99627429261907,-43.74008610922275,True,0,10.99627429261907,0.0,True,0,10.99627429261907,0.0,True,0,10.99627429261907,0.0
1950-05,1960-05,10.49108469539376,-46.62361205529118,True,0,10.49108469539376,0.0,True,0,10.49108469539376,0.0,True,0,10.49108469539376,0.0
1950-06,1960-06,12.645120111407682,-51.18400181282574,True,0,12.645120111407682,0.0,True,0,12.645120111407682,0.0,True,0,12.645120111407682,0.0
1950-07,1960-07,11.203709396454553,-44.714479945615224,True,0,11.203709396454553,0.0,True,0,11.203709396454553,0.0,True,0,11.203709396454553,0.0
1950-08,1960-08,10.26407682234832,-35.10650351234988,True,0,10.26407682234832,0.0,True,0,10.26407682234832,0.0,True,0,10.26407682234832,0.0
1950-09,1960-09,11.840799382120101,-41.321096759574,True,0,11.840799382120101,0.0,True,0,11.840799382120101,0.0,True,0,11.840799382120101,0.0
1950-10,1960-10,11.775244913338359,-39.85950600498528,True,0,11.775244913338359,0.0,True,0,11.775244913338359,0.0,True,0,11.775244913338359,0.0
1950-11,1960-11,11.728200455580867,-37.825742125538184,True,0,11.728200455580867,0.0,True,0,11.728200455580867,0.0,True,0,11.728200455580867,0.0
1950-12,1960-12,13.312825041703466,-42.26716519374576,True,0,13.312825041703466,0.0,True,0,13.312825041703466,0.0,True,0,13.312825041703466,0.0
1951-01,1961-01,12.941609633544138,-34.60797643326535,True,0,12.941609633544138,0.0,True,0,12.941609633544138,0.0,True,0,12.941609633544138,0.0
1951-02,1961-02,12.512557452396585,-30.976659868570135,True,0,12.512557452396585,0.0,True,0,12.512557452396585,0.0,True,0,12.512557452396585,0.0
1951-03,1961-03,12.869769704832956,-30.13822796283708,True,0,12.869769704832956,0.0,True,0,12.869769704832956,0.0,True,0,12.869769704832956,0.0
1951-04,1961-04,13.619847707333223,-31.55449807387266,True,0,13.619847707333223,0.0,True,0,13.619847707333223,0.0,True,0,13.619847707333223,0.0
1951-05,1961-05,13.199166863161203,-27.923181509177432,True,0,13.199166863161203,0.0,True,0,13.199166863161203,0.0,True,22,5.4692395375346035,-58.5637518319492
1951-06,1961-06,13.287309722328466,-25.940403353727636,True,0,13.287309722328466,0.0,True,0,13.287309722328466,0.0,True,21,5.657221950822342,-57.423872333496185
1951-07,1961-07,12.843181985429391,-23.017221844550207,True,0,12.843181985429391,0.0,True,0,12.843181985429391,0.0,True,20,5.683960267057481,-55.74336427291973
1951-08,1961-08,11.028011011699933,-17.686381146612284,True,0,11.028011011699933,0.0,True,19,5.21859631981762,-52.6787168213646,True,19,5.21859631981762,-52.6787168213646
1951-09,1961-09,9.965555555555556,-13.324269204622707,True,0,9.965555555555556,0.0,True,18,4.965738479075069,-50.17098192476794,True,18,4.965738479075069,-50.17098192476794
1951-10,1961-10,8.053243685262585,-6.475186947654676,True,1,8.449380362249762,4.918970448045767,True,17,4.329946262823644,-46.23351245725452,True,17,4.329946262823644,-46.23351245725452
1951-11,1961-11,8.425675246266286,-10.859959211420811,True,0,8.425675246266286,0.0,True,16,4.317798404168702,-48.754274548119206,True,16,4.317798404168702,-48.754274548119206
1951-12,1961-12,8.62700228832952,-5.925674144572857,True,14,3.5805153582764735,-58.496413486291274,True,15,4.6656896270965635,-45.91760299625469,True,15,4.6656896270965635,-45.91760299625469
1952-01,1962-01,7.997142252328535,0.0,True,13,3.7768113768713607,-52.77298742845717,True,14,4.921478586549423,-38.459534277804906,True,14,4.921478586549423,-38.459534277804906
1952-02,1962-02,8.28489525909592,-4.000846740050812,True,12,3.756167054060133,-54.66246782134914,True,13,4.89457743038593,-40.92167399446345,True,13,4.89457743038593,-40.92167399446345
1952-03,1962-03,8.18192695572902,-7.117908552074537,True,11,3.589038014546,-56.13456299517634,True,12,4.676795310210064,-42.839928350431535,True,12,4.676795310210064,-42.839928350431535
1952-04,1962-04,6.7996250986582485,0.0,True,10,3.4451025967858837,-49.33393316837871,True,11,4.489236280736037,-33.97817944960104,True,11,4.489236280736037,-33.97817944960104
1952-05,1962-05,6.1430754021748895,0.0,True,9,3.416760390892504,-44.38029541875984,True,10,4.452304184986159,-27.523204689789928,True,10,4.452304184986159,-27.523204689789928
1952-06,1962-06,5.857850903920373,0.0,True,8,3.6037839594111616,-38.479418160006,True,9,4.696010421755414,-19.833903273082566,True,9,4.696010421755414,-19.833903273082566
1952-07,1962-07,5.570080170609375,0.0,True,7,3.52503061658044,-36.71490340156457,True,8,4.5933886989089725,-17.53460348477447,True,8,4.5933886989089725,-17.53460348477447
1952-08,1962-08,5.578182820250373,0.0,True,6,3.541451100947239,-36.51245907375472,True,7,4.614785865494219,-17.270802800846763,True,7,4.614785865494219,-17.270802800846763
1952-09,1962-09,4.858014131647453,0.0,True,5,3.2649021519082244,-32.79348179250709,True,6,4.254421104054714,-12.42468653313793,True,6,4.254421104054714,-12.42468653313793
1952-10,1962-10,4.021070778661048,0.0,True,4,3.1479343180625325,-21.714028642123417,True,5,4.102002931118711,2.0127015144113525,True,5,4.102002931118711,2.0127015144113525
1952-11,1962-11,4.102489685588277,0.0,True,3,3.6035590212691506,-12.161655544725214,True,4,4.695717309884384,14.460185637518341,True,4,4.695717309884384,14.460185637518341
1952-12,1962-12,3.9032453079058014,0.0,True,2,3.550098722851216,-9.0475119342181,True,3,4.62605438853607,18.518156652011086,True,3,4.62605438853607,18.518156652011086
1953-01,1963-01,3.2264180161047693,0.0,True,1,3.645172577541176,12.97893079403163,True,2,4.749943006025077,47.220322423058136,True,2,4.749943006025077,47.220322423058136
1953-02,1963-02,3.750243682987178,-11.48792142288293,True,0,3.750243682987178,0.0,True,1,4.88685881778212,30.307767464582327,True,1,4.88685881778212,30.307767464582327
1953-03,1963-03,5.208076860446182,-32.074595168569154,True,0,5.208076860446182,0.0,True,0,5.208076860446182,0.0,True,0,5.208076860446182,0.0
1953-04,1963-04,4.692724754692518,-24.92478541721972,True,0,4.692724754692518,0.0,True,0,4.692724754692518,0.0,False,,1.0,-78.69041863152012
1953-05,1963-05,4.660661290806079,-26.20343332448456,True,0,4.660661290806079,0.0,True,0,4.660661290806079,0.0,False,,1.0,-78.54381733397652
1953-06,1963-06,4.483293383775667,-23.398371825502174,True,0,4.483293383775667,0.0,True,0,4.483293383775667,0.0,False,,1.0,-77.6949685332028
1953-07,1963-07,3.5920026933934164,-14.580568091319357,True,0,3.5920026933934164,0.0,True,6,3.904895971170359,8.71083082293984,False,,1.0,-72.16037722245454
1953-08,1963-08,3.298532249004811,-9.417308202813901,True,4,3.5736208493186936,8.339727477179547,True,5,3.8026126861679668,15.281961766941654,False,,1.0,-69.68348572909339
1953-09,1963-09,2.887040610375496,-0.2588266525086258,True,3,3.444053446223046,19.293557348855693,True,4,3.664742813705341,26.93769531799881,False,,1.0,-65.3624546739598
1953-10,1963-10,3.1766741488963706,-5.388903636846287,True,2,3.5946553776954624,13.157825109141452,True,3,3.8249950730594886,20.408795292660265,False,,1.0,-68.52053584572353
1953-11,1963-11,3.0260719519689876,-6.4109370852136855,True,1,3.3872469903426388,11.935441195925423,True,2,3.6042962921253414,19.108082997832156,False,,1.0,-66.95385913248607
1953-12,1963-12,3.2641883847069724,-16.390142465268575,True,0,3.2641883847069724,0.0,True,1,3.4733522903234886,6.4078380585038675,False,,1.0,-69.36451325281674
1954-01,1964-01,3.7359159886258055,-21.425095124325278,True,0,3.7359159886258055,0.0,True,0,3.7359159886258055,0.0,False,,1.0,-73.23280279737143
1954-02,1964-02,3.56889669035418,-21.86310945933988,True,0,3.56889669035418,0.0,True,0,3.56889669035418,0.0,False,,1.0,-71.9801359702357
1954-03,1964-03,3.7839251989225664,-28.54835855234048,True,0,3.7839251989225664,0.0,True,0,3.7839251989225664,0.0,False,,1.0,-73.57241627596815
1954-04,1964-04,3.565199780111681,-23.53995221661801,True,0,3.565199780111681,0.0,True,0,3.565199780111681,0.0,False,,1.0,-71.95108095825489
1954-05,1964-05,4.025781106132221,-27.922307760375187,True,0,4.025781106132221,0.0,True,0,4.025781106132221,0.0,False,,1.0,-75.16010002439619
1954-06,1964-06,3.905053290815593,-22.995752588266527,True,0,3.905053290815593,0.0,True,0,3.905053290815593,0.0,False,,1.0,-74.39215484326607
1954-07,1964-07,3.9767025089605728,-27.170161932572324,True,0,3.9767025089605728,0.0,True,0,3.9767025089605728,0.0,False,,1.0,-74.85353762956287
1954-08,1964-08,3.6986551504260623,-23.67489602690028,True,0,3.6986551504260623,0.0,True,0,3.6986551504260623,0.0,False,,1.0,-72.96314581031416
1954-09,1964-09,3.464634389320582,-22.27900185824264,True,0,3.464634389320582,0.0,True,0,3.464634389320582,0.0,True,120,1.0,-71.13692564264765
1954-10,1964-10,3.675540967663506,-27.20998141757366,True,0,3.675540967663506,0.0,True,0,3.675540967663506,0.0,True,119,0.9935673619611742,-72.96813256327891
1954-11,1964-11,3.699892917240324,-27.69445181842315,True,0,3.699892917240324,0.0,True,0,3.699892917240324,0.0,True,118,0.9934934235929117,-73.14804925938401
1954-12,1964-12,3.4164115813417957,-21.225997699318643,True,0,3.4164115813417957,0.0,True,0,3.4164115813417957,0.0,True,117,0.9994413545509065,-70.74587382828224
1955-01,1965-01,3.3624847746650426,-18.270507034775683,True,0,3.3624847746650426,0.0,True,2,3.5341963015647226,5.106685633001429,True,116,1.0205712971254406,-69.64829982829868
1955-02,1965-02,3.3054579143845877,-18.814706663127147,True,0,3.3054579143845877,0.0,True,1,3.4511237553342817,4.406827880512099,True,115,0.9965824043114284,-69.85039803488247
1955-03,1965-03,3.222674253200569,-22.24139456685249,True,0,3.222674253200569,0.0,True,0,3.222674253200569,0.0,True,114,0.930612949072895,-71.12295950642032
1955-04,1965-04,3.398827233600047,-23.416069374391668,True,0,3.398827233600047,0.0,True,0,3.398827233600047,0.0,True,113,0.9666537959136728,-71.55919587916829
1955-05,1965-05,3.1338267653530703,-22.588708963808514,True,0,3.1338267653530703,0.0,True,0,3.1338267653530703,0.0,True,112,0.9009143711541778,-71.25194088216689
1955-06,1965-06,3.0076602264022467,-22.026811786567556,True,0,3.0076602264022467,0.0,True,0,3.0076602264022467,0.0,True,111,0.8709200397624113,-71.043270376182
1955-07,1965-07,3.0003554923569147,-19.102291832581198,True,0,3.0003554923569147,0.0,True,29,2.326893304773822,-22.446079782834595,True,110,0.9013908628607575,-69.95719790015035
1955-08,1965-08,3.24338706344286,-14.361560923812055,True,0,3.24338706344286,0.0,True,28,2.6627786142981362,-17.901300023328304,True,109,1.0315059602540193,-68.19664319808089
1955-09,1965-09,3.150558673600741,-14.073975754358015,True,0,3.150558673600741,0.0,True,27,2.5952537484359435,-17.625601764468822,True,108,1.0053482086376444,-68.08984333281303
1955-10,1965-10,3.056626829923992,-9.483674011149434,True,1,3.1801261187957692,4.040378356387331,True,26,2.6523869106949722,-13.225033401904406,True,107,1.027480426870846,-66.38515317565292
1955-11,1965-11,3.4915581773799844,-12.998849659322198,True,0,3.4915581773799844,0.0,True,25,2.912137085657329,-16.59491442750195,True,106,1.128102330701675,-67.69057614419626
1955-12,1965-12,3.330663158636567,-5.829130165472096,True,17,2.724290984551533,-18.205748981630943,True,24,3.0068712489131135,-9.721544758551936,True,105,1.1648004074825629,-65.02797334932593
1956-01,1966-01,3.472299626883295,-6.322449340766312,True,16,2.82526323879794,-18.634232572438712,True,23,3.118316968167456,-10.194473310287755,True,104,1.2079721991735335,-65.21117619513157
1956-02,1966-02,3.430687999271718,-2.798424918148845,True,15,2.8964145722849897,-15.573361002228891,True,22,3.1968485568256537,-6.816109261340719,True,103,1.2383937300263714,-63.90246707688769
1956-03,1966-03,3.4853044702569513,0.0,True,14,3.044116516793482,-12.65851971408808,True,21,3.3598710580450883,-3.5989226560345644,True,102,1.3015453118966833,-62.656194802954246
1956-04,1966-04,3.2823763045590915,0.0,True,13,2.985320113749904,-9.050034586119459,True,20,3.294975929421247,0.3838568065658743,True,101,1.2764062666874791,-61.11334751854621
1956-05,1966-05,3.1000348053968843,0.0,True,12,2.9093651525632156,-6.150564906617495,True,19,3.211142451169598,3.5840773651729663,True,100,1.2439308922717975,-59.87364754401388
1956-06,1966-06,2.972972972972973,0.0,True,11,2.872377219275997,-3.383675351625548,True,18,3.170317901300024,6.63796577100082,True,99,1.2281162968379025,-58.69063365181601
1956-07,1966-07,2.995962745333174,-0.4951971839389113,True,10,2.880255168703405,-3.8621166705095744,True,17,3.1790130002332844,6.109897567493072,True,98,1.2314846002809658,-58.895196470675224
1956-08,1966-08,2.9634791063217802,-1.8177117514865726,True,9,2.8111597878718,-5.139881638613475,True,16,3.102750620321083,4.699594935635099,True,97,1.2019421144730247,-59.441518858391596
1956-09,1966-09,2.9873203547039036,-2.4421772766143435,True,8,2.815752055952655,-5.743217277688107,True,15,3.1078192267724227,4.033677602697638,True,96,1.2039055889191033,-59.69948160988474
1956-10,1966-10,2.835760390428212,0.0,True,7,2.7688494350933825,-2.3595419260625805,True,14,3.0560515767819663,7.768328632324595,True,95,1.1838518603714994,-58.25275420421778
1956-11,1966-11,2.4977721082324194,0.0,True,6,2.671220505725924,6.944124202597801,True,13,2.9482959726846656,18.037028396920697,True,94,1.1421095438002677,-54.27486999170248
1956-12,1966-12,2.6443165677240774,-1.3367350605483663,True,5,2.7901391130581814,5.514564599185312,True,12,3.079549551460141,16.459186053909658,True,93,1.1929544950420217,-54.88609383600469
1957-01,1967-01,2.576895980837648,0.0,True,4,2.8112942894473902,9.096149412035981,True,11,3.1028990732296995,20.41227493478679,True,92,1.2019996220927842,-53.354748075548585
1957-02,1967-02,2.6149674620390453,0.0,True,3,2.872223503189608,9.837829528860187,True,10,3.1701482408330333,21.230886688015627,True,91,1.2280505738438914,-53.03763462944554
1957-03,1967-03,2.501942314964419,0.0,True,2,2.796825762816078,11.786180923833678,True,9,3.086929781774225,23.381333107119428,True,90,1.1958134452814997,-52.20459568035621
1957-04,1967-04,2.4372806050636773,0.0,True,1,2.7615863500115285,13.306048727999386,True,8,3.0480351197166677,25.058850974487346,True,89,1.1807464489044799,-51.55475957707253
1957-05,1967-05,2.8935900391976017,-11.743458427309273,True,0,2.8935900391976017,0.0,True,7,3.193731045744704,10.372616800627776,True,88,1.2371860700114192,-57.243906246149045
1957-06,1967-06,2.8586898293410887,-11.363597822584758,True,0,2.8586898293410887,0.0,True,6,3.1687909570971105,10.847666108200983,True,87,1.2275247898918036,-57.059881862918274
1957-07,1967-07,3.036716307388514,-17.556682324611238,True,0,3.036716307388514,0.0,True,5,3.1309354653998693,3.102665790087622,True,86,1.212860346853101,-60.060136539520045
1957-08,1967-08,2.5357985986515326,-10.208753751971377,True,0,2.5357985986515326,0.0,True,4,2.8474964477339735,12.291900833457081,True,85,1.103061869983487,-56.500414876399695
1957-09,1967-09,2.50101067346746,-10.232495039766665,True,0,2.50101067346746,0.0,True,3,2.8076898606663425,12.262210251733773,True,84,1.087641612513658,-56.511916400351616
1957-10,1967-10,2.6938587733208044,-13.376519866370485,True,0,2.6938587733208044,0.0,True,2,2.9182660700273586,8.3303289292304,True,83,1.1304765738603222,-58.035046786556364
1957-11,1967-11,2.6082703696140492,-16.956366904644817,True,0,2.6082703696140492,0.0,True,1,2.708777808410918,3.8534133565202966,True,82,1.0493251070052496,-59.769312291021414
1957-12,1967-12,2.7219264946026773,-20.037646899218263,True,0,2.7219264946026773,0.0,True,0,2.7219264946026773,0.0,True,81,1.0544186390411014,-61.2620457924961
1958-01,1968-01,2.510426630954658,-11.360206210042566,True,0,2.510426630954658,0.0,True,45,0.9869801656249295,-60.68476355950687,True,80,1.078021409265299,-57.05823878806798
1958-02,1968-02,2.5556081490457436,-10.434295986026576,True,0,2.5556081490457436,0.0,True,44,1.015238696963543,-60.274085941437065,True,79,1.1088865703277113,-56.609679353942965
1958-03,1968-03,2.5683044643194077,-10.12565924468788,True,0,2.5683044643194077,0.0,True,43,1.023798241457379,-60.137193402080456,True,78,1.1182356662257749,-56.46015954256796
1958-04,1968-04,2.6161489120865298,-5.616510369855343,True,20,1.6643082479882956,-36.38327542062911,True,42,1.095192965829516,-58.13720844521666,True,77,1.196215998619817,-54.27569152912761
1958-05,1968-05,2.611461328285443,-5.039936237684195,True,19,1.6714749451353328,-35.99465069495243,True,41,1.099908989026032,-57.881475129935076,True,76,1.2013670382754287,-53.996368804580875
1958-06,1968-06,2.6199137606515865,-0.8936899048652913,True,18,1.7501028712509143,-33.199981711777625,True,40,1.151649855961971,-56.04245173033675,True,75,1.2578805977506307,-51.98770980011995
1958-07,1968-07,2.8043561931420564,-3.0677135444046932,True,17,1.832216989758595,-34.66532553035845,True,39,1.205684801167347,-57.006716760310184,True,74,1.3168998463725012,-53.040920779146084
1958-08,1968-08,2.865555612011585,0.0,True,16,1.9338766459400147,-32.51303035844916,True,38,1.2725816278177675,-55.590405487736085,True,73,1.3899673849642222,-51.49396580761236
1958-09,1968-09,3.1385363357215965,-0.7164270108226178,True,15,2.1029284016093635,-32.99652523774689,True,37,1.3838256199652503,-55.908567818218735,True,72,1.5114727701420436,-51.8414761384455
1958-10,1968-10,2.871865332719015,0.0,True,14,1.9948907278712509,-30.536759326993412,True,36,1.312731758316974,-54.28992636384833,True,71,1.4338210527180566,-50.07352759954979
1958-11,1968-11,2.751021650987996,0.0,True,13,1.962109089246525,-28.677075713240676,True,35,1.2911599010161638,-53.06616723454505,True,70,1.4102593593651158,-48.73688620885124
1958-12,1968-12,2.5570069829039244,0.0,True,12,1.9420720555961957,-24.049012435991223,True,34,1.27797459214297,-50.02068431226541,True,69,1.395857808302457,-45.41048117446989
1959-01,1969-01,2.65435876611605,0.0,True,11,2.092012618873445,-21.18576261887346,True,33,1.3766425224330765,-48.13653150408798,True,68,1.5036270877319813,-43.352529924500715
1959-02,1969-02,2.4554098772672055,0.0,True,10,2.0100356620336504,-18.138487564008777,True,32,1.3226978360448587,-46.131281449556596,True,67,1.444706423601127,-41.162311149084395
1959-03,1969-03,2.40703405896581,0.0,True,9,2.1043114484272127,-12.576581931236275,True,31,1.3847357297049288,-42.471286413791546,True,66,1.51246683042646,-37.1647100383658
1959-04,1969-04,2.5546346958480846,-2.5063737987840784,True,8,2.177372896854425,-14.767739575713257,True,30,1.4328135929778638,-43.913171017893816,True,65,1.5649795026412425,-38.7395972823542
1959-05,1969-05,2.500069078988684,0.0,True,7,2.275203456474031,-8.994376371616685,True,29,1.4971906943159512,-40.1140269723432,True,64,1.6352948908587532,-34.59001174798518
1959-06,1969-06,2.449924080635007,0.0,True,6,2.2684368141916607,-7.407873079736649,True,28,1.492737926002813,-39.07003332054667,True,63,1.6304313893019395,-33.44971780189447
1959-07,1969-07,2.182206314114936,0.0,True,5,2.132395299926847,-2.2825987564008776,True,27,1.4032162225180707,-35.697362186068545,True,62,1.532652004962086,-29.765943987578357
1959-08,1969-08,2.1816500856465466,0.0,True,4,2.1982329005120707,0.7601042428676097,True,26,1.4465404547540075,-33.69512075877578,True,61,1.5799725606500006,-27.579011361862594
1959-09,1969-09,2.234010725999468,0.0,True,3,2.3044874725676663,3.154718361375264,True,25,1.516460951779227,-32.119352242555536,True,60,1.6563426796907732,-25.85789045619974
1959-10,1969-10,2.230820784551909,0.0,True,2,2.434962509144111,9.150969275786402,True,24,1.602319651600966,-28.173537619122826,True,59,1.7501211767702078,-21.548105123928906
1959-11,1969-11,2.253395842076709,0.0,True,1,2.5162422275054857,11.664456839795157,True,23,1.655805522335296,-26.519544794698792,True,58,1.808540703071728,-19.741544326051773
1959-12,1969-12,2.6838309253840524,-10.445988965432518,True,0,2.6838309253840524,0.0,True,22,1.7660867537664253,-34.195305037194146,True,57,1.9289945203453744,-28.12533374957895
1960-01,1970-01,2.4096093512271386,-2.4464393559415654,True,20,1.5061223954405043,-37.49516307805316,True,21,1.7272754623883988,-28.317199569766295,True,56,1.8866031892082842,-21.70501877213017
1960-02,1970-02,2.344974681299628,0.0,True,19,1.5611222970624308,-33.42690181212412,True,20,1.7903513324457883,-23.651570879496976,True,55,1.9554973176803068,-16.60902212400288
1960-03,1970-03,2.3820423033723768,0.0,True,18,1.6552110865530287,-30.51294327520282,True,19,1.8982557483584175,-20.30973817421455,True,54,2.073355076690518,-12.958931344117374
1960-04,1970-04,1.9361195560602178,0.0,True,17,1.3866848556793663,-28.378139080361777,True,18,1.5903001857827321,-17.861467758798355,True,53,1.7369930087165122,-10.28482702529514
1960-05,1970-05,2.0497738929861304,-9.484084832057427,True,16,1.3288516655407845,-35.17081712827845,True,17,1.5239749983076474,-25.651555836360775,True,52,1.664549838567896,-18.793490137443225
1960-06,1970-06,1.9622348870717585,-0.2206878868905804,True,15,1.4022876181356703,-28.53619985177702,True,16,1.6081939962843457,-18.042737549924404,True,51,1.7565373840605312,-10.482817544753242
1960-07,1970-07,1.9747752361963467,0.0,True,14,1.4160933411161318,-28.290910521862877,True,15,1.6240268971275127,-17.761430903114682,True,50,1.7738307468596728,-10.17556254775186
1960-08,1970-08,1.8134892621730812,0.0,True,13,1.398418080578201,-22.887986725518605,True,14,1.6037562711074007,-11.565163105204167,True,49,1.7516903132522204,-3.4077372394699434
1960-09,1970-09,1.6840526062602428,0.0,True,12,1.354626720796469,-19.561496133741695,True,13,1.553534760926958,-7.7502237666508655,True,48,1.696836259375796,0.7591005808269768
1960-10,1970-10,1.6912788186167063,0.0,True,11,1.38660615322057,-18.01433696457734,True,12,1.5902099269655736,-5.9758858526825716,True,47,1.7368944242254953,2.6971073667260814
1960-11,1970-11,1.5463924734106604,0.0,True,10,1.3054573596636783,-15.58046342631153,True,11,1.497145564907372,-3.184631932065185,True,46,1.6352455986132448,5.745832751411006
1960-12,1970-12,1.4646755754730194,0.0,True,9,1.30327336643209,-11.019655939084283,True,10,1.494640882731232,2.0458665222525596,True,45,1.6325098789875374,11.458804005816493
1961-01,1971-01,1.4063661010141582,0.0,True,8,1.377883297370682,-2.0252766063499794,True,9,1.5802062413972067,12.36094500981566,True,44,1.7259679764711682,22.725368254150812
1961-02,1971-02,1.4643332699258131,0.0,True,7,1.4641411922110803,-0.01311707646597382,True,8,1.6791299050025952,14.66856210182701,True,43,1.8340165786252394,25.245845074472385
1961-03,1971-03,1.5142713124566822,0.0,True,6,1.5762134935365606,4.090560295921231,True,7,1.8076584606358734,19.374807259817505,True,42,1.9744008938327187,30.386204743557087
1961-04,1971-04,1.4999118835647656,0.0,True,5,1.6187652895922557,7.924025893108944,True,6,1.8564583944460742,23.77116381223159,True,41,2.027702241975633,35.18809099348519
1961-05,1971-05,1.4626845229942893,0.0,True,4,1.6109934217861523,10.139500108215893,True,5,1.8475453362517018,26.311949515234943,True,40,2.017967023487755,37.96324441559935
1961-06,1971-06,1.5182925074119915,0.0,True,3,1.7297160808798935,13.925088376302686,True,4,1.9837007619348481,30.653398620544415,True,39,2.1666817281861275,42.70515843349245
1961-07,1971-07,1.5250392491663136,0.0,True,2,1.7456139775566824,14.463544365231872,True,3,2.001933043000805,31.270919361268422,True,38,2.186595795371458,43.37964065953022
1961-08,1971-08,1.433539070252189,-8.187318794907316,True,1,1.5065355833491834,5.092049084100148,True,2,1.7277493211784796,20.523350708155654,True,37,1.8871207577861213,31.640692391741922
1961-09,1971-09,1.592577046427892,-12.63593963077133,True,0,1.592577046427892,0.0,True,1,1.8264247730366827,14.683605238020036,True,36,1.9948982525898966,25.262275822975113
1961-10,1971-10,1.7137592045189582,-23.821665539804936,True,0,1.7137592045189582,0.0,True,0,1.7137592045189582,0.0,True,35,1.8718401616785652,9.224222209442745
1961-11,1971-11,1.8424700930772833,-24.0353872775403,True,0,1.8424700930772833,0.0,True,0,1.8424700930772833,0.0,True,34,2.006777683757384,8.917788749866506
1961-12,1971-12,1.8942761412815858,-17.914809254781506,True,0,1.8942761412815858,0.0,True,4,1.9687323167104365,3.930587194033741,True,33,2.2294389720923737,17.693451525184244
1962-01,1972-01,1.890294744365181,-13.414620171206549,True,0,1.890294744365181,0.0,True,3,2.0723001697595795,9.628415141974145,True,32,2.346721654904989,24.145806462213383
1962-02,1972-02,2.0107926115192165,-13.887902089087001,True,0,2.0107926115192165,0.0,True,2,2.1923506623525486,9.029178334614985,True,31,2.4826696680167264,23.467216549049887
1962-03,1972-03,2.219775628303424,-17.71942289401004,True,0,2.219775628303424,0.0,True,1,2.312517229871882,4.177971880849096,True,30,2.618749127116486,17.973595787156114
1962-04,1972-04,2.42239665704212,-21.01921776698026,True,0,2.42239665704212,0.0,True,0,2.42239665704212,0.0,True,29,2.743179185527796,13.242361755789789
1962-05,1972-05,2.6602612868303246,-21.668977688138146,True,0,2.6602612868303246,0.0,True,0,2.6602612868303246,0.0,True,28,2.9877590923654527,12.310738315683967
1962-06,1972-06,2.5734615891421795,-17.381364381238306,True,0,2.5734615891421795,0.0,True,3,2.8405750505236087,10.379539469655219,True,27,3.048478923457358,18.458302867987154
1962-07,1972-07,2.7923993193420307,-19.186826031651428,True,0,2.7923993193420307,0.0,True,2,3.0148814991732507,7.9674199277359525,True,26,3.2355429951611447,15.869638441379209
1962-08,1972-08,2.870053706147625,-18.810377823361545,True,0,2.870053706147625,0.0,True,1,3.113157572417172,8.470359483128176,True,25,3.341011969800284,16.409388529694468
1962-09,1972-09,3.307482087084329,-25.150407389156904,True,0,3.307482087084329,0.0,True,0,3.307482087084329,0.0,True,24,3.5495592451714137,7.319076920549095
1962-10,1972-10,3.6029519181910565,-27.831956270125925,True,0,3.6029519181910565,0.0,True,0,3.6029519181910565,0.0,True,23,3.7281286198992794,3.4742817709060736
1962-11,1972-11,3.3769541274222856,-17.386521206009398,True,0,3.3769541274222856,0.0,True,8,3.510475998211943,3.9539142597586174,True,22,4.000032861497005,18.45090903116091
1962-12,1972-12,3.666453116309849,-18.61212655993947,True,0,3.666453116309849,0.0,True,7,3.754877503641004,2.4117146606295936,True,21,4.278517617870081,16.693640478792005
1963-01,1973-01,3.5415469635988397,-16.432508623356956,True,0,3.5415469635988397,0.0,True,6,3.724091190932818,5.15436415809889,True,20,4.243437969816714,19.818768844014677
1963-02,1973-02,3.413052895348915,-14.02369847472581,True,0,3.413052895348915,0.0,True,5,3.692425269290113,8.185410027541874,True,19,4.207356046104681,23.272512179292338
1963-03,1973-03,3.272877921883012,-8.372391506136589,True,2,3.36632255989709,2.8551214021546922,True,4,3.7735151191798013,15.296543569481912,True,18,4.299754360309884,31.375335803422534
1963-04,1973-04,2.8697828038955904,-8.748839714426504,True,1,2.939591574208072,2.432545425309529,True,3,3.2951664768057216,14.822852528515185,True,17,3.7546971402282225,30.83558571510723
1963-05,1973-05,2.9312493970091653,-10.915852079346333,True,0,2.9312493970091653,0.0,True,2,3.2858152244444767,12.096064831504428,True,16,3.7440417998241906,27.72853117323759
1963-06,1973-06,3.011485219945504,-11.04878356233453,True,0,3.011485219945504,0.0,True,1,3.370719116353516,11.928794935759734,True,15,3.8407860470083706,27.537934490605732
1963-07,1973-07,3.634645056165194,-20.528746433196186,True,0,3.634645056165194,0.0,True,0,3.634645056165194,0.0,True,14,4.141518036854169,13.945597791707387
1963-08,1973-08,3.614622589123755,-22.610384699127895,True,0,3.614622589123755,0.0,True,0,3.614622589123755,0.0,True,13,4.010819647889059,10.960952326183214
1963-09,1973-09,3.547208223219225,-25.416270355133307,True,0,3.547208223219225,0.0,True,0,3.547208223219225,0.0,True,12,3.793309399209681,6.937883555285351
1963-10,1973-10,3.459244810834683,-22.15486517768125,True,0,3.459244810834683,0.0,True,0,3.459244810834683,0.0,True,11,3.8610040830410024,11.614074579167433
1963-11,1973-11,3.485240702697214,-26.646459553304357,True,0,3.485240702697214,0.0,True,0,3.485240702697214,0.0,True,10,3.6655685449750663,5.174042703515358
1963-12,1973-12,3.490962146388912,-29.31139199889986,True,0,3.490962146388912,0.0,True,0,3.490962146388912,0.0,True,9,3.538197382581764,1.3530721392013056
1964-01,1974-01,3.3534545125700848,-23.96777557498594,True,0,3.3534545125700848,0.0,True,0,3.3534545125700848,0.0,True,8,3.655759388118925,9.014730166032713
1964-02,1974-02,3.5591676781138695,-27.771793314463167,True,0,3.5591676781138695,0.0,True,0,3.5591676781138695,0.0,True,7,3.6858933808729657,3.560543200545485
1964-03,1974-03,3.654270682474615,-29.972038550130055,True,0,3.654270682474615,0.0,True,0,3.654270682474615,0.0,True,6,3.669101155903157,0.4058394880178673
1964-04,1974-04,3.751176718821009,-29.395047156297615,True,0,3.751176718821009,0.0,True,0,3.751176718821009,0.0,True,5,3.797433517083871,1.2331276751312403
1964-05,1974-05,3.6385856306416198,-24.843289825011727,True,0,3.6385856306416198,0.0,True,0,3.6385856306416198,0.0,True,4,3.9209188074562733,7.759420980422749
1964-06,1974-06,3.3861812242976215,-22.114183560042623,True,0,3.3861812242976215,0.0,True,0,3.3861812242976215,0.0,True,3,3.7814299680421937,11.672403736352187
1964-07,1974-07,3.4313975603608284,-24.98481601595176,True,0,3.4313975603608284,0.0,True,0,3.4313975603608284,0.0,True,2,3.6906911594357683,7.556501236413826
1964-08,1974-08,3.189129463760962,-26.881381570654217,True,0,3.189129463760962,0.0,True,0,3.189129463760962,0.0,True,1,3.343394428333183,4.837212359208998
1964-09,1974-09,3.245072829292738,-30.25509093201011,True,0,3.245072829292738,0.0,True,0,3.245072829292738,0.0,True,0,3.245072829292738,0.0
1964-10,1974-10,2.9721762857615346,-30.703734687095306,True,0,2.9721762857615346,0.0,True,0,2.9721762857615346,0.0,True,0,2.9721762857615346,0.0
1964-11,1974-11,3.2477115049077567,-30.70889151186642,True,0,3.2477115049077567,0.0,True,0,3.2477115049077567,0.0,True,0,3.2477115049077567,0.0
1964-12,1974-12,3.1539435288315314,-30.29405360805838,True,0,3.1539435288315314,0.0,True,0,3.1539435288315314,0.0,True,0,3.1539435288315314,0.0
1965-01,1975-01,3.1857245204343663,-28.820347684585666,True,0,3.1857245204343663,0.0,True,0,3.1857245204343663,0.0,True,1,3.2624085996686096,2.4071158300839945
1965-02,1975-02,3.522789286685847,-30.49345083254069,True,0,3.522789286685847,0.0,True,0,3.522789286685847,0.0,True,0,3.522789286685847,0.0
1965-03,1975-03,3.9592944728409116,-35.094484489417034,True,0,3.9592944728409116,0.0,True,0,3.9592944728409116,0.0,True,0,3.9592944728409116,0.0
1965-04,1975-04,3.8115651346206145,-32.58081890377363,True,0,3.8115651346206145,0.0,True,0,3.8115651346206145,0.0,True,0,3.8115651346206145,0.0
1965-05,1975-05,4.01937772428006,-37.16580910580658,True,0,4.01937772428006,0.0,True,0,4.01937772428006,0.0,True,0,4.01937772428006,0.0
1965-06,1975-06,4.275537444227486,-39.25776102128049,True,0,4.275537444227486,0.0,True,0,4.275537444227486,0.0,True,0,4.275537444227486,0.0
1965-07,1975-07,3.9491797302223843,-37.132576235059524,True,0,3.9491797302223843,0.0,True,0,3.9491797302223843,0.0,True,0,3.9491797302223843,0.0
1965-08,1975-08,3.234019337676612,-28.057710598993836,True,0,3.234019337676612,0.0,True,0,3.234019337676612,0.0,True,110,1.129646270047711,-65.06989748369058
1965-09,1975-09,3.1758298331344887,-29.882080606900963,True,0,3.1758298331344887,0.0,True,0,3.1758298331344887,0.0,True,109,1.081189578667705,-65.95568290884812
1965-10,1975-10,3.479747017622414,-28.338471058753413,True,0,3.479747017622414,0.0,True,0,3.479747017622414,0.0,True,108,1.210735697096994,-65.20621496432099
1965-11,1975-11,3.153143115150456,-21.32060552582421,True,0,3.153143115150456,0.0,True,0,3.153143115150456,0.0,True,107,1.2045374247124117,-61.79883434644115
1965-12,1975-12,3.062468702171629,-18.761101497771094,True,0,3.062468702171629,0.0,True,11,3.1233123053351655,1.9867502032067108,True,106,1.2079564896857744,-60.556119681184015
1966-01,1976-01,3.167113263238073,-15.750088811982144,True,0,3.167113263238073,0.0,True,10,3.349752915027225,5.766754662964613,True,105,1.2955335160173034,-59.094184251158
1966-02,1976-02,3.070670885824029,-13.628341908941909,True,0,3.070670885824029,0.0,True,9,3.3295401414174837,8.430381021572298,True,104,1.2877161258015606,-58.06401357610827
1966-03,1976-03,2.90130532481632,-9.223840573897279,True,1,2.958447041861901,1.9695175325678216,True,8,3.306320627818818,13.959761474885092,True,103,1.2787358640163577,-55.925498323851386
1966-04,1976-04,2.997373976623243,-10.977160996069324,True,0,2.997373976623243,0.0,True,7,3.349824846605909,11.758655167204978,True,102,1.2955613359113103,-56.776787080441224
1966-05,1976-05,3.077277680546841,-13.242153031639958,True,0,3.077277680546841,0.0,True,6,3.351623136072967,8.915199861891377,True,101,1.296256833261465,-57.87650749050647
1966-06,1976-06,3.2457890159876914,-14.345140552124025,True,0,3.2457890159876914,0.0,True,5,3.490213708720265,7.530516972255974,True,100,1.3498574230432179,-58.41204045012589
1966-07,1976-07,3.096617745163442,-14.110218534774166,True,0,3.096617745163442,0.0,True,4,3.3389415987512674,7.825436444853651,True,99,1.2913521859481714,-58.297978884700456
1966-08,1976-08,3.238558070866142,-16.17065652109141,True,0,3.238558070866142,0.0,True,3,3.4082189021802463,5.23877687543608,True,98,1.3181455258655463,-59.298382273163554
1966-09,1976-09,3.2962338699221387,-16.033714174392333,True,0,3.2962338699221387,0.0,True,2,3.474582976672589,5.410693348486917,True,97,1.3438121600756698,-59.231892726488724
1966-10,1976-10,3.2242925150240804,-17.432359648419126,True,0,3.2242925150240804,0.0,True,1,3.342135360844765,3.654843512850592,True,96,1.292587389242047,-59.910976339180145
1966-11,1976-11,3.2416685248991164,-20.343673721966905,True,0,3.2416685248991164,0.0,True,0,3.2416685248991164,0.0,True,95,1.2537313432835822,-61.324505153635364
1966-12,1976-12,3.436987810756836,-16.79749722104441,True,0,3.436987810756836,0.0,True,8,3.717080763845444,8.149372895999019,True,94,1.3884491800086243,-59.60273191359142
1967-01,1977-01,3.391727211214469,-16.166645657380553,True,0,3.391727211214469,0.0,True,7,3.6959439330294637,8.969374683468857,True,93,1.3805538940896636,-59.296434880583114
1967-02,1977-02,3.3978070938306955,-14.349724396365005,True,0,3.3978070938306955,0.0,True,6,3.782814967080763,11.331069204873812,True,92,1.4130030184584994,-58.41426604164639
1967-03,1977-03,3.460105250140838,-16.59809999656211,True,0,3.460105250140838,0.0,True,5,3.751050138528912,8.408556022283765,True,91,1.4011378336648537,-59.50591868244983
1967-04,1977-04,3.5478069076841723,-17.64894628880509,True,0,3.5478069076841723,0.0,True,4,3.79766586230524,7.042631155599244,True,90,1.4185503053233366,-60.016135538523606
1967-05,1977-05,3.3375433284194593,-13.712570046869798,True,0,3.3375433284194593,0.0,True,3,3.7433640182321923,12.15926356242738,True,89,1.3982668206034135,-58.104908820297396
1967-06,1977-06,3.3302078732147398,-14.386395150292763,True,0,3.3302078732147398,0.0,True,2,3.7059686596955346,11.28340334256861,True,88,1.3842984518228985,-58.43207077381035
1967-07,1977-07,3.3177812548684917,-15.40916539655981,True,0,3.3177812548684917,0.0,True,1,3.6480322936217116,9.953972651711496,True,87,1.3626573562754725,-58.9286558818211
1967-08,1977-08,3.905219411922423,-23.06705018163481,True,0,3.905219411922423,0.0,True,0,3.905219411922423,0.0,True,86,1.4587250142576953,-62.646784715750236
1967-09,1977-09,3.976388123059725,-24.14253463667303,True,0,3.976388123059725,0.0,True,0,3.976388123059725,0.0,True,85,1.4645449360837934,-63.168964126246685
1967-10,1977-10,3.691442898150503,-21.155014152619078,True,0,3.691442898150503,0.0,True,0,3.691442898150503,0.0,True,84,1.4131421179285304,-61.718434852763224
1967-11,1977-11,3.865189035990824,-26.814915829160114,True,0,3.865189035990824,0.0,True,0,3.865189035990824,0.0,True,83,1.3734375652028763,-64.46648398269603
1967-12,1977-12,3.790972909378482,-26.459667900484728,True,0,3.790972909378482,0.0,True,0,3.790972909378482,0.0,True,82,1.3536047627658538,-64.29400063985756
1968-01,1978-01,3.895496113397348,-24.813494837445404,True,0,3.895496113397348,0.0,True,0,3.895496113397348,0.0,True,81,1.4220611759469195,-63.494735085059325
1968-02,1978-02,3.8692962504723027,-22.660806985778603,True,0,3.8692962504723027,0.0,True,0,3.8692962504723027,0.0,True,80,1.452938476304405,-62.44954166724626
1968-03,1978-03,4.002321566322594,-22.008755142500235,True,0,4.002321566322594,0.0,True,0,4.002321566322594,0.0,True,79,1.51556105771237,-62.13295127345565
1968-04,1978-04,3.80076507310775,-16.570023950586144,True,0,3.80076507310775,0.0,True,31,2.7803383120569523,-26.847930388300245,True,78,1.5396030101125315,-59.4922869343868
1968-05,1978-05,3.7404228838710565,-16.2107651581999,True,0,3.7404228838710565,0.0,True,30,2.747979120509227,-26.532929408632132,True,77,1.5216842163831354,-59.31785619896789
1968-06,1978-06,3.6202935087157853,-12.26923209149351,True,0,3.6202935087157853,0.0,True,29,2.784839761463373,-23.076961722608225,True,76,1.5420956726154873,-57.40412569028113
1968-07,1978-07,3.4943511107506695,-8.152939963100048,True,21,2.649239471792349,-24.185080782473822,True,28,2.8140790868488343,-19.4677638949595,True,75,1.5582868509270975,-55.40554450487545
1968-08,1978-08,3.301245338109001,-3.0568511281986344,True,20,2.6417051345113323,-19.978527375231746,True,27,2.8060759519108553,-14.99947248639768,True,74,1.5538551418119095,-52.93124313196367
1968-09,1978-09,3.1374761524287833,0.0,True,19,2.7301259979567893,-12.9833705399372,True,26,2.8999984928182787,-7.569066602360253,True,73,1.6058644336565073,-48.81668080844614
1968-10,1978-10,3.3822058225280616,-5.137487023116516,True,18,2.791881077604147,-17.453838586401304,True,25,2.965596065250921,-12.317693811009466,True,72,1.642188869260408,-51.44621718991252
1968-11,1978-11,3.476287566774049,-6.696343644180647,True,17,2.822387339664762,-18.810303076166345,True,24,2.998000472250273,-13.75855953618994,True,71,1.6601327008944096,-52.24409175001043
1968-12,1978-12,3.532411658073782,-7.649159424070973,True,16,2.8386668054031556,-19.639411252790516,True,23,3.0152928705280666,-14.639256055102567,True,70,1.6697083084113449,-52.7317744919392
1969-01,1979-01,3.3944794728617804,-0.5190753393013559,True,15,2.9384293768209164,-13.435052404555636,True,22,3.121262817324552,-8.04885278351346,True,69,1.7283888108386305,-49.08236079620539
1969-02,1979-02,3.4533647230088595,-4.417303960735075,True,14,2.872261530894093,-16.827159559574724,True,21,3.0509779097399106,-11.652021884278586,True,68,1.689468779123951,-51.07760359433031
1969-03,1979-03,3.33183235380387,0.0,True,13,2.901154981270574,-12.926141738242091,True,20,3.0816691535165064,-7.508276939617287,True,67,1.7064639523723413,-48.78301873669862
1969-04,1979-04,3.2668430501748094,0.0,True,12,2.9433292973627454,-9.902947519769967,True,19,3.1264676182007265,-4.29697508628617,True,66,1.7312709518576732,-47.00477111182209
1969-05,1979-05,3.14116843252802,0.0,True,11,2.95725812554391,-5.854837489121801,True,18,3.1412631187608957,0.003014363441811163,True,65,1.7394639106425,-44.623666383831086
1969-06,1979-06,3.1478527267322045,-0.2974082279593948,True,10,2.9547372204775058,-6.134832948654889,True,17,3.1385853592367634,-0.2944028294824874,True,64,1.7379811102919696,-44.78836015634782
1969-07,1979-07,3.3843288182290863,-6.276720270480729,True,9,2.9861941427976846,-11.764065988119121,True,16,3.171999577989119,-6.273895110200101,True,63,1.756484121795496,-48.099483940966195
1969-08,1979-08,3.346590820459756,-3.383018593038023,True,8,3.0440661773052327,-9.039785841310666,True,15,3.233472496445563,-3.38010620607192,True,62,1.7905245441014865,-46.49705804620884
1969-09,1979-09,3.257996676834561,0.0,True,7,3.1067246206818266,-4.643100382155973,True,14,3.3000296412405112,1.2901475530904705,True,61,1.8273803396809056,-43.91092069939214
1969-10,1979-10,3.024987091020044,0.0,True,6,3.0478498997313554,0.7557985546180257,True,13,3.2374916477012965,7.024974001115325,True,60,1.792750135621983,-40.73527979858397
1969-11,1979-11,2.9300266647285156,0.0,True,5,3.0507160694691433,4.1190548261379245,True,12,3.240536154777515,10.597497073555463,True,59,1.794436021198759,-38.75700713580284
1969-12,1979-12,2.797864592871471,0.0,True,4,3.107131370842635,11.053672102614541,True,11,3.3004617000005028,17.963596537501193,True,58,1.827619590769359,-34.67805427661321
1970-01,1980-01,2.9472529099515334,-2.197586913284766,True,3,3.201104846948428,8.613171137765342,True,10,3.4002823453757154,15.37124397755305,True,57,1.8828949381702853,-36.113560807333336
1970-02,1980-02,2.842044456767873,0.0,True,2,3.19955825040675,12.579458170948566,True,9,3.398639517299934,19.584319281375763,True,56,1.8819852276362825,-33.78058449597307
1970-03,1980-03,2.597796929172858,0.0,True,1,3.1008503916152708,19.364618411593316,True,8,3.2937899089159846,26.79166227071996,True,55,1.8239251088453348,-29.78954250184309
1970-04,1980-04,3.247171667486473,-16.223080733036134,True,0,3.247171667486473,0.0,True,7,3.4492155119142716,6.222148537782535,True,54,1.9099915149323279,-41.17984170480311
1970-05,1980-05,3.383626008074466,-19.717087667161938,True,0,3.383626008074466,0.0,True,6,3.4442619079915797,1.7920390661502195,True,53,1.907248473383316,-43.632999958270155
1970-06,1980-06,3.2134455196411778,-15.280435859336283,True,0,3.2134455196411778,0.0,True,5,3.45179781659608,7.41734364245632,True,52,1.9114214574842465,-40.518006426395516
1970-07,1980-07,3.1584644028233213,-14.44635958395246,True,0,3.1584644028233213,0.0,True,4,3.4261405597672914,8.474882816621164,True,51,1.8972138376152785,-39.932397657564955
1970-08,1980-08,3.2426824749907373,-15.51421495789993,True,0,3.2426824749907373,0.0,True,3,3.4735916642802955,7.120931237345962,True,50,1.923489727504138,-40.682143801032126
1970-09,1980-09,3.4261271206135255,-18.159881129271895,True,0,3.4261271206135255,0.0,True,2,3.555170386893548,3.766447120529315,True,49,1.9686636713914119,-42.53967812382635
1970-10,1980-10,3.3822486046731632,-16.227835562159477,True,0,3.3822486046731632,0.0,True,1,3.592493230242104,6.216119810898935,True,48,1.9893310706486207,-41.18318009208387
1970-11,1980-11,3.5788632835460965,-21.13046062407131,True,0,3.5788632835460965,0.0,True,0,3.5788632835460965,0.0,True,47,1.981783533404737,-44.62533557747146
1970-12,1980-12,3.5544199200861537,-21.262407132243666,True,0,3.5544199200861537,0.0,True,0,3.5544199200861537,0.0,True,46,1.9649552795203848,-44.71797582451211
1971-01,1981-01,3.4528107001761152,-16.754829123328363,True,0,3.4528107001761152,0.0,True,43,1.782452182972617,-48.376776552456214,True,45,2.0180578931994266,-41.55318468236637
1971-02,1981-02,3.201247973051666,-11.543536404160449,True,0,3.201247973051666,0.0,True,42,1.7560422441076446,-45.14507283127912,True,44,1.9881570711215588,-37.894312222670436
1971-03,1981-03,3.0517663213082016,-4.77265973254084,True,5,3.192911809008036,4.625042445560834,True,41,1.802183464056142,-40.94621690157457,True,43,2.0403972680864086,-33.14044873489033
1971-04,1981-04,3.109250540884376,-2.201882119861298,True,4,3.3408748574264484,7.449522433023059,True,40,1.885698629867704,-39.3519883627214,True,42,2.1349515238346934,-31.33549401176783
1971-05,1981-05,3.0694939197909075,-2.671421495789983,True,3,3.2823217504113944,6.933645616570727,True,39,1.8526493483517128,-39.64316604745337,True,41,2.0975337663963494,-31.665159755741346
1971-06,1981-06,2.9830777105806967,0.0,True,2,3.4249954289396003,14.814153744351444,True,38,1.9331790214464033,-35.19515047866173,True,40,2.1887079050228815,-26.629202542738327
1971-07,1981-07,2.9411968034145004,0.0,True,1,3.407947550346965,15.869415687879274,True,37,1.923556643274164,-34.599526252678345,True,39,2.1778136345300525,-25.954848312027934
1971-08,1981-08,3.4025145185585046,-13.695948662265778,True,0,3.4025145185585046,0.0,True,36,1.920490063100784,-43.55674156199013,True,38,2.174341711758078,-36.096034274109414
1971-09,1981-09,3.0703181303407803,-8.766940062143313,True,1,3.272166287755765,6.574177295190609,True,35,1.8319622181596584,-40.33314658646381,True,37,2.0741121976325267,-32.44634237943554
1971-10,1981-10,3.269515374419564,-14.394779060636687,True,0,3.269515374419564,0.0,True,34,1.8304780719860037,-44.01377995321499,True,36,2.072431876034552,-36.61348430262482
1971-11,1981-11,3.0905551620945584,-8.223655784700101,True,17,1.6518128887848362,-46.55287473771039,True,33,1.8550180849599966,-39.97783609522124,True,35,2.1002156041785476,-32.04406671210583
1971-12,1981-12,2.8307207027939305,0.0,True,16,1.6808064187925162,-40.622668384996274,True,32,1.8875783845412906,-33.318098720292525,True,34,2.1370797457261688,-24.504040839604414
1972-01,1982-01,2.772210747418169,0.0,True,15,1.7326582544367695,-37.49904273870814,True,31,1.9458090070963807,-29.810206207859103,True,33,2.20300733054207,-20.532472771278755
1972-02,1982-02,2.497868946849416,0.0,True,14,1.65163347066842,-33.87829762839881,True,30,1.8548165949165532,-25.74403884334887,True,32,2.099987481047697,-15.928836711132133
1972-03,1982-03,2.27771189790502,0.0,True,13,1.5886117632643597,-30.25405167679357,True,29,1.7840419885592969,-21.673939965795853,True,31,2.019857840341628,-11.320749467944546
1972-04,1982-04,2.2134240569258603,0.0,True,12,1.61712611561966,-26.940067785039602,True,28,1.8160641622928582,-17.952271431660506,True,30,2.0561127262105128,-7.107148321764933
1972-05,1982-05,2.014317571264769,0.0,True,11,1.6028711274678196,-20.426096146230133,True,27,1.8000555326217291,-10.636954256845755,True,29,2.0379880652654707,1.1751123228220361
1972-06,1982-06,1.944072546958795,0.0,True,10,1.5784133749641711,-18.808926270094283,True,26,1.772588999626506,-8.820840950639862,True,28,2.0068909877453365,3.231280688820548
1972-07,1982-07,1.808368880763762,0.0,True,9,1.5583294860546177,-13.826791500832524,True,25,1.7500344007391242,-3.2258064516129115,True,27,1.981355107037042,9.565870554033197
1972-08,1982-08,1.7516020045343,0.0,True,8,1.5586139294099115,-11.01780396601557,True,24,1.7503538361738513,-0.07125867390066487,True,26,1.9817167656591226,13.137388546549623
1972-09,1982-09,1.5994727620740494,0.0,True,7,1.5120855605612726,-5.463500447451263,True,23,1.6981015706394604,6.166332488058024,True,25,1.9225577610549303,20.199468640024463
1972-10,1982-10,1.5996399286908962,0.0,True,6,1.588320755831636,-0.7076075469386156,True,22,1.7837151815376144,11.507292956694371,True,24,2.0194878357513453,26.24640080121292
1972-11,1982-11,1.6216235089218232,0.0,True,5,1.72758203455768,6.534101476261034,True,21,1.9401083131843289,19.639873405280017,True,23,2.196553115132631,35.45395112044623
1972-12,1982-12,1.5393168892114737,0.0,True,4,1.7540680869871546,13.95107136683784,True,20,1.9698526665487213,27.969275225570534,True,22,2.230229096827141,44.884338790669155
1973-01,1983-01,1.5688467525226322,-0.8199019189929158,True,3,1.7730601510175414,13.016784345988142,True,19,1.991181124805881,26.92005268227473,True,21,2.2543767648245256,43.69642931660427
1973-02,1983-02,1.578805854740574,-1.6632296070999142,True,2,1.7691435848177262,12.055803410257049,True,18,1.9867827445892543,25.840852352027667,True,20,2.2493970037974145,42.47457957185181
1973-03,1983-03,1.6199923955680302,0.0,True,1,1.8551614434843877,14.516676038710564,True,17,2.083382477246368,28.604460301547018,True,19,2.3587653531040047,45.603483050729565
1973-04,1983-04,1.889701618920297,-12.676473454227255,True,0,1.889701618920297,0.0,True,16,2.1221717678048395,12.30195003046919,True,18,2.4026818377821977,27.146096173373536
1973-05,1983-05,1.890912721400109,-12.92428622470524,True,0,1.890912721400109,0.0,True,15,2.1175055532621725,11.983251754437664,True,17,2.39739883991042,26.785272148113105
1973-06,1983-06,1.897480706377591,-10.674291479023823,True,0,1.897480706377591,0.0,True,14,2.1797659766861277,14.876845353934431,True,16,2.467888887343339,30.061342866283635
1973-07,1983-07,1.8009176422980333,-3.6801247279695914,True,2,1.9662337324817587,9.179547487400729,True,13,2.230826502329421,23.87165575671797,True,15,2.5256986270882305,40.24509326619465
1973-08,1983-08,1.8822737802867213,-6.719795788520367,True,1,1.9902042955560897,5.734049764690852,True,12,2.258022743802952,19.96250319435433,True,14,2.556489685774297,35.819226328747675
1973-09,1983-09,2.036369503587571,-11.7784626437056,True,0,2.036369503587571,0.0,True,11,2.310400326315582,13.456831986790107,True,13,2.615790571837921,28.453631191665174
1973-10,1983-10,1.9909207550220973,-10.204077733344297,True,0,1.9909207550220973,0.0,True,10,2.299146370230583,15.481561203829264,True,12,2.60304906038308,30.74599045777633
1973-11,1983-11,2.088878130995284,-14.749349897493014,True,0,2.088878130995284,0.0,True,9,2.290165320123449,9.636138467889355,True,11,2.592880889123812,24.127915872640514
1973-12,1983-12,2.297255502925606,-17.711639175435,True,0,2.297255502925606,0.0,True,8,2.4311051483163295,5.826502329421479,True,10,2.7524502371645965,19.81471950591869
1974-01,1984-01,2.2913099170767888,-14.977482856591507,True,0,2.2913099170767888,0.0,True,7,2.5053812584773247,9.342749307070797,True,9,2.8365442127665492,23.795746338206424
1974-02,1984-02,2.2357118339581596,-14.276652292124826,True,0,2.2357118339581596,0.0,True,6,2.4647392423974366,10.244048672131466,True,8,2.7905301080802882,24.81618005035402
1974-03,1984-03,2.4471019717250244,-14.667191461636786,True,0,2.4471019717250244,0.0,True,5,2.6854936997503485,9.741797880914449,True,7,3.040464035832023,24.24754141686718
1974-04,1984-04,2.3757612469847587,-11.682547446496706,True,0,2.3757612469847587,0.0,True,4,2.698393976922018,13.580183208507801,True,6,3.0550694801852805,28.593287059576312
1974-05,1984-05,2.082716975439273,-8.81063244799658,True,1,2.1595439367177436,3.688785475149192,True,3,2.4424770497926125,17.273593992648053,True,5,2.7653252841106672,32.77489532764879
1974-06,1984-06,2.25467371444338,-12.054744267538442,True,0,2.25467371444338,0.0,True,2,2.5500702757956395,13.10152149554753,True,4,2.8871402539956317,28.05135552433542
1974-07,1984-07,2.22563785220438,-14.165069672264263,True,0,2.22563785220438,0.0,True,1,2.4568270723988124,10.387548898193465,True,3,2.78157210221029,24.97864823135023
1974-08,1984-08,2.6007450217216093,-22.242199247581574,True,0,2.6007450217216093,0.0,True,0,2.6007450217216093,0.0,True,2,2.9445132214046263,13.218066239167637
1974-09,1984-09,2.6960000000000006,-24.52887869020347,True,0,2.6960000000000006,0.0,True,0,2.6960000000000006,0.0,True,1,2.962596152508659,9.888581324505141
1974-10,1984-10,3.1305726725181175,-31.320324277435653,True,0,3.1305726725181175,0.0,True,0,3.1305726725181175,0.0,True,0,3.1305726725181175,0.0
1974-11,1984-11,2.909975582369402,-24.958968548604375,True,0,2.909975582369402,0.0,True,0,2.909975582369402,0.0,False,,1.0,-65.63545048079868
1974-12,1984-12,3.0082904822344956,-26.68926342096264,True,0,3.0082904822344956,0.0,True,0,3.0082904822344956,0.0,False,,1.0,-66.75852927416702
1975-01,1985-01,3.0302486652027905,-24.385005894390112,True,0,3.0302486652027905,0.0,True,0,3.0302486652027905,0.0,False,,1.0,-66.99940795343679
1975-02,1985-02,2.883399362098942,-18.349991115424956,True,0,2.883399362098942,0.0,True,6,3.0345222468766697,5.241136096656374,False,,1.0,-65.31871328180985
1975-03,1985-03,2.8050934565894536,-14.30741393903845,True,0,2.8050934565894536,0.0,True,5,3.098274380197854,10.451734608687936,False,,1.0,-64.3505638769041
1975-04,1985-04,2.770732066249855,-14.309897798727123,True,0,2.770732066249855,0.0,True,4,3.0602329229640173,10.448533087719202,False,,1.0,-63.90845537968291
1975-05,1985-05,2.8945511635240817,-15.783208726372289,True,0,2.8945511635240817,0.0,True,3,3.142021932881344,8.549538611574214,False,,1.0,-65.45232944569852
1975-06,1985-06,2.8421150171868317,-13.398512359112614,True,0,2.8421150171868317,0.0,True,2,3.172461009168664,11.62324501239973,False,,1.0,-64.81493556901103
1975-07,1985-07,2.8230295589239884,-17.210281650582083,True,0,2.8230295589239884,0.0,True,1,3.012458841985238,6.71014167961641,False,,1.0,-64.57706236766595
1975-08,1985-08,3.1308658636595355,-22.41626049191886,True,0,3.1308658636595355,0.0,True,0,3.1308658636595355,0.0,False,,1.0,-68.05995390581369
1975-09,1985-09,3.2678398205018033,-25.74425034248604,True,0,3.2678398205018033,0.0,True,0,3.2678398205018033,0.0,False,,1.0,-69.39874489177251
1975-10,1985-10,2.973189646258659,-16.847064937645552,True,0,2.973189646258659,0.0,False,,1.0,-66.36608763728344,False,,1.0,-66.36608763728344
1975-11,1985-11,2.9477939936763384,-17.272760275058797,True,0,2.9477939936763384,0.0,False,,1.0,-66.0763268347375,False,,1.0,-66.0763268347375
1975-12,1985-12,3.013127409570572,-17.037940001413876,True,0,3.013127409570572,0.0,False,,1.0,-66.81189129859865,False,,1.0,-66.81189129859865
1976-01,1986-01,2.796798701270814,-11.023178232217978,True,0,2.796798701270814,0.0,False,,1.0,-64.24483465522141,False,,1.0,-64.24483465522141
1976-02,1986-02,2.946972839378149,-11.560074057231951,True,0,2.946972839378149,0.0,False,,1.0,-66.06687422979394,False,,1.0,-66.06687422979394
1976-03,1986-03,3.4503990009746595,-12.176835524543417,True,0,3.4503990009746595,0.0,False,,1.0,-71.01784461108636,False,,1.0,-71.01784461108636
1976-04,1986-04,3.398246925032639,-11.021267570918958,True,0,3.398246925032639,0.0,False,,1.0,-70.57306246248143,False,,1.0,-70.57306246248143
1976-05,1986-05,3.577833053615655,-10.973501038444422,True,0,3.577833053615655,0.0,False,,1.0,-72.05012126014574,False,,1.0,-72.05012126014574
1976-06,1986-06,3.638441261878803,-7.2922299136954365,True,1,3.8032823261515385,4.530540756555057,False,,1.0,-72.51570307105565,False,,1.0,-72.51570307105565
1976-07,1986-07,3.772152362322618,-11.31035062545498,True,0,3.772152362322618,0.0,False,,1.0,-73.48993614392944,False,,1.0,-73.48993614392944
1976-08,1986-08,3.9115940010214985,-9.470192728405236,True,2,3.988937362658649,1.9772850049609492,False,,1.0,-74.43497459759746,False,,1.0,-74.43497459759746
1976-09,1986-09,3.6959444352434576,-7.707416613964268,True,1,3.8424133767516726,3.962963839811273,False,,1.0,-72.94331618018145,False,,1.0,-72.94331618018145
1976-10,1986-10,3.6396141420967774,-11.22551726378016,True,0,3.6396141420967774,0.0,False,,1.0,-72.524559995695,False,,1.0,-72.524559995695
1976-11,1986-11,4.012559357386943,-13.894137900068582,True,0,4.012559357386943,0.0,False,,1.0,-75.07825029032793,False,,1.0,-75.07825029032793
1976-12,1986-12,3.7710289830389603,-4.6417605597473095,True,67,2.6425763260171182,-29.924263698245447,False,,1.0,-73.48203886796622,False,,1.0,-73.48203886796622
1977-01,1987-01,4.0399841208108045,-5.184006236398464,True,66,2.814950126929211,-30.322742794239876,False,,1.0,-75.24742746267763,False,,1.0,-75.24742746267763
1977-02,1987-02,4.020712290145321,-2.9554108972656645,True,65,2.86737020645654,-28.685018983218402,False,,1.0,-75.12878495556674,False,,1.0,-75.12878495556674
1977-03,1987-03,4.282112833220158,-3.7703079412815588,True,64,3.0281448677914313,-29.283860894570136,False,,1.0,-76.64704226749677,False,,1.0,-76.64704226749677
1977-04,1987-04,4.564536531314657,-2.5744250342486064,True,63,3.2679778940983533,-28.4050445937142,False,,1.0,-78.09197071510819,False,,1.0,-78.09197071510819
1977-05,1987-05,4.928710700458005,-3.9674881873365098,True,62,3.4782521398243205,-29.428762384022644,False,,1.0,-79.71071826335691,False,,1.0,-79.71071826335691
1977-06,1987-06,4.8586676259513295,-4.926831225555473,True,61,3.394568721497091,-30.133753060903544,False,,1.0,-79.41822579797893,False,,1.0,-79.41822579797893
1977-07,1987-07,4.99946918626254,-6.413134650033725,True,60,3.438335430099072,-31.22599016017793,False,,1.0,-79.99787651961566,False,,1.0,-79.99787651961566
1977-08,1987-08,4.964130555015201,0.0,True,59,3.654721654348168,-26.37740660031902,False,,1.0,-79.85548548900044,False,,1.0,-79.85548548900044
1977-09,1987-09,4.940919918394948,0.0,True,58,3.6521465639251454,-26.08367218565362,False,,1.0,-79.76085391959057,False,,1.0,-79.76085391959057
1977-10,1987-10,4.481651150383593,-3.509815020952156,True,57,3.196403297912969,-28.677998562217788,False,,1.0,-77.68679519122304,False,,1.0,-77.68679519122304
1977-11,1987-11,4.595358616456919,-6.220865515027418,True,56,3.18541493496282,-30.681907532630916,False,,1.0,-78.23891270599,False,,1.0,-78.23891270599
1977-12,1987-12,4.431930286090101,-7.575061070819366,True,55,3.027767169141599,-31.682879158897393,False,,1.0,-77.43646818772028,False,,1.0,-77.43646818772028
1978-01,1988-01,4.621252936907116,-2.9008164304248685,True,54,3.316772628220969,-28.22784916765888,False,,1.0,-78.36084686008824,False,,1.0,-78.36084686008824
1978-02,1988-02,4.833324397912176,-0.7924959824328948,True,53,3.5443030687664283,-26.669456113944246,False,,1.0,-79.31030657838807,False,,1.0,-79.31030657838807
1978-03,1988-03,4.820377549671792,0.0,True,52,3.6871616157077707,-23.508862579471177,False,,1.0,-79.25473700565037,False,,1.0,-79.25473700565037
1978-04,1988-04,4.957214980358426,0.0,True,51,3.851981443623211,-22.29545301372632,False,,1.0,-79.82738283568052,False,,1.0,-79.82738283568052
1978-05,1988-05,5.012404543518282,-1.1638580602727155,True,50,3.8495355289465993,-23.199823647024452,False,,1.0,-80.04949538055273,False,,1.0,-80.04949538055273
1978-06,1988-06,5.009687649960131,0.0,True,49,3.8990575786848782,-22.16964706939546,False,,1.0,-80.03867566458044,False,,1.0,-80.03867566458044
1978-07,1988-07,4.983027275616193,0.0,True,48,3.919027868263204,-21.352470064924876,False,,1.0,-79.93187785879937,False,,1.0,-79.93187785879937
1978-08,1988-08,4.899541842049196,-0.2843962337583328,True,47,3.842409801630984,-21.576140678004187,False,,1.0,-79.58992835987789,False,,1.0,-79.58992835987789
1978-09,1988-09,4.837478951416752,0.0,True,46,3.92071838564015,-18.9512052658774,False,,1.0,-79.32807542848057,False,,1.0,-79.32807542848057
1978-10,1988-10,4.740449234532681,0.0,True,45,3.9289842293262645,-17.117892525778977,False,,1.0,-78.90495287418511,False,,1.0,-78.90495287418511
1978-11,1988-11,4.956723413596808,0.0,True,44,4.15312661469683,-16.212258216700736,False,,1.0,-79.82538228264066,False,,1.0,-79.82538228264066
1978-12,1988-12,5.0249506402192665,0.0,True,43,4.234577539145868,-15.728972435018985,False,,1.0,-80.09930700620048,False,,1.0,-80.09930700620048
1979-01,1989-01,5.083279948750801,0.0,True,42,4.434280434929121,-12.767337631703102,False,,1.0,-80.32766225582861,False,,1.0,-80.32766225582861
1979-02,1989-02,5.266957357958661,-2.2518099787856793,True,41,4.491047559140025,-14.731651427672821,False,,1.0,-81.0137061677755,False,,1.0,-81.0137061677755
1979-03,1989-03,5.353576884138656,-1.268514256097919,True,40,4.610827174083974,-13.873896389818707,False,,1.0,-81.32089962203108,False,,1.0,-81.32089962203108
1979-04,1989-04,5.41741789514618,0.0,True,39,4.733638206815986,-12.62187450857053,False,,1.0,-81.54102158343801,False,,1.0,-81.54102158343801
1979-05,1989-05,5.480408918544155,0.0,True,38,4.811340226450699,-12.208371711634825,False,,1.0,-81.75318639789299,False,,1.0,-81.75318639789299
1979-06,1989-06,5.274102566565183,-0.0852446746068325,True,37,4.626273504369511,-12.28320939950127,False,,1.0,-81.03942827469014,False,,1.0,-81.03942827469014
1979-07,1989-07,5.536132928503888,0.0,True,36,4.907817660009435,-11.349352998000573,False,,1.0,-81.93684991103989,False,,1.0,-81.93684991103989
1979-08,1989-08,5.349674416147591,0.0,True,35,4.8344303911216935,-9.631315570732157,False,,1.0,-81.30727363553986,False,,1.0,-81.30727363553986
1979-09,1989-09,5.4253122045607824,0.0,True,34,5.00370116595152,-7.771184822411437,False,,1.0,-81.56788103071099,False,,1.0,-81.56788103071099
1979-10,1989-10,5.516561583953148,-1.8950736913898147,True,33,4.99144070271606,-9.518988834722453,False,,1.0,-81.87276649083643,False,,1.0,-81.87276649083643
1979-11,1989-11,5.777936773955497,-1.802816729871326,True,32,5.232851919663919,-9.433901332195093,False,,1.0,-82.69278396213025,False,,1.0,-82.69278396213025
1979-12,1989-12,5.923745751179319,0.0,True,31,5.4641158200975,-7.7591096982903895,False,,1.0,-83.1187893268222,False,,1.0,-83.1187893268222
1980-01,1990-01,5.494691319354152,0.0,True,30,5.2216417114101485,-4.969334801069358,False,,1.0,-81.80061550541222,False,,1.0,-81.80061550541222
1980-02,1990-02,5.113459346715172,-0.04831446065104439,True,29,4.857006660975444,-5.0152483544133375,False,,1.0,-80.44376747333703,False,,1.0,-80.44376747333703
1980-03,1990-03,4.572846424524,-3.131870404954973,True,28,4.209507615752701,-7.9455720800665315,True,120,1.0,-78.13178254495847,False,,1.0,-78.13178254495847
1980-04,1990-04,4.3091605054795235,0.0,True,27,4.153955024374901,-3.6017567901512004,True,119,0.9868030666651101,-77.09987675301738,False,,1.0,-76.7936237527379
1980-05,1990-05,4.832591857870095,-0.14361537878921915,True,26,4.65184328173792,-3.7401994922831694,True,118,1.105080143893771,-77.13276485176173,False,,1.0,-79.30717036715082
1980-06,1990-06,4.648760679406756,0.0,True,25,4.484678633208275,-3.5295868622649773,True,117,1.0653689320874102,-77.08273224718107,False,,1.0,-78.48889050301437
1980-07,1990-07,4.550930182429251,-0.743301264791052,True,24,4.357667984633702,-4.246652663266914,True,116,1.0351966031196997,-77.25307658824333,False,,1.0,-78.02647019589723
1980-08,1990-08,3.7573140605836204,0.0,True,23,3.6475818861905505,-2.9204951362523435,True,115,0.8665103425732436,-76.93803795473384,True,120,1.0,-73.38524318500352
1980-09,1990-09,2.9652538133473514,0.0,True,22,2.9462600813245565,-0.6405432120953458,True,114,0.699906105478737,-76.39641833261341,True,119,0.8077296612528038,-72.76018472290602
1980-10,1990-10,3.5232807747439074,0.0,True,21,3.5374637746276365,0.402550940174784,True,113,0.8403509620435984,-76.1486235196603,True,118,0.9698106540171689,-72.47421604973677
1980-11,1990-11,3.152137536814149,-0.37940076215785545,True,20,3.1528191202570035,0.02162289668183881,True,112,0.7489757491965598,-76.23911582381186,True,117,0.8643586953299996,-72.57864908383398
1980-12,1990-12,3.3765072991718967,-1.2253260147537026,True,19,3.3485596904275154,-0.8277076359715085,True,111,0.7954753847924231,-76.44088064055076,True,116,0.9180218004439848,-72.81149664124423
1981-01,1991-01,3.2110708421962473,0.0,True,18,3.270552984521376,1.8524082852200419,True,110,0.7769443087078414,-75.8041990697271,True,115,0.8966359321235321,-72.07673152703575
1981-02,1991-02,3.695390630137983,-1.481663245570386,True,17,3.7080768539527775,0.3432985869296523,True,109,0.8808813743622929,-76.16269935908232,True,114,1.0165849512498284,-72.4904603329616
1981-03,1991-03,3.5848007515362728,0.0,True,16,3.6916237952957562,2.979887897917455,True,108,0.8769728272924524,-75.53635785987201,True,113,1.0120742756377712,-71.76762822301784
1981-04,1991-04,3.402476352553169,0.0,True,15,3.666239357041763,7.752089277289764,True,107,0.870942564237695,-74.40268575021389,True,112,1.0051150245377214,-70.4593090328608
1981-05,1991-05,3.4205146365434125,-1.752627964645126,True,14,3.6210797969132607,5.863596028126583,True,106,0.8602145731635116,-74.85131143795374,True,111,0.9927343401452824,-70.97704744370029
1981-06,1991-06,2.9604317552641146,0.0,True,13,3.270246894165749,10.465201177184191,True,105,0.7768715946558508,-73.75816573800593,True,110,0.8965520161580577,-69.71549793154843
1981-07,1991-07,3.081240275616804,-0.49774894438073813,True,12,3.3867563970076158,9.915361804416678,True,104,0.8045492979591702,-73.88878419103115,True,109,0.9284935890896929,-69.86623872090512
1981-08,1991-08,2.8577915447978315,-0.6563778214459082,True,11,3.136144216296362,9.740132096241538,True,103,0.7450145011165609,-73.93041131804226,True,108,0.8597871998897544,-69.91427868646107
1981-09,1991-09,3.207892160150225,-5.235769794926415,True,10,3.3580695527149373,4.681497540044477,True,102,0.7977345236645882,-75.13212776993007,True,107,0.9206289694080115,-71.30112474339228
1981-10,1991-10,3.3857863522993608,-5.312542104018847,True,9,3.541420483903578,4.596690854357144,True,101,0.8412909079083202,-75.15227423204121,True,106,0.9708954025983925,-71.32437485492737
1981-11,1991-11,3.005213707706512,-4.0431297680815215,True,8,3.1854949677622266,5.998949745018289,True,100,0.7567381410218993,-74.81915715074324,True,105,0.8733169171121977,-70.93993964979326
1981-12,1991-12,2.991961561292606,-2.3588419075122324,True,7,3.2271148316222216,7.85950171859906,True,99,0.7666252507884304,-74.37716912187776,True,104,0.884727178802981,-70.4298614578205
1982-01,1992-01,2.781102487491823,0.0,True,6,3.0922216543481675,11.186900456046533,True,98,0.7345803682066147,-73.5867206796429,True,103,0.8477456437798061,-69.51764102212725
1982-02,1992-02,2.826890339947884,-4.676328038773459,True,5,2.9961485970390673,5.987436254577294,True,97,0.7117574953011047,-74.82189226646031,True,102,0.8214068088182593,-70.9430961218891
1982-03,1992-03,2.6645552360174536,-8.31361238164271,True,4,2.7163342731336915,1.9432525329678985,True,96,0.6452855110580396,-75.78261833961798,True,101,0.7446945285635705,-72.05182619232846
1982-04,1992-04,2.3530213238079773,-6.667912643550422,True,3,2.4418021139891715,3.7730550625659776,True,95,0.5800683445378572,-75.34793507102128,True,100,0.6694303761167464,-71.55017809046525
1982-05,1992-05,2.5045900363790246,-7.490636231155657,True,2,2.5761785882775814,2.8582942061869288,True,94,0.6119904804631018,-75.56524335024992,True,99,0.7062702548312307,-71.80096364783472
1982-06,1992-06,2.211258312112639,-8.902210177779002,True,1,2.239757205760115,1.2888088872913483,True,93,0.5320710663115464,-75.93808631958493,True,98,0.6140389100624868,-72.23124468548257
1982-07,1992-07,2.233937276750612,-10.061347523999775,True,0,2.233937276750612,0.0,True,92,0.5306884986716344,-76.2442525045488,True,97,0.6124433519116096,-72.58457709240417
1982-08,1992-08,2.5354705210167077,-10.044930936679952,True,0,2.5354705210167077,0.0,True,91,0.6024299168291336,-76.23991634548514,True,96,0.6952368451138389,-72.57957292932544
1982-09,1992-09,2.5176906057681316,-12.730305777881036,True,0,2.5176906057681316,0.0,True,90,0.5803475264714173,-76.94921190309017,True,95,0.6697525672318934,-73.39813852832182
1982-10,1992-10,2.309829663252585,-8.330407813285312,True,60,0.7365416445567415,-68.11272899147114,True,89,0.5592777960304133,-75.7870545638908,True,94,0.6454369538966457,-72.05694583609363
1982-11,1992-11,2.239678454636875,-0.292972942938452,True,59,0.7767897618453561,-65.31690697666247,True,88,0.5898393786617614,-73.6641044413943,True,93,0.6807066802112683,-69.60694608630178
1982-12,1992-12,2.1112194963744293,0.0,True,58,0.7434623440152093,-64.78517059491219,True,87,0.5645328872648676,-73.26034132242845,True,92,0.6515016146124641,-69.14098151654626
1983-01,1993-01,2.1008012616817244,0.0,True,57,0.747803649806897,-64.4038842013895,True,86,0.5678293688053382,-72.97081931725509,True,91,0.6553059333591755,-68.8068573971346
1983-02,1993-02,2.09674147895572,-0.2208930248399965,True,56,0.7447098709248917,-64.4825135383026,True,85,0.5654801712449279,-73.03052489205466,True,90,0.6525948317773593,-68.87576087337274
1983-03,1993-03,2.192724120442992,0.0,True,55,0.8166666959513359,-62.75561123547333,True,84,0.6201191109539717,-71.71923703613521,True,89,0.7156511359257721,-67.36246346479781
1983-04,1993-04,2.422165769704604,0.0,True,54,0.9189169006511738,-62.06217955250683,True,83,0.6977607073943186,-71.19269390552843,True,88,0.8052537553356889,-66.75480409278948
1983-05,1993-05,2.3849356605168275,-0.2198792111674175,True,53,0.9028031578244535,-62.145596932840874,True,82,0.6855250671687716,-71.25603518292753,True,87,0.7911331619343323,-66.82790336730133
1983-06,1993-06,2.208331689390651,0.0,True,52,0.8605300056577981,-61.03257450898394,True,81,0.6534258158233115,-70.41088442635117,True,86,0.7540888824048623,-65.85255348969162
1983-07,1993-07,2.244817843866171,0.0,True,51,0.8952384884893679,-60.1197713687303,True,80,0.6797809906122156,-69.71776607756055,True,85,0.7845041855974798,-65.05265726833515
1983-08,1993-08,2.288128861093669,0.0,True,50,0.9236355394060366,-59.63358728998499,True,79,0.7013437089836877,-69.34859216589477,True,84,0.8093887337812188,-64.62661052252315
1983-09,1993-09,2.1383161448069092,0.0,True,49,0.8831836008195021,-58.697239275661275,True,78,0.6706273588288367,-68.63759549973398,True,83,0.7739403973382472,-63.806081751857405
1983-10,1993-10,2.1057403233373835,-0.4870998310040009,True,48,0.8654924392840954,-58.89842495334952,True,77,0.6571939380496291,-68.79036171905358,True,82,0.7584375001202924,-63.982382266477835
1983-11,1993-11,1.7603130391492066,-0.8758225127331931,True,47,0.7206901459430777,-59.05897815246536,True,76,0.5472412855710972,-68.91227449888177,True,81,0.63154616706129,-64.12307623611488
1983-12,1993-12,1.7604160981299437,0.0,True,46,0.765087168746464,-56.53941306494519,True,75,0.5809532545375404,-66.99909440985708,True,80,0.6704516103204321,-61.9151624986479
1984-01,1994-01,1.9840056492188185,0.0,True,45,0.8886046323661191,-55.21158759220278,True,74,0.6747437079830355,-65.99083736234779,True,79,0.7786908878424628,-60.75157910215305
1984-02,1994-02,1.9935996490773322,-1.6221888761389192,True,44,0.8784170816304298,-55.93814023608128,True,73,0.6670080002134724,-66.54253021552378,True,78,0.76976346090998,-61.38826262001811
1984-03,1994-03,1.7487185587102325,0.0,True,43,0.8395293836514235,-51.99173820911363,True,72,0.6374794240913663,-63.545910751839955,True,77,0.7356858802149636,-57.93000099698325
1984-04,1994-04,1.7962091134260945,0.0,True,42,0.8664711329301421,-51.76112143883779,True,71,0.6579370890030004,-63.37079663580766,True,76,0.7592951366848653,-57.727909795726205
1984-05,1994-05,2.1099978873451977,-9.484046040649819,True,41,0.9213069689313087,-56.33611889107157,True,70,0.6995755567378075,-66.84472714719092,True,75,0.8073481900519548,-61.73701429304456
1984-06,1994-06,1.9892069450961989,-5.49674000145699,True,40,0.9068259928381412,-54.41268717296346,True,69,0.688579724453769,-65.38420870934225,True,74,0.7946584023554981,-60.0514966874365
1984-07,1994-07,2.0452457868680303,-8.952247395643631,True,39,0.8982804335068157,-56.07958518851712,True,68,0.6820908291903558,-66.64993354002358,True,73,0.7871698647759656,-61.51221189012244
1984-08,1994-08,1.9489928383817385,-3.6187805055729605,True,38,0.9061495169786655,-53.506780572316146,True,67,0.6880660563800743,-64.69632710649773,True,72,0.7940656014984774,-59.25764395533668
1984-09,1994-09,1.8371154640724188,-3.026881328768116,True,37,0.859379557426651,-53.221255047212736,True,66,0.6525522465473336,-64.4795191533149,True,71,0.7530807360123059,-59.00743580139939
1984-10,1994-10,1.776379632098107,0.0,True,36,0.8780832364010781,-50.568942554021426,True,65,0.6667545016835971,-62.465540043595084,True,70,0.7694709098376842,-56.68319451913264
1984-11,1994-11,1.6690687642730269,0.0,True,35,0.8379348334112304,-49.79626655608775,True,64,0.6362686350605143,-61.87882436721264,True,69,0.7342885639091289,-56.00609276101618
1984-12,1994-12,1.7087190061164728,0.0,True,34,0.8663749327916841,-49.2968165221761,True,63,0.6578640414003125,-61.49957722449129,True,68,0.7592108357837694,-55.56842095943664
1985-01,1995-01,1.555149554297341,0.0,True,33,0.8192307151667645,-47.321419158499175,True,62,0.6220660463735534,-59.99959973916336,True,67,0.7178980051481291,-53.837365469812006
1985-02,1995-02,1.3839946631563829,0.0,True,32,0.7491060854714071,-45.873629038209465,True,61,0.568818346622549,-58.90024999624757,True,66,0.656447267476751,-52.56865615510134
1985-03,1995-03,1.2829073919222687,0.0,True,31,0.7089796459834905,-44.73649068923227,True,60,0.5383491575343266,-58.036787306394665,True,65,0.6212841683292678,-51.57217331187445
1985-04,1995-04,1.3525155134798885,-1.2278272536794366,True,30,0.7382701721587137,-45.41503111788954,True,59,0.5605903180239123,-58.552023068366225,True,64,0.6469516755670199,-52.166783366315904
1985-05,1995-05,1.2099314961123653,0.0,True,29,0.6780919339478428,-43.9561713926266,True,58,0.5148952067097059,-57.44426784788086,True,63,0.5942170351719528,-50.8883736739449
1985-06,1995-06,1.1269523365936964,0.0,True,28,0.6377058858671014,-43.413233624891504,True,57,0.4842288891594355,-57.0319991861363,True,62,0.5588264390721974,-50.41259324584259
1985-07,1995-07,1.3634009957244344,-5.043471510635012,True,27,0.7325939247196579,-46.26717106580968,True,56,0.5562801759146377,-59.199078065872925,True,61,0.6419775374667465,-52.91351997835121
1985-08,1995-08,1.425082788619613,-1.3111318118304682,True,26,0.7958351929098302,-44.155160720121735,True,55,0.6043011362404501,-57.59536631371442,True,60,0.6973963339501286,-51.062749510458126
1985-09,1995-09,1.4104660593223675,-1.4120478186616992,True,25,0.7868670558013516,-44.2122658251424,True,54,0.5974913652063262,-57.63872790435099,True,59,0.689537488302769,-51.11279114124556
1985-10,1995-10,1.3644020968401331,0.0,True,24,0.7755154394633174,-43.16078513369622,True,53,0.5888717480891714,-56.84030760045295,True,58,0.6795899819734649,-50.19137074419988
1985-11,1995-11,1.468622069422648,-1.3617250165578687,True,23,0.8233862097321155,-43.93477894174577,True,52,0.6252214359691065,-57.42802392892702,True,57,0.7215394961269702,-50.86962730918068
1985-12,1995-12,1.5186025110103203,0.0,True,22,0.8727483017820308,-42.52951016119454,True,51,0.6627035284660505,-56.360961893500594,True,56,0.7647958667152713,-49.6381797626256
1986-01,1996-01,1.5979929823483796,-0.45004349095556506,True,21,0.914241310360096,-42.78815235993435,True,50,0.6942103937732756,-56.55735654401452,True,55,0.8011565005810605,-49.86482985653063
1986-02,1996-02,1.4753772314441274,0.0,True,20,0.8840472057154303,-40.07992079082663,True,49,0.6712831194995406,-54.500916430540556,True,54,0.7746971807700022,-47.49158626965432
1986-03,1996-03,1.3497647179736803,0.0,True,19,0.9403387826245857,-30.333133611889107,True,48,0.7140269742448829,-47.09989343055223,True,53,0.8240259107865505,-38.95040373972654
1986-04,1996-04,1.3927711604688633,-0.2155779841850669,True,18,0.968208270224871,-30.4833200380935,True,47,0.7351890982290125,-47.21393441392641,True,52,0.8484481512889376,-39.08201322869756
1986-05,1996-05,1.317047142993395,0.0,True,17,0.964469642926171,-26.77030218264497,True,46,0.7323502482451063,-44.39453043566724,True,51,0.8451719642148449,-35.82826790133484
1986-06,1996-06,1.276226776759512,0.0,True,16,0.9897083422651576,-22.450432768842067,True,45,0.7515147371036793,-41.114326169220284,True,50,0.8672888252804162,-32.042734012950014
1986-07,1996-07,1.181793052875294,-0.8185025764421927,True,15,0.9089740233269963,-23.085177974648865,True,44,0.6902107873630984,-41.59630692668056,True,49,0.7965407375443496,-32.59896598593368
1986-08,1996-08,1.0881217329747785,0.0,True,14,0.8858714941858218,-18.58709670617752,True,43,0.6726683555450301,-38.180781142377775,True,48,0.7762958184058507,-28.657263715929805
1986-09,1996-09,1.2074459653311038,-3.6732586296947423,True,13,0.9469080660521574,-21.577603202102893,True,42,0.7190152249215741,-40.45156093387525,True,47,0.8297826230052158,-31.27786693314477
1986-10,1996-10,1.210295536003094,-8.757300223161323,True,12,0.8990478382642859,-25.71666906800956,True,41,0.6826735422583716,-43.59447573335291,True,46,0.7878423473066247,-34.90496131974409
1986-11,1996-11,1.1624376486202512,-2.431681134021979,True,11,0.9233614349019375,-20.566798916232965,True,40,0.7011355733486323,-39.68402742453833,True,45,0.8091485339534391,-30.392091574644596
1986-12,1996-12,1.0287296287480128,0.0,True,10,0.8504860962247376,-17.3265674033518,True,39,0.6457991791317342,-37.223624061680184,True,44,0.7452873294205911,-27.55265245663988
1987-01,1997-01,0.9142924836519806,0.0,True,9,0.8051824200616384,-11.933824847221885,True,38,0.6113987615262614,-33.12875557238133,True,43,0.7055873790387928,-22.826951806445127
1987-02,1997-02,0.9086929355330917,0.0,True,8,0.8151534106682881,-10.293854085035669,True,37,0.6189700288021028,-31.883477399438643,True,42,0.7143250327099047,-21.3898331573536
1987-03,1997-03,0.8347780767470576,0.0,True,7,0.7908354213302502,-5.263992507810222,True,36,0.6005046622048702,-28.06415514110028,True,41,0.6930149967068758,-16.982127824032055
1987-04,1997-04,0.822826404523347,0.0,True,6,0.8412513222028162,2.239222948872488,True,35,0.6387869428244072,-22.366742327083145,True,40,0.7371948278510161,-10.407003980619244
1987-05,1997-05,0.8101281305517958,0.0,True,5,0.8815626943769921,8.817687120251062,True,34,0.6693965567561527,-17.37152044082061,True,39,0.7725199848951263,-4.642246607466127
1987-06,1997-06,0.8522761255919513,-2.405904315247731,True,4,0.9051141574976366,6.199637690072146,True,33,0.6872798773867637,-19.359482596158482,True,38,0.7931583082387386,-6.936462911260389
1987-07,1997-07,0.830257553668925,-1.1476082848687619,True,3,0.8930988041312469,7.568886327456492,True,32,0.6781562651661334,-18.31977171790282,True,37,0.7826291641854359,-5.736580085663567
1987-08,1997-08,0.7003444590348846,0.0,True,2,0.8007638027431535,14.33856474664661,True,31,0.6080435750630828,-13.179355213147225,True,36,0.7017153116227077,0.1957397635032665
1987-09,1997-09,0.6877010697062151,-0.07045927615195735,True,1,0.7857535062534482,14.258002621563604,True,30,0.596645814188913,-13.240528411014507,True,35,0.6885616765024134,0.1251425705308229
1987-10,1997-10,0.7229919209454496,-12.54044493073554,True,0,0.7229919209454496,0.0,True,29,0.5489890912244478,-24.06705036115202,True,34,0.6335632297176459,-12.369251804481951
1987-11,1997-11,0.7333019494172376,-12.841107032788535,True,0,0.7333019494172376,0.0,True,28,0.5549036121872754,-24.328087136784127,True,33,0.6403889081570553,-12.67050242182245
1987-12,1997-12,0.7076024856241884,-17.154643896359556,True,0,0.7076024856241884,0.0,True,27,0.5089563365459825,-28.073127654855067,True,32,0.587363256432178,-16.992482592248848
1988-01,1998-01,0.7039304352832408,-9.246915581796156,True,25,0.4807029026083786,-31.711589879622416,True,26,0.5546437761941534,-21.207586944158606,True,31,0.6400890433079522,-9.069275708984037
1988-02,1998-02,0.6667906623707897,-3.021258416502659,True,24,0.4865770948708068,-27.027008275615216,True,25,0.5614215263613455,-15.80243125103189,True,30,0.6479109351356532,-2.8314324570786753
1988-03,1998-03,0.6293604861490327,0.0,True,23,0.4777744790051107,-24.085720422560243,True,24,0.5512649076314732,-12.408719682326307,True,29,0.6361896454627446,1.085095023282845
1988-04,1998-04,0.5701389364776417,0.0,True,22,0.4521642148948355,-20.692275870801303,True,23,0.5217153178154431,-8.493301468123382,True,28,0.6020878138235771,5.6037003091418125
1988-05,1998-05,0.5715779068961618,-0.06349757163707226,True,21,0.45301759164477096,-20.742634349743973,True,22,0.5226999594735903,-8.5514059995764,True,27,0.6032241437780739,5.536644523886602
1988-06,1998-06,0.5700616505938191,0.0,True,20,0.45762819658539455,-19.723034147500606,True,21,0.5280197595433024,-7.374972690536663,True,26,0.6093634820044522,6.894312460712526
1988-07,1998-07,0.5868152451146708,0.0,True,19,0.4734902501995404,-19.31186959755712,True,20,0.5463216862989048,-6.900563533902915,True,25,0.6304848995529743,7.4418063950894675
1988-08,1998-08,0.5155271423064063,-1.9550273488148084,True,18,0.407836900970427,-20.889344614172224,True,19,0.4705696545582205,-8.720682978407579,True,24,0.5430629404385264,5.341289696004803
1988-09,1998-09,0.4801084527929172,0.0,True,17,0.3875576397888644,-19.277063852065158,True,18,0.44717107314933563,-6.86040402995951,True,23,0.5160597065943706,7.488152643911072
1988-10,1998-10,0.4847490613789884,0.0,True,16,0.39212864018519894,-19.10687994532837,True,17,0.45244517677353074,-6.6640427345153075,True,22,0.5221463086406114,7.714764244253991
1988-11,1998-11,0.5031863930031205,0.0,True,15,0.4302643473243373,-14.492054374437535,True,16,0.4964468511980308,-1.339372824624041,True,21,0.5729266308856177,13.859722530705376
1988-12,1998-12,0.45897310918797035,0.0,True,14,0.40015535388394835,-12.81507655384958,True,15,0.46170654543210665,0.5955547698583974,True,20,0.5328344311055698,16.092734070690383
1989-01,1999-01,0.4591087130675431,0.0,True,13,0.41915050276089927,-8.703431054414612,True,14,0.48362349464400967,5.339646336195769,True,19,0.5581277809192802,21.56767341445982
1989-02,1999-02,0.4491877594917714,0.0,True,12,0.4153429739081215,-7.534663371491512,True,13,0.4792302984111313,6.6881918049928935,True,18,0.5530577938492678,23.123968131949766
1989-03,1999-03,0.4822541588151535,0.0,True,11,0.45781089784080076,-5.068543324625175,True,12,0.5282305635839356,9.53364609270373,True,17,0.6096067613172036,26.407776931347104
1989-04,1999-04,0.4953981138035823,0.0,True,10,0.4828149522476157,-2.540009984970515,True,11,0.5570806975879281,12.451113975940986,True,16,0.6429013829582072,29.774693331413783
1989-05,1999-05,0.4701831950797785,0.0,True,9,0.4657624496306804,-0.9402176631064019,True,10,0.5374052090612382,14.296983534269824,True,15,0.620194800520587,31.904927060473764
1989-06,1999-06,0.5320314707504303,-3.846469244967754,True,8,0.5067572001495144,-4.750521724827017,True,9,0.5847056998810892,9.900585214698276,True,14,0.6747821360616545,26.83124460849551
1989-07,1999-07,0.5110123714484262,0.0,True,7,0.5163582667548182,1.0461381377596668,True,8,0.5957835856366399,16.588877084900332,True,13,0.687566617920986,34.54989670252602
1989-08,1999-08,0.5064174353493345,-1.4953136805738731,True,6,0.504063512969332,-0.4648185895058443,True,7,0.5815976744845391,14.845507655822354,True,12,0.671195305941058,32.53795368993511
1989-09,1999-09,0.4940252705352562,0.0,True,5,0.5089461462032105,3.020265674221112,True,6,0.5872313457603204,18.8666614410391,True,11,0.6776968685872131,37.17858356779122
1989-10,1999-10,0.5047078097432758,-0.24502788693473443,True,4,0.5186773007277119,2.767837294125064,True,5,0.5984593293296132,18.575404972240285,True,10,0.6906545714761936,36.8424577831481
1989-11,1999-11,0.4979563328994582,0.0,True,3,0.5364892277084956,7.738207602395852,True,4,0.6190110555378588,24.310308884623154,True,9,0.7143723797913418,43.46084839041098
1989-12,1999-12,0.48654546332897086,0.0,True,2,0.5473619759950208,12.49965671243547,True,3,0.6315562308104115,29.80415570813648,True,8,0.7288501934493966,49.80104602405775
1990-01,2000-01,0.525416824083498,-4.4375726406733484,True,1,0.5648619810539955,7.507402725313006,True,2,0.6517480558163737,24.044002007975184,True,7,0.7521526562290092,43.15351579025168
1990-02,2000-02,0.5769983166623257,-11.110839870726274,True,0,0.5769983166623257,0.0,True,1,0.6657511811864065,15.381823821857221,True,6,0.7683130234883868,33.1568916756517
1990-03,2000-03,0.6783527265267866,-22.960864038244566,True,0,0.6783527265267866,0.0,True,0,0.6783527265267866,0.0,True,5,0.7828558912664652,15.405431518605672
1990-04,2000-04,0.6075315702658122,-23.97754437970937,True,0,0.6075315702658122,0.0,True,0,0.6075315702658122,0.0,True,4,0.691871737911193,13.882433732370437
1990-05,2000-05,0.49296877829693214,-14.865580545931522,True,0,0.49296877829693214,0.0,True,2,0.5262478709974269,6.750750588194365,True,3,0.6286941790420262,27.53225086870348
1990-06,2000-06,0.5451133116094307,-17.92489799148782,True,0,0.5451133116094307,0.0,True,1,0.5610014415675388,2.9146472154934155,True,2,0.6702133351707594,22.94936133406369
1990-07,2000-07,0.5067554548541903,-20.249348145114077,True,0,0.5067554548541903,0.0,True,0,0.5067554548541903,0.0,True,1,0.6054071136872714,19.46731068962373
1990-08,2000-08,0.6490499596395001,-33.24479190623262,True,0,0.6490499596395001,0.0,True,0,0.6490499596395001,0.0,True,0,0.6490499596395001,0.0
1990-09,2000-09,0.7504591703004743,-46.07983837956085,True,0,0.7504591703004743,0.0,True,0,0.7504591703004743,0.0,True,0,0.7504591703004743,0.0
1990-10,2000-10,0.5771033694396704,-35.26008797953124,True,0,0.5771033694396704,0.0,True,0,0.5771033694396704,0.0,True,0,0.5771033694396704,0.0
1990-11,2000-11,0.6523603372667462,-42.299555425588586,True,0,0.6523603372667462,0.0,True,0,0.6523603372667462,0.0,True,0,0.6523603372667462,0.0
1990-12,2000-12,0.5780476176698865,-38.717263676746796,True,0,0.5780476176698865,0.0,True,0,0.5780476176698865,0.0,True,0,0.5780476176698865,0.0
1991-01,2001-01,0.5943187565094271,-40.144881766744525,True,0,0.5943187565094271,0.0,True,0,0.5943187565094271,0.0,True,0,0.5943187565094271,0.0
1991-02,2001-02,0.4878425034893117,-32.137660034325336,True,0,0.4878425034893117,0.0,True,0,0.4878425034893117,0.0,True,0,0.4878425034893117,0.0
1991-03,2001-03,0.4944348175341282,-32.438771123451694,True,0,0.4944348175341282,0.0,True,0,0.4944348175341282,0.0,True,0,0.4944348175341282,0.0
1991-04,2001-04,0.5336519699363301,-32.9033373788123,True,0,0.5336519699363301,0.0,True,0,0.5336519699363301,0.0,True,0,0.5336519699363301,0.0
1991-05,2001-05,0.5142433273541835,-33.729812541772816,True,0,0.5142433273541835,0.0,True,0,0.5142433273541835,0.0,True,0,0.5142433273541835,0.0
1991-06,2001-06,0.5568276275430467,-40.150483594482154,True,0,0.5568276275430467,0.0,True,0,0.5568276275430467,0.0,True,0,0.5568276275430467,0.0
1991-07,2001-07,0.49172475980224495,-38.018217246588605,True,0,0.49172475980224495,0.0,True,0,0.49172475980224495,0.0,True,0,0.49172475980224495,0.0
1991-08,2001-08,0.47965492277668176,-42.60472655500187,True,0,0.47965492277668176,0.0,True,0,0.47965492277668176,0.0,True,0,0.47965492277668176,0.0
1991-09,2001-09,0.40870129500878893,-38.543221570017586,True,0,0.40870129500878893,0.0,True,0,0.40870129500878893,0.0,True,0,0.40870129500878893,0.0
1991-10,2001-10,0.4109993228209346,-35.18767536226225,True,0,0.4109993228209346,0.0,True,0,0.4109993228209346,0.0,True,0,0.4109993228209346,0.0
1991-11,2001-11,0.47151562434572575,-41.70154746636784,True,0,0.47151562434572575,0.0,True,0,0.47151562434572575,0.0,True,0,0.47151562434572575,0.0
1991-12,2001-12,0.45869846417711296,-40.93985307279526,True,0,0.45869846417711296,0.0,True,0,0.45869846417711296,0.0,True,0,0.45869846417711296,0.0
1992-01,2002-01,0.45396981798615543,-43.40856313889424,True,0,0.45396981798615543,0.0,True,0,0.45396981798615543,0.0,True,0,0.45396981798615543,0.0
1992-02,2002-02,0.4961771532714335,-45.1668175476997,True,0,0.4961771532714335,0.0,True,0,0.4961771532714335,0.0,True,0,0.4961771532714335,0.0
1992-03,2002-03,0.5698836190520497,-50.28776177944885,True,0,0.5698836190520497,0.0,True,0,0.5698836190520497,0.0,True,0,0.5698836190520497,0.0
1992-04,2002-04,0.6608436343312034,-55.31203593803763,True,0,0.6608436343312034,0.0,True,0,0.6608436343312034,0.0,True,0,0.6608436343312034,0.0
1992-05,2002-05,0.6411521848728047,-52.85278216830307,True,0,0.6411521848728047,0.0,True,0,0.6411521848728047,0.0,True,0,0.6411521848728047,0.0
1992-06,2002-06,0.6658738581959448,-59.00970478110858,True,0,0.6658738581959448,0.0,True,0,0.6658738581959448,0.0,True,0,0.6658738581959448,0.0
1992-07,2002-07,0.6208526814110124,-59.116216597496084,True,0,0.6208526814110124,0.0,True,0,0.6208526814110124,0.0,True,0,0.6208526814110124,0.0
1992-08,2002-08,0.5325970925391117,-53.589319729971365,True,0,0.5325970925391117,0.0,True,0,0.5325970925391117,0.0,True,0,0.5325970925391117,0.0
1992-09,2002-09,0.5392980548396812,-55.29052800310003,True,0,0.5392980548396812,0.0,True,0,0.5392980548396812,0.0,True,0,0.5392980548396812,0.0
1992-10,2002-10,0.5153142407290338,-56.91372183122208,True,0,0.5153142407290338,0.0,True,0,0.5153142407290338,0.0,True,0,0.5153142407290338,0.0
1992-11,2002-11,0.5211344942927505,-54.559283911679216,True,0,0.5211344942927505,0.0,True,0,0.5211344942927505,0.0,True,0,0.5211344942927505,0.0
1992-12,2002-12,0.5068818519404784,-56.50887414311951,True,0,0.5068818519404784,0.0,True,0,0.5068818519404784,0.0,True,0,0.5068818519404784,0.0
1993-01,2003-01,0.489899423042356,-56.25491605352777,True,0,0.489899423042356,0.0,True,0,0.489899423042356,0.0,True,0,0.489899423042356,0.0
1993-02,2003-02,0.49329719494967084,-56.43589620378526,True,0,0.49329719494967084,0.0,True,0,0.49329719494967084,0.0,True,0,0.49329719494967084,0.0
1993-03,2003-03,0.42883744947274155,-52.22655949873407,True,0,0.42883744947274155,0.0,True,0,0.42883744947274155,0.0,True,0,0.42883744947274155,0.0
1993-04,2003-04,0.37436553440431225,-46.24511799427844,True,0,0.37436553440431225,0.0,True,0,0.37436553440431225,0.0,True,0,0.37436553440431225,0.0
1993-05,2003-05,0.40990495004220934,-47.18774114519347,True,0,0.40990495004220934,0.0,True,0,0.40990495004220934,0.0,True,0,0.40990495004220934,0.0
1993-06,2003-06,0.4636605410923941,-49.660639733866944,True,0,0.4636605410923941,0.0,True,0,0.4636605410923941,0.0,True,0,0.4636605410923941,0.0
1993-07,2003-07,0.46924162444418926,-47.630259840008726,True,0,0.46924162444418926,0.0,True,0,0.46924162444418926,0.0,True,0,0.46924162444418926,0.0
1993-08,2003-08,0.4919268926027032,-45.969086647683845,True,0,0.4919268926027032,0.0,True,0,0.4919268926027032,0.0,True,0,0.4919268926027032,0.0
1993-09,2003-09,0.5082660597412378,-48.335447723512296,True,0,0.5082660597412378,0.0,True,0,0.5082660597412378,0.0,True,0,0.5082660597412378,0.0
1993-10,2003-10,0.5359389980292312,-49.370346853353155,True,0,0.5359389980292312,0.0,True,0,0.5359389980292312,0.0,True,0,0.5359389980292312,0.0
1993-11,2003-11,0.6156429082548788,-57.84100419700241,True,0,0.6156429082548788,0.0,True,0,0.6156429082548788,0.0,True,0,0.6156429082548788,0.0
1993-12,2003-12,0.6129926440698985,-55.243863236258115,True,0,0.6129926440698985,0.0,True,0,0.6129926440698985,0.0,True,0,0.6129926440698985,0.0
1994-01,2004-01,0.5330736087382942,-48.01832774135592,True,0,0.5330736087382942,0.0,True,0,0.5330736087382942,0.0,True,0,0.5330736087382942,0.0
1994-02,2004-02,0.5521733042625968,-48.614279983975706,True,0,0.5521733042625968,0.0,True,0,0.5521733042625968,0.0,True,0,0.5521733042625968,0.0
1994-03,2004-03,0.6129886479223436,-50.889135974603676,True,0,0.6129886479223436,0.0,True,0,0.6129886479223436,0.0,True,0,0.6129886479223436,0.0
1994-04,2004-04,0.5962809089872119,-49.31309514601627,True,0,0.5962809089872119,0.0,True,0,0.5962809089872119,0.0,True,0,0.5962809089872119,0.0
1994-05,2004-05,0.535738993658215,-46.10530356895529,True,0,0.535738993658215,0.0,True,0,0.535738993658215,0.0,True,0,0.535738993658215,0.0
1994-06,2004-06,0.5744482760792156,-46.952412987298,True,0,0.5744482760792156,0.0,True,0,0.5744482760792156,0.0,True,0,0.5744482760792156,0.0
1994-07,2004-07,0.5538443934024438,-47.452311871737685,True,0,0.5538443934024438,0.0,True,0,0.5538443934024438,0.0,True,0,0.5538443934024438,0.0
1994-08,2004-08,0.5372069653048474,-46.991985531866575,True,0,0.5372069653048474,0.0,True,0,0.5372069653048474,0.0,True,0,0.5372069653048474,0.0
1994-09,2004-09,0.5532444856088868,-49.727938756091014,True,0,0.5532444856088868,0.0,True,0,0.5532444856088868,0.0,True,0,0.5532444856088868,0.0
1994-10,2004-10,0.5388512026253653,-48.63380929168487,True,0,0.5388512026253653,0.0,True,0,0.5388512026253653,0.0,True,0,0.5388512026253653,0.0
1994-11,2004-11,0.5713706815296176,-50.982414115372485,True,0,0.5713706815296176,0.0,True,0,0.5713706815296176,0.0,True,0,0.5713706815296176,0.0
1994-12,2004-12,0.5825039319456514,-49.318722670211415,True,0,0.5825039319456514,0.0,True,0,0.5825039319456514,0.0,True,0,0.5825039319456514,0.0
1995-01,2005-01,0.6106005312651811,-52.07656927623615,True,0,0.6106005312651811,0.0,True,0,0.6106005312651811,0.0,True,0,0.6106005312651811,0.0
1995-02,2005-02,0.6884597409436107,-56.17872605700451,True,0,0.6884597409436107,0.0,True,0,0.6884597409436107,0.0,True,0,0.6884597409436107,0.0
1995-03,2005-03,0.7229855111075314,-58.52604605781653,True,0,0.7229855111075314,0.0,True,0,0.7229855111075314,0.0,True,0,0.7229855111075314,0.0
1995-04,2005-04,0.6550284855787109,-56.81260627091209,True,0,0.6550284855787109,0.0,True,0,0.6550284855787109,0.0,True,0,0.6550284855787109,0.0
1995-05,2005-05,0.7305009655504803,-60.332918164234805,True,0,0.7305009655504803,0.0,True,0,0.7305009655504803,0.0,True,0,0.7305009655504803,0.0
1995-06,2005-06,0.797939713722843,-62.695424771436436,True,0,0.797939713722843,0.0,True,0,0.797939713722843,0.0,True,0,0.797939713722843,0.0
1995-07,2005-07,0.7135109335734968,-57.144655894883,True,0,0.7135109335734968,0.0,True,0,0.7135109335734968,0.0,True,0,0.7135109335734968,0.0
1995-08,2005-08,0.6851823844938683,-53.445162603328676,True,0,0.6851823844938683,0.0,True,0,0.6851823844938683,0.0,True,0,0.6851823844938683,0.0
1995-09,2005-09,0.7577878933024284,-53.96978147989496,True,0,0.7577878933024284,0.0,True,0,0.7577878933024284,0.0,True,0,0.7577878933024284,0.0
1995-10,2005-10,0.7707039056021534,-54.633829334921735,True,0,0.7707039056021534,0.0,True,0,0.7707039056021534,0.0,True,0,0.7707039056021534,0.0
1995-11,2005-11,0.7934174543677532,-51.83348078817204,True,0,0.7934174543677532,0.0,True,0,0.7934174543677532,0.0,True,0,0.7934174543677532,0.0
1995-12,2005-12,0.8109174734436774,-48.945892768168875,True,0,0.8109174734436774,0.0,True,0,0.8109174734436774,0.0,True,0,0.8109174734436774,0.0
1996-01,2006-01,0.7999821263322366,-46.518631088036834,True,0,0.7999821263322366,0.0,True,0,0.7999821263322366,0.0,True,0,0.7999821263322366,0.0
1996-02,2006-02,0.8052239536465667,-48.284928488043576,True,0,0.8052239536465667,0.0,True,0,0.8052239536465667,0.0,True,0,0.8052239536465667,0.0
1996-03,2006-03,0.7969252832621333,-44.99197885078762,True,0,0.7969252832621333,0.0,True,0,0.7969252832621333,0.0,True,0,0.7969252832621333,0.0
1996-04,2006-04,0.7670250847273075,-43.36166710393473,True,0,0.7670250847273075,0.0,True,0,0.7670250847273075,0.0,True,0,0.7670250847273075,0.0
1996-05,2006-05,0.7044632971385291,-43.58036965381991,True,0,0.7044632971385291,0.0,True,0,0.7044632971385291,0.0,True,0,0.7044632971385291,0.0
1996-06,2006-06,0.6881786003572895,-42.10395399100676,True,0,0.6881786003572895,0.0,True,0,0.6881786003572895,0.0,True,0,0.6881786003572895,0.0
1996-07,2006-07,0.7469645282931333,-46.826757310063996,True,0,0.7469645282931333,0.0,True,0,0.7469645282931333,0.0,True,0,0.7469645282931333,0.0
1996-08,2006-08,0.8003590041106962,-48.17821109999597,True,0,0.8003590041106962,0.0,True,0,0.8003590041106962,0.0,True,0,0.8003590041106962,0.0
1996-09,2006-09,0.7481573917722809,-44.60768832869469,True,0,0.7481573917722809,0.0,True,0,0.7481573917722809,0.0,True,0,0.7481573917722809,0.0
1996-10,2006-10,0.80126555807779,-47.407420160464106,True,0,0.80126555807779,0.0,True,0,0.80126555807779,0.0,True,0,0.80126555807779,0.0
1996-11,2006-11,0.7742174729643069,-45.98512123717137,True,0,0.7742174729643069,0.0,True,0,0.7742174729643069,0.0,True,0,0.7742174729643069,0.0
1996-12,2006-12,0.8897019061170839,-50.24818923488028,True,0,0.8897019061170839,0.0,True,0,0.8897019061170839,0.0,True,0,0.8897019061170839,0.0
1997-01,2007-01,0.948358456978474,-52.89836768392946,True,0,0.948358456978474,0.0,True,0,0.948358456978474,0.0,True,0,0.948358456978474,0.0
1997-02,2007-02,0.9486511828420539,-52.315083794863114,True,0,0.9486511828420539,0.0,True,0,0.9486511828420539,0.0,True,0,0.9486511828420539,0.0
1997-03,2007-03,0.960243620649433,-53.737639682730986,True,0,0.960243620649433,0.0,True,0,0.960243620649433,0.0,True,0,0.960243620649433,0.0
1997-04,2007-04,0.908584458767947,-50.788405861156406,True,0,0.908584458767947,0.0,True,0,0.908584458767947,0.0,True,0,0.908584458767947,0.0
1997-05,2007-05,0.8907229676298695,-48.4302676517318,True,0,0.8907229676298695,0.0,True,0,0.8907229676298695,0.0,True,0,0.8907229676298695,0.0
1997-06,2007-06,0.8802909590700492,-47.05255208222251,True,0,0.8802909590700492,0.0,True,0,0.8802909590700492,0.0,True,0,0.8802909590700492,0.0
1997-07,2007-07,0.8483854800178836,-47.75542728454999,True,0,0.8483854800178836,0.0,True,0,0.8483854800178836,0.0,True,0,0.8483854800178836,0.0
1997-08,2007-08,0.9089203057475223,-53.15684835004332,True,0,0.9089203057475223,0.0,True,0,0.9089203057475223,0.0,True,0,0.9089203057475223,0.0
1997-09,2007-09,0.9383923375323059,-54.03492199968806,True,0,0.9383923375323059,0.0,True,0,0.9383923375323059,0.0,True,0,0.9383923375323059,0.0
1997-10,2007-10,1.0169324391485723,-57.7063547596392,True,0,1.0169324391485723,0.0,True,0,1.0169324391485723,0.0,True,0,1.0169324391485723,0.0
1997-11,2007-11,0.9425598061102677,-57.250705175035286,True,0,0.9425598061102677,0.0,True,0,0.9425598061102677,0.0,True,0,0.9425598061102677,0.0
1997-12,2007-12,1.0032138957738321,-60.79044359023711,True,0,1.0032138957738321,0.0,True,0,1.0032138957738321,0.0,True,0,1.0032138957738321,0.0
1998-01,2008-01,0.8174215667466698,-57.27072271543716,True,0,0.8174215667466698,0.0,True,0,0.8174215667466698,0.0,True,0,0.8174215667466698,0.0
1998-02,2008-02,0.8081800558114556,-56.748570698792044,True,0,0.8081800558114556,0.0,True,0,0.8081800558114556,0.0,True,0,0.8081800558114556,0.0
1998-03,2008-03,0.7578756677640517,-57.53102783003439,True,0,0.7578756677640517,0.0,True,0,0.7578756677640517,0.0,True,0,0.7578756677640517,0.0
1998-04,2008-04,0.8854778962820131,-59.80750269748564,True,0,0.8854778962820131,0.0,True,0,0.8854778962820131,0.0,True,0,0.8854778962820131,0.0
1998-05,2008-05,0.9149857250245362,-59.73164675491003,True,0,0.9149857250245362,0.0,True,0,0.9149857250245362,0.0,True,0,0.9149857250245362,0.0
1998-06,2008-06,0.8516203450730783,-59.321813954050114,True,0,0.8516203450730783,0.0,True,0,0.8516203450730783,0.0,True,0,0.8516203450730783,0.0
1998-07,2008-07,0.8167064229313564,-57.911849330363175,True,0,0.8167064229313564,0.0,True,0,0.8167064229313564,0.0,True,0,0.8167064229313564,0.0
1998-08,2008-08,0.9266353792097898,-63.74772040301296,True,0,0.9266353792097898,0.0,True,0,0.9266353792097898,0.0,True,0,0.9266353792097898,0.0
1998-09,2008-09,0.8398875461626883,-65.55032689748424,True,0,0.8398875461626883,0.0,True,0,0.8398875461626883,0.0,True,0,0.8398875461626883,0.0
1998-10,2008-10,0.6323103451580633,-65.1440145113035,True,0,0.6323103451580633,0.0,True,0,0.6323103451580633,0.0,True,0,0.6323103451580633,0.0
1998-11,2008-11,0.5719189448860164,-61.75416353276953,True,0,0.5719189448860164,0.0,True,0,0.5719189448860164,0.0,True,0,0.5719189448860164,0.0
1998-12,2008-12,0.64004126520625,-64.43052667202352,True,0,0.64004126520625,0.0,True,0,0.64004126520625,0.0,True,0,0.64004126520625,0.0
1999-01,2009-01,0.5513423108091798,-62.74206384182084,True,0,0.5513423108091798,0.0,True,0,0.5513423108091798,0.0,True,0,0.5513423108091798,0.0
1999-02,2009-02,0.52677215445372,-63.08051188371222,True,0,0.52677215445372,0.0,True,0,0.52677215445372,0.0,True,0,0.52677215445372,0.0
1999-03,2009-03,0.512075516256972,-59.305573792902486,True,0,0.512075516256972,0.0,True,0,0.512075516256972,0.0,True,0,0.512075516256972,0.0
1999-04,2009-04,0.5285898956562662,-57.082984396854044,True,0,0.5285898956562662,0.0,True,0,0.5285898956562662,0.0,True,0,0.5285898956562662,0.0
1999-05,2009-05,0.5910319551380523,-58.59876703257567,True,0,0.5910319551380523,0.0,True,0,0.5910319551380523,0.0,True,0,0.5910319551380523,0.0
1999-06,2009-06,0.5680882888166053,-54.954778089247405,True,0,0.5680882888166053,0.0,True,0,0.5680882888166053,0.0,True,0,0.5680882888166053,0.0
1999-07,2009-07,0.5798293122888657,-54.10134734235673,True,0,0.5798293122888657,0.0,True,0,0.5798293122888657,0.0,True,0,0.5798293122888657,0.0
1999-08,2009-08,0.601754589207963,-55.194217680344806,True,0,0.601754589207963,0.0,True,0,0.601754589207963,0.0,True,0,0.601754589207963,0.0
1999-09,2009-09,0.575573146058098,-54.76020451296606,True,0,0.575573146058098,0.0,True,0,0.575573146058098,0.0,True,0,0.575573146058098,0.0
1999-10,2009-10,0.559285211079206,-53.89521036019496,True,0,0.559285211079206,0.0,True,0,0.559285211079206,0.0,True,0,0.559285211079206,0.0
1999-11,2009-11,0.503579813376599,-52.31192313058914,True,0,0.503579813376599,0.0,True,0,0.503579813376599,0.0,True,0,0.503579813376599,0.0
1999-12,2009-12,0.5570006665138579,-51.345453667102916,True,0,0.5570006665138579,0.0,True,0,0.5570006665138579,0.0,True,0,0.5570006665138579,0.0
2000-01,2010-01,0.5219138471931504,-49.78989291515261,True,0,0.5219138471931504,0.0,True,0,0.5219138471931504,0.0,True,0,0.5219138471931504,0.0
2000-02,2010-02,0.5073283325450713,-48.71110423588115,True,0,0.5073283325450713,0.0,True,0,0.5073283325450713,0.0,True,0,0.5073283325450713,0.0
2000-03,2010-03,0.5452999706942705,-47.74029207107539,True,0,0.5452999706942705,0.0,True,0,0.5452999706942705,0.0,True,0,0.5452999706942705,0.0
2000-04,2010-04,0.6151988739102133,-53.81395816154182,True,0,0.6151988739102133,0.0,True,0,0.6151988739102133,0.0,True,0,0.6151988739102133,0.0
2000-05,2010-05,0.5981160205602957,-58.03138925070929,True,0,0.5981160205602957,0.0,True,0,0.5981160205602957,0.0,True,0,0.5981160205602957,0.0
2000-06,2010-06,0.5388899578141467,-55.25976934345809,True,0,0.5388899578141467,0.0,True,0,0.5388899578141467,0.0,True,0,0.5388899578141467,0.0
2000-07,2010-07,0.6064095415098022,-59.58592214435912,True,0,0.6064095415098022,0.0,True,0,0.6064095415098022,0.0,True,0,0.6064095415098022,0.0
2000-08,2010-08,0.5233333689178626,-56.672534881013846,True,0,0.5233333689178626,0.0,True,0,0.5233333689178626,0.0,True,0,0.5233333689178626,0.0
2000-09,2010-09,0.5949828732109586,-59.535120247857755,True,0,0.5949828732109586,0.0,True,0,0.5949828732109586,0.0,True,0,0.5949828732109586,0.0
2000-10,2010-10,0.6329231890836061,-62.63837863575965,True,0,0.6329231890836061,0.0,True,0,0.6329231890836061,0.0,True,0,0.6329231890836061,0.0
2000-11,2010-11,0.6783652398776395,-62.358518516995765,True,0,0.6783652398776395,0.0,True,0,0.6783652398776395,0.0,True,0,0.6783652398776395,0.0
2000-12,2010-12,0.7419955040335304,-64.57566026405166,True,0,0.7419955040335304,0.0,True,0,0.7419955040335304,0.0,True,0,0.7419955040335304,0.0
2001-01,2011-01,0.7395444087679823,-64.42698056088688,True,0,0.7395444087679823,0.0,True,0,0.7395444087679823,0.0,True,0,0.7395444087679823,0.0
2001-02,2011-02,0.8246250642292413,-66.8938661785025,True,0,0.8246250642292413,0.0,True,0,0.8246250642292413,0.0,True,0,0.8246250642292413,0.0
2001-03,2011-03,0.7504096248374962,-66.59537612804236,True,0,0.7504096248374962,0.0,True,0,0.7504096248374962,0.0,True,0,0.7504096248374962,0.0
2001-04,2011-04,0.7068690829548913,-64.19373381604986,True,0,0.7068690829548913,0.0,True,0,0.7068690829548913,0.0,True,0,0.7068690829548913,0.0
2001-05,2011-05,0.730932564427762,-65.92099829709576,True,0,0.730932564427762,0.0,True,0,0.730932564427762,0.0,True,0,0.730932564427762,0.0
2001-06,2011-06,0.7568858166172543,-66.67413577031684,True,0,0.7568858166172543,0.0,True,0,0.7568858166172543,0.0,True,0,0.7568858166172543,0.0
2001-07,2011-07,0.8290380810014863,-69.52202276346385,True,0,0.8290380810014863,0.0,True,0,0.8290380810014863,0.0,True,0,0.8290380810014863,0.0
2001-08,2011-08,0.8358791843196115,-72.4700745479929,True,0,0.8358791843196115,0.0,True,0,0.8358791843196115,0.0,True,0,0.8358791843196115,0.0
2001-09,2011-09,0.890084381278978,-74.88253506859799,True,0,0.890084381278978,0.0,True,0,0.890084381278978,0.0,True,0,0.890084381278978,0.0
2001-10,2011-10,0.8670745894886718,-73.36217846343921,True,0,0.8670745894886718,0.0,True,0,0.8670745894886718,0.0,True,0,0.8670745894886718,0.0
2001-11,2011-11,0.7884699516893761,-72.51136875521478,True,0,0.7884699516893761,0.0,True,0,0.7884699516893761,0.0,True,0,0.7884699516893761,0.0
2001-12,2011-12,0.8020160074061286,-72.90920131041655,True,0,0.8020160074061286,0.0,True,0,0.8020160074061286,0.0,True,0,0.8020160074061286,0.0
2002-01,2012-01,0.8804446978335235,-74.30919570858882,True,0,0.8804446978335235,0.0,True,0,0.8804446978335235,0.0,True,0,0.8804446978335235,0.0
2002-02,2012-02,0.9183411520585427,-72.79302762600452,True,0,0.9183411520585427,0.0,True,0,0.9183411520585427,0.0,True,0,0.9183411520585427,0.0
2002-03,2012-03,0.9146135942689937,-71.66980977169469,True,0,0.9146135942689937,0.0,True,0,0.9146135942689937,0.0,True,0,0.9146135942689937,0.0
2002-04,2012-04,0.8284408842605724,-70.46824341843059,True,0,0.8284408842605724,0.0,True,0,0.8284408842605724,0.0,True,0,0.8284408842605724,0.0
2002-05,2012-05,0.7261941395989355,-69.77145827653347,True,0,0.7261941395989355,0.0,True,0,0.7261941395989355,0.0,True,0,0.7261941395989355,0.0
2002-06,2012-06,0.8479491312239688,-72.70563397400598,True,0,0.8479491312239688,0.0,True,0,0.8479491312239688,0.0,True,0,0.8479491312239688,0.0
2002-07,2012-07,0.8802503355962881,-74.61719344832841,True,0,0.8802503355962881,0.0,True,0,0.8802503355962881,0.0,True,0,0.8802503355962881,0.0
2002-08,2012-08,0.9189764327965654,-75.28180662542043,True,0,0.9189764327965654,0.0,True,0,0.9189764327965654,0.0,True,0,0.9189764327965654,0.0
2002-09,2012-09,0.9453144899070581,-75.88826871916264,True,0,0.9453144899070581,0.0,True,0,0.9453144899070581,0.0,True,0,0.9453144899070581,0.0
2002-10,2012-10,1.0333094920652557,-77.79702727961626,True,0,1.0333094920652557,0.0,True,0,1.0333094920652557,0.0,True,0,1.0333094920652557,0.0
2002-11,2012-11,1.0250066192396339,-76.3192754010125,True,0,1.0250066192396339,0.0,True,0,1.0250066192396339,0.0,True,0,1.0250066192396339,0.0
2002-12,2012-12,1.2117077264700227,-77.955137582688,True,0,1.2117077264700227,0.0,True,0,1.2117077264700227,0.0,True,0,1.2117077264700227,0.0
2003-01,2013-01,1.335580351897016,-78.56930861368383,True,0,1.335580351897016,0.0,True,0,1.335580351897016,0.0,True,0,1.335580351897016,0.0
2003-02,2013-02,1.3821959478849797,-78.50994979683095,True,0,1.3821959478849797,0.0,True,0,1.3821959478849797,0.0,True,0,1.3821959478849797,0.0
2003-03,2013-03,1.5550433917701758,-79.51295962289934,True,0,1.5550433917701758,0.0,True,0,1.5550433917701758,0.0,True,0,1.5550433917701758,0.0
2003-04,2013-04,1.7699037977786918,-79.87602487108731,True,0,1.7699037977786918,0.0,True,0,1.7699037977786918,0.0,True,0,1.7699037977786918,0.0
2003-05,2013-05,1.6350553325950115,-78.3519936725043,True,0,1.6350553325950115,0.0,True,0,1.6350553325950115,0.0,True,0,1.6350553325950115,0.0
2003-06,2013-06,1.50579702326626,-76.65962498075977,True,0,1.50579702326626,0.0,True,0,1.50579702326626,0.0,True,0,1.50579702326626,0.0
2003-07,2013-07,1.4292606771157383,-75.4259380556056,True,0,1.4292606771157383,0.0,True,0,1.4292606771157383,0.0,True,0,1.4292606771157383,0.0
2003-08,2013-08,1.2944163270830618,-73.42074069010921,True,0,1.2944163270830618,0.0,True,0,1.2944163270830618,0.0,True,0,1.2944163270830618,0.0
2003-09,2013-09,1.414593333039764,-73.7406615861344,True,0,1.414593333039764,0.0,True,0,1.414593333039764,0.0,True,0,1.414593333039764,0.0
2003-10,2013-10,1.3568651813185928,-72.86559442201857,True,0,1.3568651813185928,0.0,True,0,1.3568651813185928,0.0,True,0,1.3568651813185928,0.0
2003-11,2013-11,1.5505926893234738,-74.04511321473734,True,0,1.5505926893234738,0.0,True,0,1.5505926893234738,0.0,True,0,1.5505926893234738,0.0
2003-12,2013-12,1.5258836113234127,-72.56481738683986,True,0,1.5258836113234127,0.0,True,0,1.5258836113234127,0.0,True,0,1.5258836113234127,0.0
2004-01,2014-01,1.3830739427705565,-72.28994238083332,True,0,1.3830739427705565,0.0,True,0,1.3830739427705565,0.0,True,0,1.3830739427705565,0.0
2004-02,2014-02,1.3440660682200198,-71.6261771868392,True,0,1.3440660682200198,0.0,True,0,1.3440660682200198,0.0,True,0,1.3440660682200198,0.0
2004-03,2014-03,1.265671053204375,-69.89559786277424,True,0,1.265671053204375,0.0,True,0,1.265671053204375,0.0,True,0,1.265671053204375,0.0
2004-04,2014-04,1.2161507729690804,-69.77636629991825,True,0,1.2161507729690804,0.0,True,0,1.2161507729690804,0.0,True,0,1.2161507729690804,0.0
2004-05,2014-05,1.302233728508406,-71.12650957051711,True,0,1.302233728508406,0.0,True,0,1.302233728508406,0.0,True,0,1.302233728508406,0.0
2004-06,2014-06,1.2785450890346213,-69.52690509039114,True,0,1.2785450890346213,0.0,True,0,1.2785450890346213,0.0,True,0,1.2785450890346213,0.0
2004-07,2014-07,1.3792224464893366,-70.89675754390176,True,0,1.3792224464893366,0.0,True,0,1.3792224464893366,0.0,True,0,1.3792224464893366,0.0
2004-08,2014-08,1.391886148356899,-71.5237254107386,True,0,1.391886148356899,0.0,True,0,1.391886148356899,0.0,True,0,1.391886148356899,0.0
2004-09,2014-09,1.494287005119383,-72.18725933661511,True,0,1.494287005119383,0.0,True,0,1.494287005119383,0.0,True,0,1.494287005119383,0.0
2004-10,2014-10,1.523825085271951,-72.32126636254053,True,0,1.523825085271951,0.0,True,0,1.523825085271951,0.0,True,0,1.523825085271951,0.0
2004-11,2014-11,1.6019313255499228,-71.99278854616382,True,0,1.6019313255499228,0.0,True,0,1.6019313255499228,0.0,True,0,1.6019313255499228,0.0
2004-12,2014-12,1.518942862415091,-70.47795667937014,True,0,1.518942862415091,0.0,True,0,1.518942862415091,0.0,True,0,1.518942862415091,0.0
2005-01,2015-01,1.5520746707600113,-70.7379277400197,True,0,1.5520746707600113,0.0,True,0,1.5520746707600113,0.0,True,0,1.5520746707600113,0.0
2005-02,2015-02,1.6011055653033066,-69.83081709338632,True,0,1.6011055653033066,0.0,True,0,1.6011055653033066,0.0,True,0,1.6011055653033066,0.0
2005-03,2015-03,1.6459912845628784,-70.01493221146026,True,0,1.6459912845628784,0.0,True,0,1.6459912845628784,0.0,True,0,1.6459912845628784,0.0
2005-04,2015-04,1.7731117550345625,-71.71102688954404,True,0,1.7731117550345625,0.0,True,0,1.7731117550345625,0.0,True,0,1.7731117550345625,0.0
2005-05,2015-05,1.8235255516073567,-71.02315841840361,True,0,1.8235255516073567,0.0,True,0,1.8235255516073567,0.0,True,0,1.8235255516073567,0.0
2005-06,2015-06,1.7468674491821052,-70.23319792156774,True,0,1.7468674491821052,0.0,True,0,1.7468674491821052,0.0,True,0,1.7468674491821052,0.0
2005-07,2015-07,1.7299102490840028,-69.42224341894452,True,0,1.7299102490840028,0.0,True,0,1.7299102490840028,0.0,True,0,1.7299102490840028,0.0
2005-08,2015-08,1.5217567828832892,-68.10144550282442,True,0,1.5217567828832892,0.0,True,0,1.5217567828832892,0.0,True,0,1.5217567828832892,0.0
2005-09,2015-09,1.2809610808660488,-65.11885767939918,True,0,1.2809610808660488,0.0,True,0,1.2809610808660488,0.0,True,0,1.2809610808660488,0.0
2005-10,2015-10,1.4024988057178553,-65.03611508621033,True,0,1.4024988057178553,0.0,True,0,1.4024988057178553,0.0,True,0,1.4024988057178553,0.0
2005-11,2015-11,1.3278154133733189,-61.78384294119598,True,0,1.3278154133733189,0.0,True,0,1.3278154133733189,0.0,True,0,1.3278154133733189,0.0
2005-12,2015-12,1.1813793064923472,-58.59933235464092,True,0,1.1813793064923472,0.0,True,0,1.1813793064923472,0.0,True,0,1.1813793064923472,0.0
2006-01,2016-01,1.0521615248693381,-57.21586077864893,True,0,1.0521615248693381,0.0,True,0,1.0521615248693381,0.0,True,0,1.0521615248693381,0.0
2006-02,2016-02,0.9889746831771818,-58.357785654027516,True,0,0.9889746831771818,0.0,True,0,0.9889746831771818,0.0,True,0,0.9889746831771818,0.0
2006-03,2016-03,0.982356623754518,-56.162717163974506,True,0,0.982356623754518,0.0,True,0,0.982356623754518,0.0,True,0,0.982356623754518,0.0
2006-04,2016-04,0.9857934027870199,-56.556977911582095,True,0,0.9857934027870199,0.0,True,0,0.9857934027870199,0.0,True,0,0.9857934027870199,0.0
2006-05,2016-05,1.114282814163789,-60.25444118299297,True,0,1.114282814163789,0.0,True,0,1.114282814163789,0.0,True,0,1.114282814163789,0.0
2006-06,2016-06,1.004562346261056,-60.15718009130979,True,0,1.004562346261056,0.0,True,0,1.004562346261056,0.0,True,0,1.004562346261056,0.0
2006-07,2016-07,1.0719721598441077,-60.281473856295655,True,0,1.0719721598441077,0.0,True,0,1.0719721598441077,0.0,True,0,1.0719721598441077,0.0
2006-08,2016-08,1.0462580448504288,-58.52396464475805,True,0,1.0462580448504288,0.0,True,0,1.0462580448504288,0.0,True,0,1.0462580448504288,0.0
2006-09,2016-09,1.019981919172002,-58.55783257575895,True,0,1.019981919172002,0.0,True,0,1.019981919172002,0.0,True,0,1.019981919172002,0.0
2006-10,2016-10,1.0625407408446292,-57.85937716412355,True,0,1.0625407408446292,0.0,True,0,1.0625407408446292,0.0,True,0,1.0625407408446292,0.0
2006-11,2016-11,1.1249913206872417,-58.180737061769406,True,0,1.1249913206872417,0.0,True,0,1.1249913206872417,0.0,True,0,1.1249913206872417,0.0
2006-12,2016-12,1.1096341946948272,-55.73571912949653,True,0,1.1096341946948272,0.0,True,0,1.1096341946948272,0.0,True,0,1.1096341946948272,0.0
2007-01,2017-01,1.0953736376386236,-55.33076865556392,True,0,1.0953736376386236,0.0,True,0,1.0953736376386236,0.0,True,0,1.0953736376386236,0.0
2007-02,2017-02,1.0860520150964663,-54.763647838272675,True,0,1.0860520150964663,0.0,True,0,1.0860520150964663,0.0,True,0,1.0860520150964663,0.0
2007-03,2017-03,1.093801644526584,-55.576863629156946,True,0,1.093801644526584,0.0,True,0,1.093801644526584,0.0,True,0,1.093801644526584,0.0
2007-04,2017-04,1.1032349237747847,-55.287110374250915,True,0,1.1032349237747847,0.0,True,0,1.1032349237747847,0.0,True,0,1.1032349237747847,0.0
2007-05,2017-05,1.0992864635050277,-54.06565496287248,True,0,1.0992864635050277,0.0,True,0,1.0992864635050277,0.0,True,0,1.0992864635050277,0.0
2007-06,2017-06,1.1044785746892223,-53.39084029214818,True,0,1.1044785746892223,0.0,True,0,1.1044785746892223,0.0,True,0,1.1044785746892223,0.0
2007-07,2017-07,1.15515723040729,-55.67646309847372,True,0,1.15515723040729,0.0,True,0,1.15515723040729,0.0,True,0,1.15515723040729,0.0
2007-08,2017-08,1.1857162946184736,-57.423308280143814,True,0,1.1857162946184736,0.0,True,0,1.1857162946184736,0.0,True,0,1.1857162946184736,0.0
2007-09,2017-09,1.2127163077597645,-56.86672301043251,True,0,1.2127163077597645,0.0,True,0,1.2127163077597645,0.0,True,0,1.2127163077597645,0.0
2007-10,2017-10,1.3150971792302732,-56.990220185235486,True,0,1.3150971792302732,0.0,True,0,1.3150971792302732,0.0,True,0,1.3150971792302732,0.0
2007-11,2017-11,1.449233993190342,-59.70623295843058,True,0,1.449233993190342,0.0,True,0,1.449233993190342,0.0,True,0,1.449233993190342,0.0
2007-12,2017-12,1.4871483650797175,-60.664428162597936,True,0,1.4871483650797175,0.0,True,0,1.4871483650797175,0.0,True,0,1.4871483650797175,0.0
2008-01,2018-01,1.6993445635708597,-65.07216721609976,True,0,1.6993445635708597,0.0,True,0,1.6993445635708597,0.0,True,0,1.6993445635708597,0.0
2008-02,2018-02,1.6223044588628113,-65.04505745342453,True,0,1.6223044588628113,0.0,True,0,1.6223044588628113,0.0,True,0,1.6223044588628113,0.0
2008-03,2018-03,1.7128443164925424,-67.81379935743439,True,0,1.7128443164925424,0.0,True,0,1.7128443164925424,0.0,True,0,1.7128443164925424,0.0
2008-04,2018-04,1.6222300521516622,-64.4104320422491,True,0,1.6222300521516622,0.0,True,0,1.6222300521516622,0.0,True,0,1.6222300521516622,0.0
2008-05,2018-05,1.5484017201193425,-63.155031610497204,True,0,1.5484017201193425,0.0,True,0,1.5484017201193425,0.0,True,0,1.5484017201193425,0.0
2008-06,2018-06,1.6544678660493215,-65.35762916260128,True,0,1.6544678660493215,0.0,True,0,1.6544678660493215,0.0,True,0,1.6544678660493215,0.0
2008-07,2018-07,1.6860312735248544,-65.62633701880493,True,0,1.6860312735248544,0.0,True,0,1.6860312735248544,0.0,True,0,1.6860312735248544,0.0
2008-08,2018-08,1.7490535743107674,-66.40735514842659,True,0,1.7490535743107674,0.0,True,0,1.7490535743107674,0.0,True,0,1.7490535743107674,0.0
2008-09,2018-09,2.1421261010350037,-71.06614859182127,True,0,2.1421261010350037,0.0,True,0,2.1421261010350037,0.0,True,0,2.1421261010350037,0.0
2008-10,2018-10,2.5557317377445203,-77.96019978481786,True,0,2.5557317377445203,0.0,True,0,2.5557317377445203,0.0,True,0,2.5557317377445203,0.0
2008-11,2018-11,2.625746128823451,-78.12648156137843,True,0,2.625746128823451,0.0,True,0,2.625746128823451,0.0,True,0,2.625746128823451,0.0
2008-12,2018-12,2.2591155768458027,-77.23406928844196,True,0,2.2591155768458027,0.0,True,0,2.2591155768458027,0.0,True,0,2.2591155768458027,0.0
2009-01,2019-01,2.5986189728610656,-79.4581233825686,True,0,2.5986189728610656,0.0,True,0,2.5986189728610656,0.0,True,0,2.5986189728610656,0.0
2009-02,2019-02,2.8255778616937217,-80.55184170365457,True,0,2.8255778616937217,0.0,True,0,2.8255778616937217,0.0,True,0,2.8255778616937217,0.0
2009-03,2019-03,2.614924662711649,-79.16138069121929,True,0,2.614924662711649,0.0,True,0,2.614924662711649,0.0,True,0,2.614924662711649,0.0
2009-04,2019-04,2.521304311381858,-77.31449920045472,True,0,2.521304311381858,0.0,True,0,2.521304311381858,0.0,True,0,2.521304311381858,0.0
2009-05,2019-05,2.16342242058283,-75.53054833413722,True,0,2.16342242058283,0.0,True,0,2.16342242058283,0.0,True,0,2.16342242058283,0.0
2009-06,2019-06,2.136471174199975,-74.4103369653563,True,0,2.136471174199975,0.0,True,0,2.136471174199975,0.0,True,0,2.136471174199975,0.0
2009-07,2019-07,2.0780035976259144,-73.38661579453318,True,0,2.0780035976259144,0.0,True,0,2.0780035976259144,0.0,True,0,2.0780035976259144,0.0
2009-08,2019-08,1.973248587328318,-73.03791486609448,True,0,1.973248587328318,0.0,True,0,1.973248587328318,0.0,True,0,1.973248587328318,0.0
2009-09,2019-09,2.146979788280736,-73.96118858450293,True,0,2.146979788280736,0.0,True,0,2.146979788280736,0.0,True,0,2.146979788280736,0.0
2009-10,2019-10,2.2847667204132844,-74.21427299453924,True,0,2.2847667204132844,0.0,True,0,2.2847667204132844,0.0,True,0,2.2847667204132844,0.0
2009-11,2019-11,2.4925135492293125,-75.98524714981319,True,0,2.4925135492293125,0.0,True,0,2.4925135492293125,0.0,True,0,2.4925135492293125,0.0
2009-12,2019-12,2.2430905594684085,-72.89938526364695,True,0,2.2430905594684085,0.0,True,0,2.2430905594684085,0.0,True,0,2.2430905594684085,0.0
2010-01,2020-01,2.2754548913320596,-73.79464984336724,True,0,2.2754548913320596,0.0,True,0,2.2754548913320596,0.0,True,0,2.2754548913320596,0.0
2010-02,2020-02,2.087981173273237,-73.97969003391161,True,0,2.087981173273237,0.0,True,0,2.087981173273237,0.0,True,0,2.087981173273237,0.0
2010-03,2020-03,1.7057810952989825,-71.50278279786627,True,0,1.7057810952989825,0.0,True,0,1.7057810952989825,0.0,True,0,1.7057810952989825,0.0
2010-04,2020-04,1.8262602420098755,-71.58639907061053,True,0,1.8262602420098755,0.0,True,0,1.8262602420098755,0.0,True,0,1.8262602420098755,0.0
2010-05,2020-05,2.2395907336697816,-74.8979015501902,True,0,2.2395907336697816,0.0,True,0,2.2395907336697816,0.0,True,0,2.2395907336697816,0.0
2010-06,2020-06,2.3754657537750568,-75.88993898890092,True,0,2.3754657537750568,0.0,True,0,2.3754657537750568,0.0,True,0,2.3754657537750568,0.0
2010-07,2020-07,2.276325584809118,-75.49251757701936,True,0,2.276325584809118,0.0,True,0,2.276325584809118,0.0,True,0,2.276325584809118,0.0
2010-08,2020-08,2.6223484427803077,-77.3252917126098,True,0,2.6223484427803077,0.0,True,0,2.6223484427803077,0.0,True,0,2.6223484427803077,0.0
2010-09,2020-09,2.474570808006959,-75.92408958093446,True,0,2.474570808006959,0.0,True,0,2.474570808006959,0.0,True,0,2.474570808006959,0.0
2010-10,2020-10,2.496849208634657,-76.35296345681081,True,0,2.496849208634657,0.0,True,0,2.496849208634657,0.0,True,0,2.496849208634657,0.0
2010-11,2020-11,2.6601100528930144,-74.46532738443211,True,0,2.6601100528930144,0.0,True,0,2.6601100528930144,0.0,True,0,2.6601100528930144,0.0
2010-12,2020-12,2.682997814040974,-73.71529918256999,True,0,2.682997814040974,0.0,True,0,2.682997814040974,0.0,True,0,2.682997814040974,0.0
2011-01,2021-01,2.702051783956116,-73.69217237080915,True,0,2.702051783956116,0.0,True,0,2.702051783956116,0.0,True,0,2.702051783956116,0.0
2011-02,2021-02,2.7264462179819633,-72.69985227106577,True,0,2.7264462179819633,0.0,True,0,2.7264462179819633,0.0,True,0,2.7264462179819633,0.0
2011-03,2021-03,2.991132843333231,-74.9328487324066,True,0,2.991132843333231,0.0,True,0,2.991132843333231,0.0,True,0,2.991132843333231,0.0
2011-04,2021-04,2.925217315380914,-74.68965745851244,True,0,2.925217315380914,0.0,True,0,2.925217315380914,0.0,True,0,2.925217315380914,0.0
2011-05,2021-05,2.9771904107087783,-75.09054789215814,True,0,2.9771904107087783,0.0,True,0,2.9771904107087783,0.0,True,0,2.9771904107087783,0.0
2011-06,2021-06,2.9330955604522777,-74.77612603804053,True,0,2.9330955604522777,0.0,True,0,2.9330955604522777,0.0,True,0,2.9330955604522777,0.0
2011-07,2021-07,2.774687964950783,-74.7325962390151,True,0,2.774687964950783,0.0,True,0,2.774687964950783,0.0,True,0,2.774687964950783,0.0
2011-08,2021-08,3.1366736644631046,-76.98830836879658,True,0,3.1366736644631046,0.0,True,0,3.1366736644631046,0.0,True,0,3.1366736644631046,0.0
2011-09,2021-09,3.3852503767115802,-77.6433367672366,True,0,3.3852503767115802,0.0,True,0,3.3852503767115802,0.0,True,0,3.3852503767115802,0.0
2011-10,2021-10,3.2144455236143514,-76.90302182631406,True,0,3.2144455236143514,0.0,True,0,3.2144455236143514,0.0,True,0,3.2144455236143514,0.0
2011-11,2021-11,3.2985235831887896,-78.32604025041712,True,0,3.2985235831887896,0.0,True,0,3.2985235831887896,0.0,True,0,3.2985235831887896,0.0
2011-12,2021-12,3.40514703708303,-78.2727457975371,True,0,3.40514703708303,0.0,True,0,3.40514703708303,0.0,True,0,3.40514703708303,0.0
2012-01,2022-01,3.0675318744312703,-77.38066757854828,True,0,3.0675318744312703,0.0,True,0,3.0675318744312703,0.0,True,0,3.0675318744312703,0.0
2012-02,2022-02,2.7281873120482474,-75.01471764604004,True,0,2.7281873120482474,0.0,True,0,2.7281873120482474,0.0,True,0,2.7281873120482474,0.0
2012-03,2022-03,2.7590880601692263,-74.08882288896535,True,0,2.7590880601692263,0.0,True,0,2.7590880601692263,0.0,True,0,2.7590880601692263,0.0
2012-04,2022-04,2.8198939384868433,-75.53468546379665,True,0,2.8198939384868433,0.0,True,0,2.8198939384868433,0.0,True,0,2.8198939384868433,0.0
2012-05,2022-05,3.1933351516435615,-78.04821015179668,True,0,3.1933351516435615,0.0,True,0,3.1933351516435615,0.0,True,0,3.1933351516435615,0.0
2012-06,2022-06,2.9303524678075847,-76.85576604094936,True,0,2.9303524678075847,0.0,True,0,2.9303524678075847,0.0,True,0,2.9303524678075847,0.0
2012-07,2022-07,3.197406343371984,-77.65677601451542,True,0,3.197406343371984,0.0,True,0,3.197406343371984,0.0,True,0,3.197406343371984,0.0
2012-08,2022-08,3.1778072401189603,-77.28456282745317,True,0,3.1778072401189603,0.0,True,0,3.1778072401189603,0.0,True,0,3.1778072401189603,0.0
2012-09,2022-09,2.9240971977957555,-77.20683104347918,True,0,2.9240971977957555,0.0,True,0,2.9240971977957555,0.0,True,0,2.9240971977957555,0.0
2012-10,2022-10,3.0898929134246305,-77.05745753596155,True,0,3.0898929134246305,0.0,True,0,3.0898929134246305,0.0,True,0,3.0898929134246305,0.0
2012-11,2022-11,2.9609316526237004,-75.72710053764699,True,0,2.9609316526237004,0.0,True,0,2.9609316526237004,0.0,True,0,2.9609316526237004,0.0
2012-12,2022-12,2.510249942761934,-73.28806987997443,True,0,2.510249942761934,0.0,True,0,2.510249942761934,0.0,True,0,2.510249942761934,0.0
2013-01,2023-01,2.453357046538812,-71.37758965686749,True,0,2.453357046538812,0.0,True,0,2.453357046538812,0.0,True,0,2.453357046538812,0.0
2013-02,2023-02,2.3743148409600527,-70.29653968933496,True,0,2.3743148409600527,0.0,True,0,2.3743148409600527,0.0,True,0,2.3743148409600527,0.0
2013-03,2023-03,2.2617908986272686,-68.14176324466086,True,0,2.2617908986272686,0.0,True,0,2.2617908986272686,0.0,True,0,2.2617908986272686,0.0
2013-04,2023-04,2.0818650502205487,-64.38249999293348,True,0,2.0818650502205487,0.0,True,0,2.0818650502205487,0.0,True,0,2.0818650502205487,0.0
2013-05,2023-05,2.242389219531106,-64.6043118141776,True,0,2.242389219531106,0.0,True,0,2.242389219531106,0.0,True,0,2.242389219531106,0.0
2013-06,2023-06,2.4265747968169205,-64.8541327741099,True,0,2.4265747968169205,0.0,True,0,2.4265747968169205,0.0,True,0,2.4265747968169205,0.0
2013-07,2023-07,2.42694200896672,-64.87725958587076,True,0,2.42694200896672,0.0,True,0,2.42694200896672,0.0,True,0,2.42694200896672,0.0
2013-08,2023-08,2.436304509868652,-65.5953727875029,True,0,2.436304509868652,0.0,True,0,2.436304509868652,0.0,True,0,2.436304509868652,0.0
2013-09,2023-09,2.203795016533156,-62.85371494971075,True,0,2.203795016533156,0.0,True,0,2.203795016533156,0.0,True,0,2.203795016533156,0.0
2013-10,2023-10,2.153753435595068,-63.18226985546001,True,0,2.153753435595068,0.0,True,0,2.153753435595068,0.0,True,0,2.153753435595068,0.0
2013-11,2023-11,2.13811569116587,-59.75454229855327,True,0,2.13811569116587,0.0,True,0,2.13811569116587,0.0,True,0,2.13811569116587,0.0
2013-12,2023-12,2.0541116705777496,-58.13710447691391,True,0,2.0541116705777496,0.0,True,0,2.0541116705777496,0.0,True,0,2.0541116705777496,0.0
2014-01,2024-01,2.4329771035359475,-61.67494135425985,True,0,2.4329771035359475,0.0,True,0,2.4329771035359475,0.0,True,0,2.4329771035359475,0.0
2014-02,2024-02,2.6390408508281418,-61.863707531143476,True,0,2.6390408508281418,0.0,True,0,2.6390408508281418,0.0,True,0,2.6390408508281418,0.0
2014-03,2024-03,2.722545375823705,-61.897729640889445,True,0,2.722545375823705,0.0,True,0,2.722545375823705,0.0,True,0,2.722545375823705,0.0
2014-04,2024-04,2.6849388043017006,-63.243504513711244,True,0,2.6849388043017006,0.0,True,0,2.6849388043017006,0.0,True,0,2.6849388043017006,0.0
2014-05,2024-05,2.6303239801043987,-62.399966902962724,True,0,2.6303239801043987,0.0,True,0,2.6303239801043987,0.0,True,0,2.6303239801043987,0.0
2014-06,2024-06,2.610659473291958,-61.03877415563368,True,0,2.610659473291958,0.0,True,0,2.610659473291958,0.0,True,0,2.610659473291958,0.0
2014-07,2024-07,2.5031941447188584,-59.860154738927854,True,0,2.5031941447188584,0.0,True,0,2.5031941447188584,0.0,True,0,2.5031941447188584,0.0
2014-08,2024-08,2.5055933415410068,-60.36426784239952,True,0,2.5055933415410068,0.0,True,0,2.5055933415410068,0.0,True,0,2.5055933415410068,0.0
2014-09,2024-09,2.3445452814229677,-58.439783049948524,True,0,2.3445452814229677,0.0,True,0,2.3445452814229677,0.0,True,0,2.3445452814229677,0.0
2014-10,2024-10,2.381005327237635,-57.82245135467869,True,0,2.381005327237635,0.0,True,0,2.381005327237635,0.0,True,0,2.381005327237635,0.0
2014-11,2024-11,2.1883366695590167,-55.134370630799225,True,0,2.1883366695590167,0.0,True,0,2.1883366695590167,0.0,True,0,2.1883366695590167,0.0
2014-12,2024-12,2.2861191798413483,-55.15770301422016,True,0,2.2861191798413483,0.0,True,0,2.2861191798413483,0.0,True,0,2.2861191798413483,0.0
2015-01,2025-01,2.2389734525491405,-54.583078831335406,True,0,2.2389734525491405,0.0,True,0,2.2389734525491405,0.0,True,0,2.2389734525491405,0.0
2015-02,2025-02,1.9765729649099844,-51.69595334756746,True,0,1.9765729649099844,0.0,True,0,1.9765729649099844,0.0,True,0,1.9765729649099844,0.0
2015-03,2025-03,1.8544061302681991,-50.644839753036486,True,0,1.8544061302681991,0.0,True,0,1.8544061302681991,0.0,True,0,1.8544061302681991,0.0
2015-04,2025-04,1.8465861441669342,-49.84048923999388,True,0,1.8465861441669342,0.0,True,0,1.8465861441669342,0.0,True,0,1.8465861441669342,0.0
2015-05,2025-05,1.8462686893788158,-47.15998897108044,True,0,1.8462686893788158,0.0,True,0,1.8462686893788158,0.0,True,0,1.8462686893788158,0.0
2015-06,2025-06,2.000787221414795,-48.001342382940436,True,0,2.000787221414795,0.0,True,0,2.000787221414795,0.0,True,0,2.000787221414795,0.0
2015-07,2025-07,1.995110088587745,-47.10322549643629,True,0,1.995110088587745,0.0,True,0,1.995110088587745,0.0,True,0,1.995110088587745,0.0
2015-08,2025-08,2.26137557118718,-51.45815832975082,True,0,2.26137557118718,0.0,True,0,2.26137557118718,0.0,True,0,2.26137557118718,0.0
2015-09,2025-09,2.5840949152152466,-55.31861423116071,True,0,2.5840949152152466,0.0,True,0,2.5840949152152466,0.0,True,0,2.5840949152152466,0.0
2015-10,2025-10,2.7464793455989853,-50.963193165153456,True,0,2.7464793455989853,0.0,True,0,2.7464793455989853,0.0,True,0,2.7464793455989853,0.0
2015-11,2025-11,2.544827767810256,-49.25599761742446,True,0,2.544827767810256,0.0,True,0,2.544827767810256,0.0,True,0,2.544827767810256,0.0
2015-12,2025-12,2.6447539654644316,-51.09010796880554,True,0,2.6447539654644316,0.0,True,0,2.6447539654644316,0.0,True,0,2.6447539654644316,0.0
2016-01,2026-01,3.0438370161488275,-54.984174836641195,True,0,3.0438370161488275,0.0,True,0,3.0438370161488275,0.0,True,0,3.0438370161488275,0.0
2016-02,2026-02,3.6720004542402824,-58.81690426039556,True,0,3.6720004542402824,0.0,True,0,3.6720004542402824,0.0,True,0,3.6720004542402824,0.0
2016-03,2026-03,3.0470031333035386,-56.9361548386301,True,0,3.0470031333035386,0.0,True,0,3.0470031333035386,0.0,True,0,3.0470031333035386,0.0
2016-04,2026-04,3.5572268173922437,-57.17415542810684,True,0,3.5572268173922437,0.0,True,0,3.5572268173922437,0.0,True,0,3.5572268173922437,0.0
2016-05,2026-05,3.8485394238925728,-55.71220687087299,True,0,3.8485394238925728,0.0,True,0,3.8485394238925728,0.0,True,0,3.8485394238925728,0.0
2016-06,2026-06,4.49811760717826,-59.97540335086946,True,0,4.49811760717826,0.0,True,0,4.49811760717826,0.0,True,0,4.49811760717826,0.0
