depart,fin,A_tout_d_un_coup,A_dca,A_ecart_pct,B_salaire_immediat,B_salaire_accumule,B_ecart_pct
1934-01,1944-01,1.9343505168199768,2.041295139085258,-5.2390573130549285,172.31129514940213,167.33192604236373,2.975743616181026
1934-02,1944-02,1.7908930193150094,2.050359091915248,-12.654664913250413,170.96316572589052,163.08350089158535,4.831675056781748
1934-03,1944-03,1.9421492879973614,2.148086298625875,-9.586998937624191,175.69046166859843,168.76635073675135,4.102779316860139
1934-04,1944-04,1.878828835391018,2.1547245723112,-12.804222890735906,172.46567217813575,168.80834022761042,2.1665588001126057
1934-05,1944-05,2.1295068006242244,2.2263332793620307,-4.349145729230286,175.3710223277516,174.6811015552181,0.39496016820996793
1934-06,1944-06,2.201565081062322,2.333089275861704,-5.63734084932539,183.20559349536177,183.4167531238574,-0.1151255950720298
1934-07,1944-07,2.371340371042025,2.391402903427495,-0.8389440506539003,187.50261503524354,185.33899209163206,1.1673868079210115
1934-08,1944-08,2.431813968155281,2.336374935949667,4.084919365342388,184.1705332155622,172.6206258928043,6.690919618105351
1934-09,1944-09,2.451289407359129,2.26043843205979,8.443095489463492,180.50381948039464,168.6191169400638,7.048253339243438
1934-10,1944-10,2.491848531285782,2.268937737466981,9.824456182198116,184.21568504074997,172.3466666223142,6.886711910968324
1934-11,1944-11,2.4074547367092727,2.2040275727567358,9.229792152649697,182.20486873213292,169.55890369886967,7.458154515861937
1934-12,1944-12,2.444148404000484,2.1944556021553843,11.378348306516317,185.49833479613656,174.04979247934233,6.577739710981301
1935-01,1945-01,2.5167237645444565,2.2014251252668013,14.322478455379795,190.2868945614072,182.36624059904085,4.343267666399431
1935-02,1945-02,2.6809385414319764,2.206494895552293,21.502141103341586,195.82126026030326,184.098573978138,6.367613843417019
1935-03,1945-03,2.858964824519963,2.122192492349688,34.71750723962468,194.7554243642025,183.86416798593365,5.923533931365066
1935-04,1945-04,2.7256693601409387,2.0720607992235633,31.543889115719658,198.49318021907627,189.89893380093517,4.52569492946715
1935-05,1945-05,2.622399883339823,2.060105571904912,27.294441561797058,204.95467444684513,202.90323647534706,1.0110425083078134
1935-06,1945-06,2.5724652095209377,2.030762598323945,26.674836913191037,207.77988223361348,209.1747468670739,-0.6668417934535986
1935-07,1945-07,2.3948030637398623,1.9256001163907634,24.366582830735716,202.7152065041951,202.32702908537615,0.19185643192296542
1935-08,1945-08,2.2517852156755733,1.8709389396644998,20.355890186312962,202.7468395445954,192.52704361816302,5.30823916181935
1935-09,1945-09,2.356162086489657,1.9431694860511537,21.253555256148736,215.965198149574,205.83169950158614,4.923196316469114
1935-10,1945-10,2.390952792606808,1.9688593936948757,21.438473476757913,224.29624949648735,213.42390392999985,5.094249222455183
1935-11,1945-11,2.2577716502482317,1.9739508305228726,14.37831253629447,230.94339679714165,218.25590620409986,5.813125891391557
1935-12,1945-12,2.296585600599159,1.9609911182587232,17.11351363174096,234.33595030391692,225.03296499991987,4.134054450200386
1936-01,1946-01,2.2634673524536097,1.9927853888962943,13.58309655748895,243.06497344486473,237.92316391703315,2.1611218694219225
1936-02,1946-02,2.1471501838222715,1.9577476154631266,9.674514062137662,243.22535846550204,233.5329327573555,4.150346417401063
1936-03,1946-03,2.040402988381793,1.8659219643793592,9.350928245301482,235.60314091387977,227.65974932049502,3.48915063690165
1936-04,1946-04,2.1693198666692313,1.954152522419493,11.010775350499923,250.44110542910653,244.99776720406805,2.221790952284275
1936-05,1946-05,2.2955766758362817,1.9353416343733822,18.613511695548013,250.56311849943472,252.2604262698166,-0.6728394919013003
1936-06,1946-06,2.187533571195432,1.8968601757756536,15.32392314056137,248.42332020244908,252.31575177092247,-1.5426827461835768
1936-07,1946-07,2.006516048460803,1.8309111192399903,9.591122549613761,240.9410466277163,242.9087907293673,-0.8100752944109502
1936-08,1946-08,1.929433100390467,1.7846773311835167,8.111033108206446,236.0427027670504,226.82092161970147,4.065666024764059
1936-09,1946-09,1.6275187173530241,1.51455680468522,7.458413729901769,201.20781086303583,194.21901527245927,3.5984095485050105
1936-10,1946-10,1.512852994439669,1.4952499756661877,1.1772626022373611,196.8326119956598,190.98808589874255,3.0601521919099595
1936-11,1946-11,1.4669439358692355,1.5344249139230468,-4.397802554005947,196.30127277848987,189.63591277115665,3.514819482202536
1936-12,1946-12,1.5380541589639194,1.646553050927465,-6.589456191674525,202.48878555788778,198.79265978564533,1.8592868450112432
1937-01,1947-01,1.500271117222615,1.7224042031585196,-12.896687405230445,203.81199391943474,202.77868933766732,0.5095725715273502
1937-02,1947-02,1.514283497311269,1.8575596615744918,-18.479953638326606,211.9965452867899,206.69462670622636,2.565097441114972
1937-03,1947-03,1.4552806666257352,1.8561136192145098,-21.595281045262915,203.71898888834596,199.52908853653602,2.0998944978604994
1937-04,1947-04,1.4910503097496517,1.8715261094689188,-20.329708348404196,196.57465735151027,195.00386679139825,0.8055176473974024
1937-05,1947-05,1.533273544360721,1.921592724627708,-20.208193718167855,193.427375903911,196.56990662566602,-1.5986835297935098
1937-06,1947-06,1.6482803695525936,2.0669261048041747,-20.254509064379178,200.47176467911407,204.44349245066974,-1.9427019779140187
1937-07,1947-07,1.6532044865589912,2.2689092336042886,-27.13659664856739,213.21013170294137,214.20302968930508,-0.4635312524775559
1937-08,1947-08,1.6046553536119494,2.269709794550033,-29.301298453881408,209.254679456838,200.1950179171151,4.525418081819499
1937-09,1947-09,1.8207710038950675,2.256057301819532,-19.294115338887963,204.14007047745028,196.4315563172056,3.9242748490963653
1937-10,1947-10,2.1837856660660693,2.3468261385173346,-6.947275291311961,209.49208218097357,199.99931871608038,4.746397900669419
1937-11,1947-11,2.363211590330856,2.308155511115773,2.3852846547791184,206.80646897565367,193.0719091198969,7.1137017903664335
1937-12,1947-12,2.3607910536190677,2.2441882077219897,5.195769476724865,203.1560698440323,191.52654576078623,6.072016825161741
1938-01,1948-01,2.2671523464166503,2.1890166479633333,3.5694428603827433,200.0536062951326,191.9323677335124,4.231302232928269
1938-02,1948-02,2.206219639036384,2.065087279059358,6.834207997315822,189.94703269683149,179.87288862839378,5.600701776269501
1938-03,1948-03,2.3927237160500967,2.0749830554276705,15.312927967835254,192.36615373414153,183.80391650163872,4.658354073987581
1938-04,1948-04,2.681242531125851,2.19921620322778,21.918096419560882,206.60965782551682,199.00467120898549,3.8215116109234115
1938-05,1948-05,2.7811920597196687,2.285194571567339,21.70482523998565,215.8512772567815,212.40786795367973,1.6211307689659948
1938-06,1948-06,2.8261756791248005,2.3526858120565715,20.125503568805627,223.88991521461523,222.20295755342036,0.7591967630715679
1938-07,1948-07,2.3002267248882995,2.2725857637539906,1.216278020181294,217.7252968471546,213.9667237969636,1.756615694016772
1938-08,1948-08,2.2199889782784474,2.2157696707020906,0.19042175873000833,211.04666219067693,202.75783928599463,4.088040656712022
1938-09,1948-09,2.2993445793798233,2.204385002071375,4.307758273587359,208.41159370359446,202.58478980704075,2.87622970219219
1938-10,1948-10,2.1266069670806274,2.25120941426842,-5.534911430187172,213.7378260446966,205.3284003426021,4.095597924136607
1938-11,1948-11,2.0096304235439386,2.131325910323599,-5.709848793664007,201.78805170744067,191.51101646413406,5.36628933053116
1938-12,1948-12,2.0598639775690493,2.125941230195953,-3.108141075979476,200.48296579149087,192.5892567414126,4.098727615256892
1939-01,1949-01,2.1181889913592142,2.1573367226186733,-1.8146324052714324,202.690659402386,197.36990173393892,2.695830327574278
1939-02,1949-02,2.0572687977733133,2.0806831749046673,-1.1253215969522445,194.8832794503519,186.43727729881,4.530211057526423
1939-03,1949-03,2.0825458383873534,2.1063593715130455,-1.1305541422680587,196.7349318235098,190.05090657700748,3.5169657261245435
1939-04,1949-04,2.382960342711569,2.1103653255163377,12.916958684797208,196.47616979292118,190.89301251452008,2.924757278884904
1939-05,1949-05,2.2851214171402168,2.075174235809548,10.117086927342566,194.75109754447294,189.72983770038246,2.6465314601807455
1939-06,1949-06,2.1267884787535714,1.9752585310432045,7.671398215925618,183.97593332000412,181.55735091091432,1.3321313606720953
1939-07,1949-07,2.1975964886372195,2.122257852165502,3.549928506323763,194.30903284309505,190.4234171476731,2.0405135847387346
1939-08,1949-08,2.313863386995811,2.2322189146996445,3.657547732371591,201.17227971343775,192.3456742213176,4.588928515212687
1939-09,1949-09,2.122440256978156,2.2881710267486075,-7.242936294230928,203.60548931621167,196.39421453474324,3.671836667160444
1939-10,1949-10,2.1593485605753524,2.3853286882819624,-9.473752142283276,208.88099271390894,201.35662422002844,3.736836830189594
1939-11,1949-11,2.232934815477209,2.4570519322082647,-9.121382979057802,211.80316530133,201.5056205330086,5.110301509746007
1939-12,1949-12,2.3517982020898733,2.554144597037724,-7.922276412327256,217.43238883501925,209.0268625541089,4.021266060353601
1940-01,1950-01,2.4172970523907504,2.6429675882016084,-8.538528312578142,221.77437080730587,215.4769144603342,2.9225666066101663
1940-02,1950-02,2.4840075352801683,2.729897282545908,-9.007289352529124,225.92692080085303,215.08940082057336,5.0386118232391475
1940-03,1950-03,2.521898684973871,2.8014436921871795,-9.978605245321148,227.54025155148648,218.6979227387913,4.043170004525498
1940-04,1950-04,2.570798965737684,2.928212805316044,-12.205869700777573,233.68256790607822,225.9516274847216,3.421502428381218
1940-05,1950-05,3.0826716307144726,3.0859156736379525,-0.10512415978157774,241.20845121523521,233.73454494456809,3.1976044758123434
1940-06,1950-06,3.4267350075245235,3.1660964188833236,8.23217470847355,244.31288977073592,234.91089510434094,4.002366370541854
1940-07,1950-07,3.0777306351497713,2.9344813032906774,4.881589523111174,225.669338092392,212.65085129350473,6.122000791296567
1940-08,1950-08,3.197743016618868,3.1055860474509034,2.967458243303489,238.47913559076875,221.42385244563653,7.702550089683591
1940-09,1950-09,3.178365465384141,3.21567053509592,-1.1601023582680559,246.03563888542658,231.3767481162305,6.335507300773502
1940-10,1950-10,3.2809766865812895,3.3600521540777866,-2.353400003048478,255.42033222778693,242.0684016160833,5.515767660117654
1940-11,1950-11,3.202672452884729,3.3788488260790674,-5.214094570747029,254.14083997444968,238.01769900459206,6.773925232151146
1940-12,1950-12,3.329044525573113,3.4111659304298914,-2.407429205486611,252.47812577268272,240.79853036298124,4.850359922087399
1941-01,1951-01,3.570218024124042,3.7207964958680684,-4.046941882235244,270.2102670617383,259.8008826239267,4.006677857549712
1941-02,1951-02,3.950297637316872,3.9123182702777477,0.9707637368783884,279.1895499797654,262.34287942600173,6.421622950325023
1941-03,1951-03,3.861058258025072,3.8896378878329307,-0.7347632512851088,273.18387879381237,257.10213095714556,6.255003712648088
1941-04,1951-04,4.038339501837278,4.007292188099128,0.7747704005800937,275.54403145378944,262.54670302588886,4.950482439163961
1941-05,1951-05,4.129370731722581,4.080244230973269,1.2040088281086492,274.23233832362786,261.36926015281887,4.921419666294402
1941-06,1951-06,3.9211666859219543,4.068384680968514,-3.618585915319905,268.01241848575023,252.73353813833359,6.045450263531604
1941-07,1951-07,3.796778986891432,4.192853867719318,-9.446427023781045,271.3512084689254,252.00645653099068,7.676292188789935
1941-08,1951-08,3.9819813635992274,4.433671375863491,-10.187719701627495,281.8753353605515,259.7664903018458,8.511045836980546
1941-09,1951-09,4.0714292783660735,4.606504396826323,-11.61564328102872,287.62527057032435,268.3958219313439,7.164585685651748
1941-10,1951-10,4.2167546997476695,4.638067132577007,-9.083793329986733,284.5976009382641,268.1317909317703,6.140939106576804
1941-11,1951-11,4.296501648168644,4.524644780643873,-5.042233004703711,275.00347262324635,254.21285608523277,8.17842844700305
1941-12,1951-12,4.729178117746908,4.656488865530978,1.561031376108346,281.4877040782097,264.34527425309824,6.484863356663739
1942-01,1952-01,4.7856510269739445,4.775130971873175,0.2203092472800483,288.4106128908543,270.1937551145414,6.742146119768888
1942-02,1952-02,4.842308666687897,4.641665281501913,4.322659498641435,280.8368946394158,257.6278226549365,9.008759902289443
1942-03,1952-03,5.122972037923018,4.576268505769181,11.946491589482179,279.0744751445934,255.5208351674264,9.21789409530296
1942-04,1952-04,5.317743171756492,4.453013745871517,19.418970504788668,275.51926660531535,253.57323832787387,8.654709945796778
1942-05,1952-05,5.244823139549629,4.3140910814947135,21.574232914258328,272.4581438033018,249.227920567872,9.320875118044224
1942-06,1952-06,5.12134562530003,4.285552735329035,19.50256925042424,276.92582669037,251.66580175837743,10.037130494291224
1942-07,1952-07,5.072198036214589,4.274566482478612,18.659940300506683,281.98934618159643,255.2415897807244,10.479387949217344
1942-08,1952-08,5.11521499970173,4.167226478527316,22.748668114372084,280.3642522209575,254.2252852446575,10.281812429139281
1942-09,1952-09,4.976431883598204,3.9910155842547104,24.690865734304367,273.18630795632595,251.87776997772067,8.459872413706893
1942-10,1952-10,4.535101707552823,3.798220337796541,19.400700965751973,264.8612620222958,248.57247871764443,6.552931116382332
1942-11,1952-11,4.602451271649171,3.836947937728064,19.95083973889875,270.8981824536169,253.20111793470113,6.989331114833286
1942-12,1952-12,4.759928659973916,3.9268326552715465,21.215470019685867,279.3363199517508,266.5433403283524,4.79958704188177
1943-01,1953-01,4.513449774310286,3.8804929640352195,16.311247466272217,278.3014650535906,264.31798086757055,5.2904021664065715
1943-02,1953-02,4.207817631311249,3.7791646218885275,11.342533398519027,272.6625541221358,255.30542328299663,6.798575061956069
1943-03,1953-03,4.084126077989435,3.766852203613208,8.422785318518567,272.03362463009256,256.45150109456637,6.076050820143286
1943-04,1953-04,3.7591512237499667,3.555977579327419,5.713580580588928,256.9225974908886,244.02619577581922,5.284843159591368
1943-05,1953-05,3.638143399934624,3.5645806316916593,2.0637145247589306,256.71491229169,242.62833013562147,5.805827434988564
1943-06,1953-06,3.44992460362406,3.4343614970416234,0.4531586612487537,246.18375064183033,230.93846264057657,6.601450372076356
1943-07,1953-07,3.4310366405236903,3.47293813575875,-1.206514299912953,248.39818248639742,231.63814811521084,7.235437905008024
1943-08,1953-08,3.626394132815489,3.476037164066037,4.3255282280576735,248.17804855657832,231.1709586669378,7.356931851523663
1943-09,1953-09,3.3908149392490667,3.2958290276807625,2.8820036103373026,235.46715638435586,220.1487180197662,6.958222833354988
1943-10,1953-10,3.5277525095599738,3.383790142888334,4.254470891884465,241.2812563441379,230.28348993051955,4.775751147829377
1943-11,1953-11,3.7824317505437532,3.4376102058843587,10.030850620269383,245.2278374804883,231.2389151578284,6.049553689140952
1943-12,1953-12,3.784942500682247,3.4495004378397973,9.724366437608435,246.9067310530704,235.1750062422452,4.988508344607334
1944-01,1954-01,3.761500037922831,3.4996862462056497,7.4810646811850345,251.5092419259506,237.88547318273146,5.7270284565691165
1944-02,1954-02,3.871599264914769,3.5404729587326633,9.35260091071659,255.41043126556303,238.1557842926478,7.245109340578759
1944-03,1954-03,3.8469183880089504,3.566925639778744,7.849694008411512,259.0658252566221,242.46079568035026,6.848542062100282
1944-04,1954-04,4.071225484808465,3.6676314644439536,11.004214144119295,267.6165900587924,253.35218440383824,5.6302674826031796
1944-05,1954-05,4.1594619071916314,3.7564521668259014,10.728467246962502,276.2396404474023,258.61650723489095,6.814388377964198
1944-06,1954-06,4.004250915262391,3.7244983489753287,7.511147544582131,276.41486803914984,257.0399923247654,7.5376891895890585
1944-07,1954-07,4.060146648239713,3.8211136625064253,6.255584283679649,285.6025891199316,266.05394593923194,7.347623848121643
1944-08,1954-08,4.20169313579216,3.8569287053432677,8.938833377222322,289.31243477763894,269.9960405215084,7.154325011144658
1944-09,1954-09,4.370336965110083,3.899509286132034,12.074023791979949,293.95481257686964,274.37833749269055,7.1348471832987315
1944-10,1954-10,4.36325307481589,3.9155882606935566,11.432887840026362,298.47917227663595,284.20966444495235,5.020767981113972
1944-11,1954-11,4.5641952707394875,3.988677380440966,14.428790182947694,307.8301986701942,290.0905971166214,6.115193573972055
1944-12,1954-12,4.669137258519949,4.0746399014949,14.590181498172129,319.3549524316745,303.2983452649503,5.293997615680279
1945-01,1955-01,4.614209873992408,4.053305859498043,13.838186259248308,322.53655996026475,304.29121414838147,5.99601466080657
1945-02,1955-02,4.612921113430361,4.090901092447524,12.760514350898688,330.7425813907935,308.19550711663203,7.315834836498403
1945-03,1955-03,4.5783536996646275,3.9735955403730574,15.219419116692311,325.7069708061921,305.8079506203848,6.507031666586371
1945-04,1955-04,4.6187337639199,4.0309794866918836,14.580929502828388,334.39842994130333,317.8422248515714,5.208938207459202
1945-05,1955-05,4.4307751419906305,3.9259604887222506,12.858373249514731,330.52176364284423,310.6200807814766,6.407081863895536
1945-06,1955-06,4.602411907003718,4.073867284546402,12.974026534007876,347.1934555024689,325.2721309844318,6.739379869923856
1945-07,1955-07,5.039736888129449,4.29502685394021,17.33889122267187,369.86757460664154,347.03294484223954,6.579960232531401
1945-08,1955-08,4.989463747754766,4.193492638740568,18.981101854354332,364.74475794449705,340.56514821666053,7.099848547172516
1945-09,1955-09,4.879523515021818,4.311297305353626,13.179935630108087,378.1426280791919,353.02338693003065,7.115460923879224
1945-10,1955-10,4.448245491351796,4.11158056535688,8.188211823734349,356.5844131759655,343.0432337042254,3.947368186079836
1945-11,1955-11,4.596858326952966,4.432267657848198,3.7134641183803163,378.09395382301335,361.5710174903271,4.569762379565789
1945-12,1955-12,4.561433454369126,4.531658249448984,0.6570487729025576,379.134916404317,365.6139306861695,3.6981593378490274
1946-01,1956-01,4.269106417108288,4.460786693837424,-4.29700610867455,366.6263297763,350.634274898267,4.56089322205393
1946-02,1956-02,4.284649454340914,4.55251776594683,-5.883959720258336,366.8275660360458,347.2413131397491,5.640530707362612
1946-03,1956-03,4.719893238704738,4.917824387656443,-4.024770576365144,389.76060947420797,371.06969813671583,5.037035206956109
1946-04,1956-04,4.486373330929437,5.034045844948332,-10.879370806058198,391.78060951496474,374.6814240652985,4.563659779057061
1946-05,1956-05,4.336744005587359,4.97245177141295,-12.784593899539232,377.2883034073203,358.46771526283726,5.250288196995179
1946-06,1956-06,4.340261665499147,5.04846783458541,-14.028140661500766,372.9873525446598,352.7930121594645,5.724132760335787
1946-07,1956-07,4.709795278401852,5.413509731814462,-12.99922764111746,390.90647877733846,369.23477755762946,5.869355363289563
1946-08,1956-08,4.7739275065056255,5.434111408250697,-12.148884190020537,386.1030592459481,359.614973914177,7.365679199468622
1946-09,1956-09,5.406201048480431,5.301449974262828,1.9758947971996843,370.5283631857194,343.3086466737948,7.9286428628138506
1946-10,1956-10,5.456272927539094,5.230167463442572,4.323101806527929,362.60910769530943,338.74912921009087,7.043554190340284
1946-11,1956-11,5.417581150997096,5.15143310223051,5.1664855873086335,355.5795988216498,329.17122648214826,8.022685525016193
1946-12,1956-12,5.334004254091626,5.205398313734591,2.4706263114909977,357.4930636623108,334.7250668846857,6.801999321272456
1947-01,1957-01,5.186816362669842,5.0896970500938,1.908155075246598,346.578943386964,323.7096120000682,7.064767476503286
1947-02,1957-02,4.775535900646716,4.875641783448123,-2.0531837088862415,328.7088335286666,304.6862670481605,7.884361416495667
1947-03,1957-03,5.037827282527116,4.980192564806979,1.1572788997642247,330.19686323831974,311.427593392881,6.026848694091269
1947-04,1957-04,5.346988972479391,5.1139809709086075,4.556293871570372,334.78278062288,315.32778619369583,6.169768501540673
1947-05,1957-05,5.645915955995134,5.279522387577155,6.93989989094681,344.18255627159465,320.07382704674444,7.532240123254219
1947-06,1957-06,5.53866620685474,5.306553837868532,4.374069802699676,346.1718065979534,319.8122614344195,8.242193418509425
1947-07,1957-07,5.311544659835286,5.352403971520207,-0.7633824334323691,349.5722491215332,325.7005755842875,7.329331087125457
1947-08,1957-08,5.114623953289954,5.036028538207668,1.5606626230568965,327.29542799267995,304.1135877872302,7.622757132992253
1947-09,1957-09,5.032229045961756,4.814337036273601,4.525898541096085,311.1014749762537,287.35127962743417,8.265213010226692
1947-10,1957-10,4.596056514476845,4.492932489100936,2.295249831286572,288.96835870713886,268.4336777451848,7.649815453278164
1947-11,1957-11,4.546176599355238,4.375745511445378,3.8949040218192232,280.2401216852367,259.39566225203004,8.035777951041489
1947-12,1957-12,4.6120755849751545,4.368791277857012,5.568686889465657,277.57968571967535,259.703992537552,6.883102954044351
1948-01,1958-01,4.760501000680023,4.445180909288555,7.09352662638727,280.3437313064057,260.5767790197595,7.585845661691626
1948-02,1958-02,5.016937239437981,4.441435005400988,12.95757414748062,278.5207646659332,255.6103619339083,8.963017992967238
1948-03,1958-03,5.041391266006157,4.50685914678447,11.86041324595337,281.1402202490335,260.7603292176854,7.815564235744921
1948-04,1958-04,4.701509478657635,4.507195582537454,4.31119290392068,279.5756040323087,259.72838925541544,7.641526917327335
1948-05,1958-05,4.622286326712807,4.657620977562686,-0.7586416116746597,285.68200828450784,265.48722845633137,7.6066859960076005
1948-06,1958-06,4.540323230530863,4.796620564281936,-5.34328972484488,289.76741802121086,268.9510821418429,7.739822317721545
1948-07,1958-07,4.772995475112461,4.995548177050389,-4.455020631376105,295.01645194728775,277.9231804180082,6.150358348508589
1948-08,1958-08,5.093075676165752,5.216623664617753,-2.3683515698089797,303.05133692977,282.6130038346492,7.2319153109737355
1948-09,1958-09,5.27860197258091,5.360580039264006,-1.529276050028927,307.7588320120308,282.6119619696993,8.898020404751183
1948-10,1958-10,5.337992367284019,5.5729790959785905,-4.216537055811598,316.7123802716881,291.57508162272933,8.62120950427585
1948-11,1958-11,5.811442027897596,5.737221681866666,1.2936635560991894,322.7681321907752,297.15701265487695,8.618716182089026
1948-12,1958-12,5.94592183641842,5.805880256166304,2.412064563394689,324.8356579198936,298.83195919973684,8.70177968574508
1949-01,1959-01,6.099031191804371,5.979922076442148,1.9918171815557884,333.50337470281096,303.90994427279855,9.737565679472615
1949-02,1959-02,6.228634861906855,5.8291954860061,6.852392870674384,324.25320022806153,291.4001458533153,11.27420656518263
1949-03,1959-03,6.30880283347361,5.88706174785929,7.163863802985881,327.9802029277843,295.76367179357976,10.892659987224263
1949-04,1959-04,6.404066948727082,5.895405304916957,8.628103031116208,328.92290470831455,297.614707572889,10.519707641719233
1949-05,1959-05,6.52863648555403,5.879888190064742,11.033344079322461,329.23345430164915,298.19740185102796,10.407888284058897
1949-06,1959-06,6.8238471157096825,5.708547162875418,19.537369509486258,321.7454244370326,291.01373412517535,10.560219916850544
1949-07,1959-07,6.69292426526176,5.770409425406194,15.986991075431845,329.28046636854015,300.16576261652955,9.69954184588515
1949-08,1959-08,6.404339389772015,5.637569368599417,13.601074701509042,322.5598916604143,295.26679333513175,9.2435380277607
1949-09,1959-09,6.053732251013938,5.313488994935249,13.931397181480554,305.413499767244,277.4537887778013,10.077249661144183
1949-10,1959-10,5.878737932865609,5.201011712364603,13.030661301719748,300.89356640367396,275.87813862060386,9.067564363072677
1949-11,1959-11,5.804085594511016,5.111232747709843,13.5554939679007,297.99835718977766,275.31520285662214,8.238976307083345
1949-12,1959-12,5.815622331301273,5.167673788653842,12.538495445863251,303.35079166232293,280.76955857366,8.042621573142794
1950-01,1960-01,5.582417875596105,4.987089551817503,11.937389886284278,294.1150484816081,270.21980521289225,8.842891160361098
1950-02,1960-02,5.248563578796175,4.692129156358085,11.858889725660937,279.0979346376177,253.24392491874042,10.209133240678202
1950-03,1960-03,5.1215855239360115,4.525108059668748,13.181507632569733,271.901154128915,248.67043018584926,9.341972797370302
1950-04,1960-04,5.032113741966576,4.487854887397214,12.127371945508948,272.0232769437217,249.69422142326994,8.942559981234254
1950-05,1960-05,4.812119761666499,4.3595815771619035,10.380312341791264,266.31879110844096,245.38174096967148,8.532440130236596
1950-06,1960-06,4.8978123242828655,4.443471728548178,10.224901236923923,272.97698905125236,252.0622868327744,8.297434130776328
1950-07,1960-07,5.13448236180073,4.270215523999326,20.23941960175264,263.16986717869577,244.2586183778135,7.742305645744207
1950-08,1960-08,4.885721835872013,4.22039017218174,15.764695597950551,262.8972572714091,240.09398388610126,9.497644637412295
1950-09,1960-09,4.564365555097292,4.00678798461054,13.915824162104972,251.9644599492136,230.34705024840173,9.384713056885285
1950-10,1960-10,4.2847865868181385,3.849158824481221,11.317479537769671,244.24196473517443,227.0177100512467,7.587185457927292
1950-11,1960-11,4.419021768644331,3.9091738944139105,13.042343165111635,249.48911619837017,235.36933677883866,5.9989884888017375
1950-12,1960-12,4.52821694155085,3.944509394392355,14.79797583923399,252.6909636551876,237.4163290264129,6.433691688946697
1951-01,1961-01,4.419507401323827,4.074477990566335,8.468064168130041,262.68343375734406,243.27088267640156,7.979808708453229
1951-02,1961-02,4.421979058954745,4.183658901298639,5.696452872439739,270.6032247497358,249.3211646062874,8.536002219087857
1951-03,1961-03,4.623312671596901,4.275234575864703,8.141730928572422,276.25632580150494,257.3754740957613,7.3359172128105055
1951-04,1961-04,4.668104296895033,4.34110680579541,7.5325834108268985,280.5911872239218,260.2737771605342,7.806168675554281
1951-05,1961-05,4.697315969751533,4.343187915847279,8.153643378222775,280.42160483650514,260.8743804215899,7.492964385128853
1951-06,1961-06,4.7001568990996905,4.244977206742517,10.72278295473974,273.7351117113259,254.58103845726222,7.5237627162398235
1951-07,1961-07,4.590482312126795,4.177515937429484,9.885453003236622,269.96179805500003,251.2536486151704,7.445921499227159
1951-08,1961-08,4.54148082072318,4.267446675781706,6.421501327635859,276.59949191714105,252.5883923850841,9.506018588316923
1951-09,1961-09,4.379789068005242,4.190101767741832,4.527033250689705,271.58107835212894,249.3824185549787,8.901453408695836
1951-10,1961-10,4.438037721013825,4.206728901253831,5.498543528465838,271.81000422319767,255.15857743527846,6.52591300488139
1951-11,1961-11,4.75776492489023,4.371668714490207,8.831781079848966,281.18541235380775,267.5942440060811,5.079021186800192
1951-12,1961-12,4.645967166054812,4.364626219708996,6.445934478315407,280.66066048397715,263.2481559680333,6.614482996818527
1952-01,1962-01,4.318381600975858,4.155670616634705,3.9153965593384354,267.3569786475852,247.50139138826452,8.0224143985407
1952-02,1962-02,4.460236833829762,4.1880847506898125,6.49824679634583,269.0825262003377,249.34407317919664,7.9161508711520945
1952-03,1962-03,4.442126250751643,4.15280423500472,6.966907163794911,266.530141110284,248.7841479046925,7.133088404165466
1952-04,1962-04,4.3024589192418174,3.982127358564764,8.04423193517616,255.34230483433691,236.8974183355373,7.786022586651664
1952-05,1962-05,3.9749410608417706,3.66530079393935,8.447881478497399,233.93264720440257,217.68340423730945,7.4646218548561905
1952-06,1962-06,3.4105399241543117,3.2184898122646852,5.967087767616408,204.6011260886002,190.76525929826667,7.252823098518579
1952-07,1962-07,3.3891438682018196,3.2948799683483023,2.86092060284584,207.68684993733936,195.7985876633938,6.071679278087139
1952-08,1962-08,3.461155838403812,3.38744530959462,2.17599170089664,211.5059256376389,195.39155564894293,8.247219249151394
1952-09,1962-09,3.479225921056945,3.360358711272405,3.537336933280266,207.8064093492966,192.5994459080784,7.895642362582911
1952-10,1962-10,3.4354246307674168,3.2661515058799897,5.182647669059071,199.46729606846154,188.78737138744737,5.657118165544994
1952-11,1962-11,3.5527569667098673,3.4879529306432278,1.8579389503025512,211.22472864858952,202.2605371997085,4.432002195282392
1952-12,1962-12,3.5568870988299155,3.638455647637155,-2.241845351618088,218.32530947912167,205.60783284507147,6.185307465223366
1953-01,1963-01,3.668139616344912,3.7863420099329663,-3.1218097382108123,224.7176306883099,209.1603776740588,7.437954160942684
1953-02,1963-02,3.7557477812714675,3.8376654553794833,-2.1345704845946667,225.59426523371553,209.633723114863,7.613537498500378
1953-03,1963-03,3.7161457395827524,3.8141570837638725,-2.5696724604850507,222.59906971296877,207.50354500587466,7.274827380258375
1953-04,1963-04,4.083842052626603,3.979118116818749,2.6318378277139454,230.83372920639263,213.52835421133915,8.104485729293609
1953-05,1963-05,4.135099187975565,4.015308576886693,2.9833475757858885,232.92342711448183,212.9973764974861,9.355068566880176
1953-06,1963-06,4.277006220689594,3.9607689841074114,7.984238360052931,230.29066910532086,210.98219245300817,9.15170916930026
1953-07,1963-07,4.145431365262705,3.835546522563889,8.079287811419157,224.24070550936796,206.61321979478055,8.531634970935542
1953-08,1963-08,4.233052784703666,3.867357855619407,9.455937173046758,227.79788018625882,206.07517381225324,10.541156400429031
1953-09,1963-09,4.542095829238852,3.8890964780420734,16.790515609052825,231.06375080186535,210.01326848942531,10.023405884709602
1953-10,1963-10,4.409689386927512,3.795066488024699,16.195313068749904,228.665074913648,210.73153317379513,8.510136793368584
1953-11,1963-11,4.280220262047526,3.676163806645632,16.431706724001337,224.57081591385037,211.73103590908428,6.064193635872717
1953-12,1963-12,4.303584000413384,3.6532549790137634,17.80135865510224,226.59279389518122,210.9248189546492,7.428227279360988
1954-01,1964-01,4.316363069968841,3.654700934771324,18.104412563621096,230.7293411387679,212.60621621787934,8.524268595381024
1954-02,1964-02,4.266053704849769,3.5924395453917928,18.750883652922035,230.78260926257704,213.47113506256488,8.109515225530828
1954-03,1964-03,4.24477362892125,3.5487281905820613,19.613940571340937,232.23259735305646,216.75703821358206,7.139587838539074
1954-04,1964-04,4.1328696887059495,3.499079082767503,18.113068923185537,232.86886463450406,216.35104682126328,7.634729785655647
1954-05,1964-05,4.00627906275819,3.4369292947912946,16.56565262572469,232.54359114464302,214.63796534971036,8.342245401813674
1954-06,1964-06,3.944136041552515,3.3352867483197275,18.254781048121792,228.73635804856323,212.93414600411683,7.421173325644492
1954-07,1964-07,3.925404235175652,3.363808191554927,16.69524573460077,234.74061764487573,219.79268730576524,6.800922506723639
1954-08,1964-08,3.786638910499228,3.2179591676295027,17.67206211285275,228.97857367178992,210.61236269868107,8.720385991483814
1954-09,1964-09,3.7581072209509814,3.182895936391904,18.071947561412614,230.64221510374864,213.6265604347647,7.965140024889372
1954-10,1964-10,3.7308627376289234,3.1436338436216755,18.679939306504,232.3784054186711,218.4561746367026,6.373008593197915
1954-11,1964-11,3.610349982798942,3.0895584403940894,16.856504010276076,231.8037305695029,223.48331758418988,3.723057754491488
1954-12,1964-12,3.388570817231154,2.9590246279799977,14.516479017763007,225.7821261120696,215.03082559300586,4.999888034384892
1955-01,1965-01,3.4102058864094262,2.967339838285691,14.92468245159242,229.69870934840168,217.1547228749813,5.776520219015491
1955-02,1965-02,3.3204466082456237,2.9319141594854776,13.251835750482188,229.5083690281094,217.1925411693805,5.670465381738987
1955-03,1965-03,3.346194978750982,2.8853533392577684,15.9717575391221,227.9539450977636,217.9967076390713,4.567609101316394
1955-04,1965-04,3.273686864850309,2.856683042618518,14.597483025262514,229.12624021405844,216.5552770814127,5.804967351555135
1955-05,1965-05,3.333067759244344,2.838733474573427,17.413902682258666,230.787294597952,216.68125250253632,6.510042715970821
1955-06,1965-06,2.998607368427561,2.6520215155127818,13.068742123223887,218.1612482605413,205.64808745189973,6.08474455740724
1955-07,1965-07,2.7884887314681803,2.6118266446933185,6.7639284993819215,216.38858770553512,206.95744455384744,4.55704464848754
1955-08,1965-08,2.8560665321835867,2.629966771269974,8.59705770367707,219.1500899018821,206.89421588881328,5.923739317901111
1955-09,1965-09,2.8227706034749853,2.685866675775622,5.097197449677138,225.11165048711544,212.7222068834142,5.824236117713588
1955-10,1965-10,3.036746789599002,2.7316977363968915,11.167013434087703,228.86818731714672,219.95234991648897,4.05353132350843
1955-11,1965-11,2.8668622249738385,2.729700246874406,5.02480000346146,229.27622626909098,223.58642317066744,2.54478917714982
1955-12,1965-12,2.8258517492211888,2.7110688133805345,4.233862868922422,226.93225269976713,219.6453688684821,3.3175677087224242
1956-01,1966-01,2.952196802000902,2.7505506446006245,7.331119599492264,229.56861039560283,220.0495080307267,4.325891227871725
1956-02,1966-02,2.9117334148316787,2.722998051890836,6.931160410114345,226.64077530130186,215.73629576334187,5.05454100775049
1956-03,1966-03,2.6110250355392073,2.614121958543599,-0.11846895644138655,216.05329022447407,207.85376312435946,3.9448538130189226
1956-04,1966-04,2.6582523187505362,2.7095309513525545,-1.8925280250598697,221.56715247661933,212.37867980099628,4.32645719628395
1956-05,1966-05,2.598840825134685,2.5794344533668956,0.7523498704322007,208.90011697096014,198.18175416106575,5.408349953943481
1956-06,1966-06,2.591022023432899,2.5558743172324383,1.3751734959533968,206.14469204963675,195.46880533148408,5.461683105929893
1956-07,1966-07,2.4506079159175935,2.5427135339804052,-3.6223356202705226,204.59526529956494,196.63613482837692,4.047643876917495
1956-08,1966-08,2.3158097089055016,2.389909343195208,-3.1005207164317983,191.42826244814472,182.60504623429026,4.831857824199393
1956-09,1966-09,2.312554494554361,2.3163016430782863,-0.16177290790786447,183.9855593718732,175.8623324013118,4.6190829267659606
1956-10,1966-10,2.3217637437368466,2.308033933640933,0.5948703741220474,181.6406770224522,176.07052887486998,3.163589149857571
1956-11,1966-11,2.4628684797308895,2.4467965859187,0.6568545135579695,189.90347837587987,186.36665316302592,1.8977779301322162
1956-12,1966-12,2.436552441357549,2.483061464741159,-1.873051635814349,189.78816539557087,183.6605006602079,3.3364085981121283
1957-01,1967-01,2.5853854580399367,2.60825029202573,-0.8766349631282977,196.13301489108986,188.01071285820515,4.320127246690686
1957-02,1967-02,2.793484590882647,2.719327691793032,2.7270306301598657,201.80621031805447,190.62549897565538,5.865275843200268
1957-03,1967-03,2.82138099742975,2.7938574576723494,0.9851447389277679,205.28244440523233,194.27774021944128,5.66441846264063
1957-04,1967-04,2.8034715226513836,2.8505283846815628,-1.6508119085239747,207.51496404119817,195.9388919772126,5.90800118709045
1957-05,1967-05,2.746882430864769,2.9143349519118456,-5.745822762658948,209.94437888065335,196.69871552749623,6.733985688536692
1957-06,1967-06,2.6675100678299906,2.8916793726815153,-7.752218554010981,206.13253586110298,194.09443688454357,6.2021865076536065
1957-07,1967-07,2.6588851782007987,2.953797858635091,-9.984186276394935,208.54006429774188,199.9860047419907,4.277329089496584
1957-08,1967-08,2.856784119944874,3.0113077762624707,-5.131446793173233,210.71313525931748,200.94294402767156,4.86217183634996
1957-09,1967-09,3.0168068239584067,3.042332347709475,-0.8390116803079106,212.31187125382453,201.13676144008065,5.5559758115489855
1957-10,1967-10,3.2089015658266655,3.010685766330828,6.583742538411985,210.4999234148028,201.31935573891843,4.560201199824121
1957-11,1967-11,3.1735023275451364,2.8661978125690655,10.721678511805987,202.28862882266412,194.4093636330136,4.052924736960817
1957-12,1967-12,3.2618117293453532,2.884251534578938,13.090404572551751,206.34217824050637,195.22464947676912,5.694736189069305
1958-01,1968-01,3.187095678669678,2.8092518637622934,13.449980038505949,204.04646018933786,191.18482569726598,6.7273301869876345
1958-02,1968-02,3.0302221533413958,2.6165473615515324,15.809948555434005,193.26802266044038,179.1860622543898,7.858848076062119
1958-03,1968-03,2.912587300752394,2.5077976530278745,16.141240392173707,188.2577220180213,175.73877343605906,7.1236121302036715
1958-04,1968-04,3.1079981047918355,2.627792868597749,18.274090090302096,200.6247152587974,187.91864687495237,6.761472900717558
1958-05,1968-05,3.0780944099161407,2.619698174349848,17.498055312423787,203.59647055050453,188.55790668571424,7.975567892709146
1958-06,1968-06,3.0843619222182723,2.625200401920458,17.490532149923354,207.44669933773537,194.3998774827296,6.711332344417165
1958-07,1968-07,2.9939672923167344,2.5631132060290027,16.809795418878437,205.46507477789922,197.4061465380233,4.082409986319058
1958-08,1968-08,2.821699391953835,2.4512024979616305,15.11490357489036,199.53839269752774,191.72461297932273,4.075522488626815
1958-09,1968-09,2.837188050277468,2.483120731536991,14.258965109655296,204.6542095292459,196.69901883077816,4.044346914262764
1958-10,1968-10,2.792551535054854,2.5096834468542233,11.271066418961873,208.33014238251104,202.62788012345356,2.814154821924464
1958-11,1968-11,2.750917244800299,2.5228235852111762,9.041205295772992,210.2280524740513,206.10364998996366,2.001130248924987
1958-12,1968-12,2.7272992982197173,2.529507735003024,7.819369772216045,211.15892127461782,203.62034865447526,3.702268790893193
1959-01,1969-01,2.511741246014809,2.402066563636522,4.565846926916506,201.08713199905998,191.60566721187521,4.948426069621559
1959-02,1969-02,2.537848983943676,2.3815210553804893,6.564205183489791,199.10091004463715,188.45524295977557,5.648910010497188
1959-03,1969-03,2.4213292389936605,2.3259037754125256,4.102726200021323,193.78373485156854,183.74820979051256,5.461563447337681
1959-04,1969-04,2.4293499692708136,2.3765139784100793,2.2232560523831824,196.73882791549275,187.59346327960796,4.875097711828924
1959-05,1969-05,2.4710760209022657,2.458409553763968,0.5152301462099551,202.1732661149145,189.89663512191052,6.464901805723189
1959-06,1969-06,2.3625512098946206,2.339369288643723,0.9909474901389936,190.72624232475985,180.85459879891334,5.458331494695634
1959-07,1969-07,2.171392971717221,2.2355792518508957,-2.8711252388182285,181.4013798961704,176.4886532925214,2.7835934560089814
1959-08,1969-08,2.1721456289352767,2.2355737271530236,-2.8372179117761354,179.71988556940414,175.7440559893647,2.262283954730182
1959-09,1969-09,2.269847492773057,2.2526604441596216,0.7629666804864321,179.67100959341784,175.11392374127962,2.6023549440140625
1959-10,1969-10,2.2963347586945724,2.2842118071992146,0.5307279936628273,180.80371193765203,176.92625160374263,2.191568689644563
1959-11,1969-11,2.303809252644496,2.311889854237532,-0.34952364093924215,181.29842149372683,178.4413519268899,1.6011252638387985
1959-12,1969-12,2.1147358130379788,2.1950940134247787,-3.660809053978753,170.9459276843207,164.99764934201144,3.6050685364489743
1960-01,1970-01,2.1338800862312612,2.1829361194353165,-2.247250057722494,168.83134979596892,161.9316139375236,4.2608948868424035
1960-02,1970-02,2.142916182820414,2.1025990260401617,1.9174914608508065,162.33822395564766,154.0665164052481,5.368919700009389
1960-03,1970-03,2.2097473509659973,2.120655680776509,4.2011379309283114,164.43949588340743,155.5960162859353,5.683615691818655
1960-04,1970-04,2.115510981729096,2.03183388507732,4.1183040240807545,158.74520069023367,150.51553387566778,5.46765280809085
1960-05,1970-05,1.890398221509439,1.7758981867783934,6.4474436419554415,139.97722309206188,131.08038650714187,6.787313359375302
1960-06,1970-06,1.8129903710672581,1.7402164681448193,4.181887957882635,138.71195241330204,132.23966600932135,4.894360821755606
1960-07,1970-07,1.86339332318975,1.7257026845668246,7.978815809600914,138.62006743935947,136.5211086987134,1.53746095431897
1960-08,1970-08,1.895804265909879,1.7540261020376802,8.083013343273105,142.2422363381417,140.18417243202666,1.4681143173370659
1960-09,1970-09,2.0720252451109626,1.8325758278151605,13.066276094085527,150.28186542245174,147.41678812313341,1.9435217221835055
1960-10,1970-10,2.159726623288822,1.8409701246694625,17.314593775745845,152.92191677895863,149.1126482717367,2.554624675621131
1960-11,1970-11,2.090147515744237,1.802594616653748,15.952166750852093,152.07347772572894,148.45692121308954,2.4360982856759694
1960-12,1970-12,2.1810488495977114,1.8862932820797076,15.626179148187646,161.78875403592073,155.41352376268648,4.10210779530944
1961-01,1971-01,2.1538092482175344,1.9200419639297839,12.175113288112449,167.20828651829092,159.38709299091659,4.907043211974549
1961-02,1971-02,2.1491977327128433,1.9697530644802301,9.110008328884822,172.9460311454386,163.83651410178229,5.560126259764719
1961-03,1971-03,2.1374408049607756,1.9997233121580837,6.886827390838812,176.66037092541399,167.28999026828905,5.601279934380599
1961-04,1971-04,2.153112008344416,2.05215717942344,4.919449150056798,181.97091152124943,172.9848603761651,5.194703817168556
1961-05,1971-05,2.1026879929770663,2.0187099241967505,4.159986919058256,178.8140764303368,167.80649536251934,6.559687122978963
1961-06,1971-06,2.0917211709380426,1.9908311843128128,5.067731881046189,174.87488612519513,167.63903887225572,4.316325899752549
1961-07,1971-07,2.0825956640391463,2.006722871361017,3.7809302799578948,172.97812966228472,171.6395265386229,0.7798921091527244
1961-08,1971-08,1.9751521645833425,1.9957831134466895,-1.0337269979059815,169.287197242471,168.07385907734724,0.7219077206797486
1961-09,1971-09,2.0352652209154964,2.066144715027908,-1.4945465285085002,172.4964791479801,171.3453509137251,0.671817605856484
1961-10,1971-10,1.9708052919540426,2.048191723741944,-3.7782806604901187,168.26476319609938,165.3807387431044,1.7438696155995137
1961-11,1971-11,1.7987579457979694,1.9856755282306642,-9.41329939233565,159.97970780966196,157.575563430627,1.5257088895597626
1961-12,1971-12,1.9053983863961559,2.151292674751426,-11.430071381788265,170.58308461959717,166.3605301696981,2.5381948744643834
1962-01,1972-01,2.0615379236498685,2.2642877736572427,-8.954243906899507,177.18175048856492,170.34724925779474,4.012099555788651
1962-02,1972-02,2.0651116420084596,2.3161874516152587,-10.840047053691803,179.79577718177077,170.06051927281257,5.724584371838137
1962-03,1972-03,2.1119911579649426,2.3820998651256735,-11.339100896447118,183.4127180662199,173.42322495080913,5.760181843143708
1962-04,1972-04,2.20345194190957,2.4181984365463194,-8.880433110503994,184.59570743038228,174.88502786156454,5.552607726091052
1962-05,1972-05,2.355587123815055,2.391458141872236,-1.4999642866045715,181.96933610420615,169.04183016129468,7.647518919179008
1962-06,1972-06,2.6727553881322357,2.3777163659985265,12.408503653033787,181.5458858619287,170.769321153313,6.310597615446811
1962-07,1972-07,2.5889192715711635,2.314128346704482,11.874489384221377,178.96728744565647,171.53604297511714,4.332176691062695
1962-08,1972-08,2.6080159388110467,2.3563951203205824,10.678209962352646,184.0902682772791,177.83584570520446,3.516963943502427
1962-09,1972-09,2.591807071257587,2.2844284236174883,13.455385358642658,180.2738334888464,175.14199898208656,2.9300993117503005
1962-10,1972-10,2.6791325492343177,2.2442516073449323,19.377548420422986,179.4310713265199,172.62404991484055,3.943263650133
1962-11,1972-11,2.6304660924419325,2.3022544914497995,14.256095588522367,187.0945479726303,179.94496575153732,3.973204913642814
1962-12,1972-12,2.5723166941926374,2.3108702219899264,11.313766983313123,189.75424797928494,182.7389237022036,3.838987411633066
1963-01,1973-01,2.4943238354785606,2.2944315808584825,8.712059940583906,190.04462143750973,181.73647864613153,4.5715328332928795
1963-02,1973-02,2.373505831465908,2.182955761446489,8.728993660098494,182.28165445294,172.49136201616201,5.675816065421668
1963-03,1973-03,2.3441042557290284,2.1196048154503955,10.591570590998533,178.47518220357136,169.84167833303815,5.083265753888755
1963-04,1973-04,2.1964569789334933,2.0481476511046974,7.24114434566292,174.24017872473917,166.4467052614587,4.682263581630086
1963-05,1973-05,2.0925078106192587,1.9659841045758726,6.435642371110695,168.59909322981608,159.04896885694825,6.0045182571773825
1963-06,1973-06,2.0464246997239846,1.9000432453444818,7.704111721571039,164.1757253017969,157.60091352043335,4.171810704962131
1963-07,1973-07,2.096831170269854,1.8967787973553447,10.54695324480852,165.10572181756643,161.45786878126614,2.2593219295135025
1963-08,1973-08,2.0018787419328445,1.8323420900291405,9.252456341326942,161.32880374486632,158.1902952405931,1.9840082474717136
1963-09,1973-09,1.984419561110626,1.841725769767276,7.747830523182664,163.52805748914332,161.75339412223616,1.0971413468863878
1963-10,1973-10,2.0581800703470416,1.8935412542719285,8.694757281029887,169.43258799337374,165.72332893242682,2.2382238426186474
1963-11,1973-11,1.9230373324746506,1.737559013895542,10.67464857859839,156.8406242463768,152.41374901441628,2.9045117389913333
1963-12,1973-12,1.7502892740790559,1.5932681490941925,9.855285506970901,145.31162426157243,141.60903558326206,2.6146556701414525
1964-01,1974-01,1.7226816861618892,1.5992954295811466,7.7150384036961395,147.02203999325917,143.00766102834913,2.8071076304885922
1964-02,1974-02,1.6555809078865438,1.5404615369115262,7.473044163492748,142.68411560624048,137.24083953141408,3.9662217845734205
1964-03,1974-03,1.696188108894809,1.5916794167157922,6.565938535201754,148.52836027416944,143.8441184006452,3.256470911432996
1964-04,1974-04,1.5876099680939524,1.499078397444383,5.905733202512775,140.71415826534908,136.25719080969148,3.2709961427889622
1964-05,1974-05,1.5260334222475591,1.4434240586332943,5.723152743656179,136.33770587087463,130.7476874573413,4.275424309402931
1964-06,1974-06,1.5384074631916036,1.434475631758441,7.245283860678664,136.43517126084245,133.41924627039253,2.2604872046254387
1964-07,1974-07,1.3118976114725267,1.2622352526513814,3.9344772471555878,120.4805505602943,119.6909425749246,0.6597057123812089
1964-08,1974-08,1.278189884220439,1.209665161405663,5.66476782179528,115.6483762124205,116.62098617255077,-0.8339922273433831
1964-09,1974-09,1.1280451455646658,1.0809502138591471,4.356808583938676,103.82128116208746,105.45549104529505,-1.5496678902245709
1964-10,1974-10,1.1325270807742287,1.0975996530207996,3.1821646132359938,106.15837703516262,107.5647079110144,-1.307427782925974
1964-11,1974-11,1.1639981665033374,1.1290307420520032,3.097118895786788,109.99528814142825,110.1382024503219,-0.12975907152480426
1964-12,1974-12,1.1096090325906918,1.0511553017305384,5.560903394952188,103.14098139964722,102.8074315492949,0.32444138067235784
1965-01,1975-01,1.1723425214041185,1.130734619699178,3.679722985399514,111.92882213841534,111.46557876821477,0.4155932040364352
1965-02,1975-02,1.2865102239788657,1.2416972149237753,3.60901260923272,123.83759096999734,120.80414621272091,2.511043579526584
1965-03,1975-03,1.3459895426644453,1.2931892967166814,4.082947955246774,129.69907095833864,125.90237262765027,3.015589183467493
1965-04,1975-04,1.3450458428287255,1.3065384316811506,2.947284994749566,131.27831500736235,126.59101474416066,3.702711659808311
1965-05,1975-05,1.4108798963152622,1.3861261004165584,1.7858256829061059,139.72405936104838,133.24644515254914,4.861378628963231
1965-06,1975-06,1.520230773278393,1.4260415297489275,6.6049439349812555,143.34748916602874,138.81202217792307,3.267344511624737
1965-07,1975-07,1.5252039090478546,1.4269241871035536,6.887522324770057,143.44427008800758,139.9559579382963,2.4924356212467913
1965-08,1975-08,1.3890459927420222,1.3222849045417966,5.048918578054851,132.92008837163266,131.82494506014962,0.8307557503500984
1965-09,1975-09,1.329374695833544,1.3155577391492683,1.0502736803639445,131.40097466833288,132.54528542603597,-0.8633356924201196
1965-10,1975-10,1.3614303102383014,1.3940728094338117,-2.3415203979746058,137.5862212458854,139.31243226652464,-1.2390933045636099
1965-11,1975-11,1.3744005502617291,1.4395618052788643,-4.5264645656886255,140.02521782529578,140.0565904410948,-0.02239995683189777
1965-12,1975-12,1.3610303628378706,1.4340011655737608,-5.088615301556865,138.0021510261634,137.47849000638467,0.3809039652344248
1966-01,1976-01,1.4619687102754404,1.5821809610750852,-7.597882527796385,150.77978677035827,150.4130985775497,0.24378740699866341
1966-02,1976-02,1.5296123953625802,1.656972758315726,-7.686328113360464,156.59873541919566,152.31899067427906,2.809724989622908
1966-03,1976-03,1.6038058952112586,1.6735569705599178,-4.1678339354843,157.32186474194194,151.8094670370935,3.6311290807058416
1966-04,1976-04,1.5692664368575382,1.6866060237902938,-6.957142644911196,158.4378406093302,151.14317385751303,4.826328947342384
1966-05,1976-05,1.6456648634949693,1.676680374060578,-1.8498165211116246,157.266518842087,148.90421054538712,5.615897808444448
1966-06,1976-06,1.6698334488874267,1.6787810008466666,-0.5329791053584332,158.03436234453855,151.25280329018184,4.483592308266937
1966-07,1976-07,1.7140329351808983,1.7106806891829993,0.19595977315323143,161.56271979014136,155.69956295316234,3.765686123822176
1966-08,1976-08,1.8087868579033846,1.6858193840696842,7.294225881828953,159.95079511291982,156.59627489158686,2.142145605733803
1966-09,1976-09,1.914630959061921,1.7000064142488,12.624925589351932,163.02555597179136,161.59081523406252,0.8878850791430359
1966-10,1976-10,1.8657648165744507,1.6141477533849036,15.588229928883557,157.08070624189196,155.7896803047243,0.8286979822042184
1966-11,1976-11,1.765199432739226,1.5743355193996986,12.123458499640826,155.65070373694243,153.02359484719082,1.716799878067854
1966-12,1976-12,1.8191269871766198,1.610603536739954,12.946913730162368,160.75875650546197,158.9069751190576,1.1653241684431936
1967-01,1977-01,1.7376341412268823,1.5759033240151528,10.262737234392327,159.08629609203666,157.55207482189766,0.973786776133112
1967-02,1977-02,1.635520228985745,1.5190067813151993,7.6703704752170365,154.60394110942693,150.1642597429435,2.9565499634090164
1967-03,1977-03,1.5927334550169934,1.5091154459209812,5.540862319183404,153.89092852339732,149.31355211676032,3.065613497063935
1967-04,1977-04,1.5430513852110284,1.4875975087347084,3.727747334256204,151.47551483128547,145.68535078621673,3.9744312065839837
1967-05,1977-05,1.5129877772352647,1.4785279180155821,2.3306870840783978,151.03701268478318,144.61080559963546,4.443794541148671
1967-06,1977-06,1.5419671629398284,1.4813431239642807,4.092504835294974,151.8855895988946,147.30724322285062,3.1080252918165963
1967-07,1977-07,1.5312834858929185,1.4850361001495913,3.114226363835093,153.29043963614313,149.31847452674955,2.66006274306132
1967-08,1977-08,1.4722437091450071,1.4416160983116262,2.124533075709345,149.5898013116286,148.16920581887356,0.9587656793488053
1967-09,1977-09,1.4313174112338887,1.4167022086836456,1.0316354743191258,147.3708608919481,148.1190453648807,-0.5051237476514259
1967-10,1977-10,1.3985668962947277,1.3759594297090059,1.643032933791,143.71723014321415,144.53053934157202,-0.562724806856052
1967-11,1977-11,1.4542673854251524,1.3770137874375643,5.6102269049423725,144.73204176423422,144.0937785407303,0.44294988303295035
1967-12,1977-12,1.4093204690068577,1.3581388156130485,3.7685141463766003,144.1693773095985,143.4403888550211,0.5082170094464988
1968-01,1978-01,1.3618199636502284,1.2971728556680162,4.983692628144021,138.8916099508538,138.63843139927053,0.18261787083706515
1968-02,1978-02,1.4085886648272534,1.2738177610828203,10.580077296918034,137.18883569055853,134.3158771354,2.1389567759456884
1968-03,1978-03,1.4347457518725015,1.2616591865134066,13.718963663825834,137.1491755409727,133.35546981443272,2.844806989783777
1968-04,1978-04,1.3970385278524218,1.306426915918686,6.9358347435774625,143.32243114360298,137.66546993209408,4.109208514160656
1968-05,1978-05,1.4372060385537815,1.3681245270758038,5.04935845464527,150.79717446877288,144.77336723122562,4.16085316847421
1968-06,1978-06,1.4055817205224113,1.3662953338550443,2.87539492333031,151.3774438351084,146.96688598912158,3.0010555209785794
1968-07,1978-07,1.4040477437725334,1.3635736635621423,2.9682356950675004,150.88254431033315,147.41332807644437,2.353393875002774
1968-08,1978-08,1.5366837221121619,1.4669751906100648,4.751854833557734,161.5105065039981,160.4154936649812,0.6826103975366538
1968-09,1978-09,1.4905695314070628,1.4742121384127889,1.1095684649486959,161.62195286719637,161.73415923829296,-0.06937703922600402
1968-10,1978-10,1.4108964900105458,1.438086152159314,-1.890683816678329,156.6645585237975,157.42968791599964,-0.4860134084813783
1968-11,1978-11,1.3107750920248595,1.36583679607648,-4.03135310234658,147.75928867843328,147.65282470587186,0.07210425724906155
1968-12,1978-12,1.3190306677184298,1.398972647236109,-5.714334706659008,150.28585828085704,150.85770466753618,-0.37906342797631165
1969-01,1979-01,1.4313143054669952,1.4727079520582196,-2.8107165805259404,156.24903622092017,157.21350807140112,-0.613478995738026
1969-02,1979-02,1.4196128715432048,1.4682249106575698,-3.3109395407678543,154.17644373443773,150.92034531654275,2.1574946777822346
1969-03,1979-03,1.4812361120050965,1.5180128089357736,-2.422686864971846,157.36217784196614,152.978658484884,2.8654450238333684
1969-04,1979-04,1.4835489585370238,1.565531574173439,-5.236727063757874,160.70065962212337,153.59233140208573,4.628048910481675
1969-05,1979-05,1.4061065223784057,1.5528708832653184,-9.451163162921961,157.19026395375653,150.29045441945019,4.590983213777133
1969-06,1979-06,1.5154833721962113,1.6298686139757266,-7.018065186278799,160.58074562145922,156.0998341211205,2.870542128098541
1969-07,1979-07,1.6045542703727014,1.6871283213808739,-4.894355098051317,162.34697524976582,157.70681587828716,2.942269391235297
1969-08,1979-08,1.689868575261673,1.8007478524372087,-6.157401605420054,169.8601646826043,166.98107103606998,1.7242036050375997
1969-09,1979-09,1.7052465223274944,1.8521293133191432,-7.930482495761848,171.78371990893888,169.63142151048024,1.268808796915999
1969-10,1979-10,1.6262381684533194,1.8041686269389343,-9.862185597778794,165.34916532191812,164.0917695642556,0.7662759448578749
1969-11,1979-11,1.605040745737216,1.810595160351176,-11.352864467730683,164.19793259105128,162.82575007245978,0.8427306602185825
1969-12,1979-12,1.764491339974253,1.904193615205885,-7.336558326634613,170.80365214563196,170.6729051891357,0.07660674455114425
1970-01,1980-01,1.8338037320487,1.963367356563706,-6.599051577478033,175.67821460788616,174.7292549956191,0.5431028778156488
1970-02,1980-02,1.9776864818016824,2.0385611767220655,-2.9861598276028967,182.53688176310845,176.13310875298833,3.6357576695593696
1970-03,1980-03,1.768566223792203,1.8392907108743632,-3.8452043858003937,165.62880621860754,157.8738226194592,4.912140258895903
1970-04,1980-04,1.7974635127495415,1.7972149221306941,0.013831991699286839,162.9506049450512,154.20001524994026,5.674830628860339
1970-05,1980-05,2.1261557999030747,1.857003997333008,14.493873085713172,170.32551938519725,161.03952874195707,5.766280313772931
1970-06,1980-06,2.278284459683356,1.9319195328963084,17.92853795871001,180.8170914749251,170.97484616715084,5.756545789286527
1970-07,1980-07,2.3791336190178956,1.9745706351969283,20.488655944213363,188.4665713316536,177.77449126682654,6.0144062225322426
1970-08,1980-08,2.384929592169289,1.9903191003873233,19.826493736867267,193.64990048578576,185.1938802274688,4.5660365493344734
1970-09,1980-09,2.3068032054273613,2.0008451463563226,15.291441200645117,197.72285707816076,191.06331363505663,3.4855165632813767
1970-10,1980-10,2.325685739433802,2.028490984806421,14.651026642632203,202.95031653450738,199.06090496368788,1.9538801813088202
1970-11,1980-11,2.4280733553883502,2.08964297219988,16.195607943120827,210.93286467836128,207.5364872256546,1.6365206417962463
1970-12,1980-12,2.23774520401537,2.0396755964264575,9.71083872042855,206.90077696754628,205.34165648066914,0.7592811481112793
1971-01,1981-01,2.1496780948923533,2.01752589924024,6.550210616967989,205.68870754777083,205.41676483621674,0.13238584093704375
1971-02,1981-02,2.000700481644266,1.934317466557704,3.431857295105578,198.2644486997377,192.78669491604,2.8413546827405822
1971-03,1981-03,2.0262837581619983,1.9962742185933557,1.5032774199623011,205.4421024731374,198.4523504430701,3.5221311385134957
1971-04,1981-04,1.9798159846898296,2.004497137928856,-1.2312890236664709,207.06522753573236,198.6910653405914,4.214664701095727
1971-05,1981-05,1.9696688007414054,1.9588457645573676,0.5525211009394404,202.75713854354976,194.9923692443894,3.9820888013461397
1971-06,1981-06,2.0188292692731453,1.9616379804379889,2.9154864152042492,203.52265812157646,195.2419919904917,4.241232148198959
1971-07,1981-07,1.987386096537701,1.9049774546765073,4.32596415558042,198.42637037998136,188.90717079299657,5.039088535932756
1971-08,1981-08,2.034259533629809,1.9029988349332592,6.897571153854809,199.0290830776857,191.8633170041963,3.7348286193408686
1971-09,1981-09,1.820166616708897,1.7218074357027489,5.712554085120636,181.56145688827746,176.1114007369441,3.0946640186424235
1971-10,1981-10,1.8868274249082484,1.7334290244683428,8.849419172899452,183.8678077557705,182.309286208736,0.8548777626445458
1971-11,1981-11,2.0331988603504145,1.7639119022378351,15.266463011613052,188.55509444838665,186.53432459442064,1.083323328486463
1971-12,1981-12,1.9197188265819989,1.7476188445472194,9.84768404001548,189.73813279992896,187.6647923687931,1.1048105534155805
1972-01,1982-01,1.7501317228824975,1.636358343908649,6.9528400913754895,179.7511646108951,180.13471695763485,-0.21292527793514981
1972-02,1982-02,1.6815793739247669,1.5833849603411627,6.201550225817898,175.5789543180948,172.22385210048554,1.948105431791003
1972-03,1982-03,1.5937152668735044,1.5257712309869138,4.453094573204286,170.10106265312453,166.0926492964915,2.4133598769188414
1972-04,1982-04,1.6600185760885655,1.5997116799796913,3.7698603356849825,178.78206122676684,173.92521325706517,2.7924921745090314
1972-05,1982-05,1.682565344459162,1.6031905918047127,4.9510490555646935,179.14053928320368,174.05432581938484,2.9221988249213515
1972-06,1982-06,1.5857359910480149,1.5156596812393424,4.623485778243541,169.05596770868135,163.41967590160522,3.4489676815108394
1972-07,1982-07,1.597664672263551,1.5196188392726646,5.135882168204864,168.88274702605207,162.39611993912155,3.9943239341938774
1972-08,1982-08,1.5516523244953853,1.5296724518786158,1.4369005985415795,169.62293722158967,164.84701270875064,2.897185963131199
1972-09,1982-09,1.7606695103574383,1.7203963582903954,2.3409228851811514,189.52449221999174,185.66121954777088,2.0808183214733322
1972-10,1982-10,1.9090467744683355,1.8742331787667592,1.8574847620872692,205.52954964806662,203.9903995446102,0.7545208533795922
1972-11,1982-11,1.8953414702542128,1.9535254387782226,-2.978408541247324,213.82911039821298,210.5761687388448,1.5447814816131666
1972-12,1982-12,1.8776075063074635,1.9953189224024743,-5.8993785290864516,215.82094113880308,212.81527214548802,1.4123370766644383
1973-01,1983-01,1.9322070487970717,2.10663837202187,-8.280079084355885,223.38319130483146,223.47243375537562,-0.039934433542643255
1973-02,1983-02,2.041242452018441,2.183485663595172,-6.5145017413360655,227.19093606780984,221.9344881015275,2.368468285955494
1973-03,1983-03,2.1490664637448313,2.3003972119949028,-6.578461643971368,234.8934808729279,227.36611679557566,3.310679789689197
1973-04,1983-04,2.27643590164353,2.41877275335562,-5.884672361825749,243.55685822671134,234.27141628578667,3.963540276547173
1973-05,1983-05,2.439824627684274,2.556339423490048,-4.557876576761533,253.00021716827095,242.36071885828218,4.389943370406524
1973-06,1983-06,2.5329877749865015,2.633412457752283,-3.813480963460536,255.9727914631705,242.97110626620392,5.351124006786923
1973-07,1983-07,2.5204135622880575,2.67922238884358,-5.927422345259981,256.24412441145347,241.59298813519155,6.064388039301605
1973-08,1983-08,2.5006307589480157,2.673656199495229,-6.471491756489844,248.5945804414074,237.85318385531934,4.515977634599078
1973-09,1983-09,2.532949594256495,2.83027552337465,-10.505193811083158,255.28476923782026,246.77584345393979,3.4480383755505883
1973-10,1983-10,2.4457432468496783,2.9530474787953853,-17.179006961061383,255.39973940530396,251.01882738233775,1.7452523655898666
1973-11,1983-11,2.5956688508757106,3.023852174004482,-14.1601936367719,251.0590922268925,246.06695529048233,2.0287717749492007
1973-12,1983-12,2.781594416996214,3.0985331966666996,-10.228671424641755,249.14756724573346,243.00219770075842,2.5289357886971287
1974-01,1984-01,2.778182889270353,3.230549830580873,-14.002784820972147,251.26805569290505,247.31444676212968,1.5986162484790123
1974-02,1984-02,2.702993326421326,3.1240446176356245,-13.47776177194816,236.73925104902182,227.9876430407759,3.838632608119319
1974-03,1984-03,2.5961810554774365,3.1639122740442382,-17.943962075822828,236.0797011638568,225.40438655790044,4.736072251732404
1974-04,1984-04,2.7414051600699687,3.2040966480816055,-14.440622079507648,235.67820048404886,225.17843451518382,4.662864803848277
1974-05,1984-05,2.810537249196899,3.2055763478262085,-12.323496799481825,233.35129402775925,220.70535544853664,5.729783291176793
1974-06,1984-06,2.7460479276807486,3.13485020329032,-12.402579083411602,227.2665183512271,212.2654367825811,7.0671333948782555
1974-07,1984-07,3.069322207706805,3.0899170823941895,-0.6665186844245885,223.47459884789092,207.77569420417677,7.555698323542681
1974-08,1984-08,3.482955918083683,3.32374375022125,4.79014568592524,241.7919343217825,224.6580366403913,7.6266569127092065
1974-09,1984-09,3.9248950794501316,3.325515252018105,18.023667973505475,242.67880982100135,226.18538640101653,7.291993387558082
1974-10,1984-10,3.8180393975011335,3.2365652238647553,17.965779566216945,238.7711786972815,223.10905241119417,7.019942094156595
1974-11,1984-11,3.727674027063755,3.19762840738769,16.57621062070458,238.9932313251437,224.934838789266,6.24998448952967
1974-12,1984-12,3.9414852828454294,3.101763744427772,27.072388731288545,234.59976435801985,221.97509792793326,5.687424647149086
1975-01,1985-01,3.798683940267741,3.152766642355697,20.48731705145881,242.5456701450189,229.99649932218495,5.456244273202948
1975-02,1985-02,3.6265677958096774,3.2409902367524888,11.89690591118664,253.6270548420212,238.83226418159524,6.194636520791352
1975-03,1985-03,3.4382060577660964,3.1546082219031226,8.989954248324494,249.8049162722767,237.39821425316865,5.226114298348161
1975-04,1985-04,3.422540791009383,3.127855312189812,9.421327056629792,249.90457109220173,240.31846995396057,3.9889156834585604
1975-05,1985-05,3.294987394181668,3.154517341208219,4.452980845546639,254.2552784242658,242.5713197552945,4.816710681525782
1975-06,1985-06,3.2827007362846468,3.193157293804218,2.804228988473967,258.28995869820056,245.4215452936532,5.243391890940119
1975-07,1985-07,3.342080794983334,3.2293386726362843,3.4911829874756384,261.76407040345805,248.38753218730173,5.38535010125607
1975-08,1985-08,3.5272312481091226,3.1297832654311524,12.69889794184258,254.6385928930418,241.02340490791684,5.648906997362624
1975-09,1985-09,3.4905585176057286,3.012684257921978,15.862075769379413,247.3627957254741,231.9024923054775,6.666725858052125
1975-10,1985-10,3.3750445972904606,2.99066459257029,12.852661768728124,248.53667508678035,232.70587316693147,6.802923237134051
1975-11,1985-11,3.519936656832118,3.133946162120847,12.316436682181497,261.9686796940333,248.30082277698537,5.504555629009689
1975-12,1985-12,3.750608230057712,3.2558159410432572,15.197182456693458,273.18748449339046,259.7408767184437,5.176931696246934
1976-01,1986-01,3.4495799472026296,3.2224631412420672,7.047925639671471,272.4741760949676,257.4744898543317,5.825698013470038
1976-02,1986-02,3.499924516959068,3.3753891162684764,3.6895124206677066,285.41288545272755,270.5706858368081,5.485516500065857
1976-03,1986-03,3.686776851896505,3.5714812494524306,3.228229252547554,300.4091202716703,288.04138450103073,4.293735704702284
1976-04,1986-04,3.746766390403266,3.659113659421059,2.3954634684967724,305.8870305122684,296.2071604935805,3.267939236363482
1976-05,1986-05,3.7796433264311005,3.6739178409821047,2.87773134906939,304.63402916852976,292.03524039996597,4.3141330311056825
1976-06,1986-06,3.8632379956233804,3.784276483013955,2.0865682770233818,311.3150212054936,296.5744627692008,4.970272321715097
1976-07,1986-07,3.6950289367000186,3.7114008960365124,-0.441126135254688,302.89212005160215,287.96412153505486,5.183978627952102
1976-08,1986-08,3.8005783439241108,3.7956918289452437,0.12873845399152817,307.04866167004235,292.2100542771865,5.078061885844676
1976-09,1986-09,3.6189693648836005,3.7068861473259145,-2.3717152064607006,296.7795172806604,278.3746542365758,6.6115441057515545
1976-10,1986-10,3.731525310302732,3.719004959516028,0.33665862032981053,293.8978926661581,275.9567086995988,6.5014487421249045
1976-11,1986-11,3.8773848925676115,3.8637538870035986,0.35279176579707805,301.45483131332634,285.118007119807,5.729846514623893
1976-12,1986-12,3.799588776294212,3.9388523846027828,-3.535639183965378,303.6816467492083,287.2695036956601,5.713151880867806
1977-01,1987-01,4.074915991279827,4.224463087791852,-3.5400261146605105,320.9630507801036,302.51779559207654,6.097246329567718
1977-02,1987-02,4.443336348837393,4.533192220593209,-1.9821765189577012,338.4316805379994,318.8504366293631,6.141200280493209
1977-03,1987-03,4.640156683943939,4.763809621644438,-2.595673369033902,349.6507923621977,331.640925636947,5.4305320402363355
1977-04,1987-04,4.655854260086037,4.753707975976488,-2.0584713319574677,343.05327981775577,328.59255178136635,4.400808222217734
1977-05,1987-05,4.6607530340196925,4.768932341663167,-2.2684177483161094,339.98987526353426,321.5552063899179,5.732971666228437
1977-06,1987-06,4.8268338676537565,4.969482095647138,-2.8704847959575064,351.46451441286297,330.19354616561475,6.441969715719198
1977-07,1987-07,4.914378200761159,5.111234908472854,-3.8514509944625575,358.49575152997903,336.1423080969379,6.649994033656359
1977-08,1987-08,5.342456411822972,5.432707238095344,-1.6612495817833417,377.47054145868833,355.02509515999975,6.32221400815991
1977-09,1987-09,5.242023038274014,5.222649680186188,0.3709488339094458,361.82512084338623,333.049311727814,8.640104663867131
1977-10,1987-10,4.724309999667549,4.557659270063056,3.6564982094896115,315.20028157143406,290.6079987667589,8.462355788222077
1977-11,1987-11,4.1026691625509075,3.957570291526195,3.6663624480755885,273.1584243195224,254.40739718573616,7.370472455286592
1977-12,1987-12,4.051024429417792,3.886607508226263,4.230345380734479,266.45593031186894,250.23200734707981,6.483552258878711
1978-01,1988-01,4.3711475587706135,4.02618919742843,8.567862671791794,274.5947570575484,257.1600089473586,6.779727602886632
1978-02,1988-02,4.5608605726934375,4.10758155433749,11.035180004577082,280.25567419786205,260.3127771538574,7.661128762887226
1978-03,1988-03,4.695673663499071,4.185774277861091,12.181721989522476,285.6419224927135,266.67839098613354,7.111011670820377
1978-04,1988-04,4.439620202445743,4.088040228533699,8.60020827236696,279.4563894997635,263.88906770392583,5.899191630516354
1978-05,1988-05,4.115912314852218,3.949149342921867,4.22275678759132,269.9849611386304,253.78229108914533,6.384476229585934
1978-06,1988-06,4.333592826849658,4.160018003639774,4.172453654239394,282.8844915787468,266.76197381177764,6.043784103331351
1978-07,1988-07,4.322951972599614,4.115781091728495,5.0335738527851115,278.6994982799267,261.66710314149304,6.50918473661688
1978-08,1988-08,3.9585524710418762,4.0093775886420255,-1.2676560507578372,270.6507779459828,254.8500001394418,6.200030526935674
1978-09,1988-09,4.018755625968121,4.059425986078349,-1.0018746554243063,272.8575924599934,253.75827336499933,7.52657985953511
1978-10,1988-10,4.2905878804192366,4.182028993962925,2.595842511207458,280.1046271594739,260.3323093123933,7.595030328469243
1978-11,1988-11,4.4457039252207045,4.067472429896072,9.298931998767014,271.2291946269336,252.71846547498774,7.32464448814798
1978-12,1988-12,4.46337086592853,4.1117704829873825,8.551070260266425,274.02106739933106,254.9536055026129,7.478796724262349
1979-01,1989-01,4.434475921292661,4.197107813931036,5.655516081186973,280.06662780220597,260.3244981367237,7.583661855410018
1979-02,1989-02,4.629680889583945,4.279767418445373,8.175992686669819,285.76733501355324,264.4072062224821,8.07849721504863
1979-03,1989-03,4.516442109158478,4.199368445265184,7.550508321097604,281.6906162876449,260.6682397137524,8.064801679321487
1979-04,1989-04,4.566361606107329,4.3130923784691495,5.872103015982066,288.09659881920135,270.7845263032688,6.393301992649181
1979-05,1989-05,4.845966118476119,4.4671265311133554,8.48061018026156,296.2478772745801,277.37408210907773,6.804455204318693
1979-06,1989-06,4.8921338847810985,4.56812397241918,7.0928441154001876,302.33572037630313,282.3658525010164,7.072338138059697
1979-07,1989-07,4.958506353607361,4.629837090843392,7.098937960776008,306.80462447572626,285.8547046947998,7.328870029721624
1979-08,1989-08,4.943157495035233,4.766447591503708,3.707371163516293,317.06126384641857,296.64615143892553,6.881974469739971
1979-09,1989-09,4.890344871171404,4.71608175983698,3.695082490267265,314.5582749834523,292.3857913018159,7.58329725357576
1979-10,1989-10,5.0743590598999555,4.654019410227935,9.031755405838204,311.56220738389464,290.09526457752366,7.399963194033554
1979-11,1989-11,4.99841773089681,4.471054967900557,11.795040919478627,301.9207383447211,279.74414047203925,7.927457510016511
1979-12,1989-12,4.918578631753687,4.476443414203681,9.876930782753067,306.0855556676805,282.68141671217904,8.279334109652892
1980-01,1990-01,4.655519581748804,4.284504381103731,8.659466011550565,295.49116138817885,274.243039508636,7.747916562481705
1980-02,1990-02,4.34672963149507,4.098134187631261,6.066064030165363,284.4668569473541,264.1433941591137,7.694102232970468
1980-03,1990-03,4.89390294550304,4.154983811468798,17.78392329699674,288.73689901072345,270.004147068224,6.937949711478364
1980-04,1990-04,4.9611011207447575,4.060418766699619,22.182006482479878,285.4094321350465,265.9975480887668,7.297768037997732
1980-05,1990-05,4.905080156483688,4.101071709396155,19.60483756588387,292.2947819346252,270.25084560358835,8.156842685099864
1980-06,1990-06,4.735537624546923,4.138240459573773,14.433602174840022,297.5388530593923,276.31279585747075,7.681894403786682
1980-07,1990-07,4.518938790120115,4.076565878780464,10.85160707551205,294.3065001829496,275.3592295447545,6.8809281132578
1980-08,1990-08,4.0226514868123635,3.716230485869441,8.245478909557802,267.9319011009039,253.5924055977812,5.654544531537087
1980-09,1990-09,3.741851946668032,3.5256637138918157,6.1318449608336545,253.41249520592132,239.82761562524541,5.664435075693541
1980-10,1990-10,3.5376076905481515,3.449909011681887,2.542057734546166,244.87209480103746,233.1692235412761,5.019046288366491
1980-11,1990-11,3.4824740396201936,3.5635679162419995,-2.275637185198487,249.57099347345167,236.98125387437165,5.312546622676773
1980-12,1990-12,3.6881129334464355,3.74251056386345,-1.4535063960075756,258.4265040033041,244.88170614470738,5.531159543045949
1981-01,1991-01,3.6624014332935553,3.724707933417034,-1.6727888800214918,253.9872281092778,239.93678620350437,5.855893182572025
1981-02,1991-02,4.2168534252670895,4.183432357166291,0.7988910838619745,280.4959582892147,264.2786423166126,6.136445923304423
1981-03,1991-03,4.172259757868792,4.3342652851126084,-3.737785220491119,285.72099041777255,267.8134491042587,6.686572826498538
1981-04,1991-04,4.211932281111008,4.48204289373909,-6.02650664065254,288.9322868061521,270.330664219393,6.881062731256615
1981-05,1991-05,4.27342292340317,4.50734854573562,-5.189872049139965,285.20988876312043,263.5285894507501,8.227304429306436
1981-06,1991-06,4.251700836790774,4.548468134969784,-6.52455484732074,282.91543780038967,260.9041016811843,8.436561931135333
1981-07,1991-07,4.372976138166216,4.634206916254722,-5.637011527737901,281.84914049890057,261.78285798087165,7.665239302832871
1981-08,1991-08,4.4542936558626005,4.801383054517159,-7.228946216403531,285.9390040469522,267.46624103808665,6.906577419703264
1981-09,1991-09,4.842779654921018,4.82942942788819,0.27643487149300316,281.6311142365951,263.26235280608313,6.977359745790257
1981-10,1991-10,4.769052038220775,4.80263953001098,-0.6993548356132417,278.29132971668975,257.4966917458132,8.075691314668942
1981-11,1991-11,4.628772591326485,4.744620687065217,-2.4416724408456214,274.5640660223213,254.5188783952161,7.875717413770422
1981-12,1991-12,4.617459714743573,4.726799574313883,-2.3131900951434248,273.4673552356201,254.97351637172218,7.253239131289235
1982-01,1992-01,5.207313632544624,5.008085608542171,3.9781273639299286,289.707836147738,270.0069217473087,7.296447910645343
1982-02,1992-02,5.276950287731332,4.87815240503669,8.175182929563341,283.78739129552514,260.40417551451986,8.97958557492542
1982-03,1992-03,5.370858409377851,4.714767228043293,13.915664328710609,276.6829971439375,251.54982857229487,9.991328045934011
1982-04,1992-04,5.105692230544538,4.588591129819808,11.269278218411149,273.03186920074234,246.6529411907243,10.694755101104004
1982-05,1992-05,5.181667218333048,4.553003570647407,13.80766867257801,274.4885128266296,247.99151802191338,10.684637529568587
1982-06,1992-06,5.397143435222442,4.353463300737024,23.97355995418009,266.7141363145947,240.86196406190277,10.733190005063564
1982-07,1992-07,5.486934402376252,4.265852382581367,28.624572776613032,267.33409101681264,240.8482531846186,10.996898454518455
1982-08,1992-08,5.494947278786774,4.132645944107055,32.96438536241635,265.3236754403408,241.5747342272575,9.830887857147296
1982-09,1992-09,4.920511633749373,3.985032289647472,23.474824696706698,261.8168812484085,239.12000668101115,9.491834197577308
1982-10,1992-10,4.46569858986755,3.816197703853333,17.019581699302332,254.84720786219737,236.44740633119937,7.781773467721953
1982-11,1992-11,4.39119215721821,3.8284144250326064,14.700021202140645,258.31168105299304,244.5965537383262,5.6072447076828125
1982-12,1992-12,4.474177192473935,3.878076273651838,15.37104679637389,263.25978428564054,252.48314361915916,4.268261441934773
1983-01,1993-01,4.311304883661997,3.8133949585163953,13.056867451760468,260.1579809740529,249.16237617385883,4.41302774882899
1983-02,1993-02,4.2941704813911885,3.817281625978842,12.492891595077449,261.27699060895054,246.7073115303267,5.905653540727296
1983-03,1993-03,4.223242445874256,3.8606531736425005,9.391915199925993,263.53146579478096,245.8459831943584,7.193724449197503
1983-04,1993-04,3.9987237782796976,3.7826518342240396,5.71218165258347,256.81619126976483,237.9993995817604,7.906234940538259
1983-05,1993-05,3.8570565575794142,3.7961254900384422,1.6050857038542032,255.65758398176416,237.75817161613486,7.528411008530234
1983-06,1993-06,3.8233743006773837,3.8300665938138447,-0.17473046414572257,254.9883425819789,237.46392092577918,7.379824938407009
1983-07,1993-07,3.7987683206691245,3.845205467062528,-1.207663590182051,252.31879832935357,233.18627438197962,8.204824232507434
1983-08,1993-08,3.961030130433235,3.931377706298872,0.7542501980120964,253.9177352332631,235.89286570174343,7.641125337936172
1983-09,1993-09,3.885889168518817,3.9661457303616325,-2.0235404167939675,254.3570976308126,233.91149289556935,8.740743980618038
1983-10,1993-10,3.9087779395527718,4.003109476848591,-2.3564565955883077,254.5951594340675,238.39639001078356,6.7948887240076195
1983-11,1993-11,3.95416166011439,3.9945327689901524,-1.0106590985851094,251.70627479189528,240.40626079886724,4.700382575511242
1983-12,1993-12,3.994313790271577,4.01315781225292,-0.46955596721883763,250.9598873289258,241.86688009160667,3.7595090464122904
1984-01,1994-01,4.000574030957828,4.0675833898726586,-1.6473997578431598,252.27187884269202,241.78326389929683,4.338023556404513
1984-02,1994-02,4.212882990438588,4.0400280136833375,4.278558865676185,249.08450987583768,234.74044191301812,6.110607889259523
1984-03,1994-03,4.1345759830543,3.9240413402011027,5.365250378386888,242.372743324978,222.33091969029402,9.0144113390086
1984-04,1994-04,3.9759921730154724,3.739029479270273,6.337545479621243,231.23421643264547,210.5517425298372,9.822988712561887
1984-05,1994-05,4.028181746086672,3.723169183538582,8.192283173610694,230.67559418390036,211.38592887861182,9.125330814410827
1984-06,1994-06,4.14944873760341,3.7000070337335433,12.147049985911806,230.1717793976476,211.0252329715384,9.073107588366724
1984-07,1994-07,4.1657316772717685,3.6036615736073663,15.597194469672537,225.8456159654746,204.2969730516611,10.547705427022859
1984-08,1994-08,3.932085459721375,3.6259076635569425,8.444169696921588,229.5442852405075,208.7168224601701,9.978813655191555
1984-09,1994-09,3.9091956312216163,3.601506143032024,8.543355917492779,228.46548899577775,209.01921965513822,9.303579533367333
1984-10,1994-10,3.907921956227365,3.5416067891911327,10.343191349028746,224.55856404856567,210.27763071556564,6.791465779979844
1984-11,1994-11,3.8439984962193963,3.4793052935875792,10.48178219094349,220.83411348327928,211.40313219613142,4.461136024417156
1984-12,1994-12,3.8316362906713715,3.3825630968431315,13.276121715138146,215.75706512257437,209.19339342793074,3.137609456536161
1985-01,1995-01,3.7493526809680344,3.3873892806287302,10.685615686665951,218.14499189359037,209.78147212978985,3.986777134744335
1985-02,1995-02,3.6795194683481474,3.4489937508995347,6.683854309347148,223.62180045083025,212.4711999397158,5.248052683977034
1985-03,1995-03,3.7917021877407717,3.4717390028185244,9.216222321507628,226.59397829492292,210.14092890204986,7.8295311050719185
1985-04,1995-04,3.873928744438766,3.499309930699172,10.705505404168193,231.00152917880922,211.2911863398835,9.328521071020734
1985-05,1995-05,3.8970031811105295,3.5263168996871124,10.51199571587873,235.76713823036746,216.79417611071315,8.751601385253615
1985-06,1995-06,3.922363049404637,3.553321888871818,10.385807198851605,240.2737050123231,221.296445112817,8.575492430450705
1985-07,1995-07,3.9722333189942356,3.5919296976255555,10.587724520891362,245.7742671231488,222.83182577210914,10.295854854460051
1985-08,1995-08,4.067659616988393,3.5345712559429585,15.082122340838655,244.05045076573685,222.3042408639862,9.782184009281124
1985-09,1995-09,4.299913688916502,3.574936551822312,20.27944067216061,249.94423677835218,227.78638375460517,9.727470386297421
1985-10,1995-10,4.2752192953575525,3.5154938906618294,21.610773004435412,248.89760480468595,231.2518915992112,7.630516266676435
1985-11,1995-11,4.112037414970829,3.5098662788703643,17.156526438787047,251.41756588062844,239.89950203850574,4.801203730833081
1985-12,1995-12,4.037633157756431,3.550288046722054,13.726917495732138,256.7233776058319,250.9545489603424,2.298754363843436
1986-01,1996-01,4.014015046627016,3.490618824597576,14.994367713288792,254.10173961723626,247.38452659606327,2.715292307728312
1986-02,1996-02,4.021874122601848,3.6120861004809006,11.34491290410795,265.91645331716904,255.0109906923277,4.276467690758801
1986-03,1996-03,3.7800842466779354,3.523102707407439,7.2941824469148875,262.3704413738679,246.10850598858076,6.607628338551486
1986-04,1996-04,3.68646326119068,3.457028180201839,6.636772077902053,260.10375485815354,242.11470127871067,7.429971614460018
1986-05,1996-05,3.754797632136032,3.4744612935726544,8.068483568430217,263.4808960374362,247.00403037886227,6.670686965431782
1986-06,1996-06,3.6872677397555402,3.4552121234849826,6.716103323824374,264.0615876008301,247.07233164786993,6.876227637327448
1986-07,1996-07,3.624466138502859,3.2724314456429004,10.75758801085589,252.29170886575253,232.21088534425522,8.647666749871474
1986-08,1996-08,3.6526404062409967,3.2955810490993125,10.834488723597602,257.3505889580781,236.9508562852162,8.609267336137783
1986-09,1996-09,3.8204013414456917,3.275825308122642,16.62408651562508,259.8565031575994,239.0741325063832,8.692856242262547
1986-10,1996-10,3.981375389801462,3.3198879094154905,19.924994410502105,267.62723742249,249.2032990185561,7.393135835879128
1986-11,1996-11,4.039807578779087,3.4258023279336545,17.922962041297417,278.0185027816246,265.2602337136048,4.809717947317571
1986-12,1996-12,4.019536048694782,3.457038620220079,16.27107736617919,278.2760573210704,273.1716612885657,1.8685671890074529
1987-01,1997-01,3.89082293771072,3.5700374100408405,8.985494851332954,284.2247577185085,277.7031421265425,2.3484126042024656
1987-02,1997-02,3.814047566876321,3.7339915723884363,2.1439789816311006,293.60500207020266,283.8938726713155,3.4206900302249377
1987-03,1997-03,3.6313374001171117,3.728222065448198,-2.5986827938436985,288.9789515991642,274.052343059051,5.446626864597515
1987-04,1997-04,3.5379328768915754,3.6208905011942343,-2.291083485548595,276.5977754311342,261.2369001042045,5.880055735159329
1987-05,1997-05,3.8573331014049552,3.976372596028529,-2.9936705313397094,299.32321371313816,284.32180617295825,5.276207175982228
1987-06,1997-06,3.8882280921246153,4.220137219310107,-7.864889455887203,312.288734410962,294.2820730002261,6.1188441508369
1987-07,1997-07,3.9867531483019185,4.488832816822278,-11.185082826849191,327.1491542550211,303.51313498954215,7.7874782145073596
1987-08,1997-08,3.758047060633391,4.5427138062210375,-17.273083426763126,325.29145522189066,301.9475471731215,7.731113654447053
1987-09,1997-09,3.921659098221734,4.6626124446918205,-15.891377532645446,326.37967575189504,304.6670147232166,7.126685850256531
1987-10,1997-10,4.522202487288199,4.788735871305062,-5.5658401544753655,328.7817475354972,308.47106818156385,6.584306098352988
1987-11,1997-11,5.09717835152266,4.7244296521309375,7.889813730713424,321.5140271854029,302.8672383497563,6.15675334752217
1987-12,1997-12,5.30217270814667,4.793568551243936,10.610136299620665,325.78116301211867,309.50066956412644,5.260244984581219
1988-01,1998-01,5.098187538356954,4.734879263228113,7.673020893063853,322.242571246856,303.480224153661,6.1823952929779935
1988-02,1998-02,5.249779799148131,4.969207708583556,5.646213783334697,338.51386716965624,317.92251026302347,6.476847735505475
1988-03,1998-03,5.355536207802511,5.163189382153043,3.7253490316340176,352.02420021723293,325.05766463354075,8.295923621457547
1988-04,1998-04,5.587315395209492,5.282210587886473,5.77608185525027,359.51208940389955,332.4653212880096,8.13521482815338
1988-05,1998-05,5.699513119425931,5.195784708157889,9.6949438739665,354.14000582543514,329.3847075634648,7.515618574125993
1988-06,1998-06,5.383138577935422,5.101211712095818,5.5266646779452255,349.85006799345166,321.6020117912618,8.783544619280704
1988-07,1998-07,5.6408460078648375,5.239239001727059,7.665369073741313,360.90297149086683,330.29647977928295,9.266369333405056
1988-08,1998-08,5.339277241743753,4.779466046451892,11.712839673951558,331.42877665771096,303.4963003803498,9.203564011276399
1988-09,1998-09,4.981633693324044,4.433553819028353,12.362089120095687,311.0686215226102,287.4062043906579,8.233091968950369
1988-10,1998-10,4.861017025062583,4.384207283051231,10.875620408155307,311.05171029087757,291.5466853458255,6.690189230556909
1988-11,1998-11,5.505567462755903,4.763170976028505,15.586181778139796,340.9033918884398,323.2950242651768,5.446532207937738
1988-12,1998-12,5.6010609081994405,4.849318067093616,15.502032052856718,350.2043532769674,332.11416890080244,5.446977596902314
1989-01,1999-01,5.684047951775735,4.980363818202185,14.129171266599695,363.05028181909313,341.1228531609993,6.4280151431967525
1989-02,1999-02,5.498704802314059,4.888521531192921,12.481959365989304,358.1291603249153,336.5258926671648,6.419496427609772
1989-03,1999-03,5.668472117815248,4.966162304608685,14.141902139501305,363.9708466694554,336.8389596856058,8.054854168049207
1989-04,1999-04,5.705856521504661,5.097192629452791,11.941159306690995,374.5728049001514,346.21550762187576,8.19064907665734
1989-05,1999-05,5.474753784518018,5.028327535440639,8.878225332993516,369.5014024007912,344.9457141895577,7.118710916274629
1989-06,1999-06,5.2624781650888925,4.937637507614596,6.578868071488486,362.7935354935777,335.65496247110957,8.085258988180154
1989-07,1999-07,5.350589518546869,5.101242425261433,4.887967920337699,374.7466511146935,346.28646475566086,8.218682869720052
1989-08,1999-08,4.917822804353355,4.8626253785247675,1.1351363004923343,356.41730122031737,329.69826185418077,8.104088634217277
1989-09,1999-09,4.866051833511838,4.83933890495079,0.551995408581929,350.3928743269689,329.32893333220886,6.396018953339855
1989-10,1999-10,4.790348532503049,4.8038110965304375,-0.2802475733717391,342.11773366927645,326.02283617012137,4.936739305818638
1989-11,1999-11,5.225359254622131,5.185114933742706,0.7761509897790342,362.36912010748676,349.2263138004024,3.763406647127976
1989-12,1999-12,5.228857187165563,5.3497785519567165,-2.2603059849444773,368.20341231918763,351.5827896551428,4.727370950195686
1990-01,2000-01,5.340636895362388,5.353897128320541,-0.24767440689157372,363.5421660012903,343.5798609289905,5.810091726076316
1990-02,2000-02,5.343214031474901,5.224852918991764,2.2653482178016437,350.3007274772207,328.76888530812204,6.549233559288625
1990-03,2000-03,5.407288054575012,5.375539833125902,0.5906052682089102,359.5920228629759,329.50042820155113,9.132490305298834
1990-04,2000-04,5.473433149930642,5.396269644266089,1.4299416217376182,360.2445183188733,330.0243394392837,9.15695458429948
1990-05,2000-05,5.1207057460611844,5.181081955919174,-1.1653204942842499,345.67107119562866,319.61629640557726,8.151891841268677
1990-06,2000-06,5.120252443992106,5.2986939320360715,-3.3676504122101214,352.35484217700184,324.4884801132531,8.587781622947844
1990-07,2000-07,5.1549294406103385,5.309314970484067,-2.9078239044396437,351.19346051421957,323.91792270155827,8.420508993505615
1990-08,2000-08,5.647202257611012,5.322092312639159,6.108686694512344,350.2974001038087,322.97886761762345,8.45830338303366
1990-09,2000-09,5.839628346347804,5.181091588551778,12.710386345053992,341.91612116292316,315.91336647330235,8.230976416067005
1990-10,2000-10,5.66619918135751,4.812857435726862,17.730459649523624,319.50003977154967,297.63717641659696,7.345474654131134
1990-11,2000-11,5.459388776199274,4.6668632952076194,16.981973348255043,312.40104416332105,294.43364177567616,6.102360545244334
1990-12,2000-12,5.046556305944644,4.4198024993594425,14.180584011978725,297.7172687044482,279.6149309223727,6.474024016657798
1991-01,2001-01,5.104439461326333,4.363507448079957,16.980193618608407,295.0050978532082,276.8873413845677,6.543367558098945
1991-02,2001-02,4.475853789564808,4.1694532654431935,7.3486978895072275,284.68445539575293,264.5169338163518,7.624283741850335
1991-03,2001-03,3.9491872807849915,3.74028010552125,5.5853350382865985,255.6733386906647,236.2266894126762,8.232198201794283
1991-04,2001-04,3.8792384209762987,3.719273610302789,4.300969152427769,253.85645098965065,236.39281399067647,7.387549859981335
1991-05,2001-05,4.153499400927423,3.9417294521137163,5.372513547324931,268.2411301362259,252.7783834616741,6.1171158952744165
1991-06,2001-06,4.040232356657192,3.808190094268272,6.093242633506346,258.75398596102565,241.35355200716478,7.209520559840077
1991-07,2001-07,3.9022636891466878,3.6736257078874393,6.223769089168574,248.9114735649267,232.62163923754034,7.0027166779407235
1991-08,2001-08,3.7226708648069984,3.562967673644332,4.482308170910687,240.97654052840355,225.33615812833798,6.940911094773239
1991-09,2001-09,3.313988391116263,3.1357548382095444,5.683912234940114,211.45696399187258,198.69489917021582,6.4229453674721215
1991-10,2001-10,3.4133262688738735,3.2064464860310897,6.451995495451346,215.802153824936,204.8752047671307,5.333465838496809
1991-11,2001-11,3.5852608797374335,3.341604437270028,7.2916003985936895,224.17167698536733,214.15376136808234,4.677907851483609
1991-12,2001-12,3.6041396088616575,3.3559747720709985,7.394716994177952,224.83498239112916,212.28844127191795,5.910138603891535
1992-01,2002-01,3.3471003674533306,3.3057849696600305,1.2497908415848746,221.5692315746484,208.42459254295275,6.306664137528184
1992-02,2002-02,3.254406899088685,3.175576930483895,2.4823825821400636,211.87206543342964,198.81293944119335,6.568549325281237
1992-03,2002-03,3.450246973387146,3.306127013140335,4.359177964851324,219.9837663008888,204.6087054201354,7.514372787405521
1992-04,2002-04,3.32024062333095,3.156350811273973,5.192382655045469,209.89007491778054,195.5973563228256,7.307214608445611
1992-05,2002-05,3.1612377438848913,3.038625163479802,4.035133450440953,201.71720156294475,190.70195746978172,5.776156804739929
1992-06,2002-06,3.0141491286978765,2.835205219085396,6.311497608988104,187.7419302634,175.997169193284,6.673267032617813
1992-07,2002-07,2.6393712537008365,2.5044672320385306,5.386535704541817,165.74503826789876,155.50666812825284,6.583878532592524
1992-08,2002-08,2.644492561680211,2.511115411821772,5.311470322332812,165.9732765227095,157.20899842755225,5.574921399423682
1992-09,2002-09,2.5091494758139006,2.369479544052194,5.894540516811064,156.50926331865227,148.78885111941207,5.188837833719218
1992-10,2002-10,2.5044810094519425,2.313571122077148,8.251740590684475,152.8825356674678,147.31398422378925,3.780056233642548
1992-11,2002-11,2.5987948313962135,2.436760626348048,6.649574164000049,161.40905232021024,155.9926760322493,3.4721990966045
1992-12,2002-12,2.490446364468293,2.3876455833377532,4.305529340197611,158.15744057082668,150.44861057367535,5.123895772620823
1993-01,2003-01,2.481359470675986,2.3635864038612153,4.982811993772418,156.31910861604425,148.63243081691678,5.171602023111488
1993-02,2003-02,2.282819813044966,2.1916920147216654,4.157874268427864,144.9058816687365,137.1342677552333,5.667156751348612
1993-03,2003-03,2.26399456847575,2.2032733037829852,2.7559569931023598,145.50222018823592,137.17356663998643,6.071616968382942
1993-04,2003-04,2.4160740189259933,2.308674980556871,4.651977401479734,151.86221799264806,143.38957037707524,5.908831160656991
1993-05,2003-05,2.5261035631189177,2.423662554773285,4.22670260527318,158.43792686272053,150.47602628981406,5.291142229907098
1993-06,2003-06,2.6472830137231917,2.5531714053550227,3.6860669898926224,165.86213096916816,155.23014292642335,6.849177513019633
1993-07,2003-07,2.661465861156114,2.559188032367812,3.9964952748576588,165.1953446732895,154.006490953881,7.2651832076085165
1993-08,2003-08,2.6110515938382144,2.546990364905548,2.5151735874368697,163.26380477681036,153.62565341919745,6.27379030982107
1993-09,2003-09,2.657612542715097,2.616683259855704,1.5641664960875046,166.76479504019542,157.95079706099264,5.580217474812277
1993-10,2003-10,2.6782907148347332,2.660023485827827,0.6867318692572066,168.4588729144536,161.9008633005987,4.050632887410077
1993-11,2003-11,2.710556789039786,2.6861634372782146,0.9081112274496705,168.80317298681146,162.7503868126109,3.7190610066995866
1993-12,2003-12,2.76908375659786,2.763068754091573,0.2176928278523782,172.21555368854177,162.78702411359993,5.791941726486871
1994-01,2004-01,2.856179837605729,2.8983687246691954,-1.4556080013001682,178.86069762661504,168.8407941923334,5.93452754247743
1994-02,2004-02,2.889426230437479,2.927144022486109,-1.2885526560662774,178.93069408433712,167.95269283531832,6.536365129782706
1994-03,2004-03,2.8853046650097496,2.869861528072381,0.5381143580032388,174.2729334706364,162.80394795077814,7.044660565188354
1994-04,2004-04,3.0141201131774316,2.8769295524972875,4.768645118927473,174.05904828850151,162.73544596525224,6.958288808000157
1994-05,2004-05,2.9060962551001204,2.768043466482617,4.987377918343472,167.63570595124395,156.6371517773172,7.0216765621241795
1994-06,2004-06,2.956402205380136,2.806678067515425,5.334567565750503,170.4680476381805,157.35010795962282,8.336784669969122
1994-07,2004-07,2.905314460513716,2.7006673072204914,7.5776513732765505,164.7413551366092,151.44352169274796,8.7807212188582
1994-08,2004-08,2.779364478766116,2.6126997231625326,6.379024505802922,160.57886694129388,149.2893383362155,7.562180079901726
1994-09,2004-09,2.8335698412874986,2.6398488507457443,7.338336453885574,163.2205647643891,154.07930471521956,5.932827946014596
1994-10,2004-10,2.849099421581012,2.591963822670174,9.920493359584913,161.5536934894766,154.99549620881368,4.2312179650868975
1994-11,2004-11,2.9961697541263246,2.6598288723275214,12.64520756572145,167.32983726002547,160.96368008711798,3.9550271026743022
1994-12,2004-12,3.1097644844700087,2.669464756201211,16.49393299709143,169.84415620229333,159.04233531766377,6.791789659686853
1995-01,2005-01,2.9944588902230875,2.5625369580006523,16.855246940884317,165.47435250871575,154.09685310176417,7.383343123456254
1995-02,2005-02,2.9328492941460587,2.539424721325485,15.492665307882048,166.2313651992965,154.84287774058524,7.354866833326934
1995-03,2005-03,2.8524415565159456,2.4657886058748364,15.680701489166339,163.8815939663015,152.86223275766795,7.208687855621276
1995-04,2005-04,2.6970175458050947,2.3471336612831477,14.906858109251008,158.12863892667443,148.34569138780085,6.594696109709908
1995-05,2005-05,2.6445311779822966,2.3254192588623295,13.722769255643264,158.52395758809413,149.58281932999995,5.977383163482708
1995-06,2005-06,2.618979614809193,2.3253347859538143,12.628066746738597,160.3030809890581,149.70403691449258,7.079998838387658
1995-07,2005-07,2.5749792648017142,2.3204702287361214,10.967994026116635,161.55475803312913,150.48039373322823,7.359340326776098
1995-08,2005-08,2.5697807112436015,2.29458363003254,11.993334111215571,160.47770858712838,151.76813813052232,5.738734469494333
1995-09,2005-09,2.484604451518214,2.2634785082405178,9.769297233115125,159.35432519724327,153.02304334967948,4.137469566002494
1995-10,2005-10,2.3975418460578366,2.1716243920003864,10.403155116955887,153.72955538258955,150.87848757663335,1.8896450062227066
1995-11,2005-11,2.4351097456541324,2.2188497128491638,9.74649303883115,158.36937323216793,155.91622991674697,1.5733726480757326
1995-12,2005-12,2.4058031344375026,2.223379743279198,8.204778860189377,160.30178189464775,152.7204444814449,4.964192868181416
1996-01,2006-01,2.4371239821943624,2.217226418055614,9.917686454935293,161.2285760873854,152.60740665931883,5.649247056083251
1996-02,2006-02,2.300863777047663,2.1732368615428914,5.872664768540825,159.76680700788654,150.45478394135756,6.189250233584143
1996-03,2006-03,2.339750622229863,2.16599421648972,8.022016144703215,160.82289631277058,152.5997840475512,5.388678834995608
1996-04,2006-04,2.3538075649468366,2.1440218612289614,9.784681187794654,160.75860980806925,152.6315843198773,5.324602718635063
1996-05,2006-05,2.2815809341261026,2.0940841694370906,8.95364032761934,158.15311152460194,150.56084770434992,5.042654804362301
1996-06,2006-06,2.1918381473423434,1.9963399484444264,9.792831078206476,152.62914115380497,143.87334323163358,6.085768027281269
1996-07,2006-07,2.287128780631242,1.964345649554901,16.43209437959556,152.52992859970496,143.5493725479749,6.256074751374263
1996-08,2006-08,2.2697281377095035,1.947520577549903,16.544500934873653,154.7111208648835,146.65418535781092,5.493832642699581
1996-09,2006-09,2.2810124717887623,1.938899307048574,17.644710248566685,157.32744615315485,151.85242905616957,3.605485359052163
1996-10,2006-10,2.2699946045377137,1.9513284022583484,16.33073151144424,161.69150288590632,159.78132888047278,1.195492626589978
1996-11,2006-11,2.2040942722281898,1.9372010219773472,13.777261483086466,163.6351235319551,162.60785918887368,0.6317433537380346
1996-12,2006-12,2.2248001200776595,1.9356299281103202,14.939332553596385,165.92301253845068,159.74860487534795,3.8650776749634908
1997-01,2007-01,2.1695536937567046,1.9040514994658297,13.944065817828989,165.84125556770445,158.2494630078257,4.7973575490131815
1997-02,2007-02,2.1120829645008823,1.8943762395001607,11.492264338058034,167.3019005849341,159.1010480190527,5.154493114903502
1997-03,2007-03,2.072773155110931,1.807497550141521,14.676401909847115,162.08041166389626,155.95539293248248,3.9274170750000836
1997-04,2007-04,2.2355670224938335,1.8333302951417567,21.940221487529342,167.74033785222755,161.26420483518442,4.015852757691563
1997-05,2007-05,2.1163330747524265,1.8331050240819344,15.450726878692599,172.15435042490827,164.2324905847775,4.823564333661179
1997-06,2007-06,2.0160585533706277,1.793406345770546,12.415045152771453,171.63006796255613,163.5241153639624,4.957038037204464
1997-07,2007-07,1.9176669119734595,1.7662931818122687,8.570136131413753,171.59692626599514,164.05016084832027,4.600279194271906
1997-08,2007-08,1.8307555291320228,1.6596358422534885,10.310676747387216,163.51136497183936,158.14387542157806,3.394054645463007
1997-09,2007-09,1.8648363814312525,1.687075479862802,10.536630025759507,167.68513718068166,165.3233340055362,1.4285963861981887
1997-10,2007-10,1.889551636139707,1.7222451999271022,9.714437654968421,171.81327308062865,172.9655939383589,-0.666213916590197
1997-11,2007-11,1.8197143673358418,1.6256145622430176,11.940087742878358,162.71091023132294,164.26656470364958,-0.9470305019972702
1997-12,2007-12,1.7949726759311198,1.6163310046061787,11.052295032134673,163.89807113462743,159.87578975189655,2.5158789764059053
1998-01,2008-01,1.6719207419031996,1.480731583728253,12.911803886397944,152.28263177439874,147.08977174320762,3.5304018557163364
1998-02,2008-02,1.5467590221805807,1.424725079275882,8.565437969739564,149.24131259043685,144.0208044741821,3.6248291594500825
1998-03,2008-03,1.4301620316462873,1.363420154970737,4.8951804351889505,144.7906269223946,142.33127704085132,1.7279054419201412
1998-04,2008-04,1.4417539221345907,1.3999708274153972,2.984568956792666,150.4880864128097,148.49468325206888,1.342407093025022
1998-05,2008-05,1.4819891516600971,1.4138841165026586,4.816875326805503,153.8926730735004,150.01369110841136,2.585751964656202
1998-06,2008-06,1.417405968641705,1.3326471961704494,6.360180902704182,146.89721844860492,142.15896494670574,3.333066967444176
1998-07,2008-07,1.2743149301453496,1.2324198991468363,3.3994120857279153,137.57650342628563,133.66463397999024,2.926630126321217
1998-08,2008-08,1.3987112857934636,1.2395947887413559,12.836170214435105,140.2004238219374,138.81247102755952,0.9998761524116162
1998-09,2008-09,1.3994580985177114,1.1571950016268493,20.935373601707163,133.02519816155095,132.6504405171271,0.2825151902721812
1998-10,2008-10,1.1026071607049504,0.901562622764503,22.299564430030962,105.84245588909484,107.40240615221296,-1.4524351166838256
1998-11,2008-11,0.9080547961057331,0.8058374348816875,12.68461314893532,96.63917217195493,100.28993790168656,-3.640211377247482
1998-12,2008-12,0.8691793225920451,0.7888508937582109,10.182967335073535,96.3899812762826,98.25148109268207,-1.8946277406683532
1999-01,2009-01,0.8183151201249693,0.7674760051493575,6.624196018443351,95.45990952751909,96.23375645535513,-0.8041325168420044
1999-02,2009-02,0.7639432001664914,0.7074327435127904,7.988103063069385,89.22774205735813,89.89584387667361,-0.7431954476472047
1999-03,2009-03,0.6999962772044968,0.6603624361327792,6.001831555383674,84.37211474793881,86.76867426271784,-2.7620100631280065
1999-04,2009-04,0.7541534908927046,0.7336926650424986,2.7887461365067256,95.1000175195589,98.5753306610773,-3.5255404351290043
1999-05,2009-05,0.8051332482110629,0.7759725204286803,3.7579588213089155,101.69051370847397,102.45452939542983,-0.7457119675081336
1999-06,2009-06,0.8332877949351893,0.7932139026446561,5.0520915174233405,104.80309296848458,103.50093137412344,1.2581158227980005
1999-07,2009-07,0.8073760966269748,0.7958456804756288,1.448825624643102,106.3056228543345,104.52030589505202,1.708105371481694
1999-08,2009-08,0.9071358895104024,0.855083619605523,6.087389433198664,115.14135539720685,115.20032285947426,-0.05118688976187835
1999-09,2009-09,0.9458599280449609,0.877104785142834,7.8388744499815255,119.43530660732783,118.46600059543044,0.8182145147346054
1999-10,2009-10,0.9810348389860655,0.8890671474946567,10.344290839063031,122.35617275778161,122.53849585754213,-0.14878842643252232
1999-11,2009-11,0.9350945279639818,0.9013432414213948,3.7445542376689067,124.93332789123244,127.3547923507935,-1.9013532312873171
1999-12,2009-12,0.9297575173405612,0.9211965462162445,0.9293316566893806,127.77576126785226,128.5526468977889,-0.6043326595634557
2000-01,2010-01,0.9434829910707498,0.9384801059920218,0.5330837645662889,129.5792018536755,129.09309345359668,0.3765564733744231
2000-02,2010-02,0.9394023268062421,0.9154659415530062,2.614666932625598,125.87662760937008,125.33911281487669,0.42884841165844456
2000-03,2010-03,0.9574837904736242,0.9741173814806399,-1.7075550979013365,133.42008136813536,135.9582176831667,-1.8668502414073695
2000-04,2010-04,0.9826302344554816,1.0307102526880476,-4.664746286085286,138.91890594460145,142.8636964251686,-2.761226665189509
2000-05,2010-05,0.9518534629928637,0.98654399347936,-3.51636933738243,130.76394419963378,130.74146833004804,0.017191079366662976
2000-06,2010-06,0.8899741070210774,0.9594878491287372,-7.244879877403532,126.17713262146043,124.22173035286468,1.5741225492844402
2000-07,2010-07,0.88107914164166,0.970261200291752,-9.19155157634619,126.08727352968265,124.43619979719283,1.3268435834433712
2000-08,2010-08,0.8804276046340827,0.9940556244897703,-11.430750659854738,127.29713215013344,128.0364314293873,-0.5774132182538971
2000-09,2010-09,0.9200545486362812,1.046145219698703,-12.052884120498764,131.71312766594608,131.32520238173615,0.29539286989430646
2000-10,2010-10,1.0151098113495078,1.12510863508403,-9.776729135698691,137.8270572067625,138.16703811751967,-0.24606513636630245
2000-11,2010-11,1.0485065350774543,1.1769460262905058,-10.912946587522509,141.24596675279923,142.92951929061275,-1.1778900161207528
2000-12,2010-12,1.1248005545434168,1.2391380233655165,-9.227177817654042,146.44240447970242,145.96705555147918,0.32565494071750134
2001-01,2011-01,1.1584969425579763,1.2963207758717084,-10.631923508365638,151.38569357092453,148.69877026834854,1.8069573122407423
2001-02,2011-02,1.2211108625711016,1.352692455530572,-9.727384256598048,155.99445243506347,153.00958989347117,1.9507682777729407
2001-03,2011-03,1.3281474275498302,1.3547966055869367,-1.9670242697103157,154.04271663234292,154.28652418284622,-0.1580225828500481
2001-04,2011-04,1.3516153443132048,1.3864797486185023,-2.5145988854173074,157.13152212816354,157.89995186091636,-0.48665609057922943
2001-05,2011-05,1.2729866535636134,1.401936470228161,-9.197978610511592,157.81643090264242,154.24040466620056,2.3184756576468457
2001-06,2011-06,1.2564051283564242,1.3670505226983634,-8.093731175607244,151.7762334338198,147.24496880342613,3.0773646578328817
2001-07,2011-07,1.3307990540146204,1.4315403064659966,-7.037262729966254,156.22231933223313,152.41028054023192,2.501169067131892
2001-08,2011-08,1.2173136519020502,1.3138459292218339,-7.347305735989751,139.68053849301037,138.6509989211505,0.7425403205680192
2001-09,2011-09,1.3607797409538334,1.3309105999393782,2.2442635152064794,138.3652636946779,137.40456607425298,0.6991744509463826
2001-10,2011-10,1.3586410919030467,1.3928169535334163,-2.4537224036273675,142.17479158841084,140.63281890403607,1.0964529449039695
2001-11,2011-11,1.3161804962509887,1.4451629964738706,-8.925117826680673,144.32629445461762,144.65728189124843,-0.22880800212992103
2001-12,2011-12,1.3173678268969173,1.4924057069882217,-11.728572148423567,146.25318990452672,145.18570640608135,0.7352538516840257
2002-01,2012-01,1.3845206896397566,1.5929050993766198,-13.082035446958773,152.91828700323194,149.775833085096,2.0981047832666855
2002-02,2012-02,1.4922108227878652,1.6895242879213312,-11.678640345338053,158.88614725126814,154.97037807753065,2.5267855846479614
2002-03,2012-03,1.4629266374194834,1.7757554881068742,-17.616662473103005,162.96475273311577,161.54468226679074,0.8790573891994669
2002-04,2012-04,1.515651244547333,1.816464985282912,-16.560393025617703,162.44288533341356,162.20298694587893,0.1479001047093309
2002-05,2012-05,1.511449426549956,1.7881884705196083,-15.475943869006038,156.92528760879412,151.766516821913,3.399149492858533
2002-06,2012-06,1.588078474882894,1.7841296709392602,-10.988618106056968,154.61444989863827,148.46557897815225,4.141613808942801
2002-07,2012-07,1.8315716156322919,1.8373926186304317,-0.31680779269042114,158.52972109835972,152.41111707712383,4.0145391875447745
2002-08,2012-08,1.8723588628209429,1.8830011783966614,-0.5651783810767586,163.04458221540241,157.2968557910811,3.6540631377624866
2002-09,2012-09,2.0253484069048024,1.924818043714339,5.222850207517227,167.0757920165783,161.70289720521112,3.322695452109703
2002-10,2012-10,2.0490084852461448,1.89314468741789,8.233063160156107,165.69519496763493,158.71745286833217,4.396329435233137
2002-11,2012-11,1.867204267321889,1.8077233006213658,3.2903800421268947,159.97964112586288,155.69976498302316,2.748800644179772
2002-12,2012-12,1.9278259851344388,1.8235474843241428,5.718441757437676,162.57924512829126,158.94237459616517,2.288169244587235
2003-01,2013-01,2.014626218244799,1.8709183939352647,7.681138032282697,168.55464765249843,162.46900725139346,3.7457238793171532
2003-02,2013-02,2.2029668625123056,1.8764053761658697,17.403568039956884,171.451470308228,164.49179625553654,4.231015899345936
2003-03,2013-03,2.2337501249139695,1.8747129574535046,19.15158083444193,174.88612997281615,169.33965210634526,3.275356833134224
2003-04,2013-04,2.152496223226537,1.853090377504885,16.157109731733122,176.1805312762085,172.65869151243157,2.0397697520621927
2003-05,2013-05,2.1374583862229777,1.8952490528305836,12.779815562004938,183.0378802038745,175.0303585230996,4.574933027814199
2003-06,2013-06,1.9995531676490412,1.845058851749014,8.373408563828466,179.87075857720828,171.9393909993515,4.61288569870919
2003-07,2013-07,2.0524123638492506,1.8807454004590989,9.12760245742177,184.6959963603311,178.59469972086393,3.4162809137131323
2003-08,2013-08,2.0610376690198478,1.8654836383383095,10.482752389923355,184.11079042681712,178.46275234699385,3.1648273970590335
2003-09,2013-09,2.021719557949055,1.8693448623930609,8.151235153096902,185.23600164359115,180.1041393838698,2.84938607034646
2003-10,2013-10,2.023473427438986,1.8912807073875106,6.98958750729699,188.11690086069962,181.33297550326859,3.7411426899067957
2003-11,2013-11,2.0764174161884337,1.9493431018744507,6.51882750613737,194.31700526332736,190.51531870380128,1.9954755267930224
2003-12,2013-12,2.0453243930878733,1.9585567988662629,4.430180134261974,196.18283147319298,193.05810859069913,1.6185400889421109
2004-01,2014-01,1.9680059652800341,1.9579988118454326,0.5110908839198736,197.02978086561959,191.4095503678485,2.936233059933624
2004-02,2014-02,1.944325751233677,1.9461308435554654,-0.09275287567461765,195.81052997288484,190.04228449716823,3.035243178105751
2004-03,2014-03,2.0290194826106336,1.9887182622648318,2.026492194017715,200.17468104135148,195.9459065008265,2.1581336482306757
2004-04,2014-04,2.0136237819850047,1.9800628710674617,1.6949416812936935,199.55079986166476,196.66903825222934,1.4652848435347199
2004-05,2014-05,2.098283171493152,2.0031132070503093,4.75110263902585,201.58223658920608,193.39830892890842,4.231643857499301
2004-06,2014-06,2.1051959853595834,2.052774438717621,2.55369248823607,206.89544673425377,197.33129408941628,4.846749061759925
2004-07,2014-07,2.1856205192750844,2.070390172772449,5.565634343614123,208.87176534373043,201.9034475113821,3.451311960364367
2004-08,2014-08,2.206914593078292,2.041540116635522,8.100476453791593,206.80267260194935,199.5791054252164,3.6194005185776756
2004-09,2014-09,2.185347732363036,2.054367838336389,6.3756787651384705,209.25455187013995,202.2187879594146,3.479282999232214
2004-10,2014-10,2.1253443145043946,1.9816321654116889,7.252211162148203,202.56523320809546,194.40177971134474,4.199268910434939
2004-11,2014-11,2.144258423687425,2.079999336750199,3.0893801647852603,212.93609235082718,208.40917756429855,2.172128329200862
2004-12,2014-12,2.1005723107591616,2.0803608518561845,0.9715362065645383,213.13708987334562,209.8653707525316,1.5589609229394785
2005-01,2015-01,2.1056654750325143,2.0458524359938446,2.923624303803396,209.68674356922375,204.1491132954553,2.7125419181978527
2005-02,2015-02,2.129401337716398,2.087121040766255,2.025771199863935,214.48240916585587,208.40078920097008,2.9182326939371617
2005-03,2015-03,2.136039554314296,2.074704604511536,2.9563220551679814,213.47502678572678,209.4374495526589,1.9278200922002275
2005-04,2015-04,2.2079818130995936,2.0763455071407972,6.3398073926561604,214.20683066802076,211.5790251969144,1.2419971538580876
2005-05,2015-05,2.2001945696819476,2.074146080692385,6.077126879486006,215.08652958972624,205.73797180746269,4.54391462117274
2005-06,2015-06,2.1438533003121925,2.046414171116133,4.761456921641383,212.95747616545606,202.60328729677886,5.110572985674255
2005-07,2015-07,2.104103938176514,2.034541714598764,3.41906106316765,211.64711356207232,204.80751600773365,3.3395246852563787
2005-08,2015-08,2.0467431900694546,1.9771412067613359,3.5203344642303236,205.4407605852759,198.74489148642868,3.3690773376705563
2005-09,2015-09,1.9490408191953286,1.8773367191699049,3.8194586668037322,195.18392700026777,189.23248744755963,3.1450411253286514
2005-10,2015-10,2.087965045556407,1.9437861355574078,7.41742660684499,202.62267985480318,195.40552421736527,3.6934245673677424
2005-11,2015-11,2.0672866320378933,1.975500101210706,4.646242780293197,207.44709274544613,202.95274335710891,2.214480727875201
2005-12,2015-12,2.0015596124670587,1.9324680384069017,3.575302291525362,204.10592377450052,201.47593762458138,1.305359925818883
2006-01,2016-01,1.8459812635293273,1.788935370423521,3.188818000300442,190.06717804926168,185.8754737921758,2.2551142286650228
2006-02,2016-02,1.8361263319987382,1.7610387495118287,4.263823411479395,188.18199463924918,184.5206494228928,1.9842468730776774
2006-03,2016-03,1.9243453007971687,1.8515985412619465,3.9288624350309886,199.26751442204034,197.23978773384732,1.0280515465415085
2006-04,2016-04,1.9631436453000708,1.8880602533731854,3.976747659018942,203.9603608505789,202.6965067544725,0.6235204130268013
2006-05,2016-05,1.9726737384775346,1.8617451463751158,5.958312410181432,202.38093998544343,194.02274892289884,4.30784076039763
2006-06,2016-06,2.049143969464846,1.854780709731341,10.479042547388694,203.55783669038996,193.66956965913064,5.105741211003467
2006-07,2016-07,2.1015659357760974,1.882968966878051,11.609164715044606,209.18783183477132,201.71584779570088,3.704212693609521
2006-08,2016-08,2.07910624139392,1.8726299793813252,11.02600429801992,210.58328817860271,202.72464994412115,3.876508474252005
2006-09,2016-09,2.0188710780247647,1.8418923899177952,9.608524856051348,208.58667531118437,201.6318058616518,3.4492918514575033
2006-10,2016-10,1.9385453978398453,1.8099522102089667,7.104783590724306,206.51934109190773,199.114968061409,3.718642100384506
2006-11,2016-11,1.923318736483286,1.810456914595018,6.233886096842811,208.05193650997379,204.35044273593905,1.8113460996107555
2006-12,2016-12,1.9571533547052251,1.8706223720183857,4.625785726783183,215.3036186623545,213.5948440387043,0.8000074305822391
2007-01,2017-01,1.9716230130065522,1.8877059473013302,4.445452207489731,217.42978670542945,213.46803355478048,1.8558999606057114
2007-02,2017-02,1.9906418853555157,1.9387913238572811,2.6743755689537796,222.03688698489808,218.54383112191167,1.5983319433243937
2007-03,2017-03,2.0768337102650722,1.9806559287496983,4.85585507908417,224.91470381422852,223.60989298863606,0.5835210634704602
2007-04,2017-04,1.9904241506715674,1.986032148374736,0.2211445721271632,223.49535730075354,222.29279132106976,0.5409828958181873
2007-05,2017-05,1.9577035082814047,2.0277620542500325,-3.4549687830379594,226.27274785900158,217.5536845563974,4.007775515447043
2007-06,2017-06,1.9856264952520932,2.073183719990199,-4.223322028523335,229.3197985675286,219.13589883608662,4.647298678825562
2007-07,2017-07,1.9937774478663275,2.111593414656795,-5.579481635654593,230.59232459244873,223.10373739123418,3.3565494190187284
2007-08,2017-08,2.0863588894979257,2.147762365958306,-2.8589511313549254,230.16997329024076,222.04860350233267,3.6574739312975613
2007-09,2017-09,2.0575772567235715,2.20314646168551,-6.607332172123104,232.87343036517686,224.3812152500738,3.7847264110939305
2007-10,2017-10,2.0524353948247507,2.299520460573311,-10.7450692431307,238.15751422429855,229.27247383072506,3.875319285006462
2007-11,2017-11,2.190321206469981,2.4325364932570777,-9.957313588450178,240.87598510370506,236.80607210915983,1.7186691871098336
2007-12,2017-12,2.225903358663976,2.6190804021241654,-15.012026478504026,246.59891812666538,243.56617805237786,1.2451400676966484
2008-01,2018-01,2.5000027004821335,2.872028703079262,-12.953422164557715,257.30553836926174,251.3961488609716,2.35062849413743
2008-02,2018-02,2.466407540836805,2.9011435016829896,-14.984986457718785,248.42395733005924,241.1383234395529,3.0213504790882695
2008-03,2018-03,2.5345717506665344,3.0345070623236015,-16.475009001107864,247.11974398357412,242.62506607757635,1.852520013146819
2008-04,2018-04,2.3909357100774136,3.1278701396308635,-23.560262947502654,241.50120274223005,236.67986044986517,2.037073320560867
2008-05,2018-05,2.3769305130058123,3.3052289462278703,-28.085752857800937,244.8228090560266,232.99810461999107,5.075021728318818
2008-06,2018-06,2.534800335407449,3.478375366895589,-27.12688919282078,248.5922945031119,235.79561075146057,5.427023730793534
2008-07,2018-07,2.7415392332872144,3.6205639117617707,-24.278667630170958,250.96619933257034,240.04493953018908,4.54967300029574
2008-08,2018-08,2.750702761853029,3.7805284246393893,-27.24025710465572,255.33601576890572,241.77925156290684,5.6070833697951405
2008-09,2018-09,2.9394244686331708,3.8980822847214145,-24.593062589923154,257.84823407242675,244.66330177636715,5.389011020586643
2008-10,2018-10,3.5415239410848898,3.778895486331737,-6.281505961342937,246.06236940154434,232.0278828831113,6.048620684740391
2008-11,2018-11,3.794639880235012,3.6661792853267428,3.5039365211191553,238.46851311350045,223.419588337116,6.735723079785294
2008-12,2018-12,3.59630001706374,3.399265676089764,5.796379563971832,222.56787493075709,207.4602032987745,7.282202269042037
2009-01,2019-01,3.6994266492987644,3.3878932237928954,9.195491266312516,223.79231387826076,207.76363408952588,7.714863026427454
2009-02,2019-02,4.1965347153935175,3.5039875247142827,19.764544987519763,233.9829791088886,216.0219937469728,8.31442440206045
2009-03,2019-03,4.5365232004755915,3.4728200255117794,30.629378060184887,235.28498421760818,217.4813689820583,8.1862714580478
2009-04,2019-04,4.189514245202627,3.4617161678608723,21.02419846256458,240.3795761607093,219.99376640599792,9.26653972417082
2009-05,2019-05,3.8679952914956033,3.303038750561797,17.10414510994507,233.55939215632316,213.31267861890584,9.491565934338642
2009-06,2019-06,3.813175052812742,3.2791399483883414,16.2858283827402,233.93458525747434,217.35334296433172,7.6287035971025485
2009-07,2019-07,3.9094101433286186,3.3508847677865807,16.66799708875011,239.96975956855977,227.42726118552034,5.514949403012892
2009-08,2019-08,3.5026489780533607,3.1982200809572774,9.518697568960398,229.63240813024572,216.1419922869188,6.2414599313117325
2009-09,2019-09,3.4837453404453442,3.2698397378505213,6.541776348202233,234.1397170472473,225.47969154849693,3.840711968016741
2009-10,2019-10,3.4024892629431216,3.2447532489211586,4.861263767111046,231.68088131859304,223.1455663963672,3.8249986589761864
2009-11,2019-11,3.4806170132508383,3.357072851498951,3.6801156012066905,239.4460719378913,229.65135498822568,4.2650377352085656
2009-12,2019-12,3.489067390619146,3.407269433740277,2.400689422118174,242.81905238386358,231.21434472863032,5.019025817300982
2010-01,2020-01,3.557635769533851,3.4843907178453213,2.1020906557179364,248.37519883798697,235.38059976333085,5.520675488006166
2010-02,2020-02,3.668392873388183,3.44688917169473,6.426191579131801,246.12044170810216,231.17458001013233,6.465183887136194
2010-03,2020-03,2.8076363602138223,2.7474598850376464,2.1902585549616216,197.39926512960625,183.74423941880096,7.43153948880102
2010-04,2020-04,2.8138524466162083,2.83352384574293,-0.6942379947243338,204.0386805057141,190.71746119682194,6.984792700834319
2010-05,2020-05,3.16572739208419,2.971117951135239,6.550040898732834,214.13074467487672,199.4032575994526,7.385780579877821
2010-06,2020-06,3.4956220559350037,3.115298354485301,12.20825931173255,225.76047730218477,210.3898122977639,7.305802898225333
2010-07,2020-07,3.6228533073175746,3.1711094636928103,14.245608636250019,231.02485458820436,217.26941822373502,6.331050396749616
2010-08,2020-08,3.803462825972991,3.2939757013215067,15.467239920655263,241.8612426205613,224.59494910145042,7.68774791605471
2010-09,2020-09,3.656300656943679,3.2419128679571436,12.782200073367722,237.55725618938317,225.94229214178227,5.140677266526228
2010-10,2020-10,3.556558552077896,3.278664739816845,8.475822760596596,238.9542418866455,228.6632223426979,4.50051365432278
2010-11,2020-11,3.607285619184722,3.3935848116248435,6.297199552162036,245.7440262744264,235.57169624814114,4.318146105111942
2010-12,2020-12,3.6262417844730734,3.5252952784681684,2.863490800939905,253.49347451019074,241.36591047301903,5.02455546162448
2011-01,2021-01,3.602796324524865,3.6174181507227883,-0.404206137877694,257.87850668769676,245.03552087179386,5.2412751303198
2011-02,2021-02,3.5796983056285128,3.6973887700412926,-3.1830697752529113,261.6347711427434,246.90599366242066,5.96533816852598
2011-03,2021-03,3.649630908755287,3.715002197551014,-1.759656800171494,261.1816455042589,244.44586353364338,6.84641651476019
2011-04,2021-04,3.785255701473565,3.9130541624512603,-3.26595175206158,274.0999093735849,257.0782019510321,6.621217704718152
2011-05,2021-05,3.7889880298592127,3.924134728678368,-3.443987226826739,273.3776947725973,255.63324348381147,6.941370788463019
2011-06,2021-06,4.004171754484347,3.988006020466247,0.40535881679062413,275.4879241417486,257.7130645437257,6.897151151220382
2011-07,2021-07,4.002834375537762,4.094183806072859,-2.2312000355137918,280.84658411287063,262.9876513302014,6.790787587302316
2011-08,2021-08,4.56505283880199,4.168177664708419,9.521551287361785,283.91754281364257,262.5814812481418,8.125501259297874
2011-09,2021-09,4.5974294586878655,4.099011467441602,12.159468086517734,280.11802464420083,260.10350127155726,7.694830432808253
2011-10,2021-10,4.482787037071078,4.039298003838526,10.979359106733533,277.77292941678303,259.2963537374071,7.125659660485395
2011-11,2021-11,4.613850611885558,4.161501825995725,10.869844705200848,287.30645931122797,270.40339421107717,6.251055076237777
2011-12,2021-12,4.555176692142401,4.119146452324054,10.585451254648515,284.44746840270057,266.0959058051276,6.896597128034188
2012-01,2022-01,4.2580194166327745,3.981184648723879,6.953577699482794,275.13113942996006,257.6814409876926,6.771810331152595
2012-02,2022-02,3.9691691331533785,3.8175659713111028,3.971199528222158,263.9844097919432,247.91560813601677,6.481561115389889
2012-03,2022-03,3.823445870117531,3.742806935143067,2.154504263025303,258.6880321843622,242.90923891694158,6.495756743454262
2012-04,2022-04,3.829407616301806,3.708096183341099,3.2715287566085216,256.17059681064706,242.38897240866882,5.685747278445641
2012-05,2022-05,3.640431593292951,3.3763074957521138,7.822868559014373,233.39960591671684,219.93985142531812,6.1197433771883025
2012-06,2022-06,3.558762837628987,3.2042299109398114,11.064528343572878,222.9872619583606,209.76387786207778,6.303937661267556
2012-07,2022-07,3.473768417832182,3.159747129147648,9.938177830364614,221.4548369223783,208.25739347690936,6.337082792180526
2012-08,2022-08,3.576513607887885,3.301266573812253,8.33761915075466,233.1016593523945,217.09470781320323,7.373257367915342
2012-09,2022-09,3.218936930907648,3.0121365610276154,6.86557085610624,213.7508984058732,199.9444580829368,6.905137784418858
2012-10,2022-10,3.126159257717707,2.8769189920378477,8.66344399580441,204.99558225333513,194.06095808791255,5.634633711572734
2012-11,2022-11,3.387426432558401,2.9792871382835195,13.69922653746043,213.5936854941171,203.60462811901854,4.9061052626266255
2012-12,2022-12,3.315590542553116,2.9135728433599706,13.798100161090643,211.23154714884595,197.5686361052399,6.9155263269257805
2013-01,2023-01,3.223596766402604,2.889537728549213,11.560985501342325,211.79350691517257,198.56557717786308,6.661743654319663
2013-02,2023-02,3.249214295845276,2.9240048588386958,11.122055287409527,216.16691183506194,204.2101262852585,5.855138414194583
2013-03,2023-03,3.0813010906265736,2.7998344405946933,10.052974774183298,208.38889042065466,196.8821828768453,5.844463615586326
2013-04,2023-04,3.1584643758740985,2.862531423206103,10.33815560132938,214.55281914712796,205.34698356573315,4.4830634575393935
2013-05,2023-05,3.042538524338672,2.8375089960741495,7.225687338725351,213.96189358033212,203.4189704406867,5.182861321540089
2013-06,2023-06,3.2289455506147577,2.9380285938956305,9.901774180263878,222.39351513685182,211.99608327811143,4.904539601847402
2013-07,2023-07,3.2483340094060726,3.000249215847689,8.268806212762891,228.69908958592114,216.23913431051676,5.762118552283901
2013-08,2023-08,3.20777861971423,2.924573340736498,9.683644278396253,224.19244123197058,209.87478157046033,6.822000982859122
2013-09,2023-09,3.139703088516394,2.852990935156964,10.049529068821105,219.86870192515798,206.51443608719896,6.466504759173497
2013-10,2023-10,2.98120267275463,2.723258504104697,9.471894359684917,211.11724736901738,201.13386151995695,4.963553015696398
2013-11,2023-11,3.002484273970019,2.815004480773395,6.660017576423738,218.76125551341698,210.73740240644568,3.807512579801009
2013-12,2023-12,3.1105284715461305,2.922689866255643,6.426908563211131,227.97791021431036,215.15210772338648,5.9612720631180505
2014-01,2024-01,3.1703681234237213,2.9712795925115087,6.700430730718643,232.4449691892789,219.23320966738942,6.026349539804565
2014-02,2024-02,3.307748760654696,3.063361487875219,7.977748422664499,239.94514903700036,227.70403360640032,5.375888708128707
2014-03,2024-03,3.3257243816732016,3.1228823827968175,6.495345453731782,245.4376313802235,231.8927877606795,5.840993913757542
2014-04,2024-04,3.2855001624230558,3.0581062971430955,7.4357737496696386,240.6600994955303,230.9913720517566,4.185752635647044
2014-05,2024-05,3.31732785862243,3.099385903187882,7.031778624610219,244.37529449271514,232.5990281569998,5.062904359070064
2014-06,2024-06,3.328681137154421,3.174408207837189,4.859895741711884,250.6539166026045,239.31068419606828,4.739960710338642
2014-07,2024-07,3.3576393147615455,3.224298421324893,4.13550099937281,254.2363491231021,240.9242919883577,5.52541091845884
2014-08,2024-08,3.339278594362993,3.1719523465563126,5.275181639734949,249.4357478272769,233.65577557804684,6.753512602113765
2014-09,2024-09,3.3702248523177794,3.2419872386428645,3.955524936877808,253.82449288682935,238.20393730693897,6.557639540509541
2014-10,2024-10,3.570934858966775,3.3456212210382525,6.734582997970118,259.381599999406,247.3440708318936,4.866714260433458
2014-11,2024-11,3.462005159375559,3.4097199278097476,1.533417191816011,263.1859162128707,252.40210177202354,4.272474105856472
2014-12,2024-12,3.490758436876718,3.4490780066673845,1.2084513637778294,264.55913904490967,249.77611037754923,5.91851184046992
2015-01,2025-01,3.5151243469788955,3.4288781747430574,2.5152883199853315,260.97315369218984,246.0729886953329,6.055181056586867
2015-02,2025-02,3.4558442122927104,3.476984521192518,-0.6080069891296724,261.28848076816786,247.44745638477508,5.593520574271049
2015-03,2025-03,3.2546213868657103,3.295624082993908,-1.244155737900443,243.90104471739306,230.49537185222138,5.816026915180972
2015-04,2025-04,3.051358500736348,3.118862245243421,-2.1643708249706517,228.54762197367936,220.2062447539802,3.7879839552317662
2015-05,2025-05,3.2737659054596033,3.3757397672310825,-3.020785629311773,245.3869054601791,234.89487301549602,4.466692827301899
2015-06,2025-06,3.415629271771221,3.5069922131141804,-2.6051652182549234,252.54652061405946,241.62293420664875,4.5209228351098085
2015-07,2025-07,3.573090848819421,3.661636012896958,-2.4181858536912015,261.4563078859169,247.18779327925498,5.7723378720980545
2015-08,2025-08,3.731013874718491,3.716808744832715,0.3821861941517568,263.77430641224765,245.42570693947727,7.476233725302128
2015-09,2025-09,4.017781677731366,3.7964505346233737,5.8299493458289,268.4404017303277,248.87956535482095,7.8595590391759895
2015-10,2025-10,3.944028414554756,3.8472731294725824,2.514905540263479,271.80187768023416,254.208519804381,6.920837228190302
2015-11,2025-11,3.838328844316849,3.8292711317895445,0.23653881419130052,269.32852483551153,255.16621913708423,5.550227512999606
2015-12,2025-12,3.949470669556133,3.8774337381459882,1.8578507403350208,271.18543397780377,253.69769298739504,6.8931415120426776
2016-01,2026-01,4.271333618071503,3.8892776549719015,9.823314172779508,271.47477206037405,252.8983575195067,7.345407349841926
2016-02,2026-02,4.277167924635926,3.811407914590718,12.220156448282538,267.094798989956,246.90612332082213,8.176660585651563
2016-03,2026-03,3.8855441630933854,3.6140552857745263,7.512028894175482,254.91286169587102,235.1747345204344,8.392962456484266
2016-04,2026-04,3.954163980167892,3.7267424747809414,6.102420731400771,263.7418005177649,252.5264841717155,4.441243611669288
2016-05,2026-05,4.22975055670215,3.9258197150681013,7.741844090993277,278.1164026927958,265.3977765120706,4.7922881449410815
2016-06,2026-06,4.210058557821478,3.8942507958532184,8.109589713753063,276.5270165163553,263.0413243861648,5.1268340294669645
