depart,fin,A_tout_d_un_coup,A_dca,A_ecart_pct,B_salaire_immediat,B_salaire_accumule,B_ecart_pct
1934-01,1944-01,1.8770971787641606,1.9861249473289766,-5.489471783305532,169.55359885205826,165.03574095789756,2.7375027178587086
1934-02,1944-02,1.7378857682686955,1.9942909411972796,-12.856959214519136,168.22711755274833,160.8359595590446,4.595463610232242
1934-03,1944-03,1.8846651201727125,2.0892350848732124,-9.791620205005058,172.87712791871294,166.43854771100013,3.8684429155754207
1934-04,1944-04,1.8232188404463072,2.0957588910427307,-13.004360938715765,169.70332581201185,166.45405653995826,1.9520517190120712
1934-05,1944-05,2.0664771833505493,2.165404426638256,-4.568534268736535,172.56138095470308,172.26941181864152,0.169484026780653
1934-06,1944-06,2.1364026667315628,2.26925859963251,-5.854596427329273,180.2725372564637,180.89496353370552,-0.34408159579625286
1934-07,1944-07,2.301152909809884,2.325975820995141,-1.0672041799057341,184.50187769908715,182.78936950715226,0.9368751566637856
1934-08,1944-08,2.35983659590708,2.2723831583034944,3.848533962418399,181.22547415267852,170.26960261821083,6.434425972693214
1934-09,1944-09,2.3787355967173553,2.1984224747396452,8.201932251400601,177.62139800220055,166.35737432809893,6.770979476921846
1934-10,1944-10,2.4180942426472707,2.2064909528889314,9.590036590963113,181.27939844045628,170.02590922270204,6.618690803772909
1934-11,1944-11,2.336198354426764,2.143202508034349,9.005021488586372,179.30556712805407,167.26812443369542,7.196495288694571
1934-12,1944-12,2.371805954368928,2.133726897284979,11.157897357290114,182.55104537972082,171.72262124800744,6.305764524799917
1935-01,1945-01,2.442233213203507,2.1403924370229266,14.102123094791486,187.26769883519339,179.91942314339195,4.084203674855602
1935-02,1945-02,2.601587524496426,2.1452284838554827,21.273213742750528,192.7183041482052,181.6247907009351,6.107929101780352
1935-03,1945-03,2.7743445459486193,2.0632651060744243,34.46379419594303,191.67424286756153,181.39621549115355,5.6660649443974975
1935-04,1945-04,2.644994390455983,2.0145875285211092,31.29210585343245,195.36075669939183,187.34101928544945,4.280822985020061
1935-05,1945-05,2.544781506663596,2.0030369483422543,27.046159022163717,201.72543431649999,200.14594189232977,0.7891703470160438
1935-06,1945-06,2.496324810458385,1.9746036552709,26.42156332461103,204.5081129013668,206.29877742515822,-0.8679957031936691
1935-07,1945-07,2.3239211484958715,1.8724448529016195,24.111593721685587,199.5237347499258,199.5340496691163,-0.0051695032540099994
1935-08,1945-08,2.1851363745988754,1.8193570167104416,20.10486971654388,199.5541692898129,189.91533089473933,5.075334544958832
1935-09,1945-09,2.28642387550923,1.8895949287138742,21.00074152217648,212.56145807761337,203.06000985605033,4.679133143103176
1935-10,1945-10,2.320184838546621,1.914579917879402,21.18506085222438,220.75647550748286,210.5173602244289,4.863786659750158
1935-11,1945-11,2.1909456213457714,1.9195836073076487,14.136504031659602,227.292380676635,215.2593597448508,5.5900105556604185
1935-12,1945-12,2.2286107477367185,1.9070166159599087,16.863729926911695,230.6214437368094,221.92887384941253,3.916826925952477
1936-01,1946-01,2.1964727408868425,1.9379130241448936,13.342173437120008,239.2016661467194,234.616174935867,1.9544650798717589
1936-02,1946-02,2.083598353757325,1.9037966807027658,9.444373702142794,239.34675699874643,230.26603668028312,3.943577806514109
1936-03,1946-03,1.9800106856175714,1.8144361515556977,9.125398759273518,231.83208318661542,224.45654827294672,3.2859522123185325
1936-04,1946-04,2.1051118533864086,1.9001876396329174,10.784419889873554,246.41754745386143,241.5315506542425,2.022922796787463
1936-05,1946-05,2.2276316853540146,1.8819284070539921,18.369629631192687,246.52152669531765,248.62956827595042,-0.8478643933022001
1936-06,1946-06,2.122786464623456,1.844619761169925,15.079893933105627,244.40193139421174,248.65503772248817,-1.710444464440375
1936-07,1946-07,1.9471267389028815,1.7806982974648873,9.346245889881066,237.02578995391235,239.3629991770974,-0.9764287844069908
1936-08,1946-08,1.8723253091229664,1.7358401695567023,7.862771121440271,232.19123667956615,223.58119639991565,3.850967978653208
1936-09,1946-09,1.579347055336996,1.47325501149787,7.201200268191266,197.9110749944033,191.46205056406737,3.368304273006806
1936-10,1946-10,1.468075234066744,1.4547235330038593,0.917817080700889,193.59626669827236,188.27317317356417,2.8273244854703616
1936-11,1946-11,1.4235250020519437,1.4931586431967605,-4.663512578659123,193.06166176121812,186.9139231640816,3.2890747211697713
1936-12,1946-12,1.4925304889022586,1.6025934930884345,-6.867805507812729,199.13412216819415,195.91371193344324,1.6437901170720304
1937-01,1947-01,1.455865758057962,1.6766512434507201,-13.168241532351054,200.42216864854072,199.8115854387153,0.3055794830338687
1937-02,1947-02,1.4694633965952753,1.8084155410587572,-18.743045321598963,208.45602093559208,203.6516476552103,2.3591133858714253
1937-03,1947-03,1.4122069448530172,1.8068081074781195,-21.839682974185504,200.30145105330456,196.55809988393185,1.9044502218851234
1937-04,1947-04,1.4469178701012944,1.8212917282852708,-20.55540319926923,193.26284652415615,192.08504757697222,0.6131653463093967
1937-05,1947-05,1.487891371996407,1.8696640330861969,-20.419318890122174,190.15634636517893,193.58321071900102,-1.7702280797462389
1937-06,1947-06,1.5994941995238536,2.0107111536977524,-20.451319097606813,197.07005306749832,201.321832893805,-2.1119318084837135
1937-07,1947-07,1.6042725714167663,2.2068894458744532,-27.30616504529557,209.58010551702952,210.91755026966916,-0.6341078544339518
1937-08,1947-08,1.5571604065356277,2.2072138675158874,-29.45131283140512,205.6777172886196,197.1865369514842,4.306166368358388
1937-09,1947-09,1.766879417596836,2.193408323997822,-19.445941812766165,200.6366515669924,193.49931517765944,3.6885589919426254
1937-10,1947-10,2.1191494908260866,2.281339699637234,-7.1094282380189995,205.88627167449542,197.05778629536985,4.4801504904214084
1937-11,1947-11,2.2932647265633377,2.2436362591347825,2.211965831203555,203.23993250986948,190.25633148274986,6.824267516320126
1937-12,1947-12,2.2909158334370483,2.1813398950765857,5.023331696622901,199.64841418559956,188.74065259440175,5.779232741468943
1938-01,1948-01,2.200048665576623,2.1276261057880084,3.403913854581675,196.59626785460824,189.11655271115973,3.955082215818728
1938-02,1948-02,2.1409194580605044,2.0071153696927344,6.666487158047807,186.66081004159037,177.22614888849893,5.3235153007964
1938-03,1948-03,2.3219033458028284,2.0166839456682366,15.134716611901023,189.0360276959867,181.08865728058197,4.388662732802162
1938-04,1948-04,2.6018825166355364,2.1373804122910647,21.73230846850376,203.03265094065813,196.06975922692078,3.5512318376842877
1938-05,1948-05,2.6988737167881833,2.221025902145292,21.514733987628777,212.11408790669162,209.2094536555528,1.3883857542695388
1938-06,1948-06,2.742525900992517,2.286697691683864,19.93390779053934,220.01229520348355,218.822680047877,0.5436434447043004
1938-07,1948-07,2.2321441012169925,2.208871228876133,1.053609284082202,213.95187405917733,210.68779748469396,1.5492480406799514
1938-08,1948-08,2.154281249328415,2.1536190639484887,0.030747563067734518,207.38147412979075,199.68125269704933,3.8562565732818133
1938-09,1948-09,2.2312880656480396,2.1424872469375105,4.144753665976864,204.78510876667374,199.53456960924382,2.631393230612744
1938-10,1948-10,2.0636631797269867,2.187976819224519,-5.681670774811609,210.01297379350848,202.31266004974856,3.806145271317374
1938-11,1948-11,1.9501489340176417,2.0714265865408956,-5.854788835445879,198.26290958273046,188.69387270371328,5.071196399706346
1938-12,1948-12,1.9988956641060684,2.066181521276643,-3.256531746010405,196.9730815915201,189.77394829447746,3.7935308622401243
1939-01,1949-01,2.0554943611286145,2.096697850965806,-1.9651610659214391,199.13536794534582,194.4638835535527,2.402237529369633
1939-02,1949-02,1.9963772970207843,2.022204218210704,-1.2771668141792425,191.45864199404934,183.69706966539025,4.22520203659047
1939-03,1949-03,2.020906182148659,2.047166189359199,-1.2827491655066692,193.27230635133492,187.2553095180755,3.2132583309626206
1939-04,1949-04,2.3124289509661056,2.0510667113461825,12.742746892341806,193.01253260160073,188.08624379728224,2.6191648601521234
1939-05,1949-05,2.2174858837368925,2.016910681761023,9.944674486068038,191.31603494037836,186.92055304443264,2.35152412313957
1939-06,1949-06,2.0638393189769486,1.9198815349412628,7.498263898875934,180.72843220614476,178.8239666398918,1.0649945877154732
1939-07,1949-07,2.132551537590257,2.0628587322959926,3.3784574873285456,190.87709528811837,187.54991412624204,1.7740243589963844
1939-08,1949-08,2.2453771423577735,2.169798415571958,3.483214212131913,197.61536223687295,189.46515992318115,4.3016891955208525
1939-09,1949-09,2.0596197968395176,2.2240637800488177,-7.393851951749808,200.0015729382974,193.4669986021535,3.377617052705517
1939-10,1949-10,2.095435680234407,2.318474025631036,-9.62004934844689,205.17662958678505,198.39661900754342,3.417402278908721
1939-11,1949-11,2.166843912750185,2.388139932584296,-9.266459507447633,208.03908940813446,198.5357603301286,4.786708984922194
1939-12,1949-12,2.28218915433328,2.482465771322517,-8.067648678295402,213.5604151855233,205.96252643578197,3.688966571358465
1940-01,1950-01,2.3457493550533624,2.5688262081717004,-8.683999423888922,217.81726991160315,212.2887068499912,2.6042662106932513
1940-02,1950-02,2.410485326190374,2.6533202902762723,-9.152116500063157,221.88759233930767,211.92346912656598,4.701755427942178
1940-03,1950-03,2.4472549651837805,2.7228827315409387,-10.122645502297278,223.46375980020437,215.468858930775,3.710466983072447
1940-04,1950-04,2.494707884530285,2.8461256436115305,-12.34723280295249,229.4875530872829,222.61498465731427,3.0871993817253696
1940-05,1950-05,2.9914300281953383,2.9993505220610928,-0.264073632191264,236.8687892897881,230.24611854645195,2.8763441421489233
1940-06,1950-06,3.3253097404348564,3.0771917431569173,8.063130866957046,239.9122370976086,231.4008791214221,3.678187398640076
1940-07,1950-07,2.9866352773194556,2.852138451089914,4.715648575129472,221.60285362955534,209.51469533276102,5.769599252976199
1940-08,1950-08,3.1030955055529383,3.018506307659975,2.802352861688706,234.1804104377372,218.20692979223597,7.320336095975621
1940-09,1950-09,3.0842914954018403,3.1255576100570224,-1.3202800845008023,241.59750939356633,228.00049933545205,5.963587842020157
1940-10,1950-10,3.1838656067864517,3.2660188783129533,-2.5153948763743106,250.80748925167867,238.55915925896835,5.134294583681909
1940-11,1950-11,3.1078790392646862,3.2844435734327275,-5.375782235878246,249.54475490270354,234.5551186122224,6.390666884257046
1940-12,1950-12,3.2305107231582117,3.3160788712664666,-2.580401475058247,247.9051096690191,237.2973161328205,4.4702543244362625
1941-01,1951-01,3.46454591470502,3.6174524359243416,-4.226911726629257,265.31050942727165,256.005038024223,3.6348782332042306
1941-02,1951-02,3.8333758467293992,3.80401375198846,0.7718714141238703,274.11994316680637,258.53429725051444,6.028463566359932
1941-03,1951-03,3.746777794490818,3.7822030131899993,-0.9366292231178464,268.2188095755961,253.3850455643888,5.854238152913327
1941-04,1951-04,3.918811828505897,3.8969508167913327,0.56097735748597,270.53180796363563,258.7440905014917,4.5557436458924405
1941-05,1951-05,4.00714869574444,3.968308673030724,0.9787550796559463,269.2412215698257,257.5552106986376,4.537283807805292
1941-06,1951-06,3.8051071197315585,3.957206929843159,-3.8436152773448473,263.1331383180326,249.06651240264006,5.647738742433783
1941-07,1951-07,3.6844010755617522,4.078688232378628,-9.667008958586997,266.4087968719573,248.40721742700464,7.246802098349847
1941-08,1951-08,3.86412179101416,4.31331844575043,-10.41417786295904,276.7364243368242,256.09749580691135,8.059012238633478
1941-09,1951-09,3.9509222064482823,4.482013638584124,-11.84939348608529,282.37630518597274,264.56851487432,6.730880399775518
1941-10,1951-10,4.091946253592833,4.51335816772666,-9.336992511411712,279.3983906140028,264.32495173982284,5.702616712862141
1941-11,1951-11,4.169332834046801,4.402934159037445,-5.305582971554424,269.97647581483756,250.63500091019387,7.71698878225473
1941-12,1951-12,4.589202848969532,4.531048138138391,1.2834714851437168,276.3422971487418,260.6496309512128,6.020597896210433
1942-01,1952-01,4.644004260432923,4.646629719859725,-0.05650244553768724,283.1423212236445,266.4315862677021,6.272054747724987
1942-02,1952-02,4.698984934689074,4.516924702626515,4.030623577955472,275.70944053959585,254.06801385767565,8.517965860135135
1942-03,1952-03,4.971341168860109,4.453491449221699,11.62794911684204,273.98431246190387,252.03963611732942,8.706835433756455
1942-04,1952-04,5.1603474232304665,4.333605523968879,19.077460896912136,270.5028011059402,250.14840545173956,8.136928003775568
1942-05,1952-05,5.089585694401755,4.198394118977243,21.226963219013207,267.50957311146533,245.8691024422257,8.801622674131938
1942-06,1952-06,4.969762895160709,4.170629630358545,19.160974136499,271.90870135882443,248.3003634379388,9.507975580062489
1942-07,1952-07,4.922069987379442,4.1599050022619615,18.321692074772166,276.8906536113118,251.86142415304064,9.937698693811248
1942-08,1952-08,4.96381372518631,4.055411324449351,22.39975992719563,275.3031769431104,250.87519007619971,9.737107467458618
1942-09,1952-09,4.829138342708941,3.884016996094191,24.333604810822763,268.26389154737126,248.51034078813024,7.9487842222558
1942-10,1952-10,4.400870755653324,3.6965050003749855,19.054911469263146,260.09814247981893,245.25413755628378,6.052499285614932
1942-11,1952-11,4.466226892329156,3.7342910619031295,19.60039585272728,266.0331273806329,249.82794751592553,6.486536044440894
1942-12,1952-12,4.619043229788763,3.821945062310078,20.855824834826354,274.32578148844266,262.98890524946904,4.310781182278212
1943-01,1953-01,4.379859681160387,3.777036583291281,15.960213372988076,273.31521773880695,260.8098288410473,4.794830376343362
1943-02,1953-02,4.083273706501417,3.6785330820558158,11.00277244807064,267.78037767043065,251.9318542926122,6.290797732711795
1943-03,1953-03,3.9632432033643568,3.6666371426053455,8.089321337869194,267.1635582657792,253.09047351366223,5.56049564281893
1943-04,1953-04,3.6478870273466617,3.4614095481688665,5.3873278091708166,252.32260492414167,240.84111656333835,4.767245943980591
1943-05,1953-05,3.5304608200915317,3.469814042415704,1.7478394212044002,252.11799086992295,239.47913234474072,5.2776450296254
1943-06,1953-06,3.347812965696574,3.343036710478916,0.14287175497316174,241.77343040213654,227.96027123590574,6.059458997544431
1943-07,1953-07,3.32948405274103,3.3805132962049145,-1.50951169223833,243.94644138334226,228.69784921407893,6.667571304962072
1943-08,1953-08,3.5190593104012757,3.383420031465157,4.008939997833538,243.72772674112204,228.245068806791,6.783348273533596
1943-09,1953-09,3.290452842352227,3.207976532538163,2.57097609591328,231.24462511683967,217.3404422011316,6.397420919407559
1943-10,1953-10,3.423337303912998,3.293559730251455,3.940343709862959,236.954640593629,227.3406844333702,4.228876227860789
1943-11,1953-11,3.670478491915659,3.3459075084434122,9.700536630292088,240.83083680186283,228.29538592364742,5.490891034656231
1943-12,1953-12,3.6729149283115277,3.357512878097949,9.3939192987476,242.48211368806622,232.1888497828368,4.433143070761836
1944-01,1954-01,3.650166320793732,3.406381221159214,7.15671804788649,247.00429574194598,234.87945341009006,5.1621553762245975
1944-02,1954-02,3.7570068063074107,3.4460632580959167,9.023152650520473,250.83632502609393,235.14836071290708,6.67151761790945
1944-03,1954-03,3.733056439501347,3.47179419695766,7.525280236156617,254.42734268429817,239.42122176180774,6.267665335623218
1944-04,1954-04,3.950724444817848,3.569793707710383,10.670945390617238,262.8248822650344,250.15835598254415,5.063403232220676
1944-05,1954-05,4.036349225890088,3.6562471590170844,10.395962043637862,271.2940082055671,255.38768095478855,6.228306389451266
1944-06,1954-06,3.8857322035199497,3.6251262514603595,7.188879337777743,271.4654819113051,253.83971177382156,6.943661420947644
1944-07,1954-07,3.9399735221250047,3.719106468574613,5.938712844514016,280.4860671533358,262.76907425999184,6.742419344147854
1944-08,1954-08,4.077330485166778,3.7539243069195525,8.61514915607371,284.12522157687846,266.6469023907464,6.554855514698321
1944-09,1954-09,4.24098275680836,3.7953628444104655,11.741167594928935,288.68087013578497,270.9524250674914,6.543010295581442
1944-10,1954-10,4.234108537079163,3.8109940034440313,11.102471776464595,293.12141445940097,280.6470281133319,4.44486671743114
1944-11,1954-11,4.42910320106744,3.882084521385429,14.090849301931009,302.3006263598453,286.46445594477046,5.528144971021476
1944-12,1954-12,4.53093909248615,3.9657262592702125,14.252441955485606,313.61442158358136,299.51283130338055,4.708175679430959
1945-01,1955-01,4.477637460937469,3.944946800668027,13.503113912188569,316.73333794805006,300.50406432508123,5.400683567930797
1945-02,1955-02,4.476386845397997,3.9814975331313227,12.42972796412758,324.78458017570034,304.35914439292765,6.710965042142281
1945-03,1955-03,4.442842565655201,3.8672965440206983,14.88238657375176,319.83073357882455,302.003919547463,5.902841942605952
1945-04,1955-04,4.482027451761828,3.9231894483639933,14.244481709413126,328.35681789266965,313.8639501265915,4.617563680133618
1945-05,1955-05,4.299632071048795,3.820976065703139,12.527061073269863,324.5401952141929,306.7723742365825,5.7918582212060254
1945-06,1955-06,4.466188692807259,3.9649238887777116,12.642482380262665,340.898109446575,321.24338634497326,6.118327703249626
1945-07,1955-07,4.890569631595819,4.18019318817163,16.993866346519248,363.1464911095303,342.7544984803507,5.949445658507857
1945-08,1955-08,4.841784486843426,4.081498807307725,18.6276099891159,358.10262725679775,336.35789723576676,6.4647597692018
1945-09,1955-09,4.735098289641195,4.196350004408905,12.838497376678614,371.2422016970369,348.64258562637804,6.482173148772374
1945-10,1955-10,4.3165853291127885,4.0022690396948954,7.8534522867022005,350.0598809996208,338.6903487366441,3.356910613303987
1945-11,1955-11,4.460799488857582,4.314720919402759,3.3855855844100224,371.15632743716793,357.0021100176709,3.9647433508996466
1945-12,1955-12,4.426423129554035,4.411700294217626,0.3337224732991473,372.155926870578,360.96382771113383,3.100615158702502
1946-01,1956-01,4.142748453145905,4.342829526032456,-4.607159265340588,359.8552819268893,346.19631931213485,3.9454384269288933
1946-02,1956-02,4.1578314440956285,4.432170922536248,-6.189731470997339,360.02926033762947,342.848588725073,5.011154246381766
1946-03,1956-03,4.580192785848254,4.787769267115262,-4.335557327140737,382.51220908126777,366.3795039048416,4.4032772042336354
1946-04,1956-04,4.353584652390155,4.900931635315463,-11.168223179878666,384.46993900455385,369.9186450106995,3.933647084329439
1946-05,1956-05,4.208384089194535,4.84090856250921,-13.066234677789812,370.22116768553093,353.9336772778362,4.60184815781437
1946-06,1956-06,4.211797632623636,4.914823361573555,-14.304191162728486,365.9748251732243,348.35362856069275,5.058422007928498
1946-07,1956-07,4.570393707226774,5.270008179361112,-13.27539632432132,383.53045588779196,364.6281191507414,5.18400412482618
1946-08,1956-08,4.632627735338369,5.289880384158788,-12.424716649333778,378.7920253137193,355.1426765393378,6.659112051762084
1946-09,1956-09,5.246187103988506,5.160714086597984,1.6562246223345012,363.4889060409807,339.04709623759044,7.208971872822767
1946-10,1956-10,5.294776944402203,5.091688300158305,3.988630730549314,355.7066034042073,334.5707378139229,6.317308479631434
1946-11,1956-11,5.257230375692538,5.01555237727056,4.818571918762382,348.7996810075437,325.17687210670016,7.264603029053118
1946-12,1956-12,5.176127206423594,5.068840678173428,2.116589079474207,350.6663441260523,330.63939807116685,6.057035601841632
1947-01,1957-01,5.03329581504253,4.9570885656556625,1.5373388709424507,339.9492301368489,319.77120290096866,6.310145207831375
1947-02,1957-02,4.634188523870917,4.749694242508321,-2.431855878293432,322.4107202201121,301.0057858103223,7.111137200292239
1947-03,1957-03,4.8887165469260445,4.852889106085678,0.738270338702729,323.85926774288777,307.64926954399556,5.2689864087501315
1947-04,1957-04,5.188727600220262,4.984863047759268,4.089672083421281,328.3484496507248,311.5165360519283,5.403216731965288
1947-05,1957-05,5.478806876201919,5.147996376010529,6.426004915872774,337.5608624664377,316.2788802283217,6.7288660636311
1947-06,1957-06,5.374731529058755,5.176320799904993,3.8330454549378556,339.5060727640424,316.0678334785593,7.415572482504151
1947-07,1957-07,5.154332376247689,5.221908823306152,-1.2940947332680253,342.83350868654946,321.8965711377858,6.504243731071524
1947-08,1957-08,4.963240172698063,4.913747258669225,1.0072336126266679,320.97598804861605,300.5226700360142,6.805915177763722
1947-09,1957-09,4.883284008215239,4.697949320032332,3.9450125056187613,305.08756234256583,284.0021114969543,7.424399323818998
1947-10,1957-10,4.460021408605974,4.3847972011147345,1.7155686806248571,283.3781549134845,265.3528291177714,6.792965372045412
1947-11,1957-11,4.4116178503379055,4.2706301969880895,3.3013313456465854,274.8152259443674,256.48425566620324,7.147015800463263
1947-12,1957-12,4.475566343082604,4.264169897075636,4.957505238052162,272.20425165412064,256.7653652653387,6.012838364250395
1948-01,1958-01,4.61959863022699,4.339111167985552,6.464168613860499,274.91403916291495,257.64862245513547,6.701148464624884
1948-02,1958-02,4.868444811991808,4.335803571995355,12.28471795716819,273.12653278179323,252.76573729800202,8.05520388223604
1948-03,1958-03,4.892175042827122,4.400334709643236,11.177339126181218,275.6986231267717,257.8443667094241,6.9244314487848735
1948-04,1958-04,4.562353152431543,4.401341322950045,3.6582445592649115,274.16726514830725,256.8020467901794,6.762102785074808
1948-05,1958-05,4.485474865008788,4.548791277606809,-1.3919392808749098,280.15534213784133,262.50026238493484,6.725737944984145
1948-06,1958-06,4.405937730829594,4.685033997214803,-5.957187643699669,284.15912218157115,265.91764330656713,6.859822706075236
1948-07,1958-07,4.63172329041827,4.8798930073486995,-5.0855565184873335,289.3020074903239,274.7395868112336,5.300444995244069
1948-08,1958-08,4.942329686286549,5.096009832807844,-3.015695643519156,297.1777961618173,279.34268889996736,6.3846694295395245
1948-09,1958-09,5.122364733998571,5.23661239976459,-2.1817094152539296,301.7920018531456,279.41672562913374,8.007851417495427
1948-10,1958-10,5.1799972785521655,5.443914148927729,-4.84792491497219,310.57066850789005,288.3478387458812,7.70695208213219
1948-11,1958-11,5.639433670507442,5.603869918940624,0.6346284278765157,316.5060618146521,293.9381464756915,7.677776977758466
1948-12,1958-12,5.7699331156598,5.6704828399268115,1.7538237666948397,318.534074699363,295.6119077006542,7.754141968435335
1949-01,1959-01,5.918510706193829,5.839905594561864,1.34599969741227,327.0351995976537,300.6889977612352,8.761944079290496
1949-02,1959-02,6.044278337960381,5.6920677899829935,6.187743382066069,317.9654029206501,288.36024778250237,10.266725516367847
1949-03,1959-03,6.12207348002315,5.748040471814633,6.507139433735354,321.62488958264476,292.7066920182186,9.87958196822718
1949-04,1959-04,6.214517946744586,5.755650162179268,7.9724752484187755,322.5540394319647,294.504909911339,9.524163630776128
1949-05,1959-05,6.33540044663516,5.739956854599075,10.373659717650874,322.86413949827136,295.0992446226243,9.40866348578866
1949-06,1959-06,6.621873366712414,5.572182566252105,18.838054711591035,315.52771925158225,287.9985950708014,9.558770303727737
1949-07,1959-07,6.494825599994533,5.63302128902823,15.299148835898958,322.9294931270338,297.0527736878976,8.711152270311363
1949-08,1959-08,6.214782324018703,5.503920642584557,12.915551069797694,316.3473417847612,292.12506671614807,8.29174823677472
1949-09,1959-09,5.87455253355689,5.187804845957102,13.237731718743738,299.538489703423,274.59817040506795,9.08247832152882
1949-10,1959-10,5.704737736269787,5.078385837675985,12.333680791777702,295.11371486792353,273.1384932778676,8.04545024992147
1949-11,1959-11,5.632294974477098,4.9909904472747115,12.849243731824123,292.2817528773068,272.6582408177661,7.197109465932572
1949-12,1959-12,5.6434902443585555,5.046452086120016,11.830849635542151,297.53939453155374,278.0895202069748,6.994105462910971
1950-01,1960-01,5.4171882261498565,4.8706637672694795,11.220738794432572,288.4870393660985,267.6992675125751,7.765345063018114
1950-02,1960-02,5.093215423293173,4.582854107696866,11.136320371603347,273.76348029200255,250.95879621493472,9.087023216965328
1950-03,1960-03,4.969995693223353,4.420001217335428,12.443310507038419,266.7108161905837,246.46075991027493,8.216340924892428
1950-04,1960-04,4.883172117013427,4.383986813876538,11.386560323512573,266.8378578340097,247.4439231098879,7.837709037416585
1950-05,1960-05,4.669689567612167,4.2590817722267085,9.64075867392391,261.24832482354213,243.1634404713776,7.437336927420746
1950-06,1960-06,4.7528457826463955,4.341582535394526,9.47265758278386,267.7853384024063,249.77317459943157,7.211408443625444
1950-07,1960-07,4.982510807604298,4.172951121399004,19.40017178858986,258.1693670172063,242.00441578073588,6.6796100328666785
1950-08,1960-08,4.7411131512083236,4.1251638291532755,14.931511754806515,257.91186060202057,237.87279977008262,8.42427585302179
1950-09,1960-09,4.42926844531084,3.9168577008331606,13.082189438964908,247.19347905941032,228.26300429973847,8.293273286990344
1950-10,1960-10,4.157964517695205,3.763212597323786,10.489758687886708,239.62368053823266,225.02607030445984,6.487075126016406
1950-11,1960-11,4.288226576668403,3.822229100377889,12.191772498525587,244.77732404609728,233.34018456815218,4.901487285232098
1950-12,1960-12,4.394189766491133,3.857400789177314,13.915820695113768,247.92462630749372,235.3877645253231,5.326046495004588
1951-01,1961-01,4.2886978354835295,3.985258983591256,7.6140309360480884,257.7352149517472,241.26008022564235,6.8287860597145755
1951-02,1961-02,4.2910963364405825,4.09258290210567,4.850565989335864,265.5086336130529,247.28857547361633,7.367933639692348
1951-03,1961-03,4.4864708319080755,4.182619493827699,7.264618226180297,271.0561456487656,255.27208306605468,6.183231003222001
1951-04,1961-04,4.5299367046898125,4.247435419553334,6.651102541452825,275.31110990401015,258.11643328414044,6.66159701693283
1951-05,1961-05,4.5582837639374105,4.24960765429951,7.263637840203896,275.14583605925634,258.68306804956336,6.364068639598286
1951-06,1961-06,4.561040606825049,4.154063956392614,9.797072329763878,268.5866062013784,252.4248794186548,6.402588690918565
1951-07,1961-07,4.454612192740413,4.08832391197874,8.959375251272373,264.887436266116,249.09992297441195,6.337823433741407
1951-08,1961-08,4.407061058409197,4.176401955752442,5.522914343506913,271.4034097699362,250.42258184526438,8.37816932086255
1951-09,1961-09,4.250155094253726,4.100696871892744,3.644703010978656,266.48006529406484,247.26157014297019,7.772536241674044
1951-10,1961-10,4.306679690638136,4.117289597292993,4.599873020097056,266.70494918652884,253.03573850063074,5.402086980635756
1951-11,1961-11,4.616943537418708,4.279161134060642,7.8936593592943805,275.9051570865353,265.40693370740814,3.955519636386251
1951-12,1961-12,4.508454793585912,4.272228750891672,5.5293397537511835,275.392373821612,261.1459458072804,5.45535101848571
1952-01,1962-01,4.19056517913048,4.068108297016209,3.0101677038462338,262.3393897009079,245.5965691407187,6.817204580164993
1952-02,1962-02,4.32822174916141,4.100382106839242,5.5565465945757175,264.0332285594088,247.45570528111128,6.6991881474162795
1952-03,1962-03,4.310647207160822,4.066481156640305,6.004357111597813,261.5305630103625,246.90610979890812,5.923082755370146
1952-04,1962-04,4.175113780481975,3.9001662792519474,7.049635362796947,250.5547892969926,235.0896750128406,6.578389409618812
1952-05,1962-05,3.8572898687080652,3.590679397617761,7.4250703437123144,229.54979468189705,216.01082681477462,6.2677265148065375
1952-06,1962-06,3.309594002754567,3.1537239516773825,4.942412635521931,200.7723889155708,189.30570628560142,6.057230315429485
1952-07,1962-07,3.28883123203857,3.2291982650686673,1.8466802616294187,203.8066893360159,194.29390783057153,4.896078117765645
1952-08,1962-08,3.358711775884176,3.3204091828358533,1.153550389100233,207.55980031085383,193.88736797553562,7.051739614642338
1952-09,1962-09,3.37624701620039,3.294674505573071,2.475889818230481,203.93443104188802,191.1216385880675,6.703998850405668
1952-10,1962-10,3.3337421662707767,3.2032120049113137,4.074977277786429,195.7568422442497,187.3780422779329,4.471601829358818
1952-11,1962-11,3.4476016735628976,3.421260930764613,0.769913296043101,207.30409513803457,200.7992490310705,3.239477307984129
1952-12,1962-12,3.4516095611112263,3.568439972037994,-3.27399120742512,214.27966693772302,204.1463175685485,4.963767894452431
1953-01,1963-01,3.5595692017978195,3.713086858367267,-4.134502165590415,220.55860571601463,207.71435870842078,6.183610554157193
1953-02,1963-02,3.6445843207177826,3.7626806598797424,-3.138622430045235,221.42370358850906,208.20205144627036,6.350394748944499
1953-03,1963-03,3.6061544290922485,3.7385116152721,-3.5403711369830226,218.48932221570126,206.09347406745553,6.014672810158217
1953-04,1963-04,3.9629675846475663,3.8981483876637277,1.6628201529979902,226.57803685060415,212.06234580677906,6.845011069080176
1953-05,1963-05,4.0127075998715105,3.9314247639171893,2.0675159982797897,228.6374307486042,211.53998555934265,8.082370405790385
1953-06,1963-06,4.150414436578751,3.8756345210267202,7.089933636963197,226.06135488664262,209.53558775007244,7.8868545978364235
1953-07,1963-07,4.022733963070702,3.7508049452195253,7.249884273447904,220.13297470754105,205.20539553586175,7.274457444307569
1953-08,1963-08,4.107761944194997,3.77922132771107,8.693341511250186,223.63603859462089,204.6875476934386,9.257275840522317
1953-09,1963-09,4.407657863765644,3.7982659085423287,16.04395189533172,226.85357621535286,208.60146582241168,8.74975174358541
1953-10,1963-10,4.2791704168672355,3.7054869875685488,15.48199821570886,224.51263594381834,209.39584648019346,7.219240361128532
1953-11,1963-11,4.153533348023676,3.5881795984351483,15.756004795163703,220.5059026159741,210.4507177653592,4.777928513328167
1953-12,1963-12,4.176205561250074,3.5639931180879474,17.17771114806681,222.50448955866005,209.71295785727457,6.099542838021033
1954-01,1964-01,4.188606393054444,3.564661600963858,17.50361919128245,226.57969763519836,211.4545447539212,7.152909812782204
1954-02,1964-02,4.139786095745724,3.5038181746903727,18.150711291163123,226.6443758392537,212.34742449175621,6.732811279306361
1954-03,1964-03,4.119135872251081,3.4609401772260995,19.01782929841096,228.08035718444387,215.6428243729275,5.767654382975063
1954-04,1964-04,4.010544089818569,3.412562698983076,17.52294224553552,228.71674433820718,215.2442483296784,6.259166557562845
1954-05,1964-05,3.8877003214537873,3.3526607317817514,15.958655899778208,228.40735363330148,213.55530138501086,6.954663336366629
1954-06,1964-06,3.8273966232508263,3.2547028804574616,17.595883981669935,224.67645803153366,211.85418680499393,6.052403976487031
1954-07,1964-07,3.8092192450572555,3.283677029612747,16.004686536010748,230.58344549629697,218.7158712311487,5.426023360054244
1954-08,1964-08,3.67456112741236,3.1419643299738604,16.95107714488058,224.93071037933066,209.6062237416229,7.311083785659878
1954-09,1964-09,3.6468739251753868,3.1084287051008928,17.322102938726314,226.57225851262245,212.60797972359316,6.568087805163247
1954-10,1964-10,3.6204358301476063,3.0710374329078975,17.889667880716644,228.28444470758117,217.4836141572976,4.966273248738506
1954-11,1964-11,3.5034900387155834,3.0196995256783183,16.02114743282581,227.72577074728574,222.52423514430706,2.3375142036127006
1954-12,1964-12,3.288275142358354,2.893159590953071,13.656887530187124,221.814587101247,214.17531577843428,3.5668308904073687
1955-01,1965-01,3.309269851933362,2.902418260510423,14.017676120580557,225.6658069833152,216.35512923113998,4.303423628209102
1955-02,1965-02,3.222167288905556,2.86936203781072,12.295599037199967,225.48153806422016,216.40946265862758,4.192088134289773
1955-03,1965-03,3.247153553397495,2.8253342053072563,14.929892091982278,223.95606713915026,217.2087174543135,3.1063899110107984
1955-04,1965-04,3.176791550825067,2.79821670955477,13.529146616043652,225.11022975405712,215.79544445857144,4.316488385033512
1955-05,1965-05,3.2344148762618548,2.7820881298476365,16.258534068760433,226.7434245181843,215.90916399364346,5.017971597009097
1955-06,1965-06,2.90985391869422,2.600965347669594,11.875920273270202,214.340110079971,204.90068743794882,4.6068281956744395
1955-07,1965-07,2.7059544200187524,2.56313844046638,5.571918289610056,212.59906533593139,206.2110071705847,3.09782598562367
1955-08,1965-08,2.7715320379152826,2.581770806649309,7.350041714672995,215.31059029821043,206.14264163475775,4.447380993446459
1955-09,1965-09,2.739221609531291,2.63735440226223,3.862477002775311,221.16621071700894,211.9369546729105,4.354717684012321
1955-10,1965-10,2.946864480770789,2.6828854298508755,9.839370998954156,224.85349476921638,219.1540167012919,2.6006724192022768
1955-11,1965-11,2.7820081973823374,2.6817980408646904,3.7366779671945904,225.2527096088137,222.809043498653,1.0967535571218656
1955-12,1965-12,2.7422115588384455,2.6637093341437197,2.947101761009563,222.94602622632974,218.9154419707532,1.8411603216711425
1956-01,1966-01,2.864817022564584,2.7030624198160824,5.98412384274527,225.53218957924648,219.38030267723175,2.804211147007951
1956-02,1966-02,2.8255512797541975,2.677046800257676,5.5473247416603755,222.65290727565193,215.10596124603381,3.5084783266355224
1956-03,1966-03,2.533743334145355,2.571452757291548,-1.4664637738051045,212.24908175149582,207.2340721853152,2.4199734692739394
1956-04,1966-04,2.579572773694098,2.665899482145977,-3.2381831734476507,217.66189373203625,211.75721725824286,2.7884180526383195
1956-05,1966-05,2.5219197547180867,2.5383703414449754,-0.6480766993804399,205.21371185557172,197.57842331304983,3.864434392425675
1956-06,1966-06,2.5143323756530624,2.51593221876798,-0.06358848235191727,202.5046375928611,194.8844950189208,3.910081493758888
1956-07,1966-07,2.378074276211514,2.5041940636863376,-5.036342402679727,200.98084886161774,196.04943202380358,2.515394605792798
1956-08,1966-08,2.2472658565974517,2.3542069593679296,-4.542553166149421,188.0435707630102,182.04903609605515,3.292813186768062
1956-09,1966-09,2.2441069908067552,2.2820345816377445,-1.6620077161043634,180.73102713392018,175.3378431472119,3.0758813328051415
1956-10,1966-10,2.2530436625778045,2.2744295772003733,-0.940275963562387,178.4279179807054,175.57281172366058,1.6261665055171237
1956-11,1966-11,2.389971949122332,2.4119114886070574,-0.9096328612537952,186.54561067883228,185.87001723937797,0.36347628815476263
1956-12,1966-12,2.3644348187225863,2.4480693212560753,-3.416345354574235,186.43301895792612,183.1965592890906,1.7666596367283738
1957-01,1967-01,2.508862642579843,2.571954724746895,-2.4530790359562404,192.66610879197063,187.5838421562692,2.709330706355595
1957-02,1967-02,2.710802410871938,2.6817760691938375,1.0823551605047221,198.23969105437857,190.21403934196925,4.219274108353632
1957-03,1967-03,2.737873133355736,2.755418757063787,-0.6367679563431539,201.65632278053573,193.84051248018486,4.0320829739602715
1957-04,1967-04,2.720493747206587,2.8109670770958277,-3.2185837616680257,203.85071909741083,195.4899916772628,4.2768058601950765
1957-05,1967-05,2.665579591980931,2.873031464891711,-7.220661362252057,206.2377772537189,196.20247271066455,5.114769658307616
1957-06,1967-06,2.5885565098513474,2.848638088719879,-9.130032344172111,202.49248823681035,193.58312390334976,4.602345573216793
1957-07,1967-07,2.5801869016291916,2.9074264345584817,-11.255298811334647,204.85669917483094,199.43089057148438,2.7206460282048095
1957-08,1967-08,2.772228386353952,2.9605127411560295,-6.359856256810281,206.98986924749786,200.35986940944372,3.3090457972426934
1957-09,1967-09,2.927514702680855,2.9868771913275416,-1.9874432339919146,208.5607335690517,200.57952133648737,3.979076318152752
1957-10,1967-10,3.113923781532357,2.9514882885546716,5.503511350784618,206.78273080001577,200.79424389745253,2.982399687523718
1957-11,1967-11,3.079572297801323,2.8062977101002504,9.73790438261486,198.72103542769554,193.9534928307566,2.4580854551039533
1957-12,1967-12,3.165267898229549,2.8209370327585535,12.206258469168297,202.70966374977232,194.83244910734075,4.043071202216275
1958-01,1968-01,3.0927633098872684,2.7459133782473026,12.631495748833776,200.46088017565336,190.87222719193585,5.023597788312828
1958-02,1968-02,2.9405329621524627,2.5578913164466752,14.959261296423598,189.87781934681595,178.94897526287895,6.107240383959933
1958-03,1968-03,2.8263798921689713,2.452673206852599,15.236709247373925,184.96232427071513,175.5497635212033,5.361762135541115
1958-04,1968-04,3.016006883643862,2.571800722280803,17.272184330406226,197.12024516749972,187.76349792785842,4.983262105202302
1958-05,1968-05,2.9869882849991494,2.5665029624783497,16.38358999261613,200.0465782375569,188.39887157979499,6.182471561581848
1958-06,1968-06,2.9930702900741872,2.575075453594937,16.23233353786615,203.83511986229345,194.2415662838028,4.938980755784117
1958-07,1968-07,2.905351180591095,2.517652227267426,15.399225878963584,201.89247051970224,197.22551637187075,2.3663034244675973
1958-08,1968-08,2.7381821039676786,2.4098633895283093,13.623955443533763,196.072645523607,191.55154779825662,2.360251210348885
1958-09,1968-09,2.7532123255274867,2.442243653484901,12.732909412984107,201.1029457933411,196.55081037065932,2.3160094909287166
1958-10,1968-10,2.709896971838655,2.469425067904499,9.737971281639869,204.71734133236683,202.46405610761116,1.1129309903571416
1958-11,1968-11,2.6694949825936276,2.4835273869146612,7.4880428804128485,206.58309863578444,205.94213256875605,0.3112360054902341
1958-12,1968-12,2.6465760852639466,2.491279347253263,6.233613993625586,207.49759064970405,203.51262199283605,1.958094106324415
1959-01,1969-01,2.4373981683686563,2.366933627123383,2.977039171601592,197.59970816858183,191.56559649775926,3.149893186010133
1959-02,1969-02,2.462733163646946,2.348298113943684,4.873105719575022,195.6469523383576,188.46728464528584,3.809503440655293
1959-03,1969-03,2.3496621960978157,2.2952744635798066,2.3695524601090145,190.42184628568953,183.807810337592,3.5983432564425932
1959-04,1969-04,2.357445527011193,2.3468383068211587,0.4519791652967342,193.3253407779491,187.68661579796807,3.0043298271469343
1959-05,1969-05,2.3979365616594164,2.4295138091218926,-1.2997352533628659,198.66450271219077,189.97438009547554,4.574365560423366
1959-06,1969-06,2.2926238922145523,2.312919241813811,-0.877477658205783,187.41445693638582,180.9053070715114,3.59809779505329
1959-07,1969-07,2.1071235982087795,2.2110912370404465,-4.702096281238399,178.25119919618245,176.51681769981997,0.9825587833290461
1959-08,1969-08,2.1078539781106143,2.2113349524682464,-4.679570331130922,176.59848672188025,175.7770548425862,0.46731462193951856
1959-09,1969-09,2.2026640403900175,2.227090906625924,-1.0968059796406693,176.55046020478912,175.18246213595913,0.7808989850640824
1959-10,1969-10,2.2283673303067744,2.257089522999066,-1.272532276616456,177.66473744492424,176.9835072466791,0.3849116840563216
1959-11,1969-11,2.2356205925175745,2.282809961169505,-2.0671615007214705,178.15216272845103,178.48461842321439,-0.18626573970371707
1959-12,1969-12,2.052143390749566,2.164966855548948,-5.211325268569722,167.98053472273423,165.0832864626752,1.7550221601107419
1960-01,1970-01,2.070721027474723,2.15022778870339,-3.697597140469011,165.90409526401143,162.0800485209178,2.359356859768025
1960-02,1970-02,2.079489671661519,2.0687503594019483,0.5191207441131329,159.5257123627636,154.2638514715926,3.4109487355435064
1960-03,1970-03,2.144342755985565,2.085078362983863,2.8423101046855193,161.59461876440932,155.864105537335,3.676608676076265
1960-04,1970-04,2.0528956158248612,1.99639218200596,2.830277253546787,156.00302668179341,150.80530750333975,3.446642074144868
1960-05,1970-05,1.8344457932938312,1.7435162042985801,5.215299334245782,137.56329319758788,131.3423777708801,4.736411455531786
1960-06,1970-06,1.7593290776749428,1.708188810981896,2.993829860274677,136.3261932171755,132.53202856501923,2.8628284749258714
1960-07,1970-07,1.80824019197808,1.6938518827762594,6.75314709420376,136.2416585817813,136.79662035897783,-0.4056838361504944
1960-08,1970-08,1.8396918283862829,1.721650117618793,6.85631241560003,139.80832295301585,140.49669067351584,-0.48995297839407037
1960-09,1970-09,2.010696979738692,1.7984590278505794,11.801100197526782,147.71675878482057,147.784642769123,-0.04593439685642853
1960-10,1970-10,2.095802552963356,1.8067837322053801,15.996315198454681,150.31820808819757,149.4779250202125,0.5621452584864572
1960-11,1970-11,2.028282863363571,1.7692035227875065,14.643840419663356,149.49104999674844,148.81925066706313,0.45141964273711643
1960-12,1970-12,2.116493679262009,1.8515636961473714,14.308445540701031,159.04797508247577,155.8443658503456,2.0556464872182323
1961-01,1971-01,2.090060321679305,1.8849822191686838,10.879577559148812,164.38091437768819,159.87015251852296,2.8215159541069346
1961-02,1971-02,2.0855852988391255,1.9338985799569266,7.843571553042739,170.02513718924212,164.36272397044658,3.445071414010914
1961-03,1971-03,2.074176355257059,1.96344897130617,5.639432731334404,173.67870989435386,167.86098880952176,3.46579698242675
1961-04,1971-04,2.0893837188674715,2.015236792958099,3.679315808865069,178.90050724768923,173.57037123740852,3.070878959514456
1961-05,1971-05,2.040452164754096,1.9827913699698216,2.908061617453561,175.79669802943852,168.36714985725575,4.412706503900354
1961-06,1971-06,2.029809941159945,1.9559561350360863,3.775841635758148,171.92386047352437,168.2151394728669,2.2047486405084804
1961-07,1971-07,2.020954533049696,1.9726370145538556,2.4493871979162973,170.0598146252064,172.18073189428884,-1.2317971039782716
1961-08,1971-08,1.9166911702561744,1.962666380884252,-2.3424872956433918,166.43219460232282,168.65399866107936,-1.3173740773388842
1961-09,1971-09,1.9750249869387269,2.0326849521953703,-2.8366405327283295,169.58794618428902,171.97652620081115,-1.3888988627047016
1961-10,1971-10,1.9124729573325312,2.015850799983917,-5.128248710282046,165.42814513345374,165.99128085045635,-0.33925620316764826
1961-11,1971-11,1.7455179069033324,1.954877049731382,-10.709581088837151,157.28350645537506,158.15690740608338,-0.5522369936494576
1961-12,1971-12,1.849001979954428,2.117993532494143,-12.70030094109642,167.7088124530214,167.0293081806268,0.406817390191061
1962-01,1972-01,2.000520064357412,2.228931635122764,-10.247580821507407,174.1956332109356,171.06157268282354,1.832124233958221
1962-02,1972-02,2.003988007002904,2.27967421693497,-12.093228404483469,176.76536870210376,170.8137064433708,3.4843001669225604
1962-03,1972-03,2.0494799725895803,2.344133937909877,-12.569843410185943,180.32049590470572,174.20274070394746,3.5118593289845013
1962-04,1972-04,2.1382336798505874,2.3792263883556006,-10.129036466831343,181.48241099415674,175.65070142558957,3.320060507152389
1962-05,1972-05,2.2858659307081166,2.3525376870264036,-2.8340356324986105,178.9001097600929,169.79372415539945,5.363205059545706
1962-06,1972-06,2.5936465779933124,2.338780139497608,10.897409046343798,178.48620622916192,171.57413764446056,4.028619161137614
1962-07,1972-07,2.5122918615099517,2.276132021271546,10.375489559980643,175.95766576137902,172.34367100823437,2.0969698115412605
1962-08,1972-08,2.5308233013333363,2.3178992180296976,9.186080294061805,181.00096718242332,178.70969540617614,1.2821194569435868
1962-09,1972-09,2.5150941874571298,2.2473768018303253,11.91243877790178,177.25379226777486,176.02203382050487,0.6997751477670455
1962-10,1972-10,2.5998349864586623,2.208332004395552,17.728447592293527,176.43122476349095,173.51785328103665,1.6790038761807846
1962-11,1972-11,2.552608970309524,2.2660794700236173,12.64428295989639,183.97442695189457,180.90859666437166,1.6946846883184596
1962-12,1972-12,2.496180690919898,2.2751903416122126,9.713048849842188,186.59488556858906,183.7428189442075,1.5522057627991304
1963-01,1973-01,2.4204962822344323,2.259551828331508,7.1228485173437495,186.8840790836653,182.7578767503837,2.2577425425648334
1963-02,1973-02,2.3032542764531327,2.1502363867337517,7.116328728480781,179.2526760664624,173.50339249173362,3.313643319684778
1963-03,1973-03,2.2747229351129663,2.088427511693681,8.920368189758365,175.5122966640977,170.85969135103653,2.723056138210067
1963-04,1973-04,2.131445755348911,2.0187122443332344,5.584426969823597,171.3509909510481,167.44213922264225,2.3344492291802243
1963-05,1973-05,2.0305732977044153,1.93832607362713,4.759117948852953,165.8059366794464,160.0190511017825,3.61637288674026
1963-06,1973-06,1.9858541650043076,1.8738527751139333,5.977064547323585,161.458383153451,158.60648446307746,1.7980971585291217
1963-07,1973-07,2.0347686935917424,1.8710310895594515,8.751196329444433,162.37610150019185,162.4986599955521,-0.07542123446654392
1963-08,1973-08,1.9426266884078938,1.8077075032408307,7.463551759628251,158.66510588466616,159.2668240801913,-0.3778051072470534
1963-09,1973-09,1.9256842683139404,1.817177252357765,5.971185024212078,160.8313372763491,162.88112116093689,-1.258453938662707
1963-10,1973-10,1.9972615975456152,1.8683763685559047,6.898247652817813,166.64107147381299,166.91156779396644,-0.1620596605307556
1963-11,1973-11,1.8661188445725052,1.7144656730515413,8.845506439976702,154.2584469731943,153.52771146624113,0.4759632642044931
1963-12,1973-12,1.698483821740945,1.5721670959522887,8.034561091748603,142.92235206958267,142.69366217125008,0.16026633198196194
1964-01,1974-01,1.671693369368853,1.578270750406567,5.919302435163298,144.60857417298445,144.1421578754673,0.3235807652610001
1964-02,1974-02,1.6065786548958025,1.520292039567999,5.675660536400784,140.3448745654872,138.3593991997047,1.43501300039377
1964-03,1974-03,1.6459839549111448,1.5709520636818293,4.776205013758594,146.09672682969213,145.03153576227587,0.7344547941368074
1964-04,1974-04,1.540619534140184,1.4797808669058847,4.111329494447968,138.41273356970575,137.3608173264698,0.7658051718896219
1964-05,1974-05,1.4808655446324677,1.425064837805531,3.9156609121634434,134.11064636688693,131.84905268084432,1.7152900533286664
1964-06,1974-06,1.492873335952607,1.4164709887939544,5.393851887055234,134.20965572159844,134.58041403926478,-0.2754920322642018
1964-07,1974-07,1.2730677733479792,1.2467932229667893,2.107370323899316,118.5181897967935,120.73239248086176,-1.8339756535672547
1964-08,1974-08,1.240357734925644,1.1951869744706172,3.7793886161647805,113.7687125362289,117.69957838598032,-3.3397450557219988
1964-09,1974-09,1.0946570137345508,1.0683030877564066,2.4668959848736627,102.13824640896212,106.4710003480616,-4.069421649966076
1964-10,1974-10,1.0990062916260805,1.0849744606818617,1.2932867503075096,104.44335934248701,108.66034942636966,-3.8808913335403594
1964-11,1974-11,1.1295458891401193,1.1161868651831748,1.1968447554480344,108.22373869175615,111.26481794926697,-2.733190341350711
1964-12,1974-12,1.0767665769445756,1.039188876234944,3.616060715139513,101.48428609658292,103.87904676368943,-2.3053356203337705
1965-01,1975-01,1.1376432659633298,1.117987668874929,1.75812288772208,110.1371595840534,112.67759007418495,-2.254601370564424
1965-02,1975-02,1.24843180741204,1.2277195806442238,1.6870486627693637,121.86018157522625,122.09926194969427,-0.19580820608605665
1965-03,1975-03,1.3061506439562371,1.278738153237895,2.143714148899911,127.6312777046358,127.20340506318678,0.3363688583937652
1965-04,1975-04,1.3052348759587482,1.2922171881306046,1.0073916325920251,129.18782793478093,127.84526857486975,1.0501439551710456
1965-05,1975-05,1.3691203584458336,1.3712395348814885,-0.15454458406044536,137.50127065583305,134.59080439536083,2.162455506189498
1965-06,1975-06,1.475234643761778,1.4113288599382687,4.528057608508385,141.06797610217646,140.20002225016185,0.6190825351410467
1965-07,1975-07,1.4800605835494718,1.4129740016236005,4.747899242929043,141.16475141697305,141.34630289769652,-0.1284444495551318
1965-08,1975-08,1.3479326996206302,1.3101766629102087,2.881751582000902,130.8092799802457,133.19632650914173,-1.7921263982698554
1965-09,1975-09,1.2900275670677965,1.3044554550509762,-1.1060468126614431,129.31654569677974,133.97900673981673,-3.479993736698872
1965-10,1975-10,1.3211343922473624,1.3832942865978117,-4.493613177809797,135.4055866554773,140.88946306509192,-3.892325437482169
1965-11,1975-11,1.3337207362135506,1.4293945283619935,-6.693308967544443,137.80669223081267,141.63339326618558,-2.701835313781553
1965-12,1975-12,1.3207462825792982,1.4243625243791043,-7.274569502239158,135.81600680082596,139.04273605492992,-2.320674452802207
1966-01,1976-01,1.418697034295003,1.5718136035847128,-9.741394840998252,148.39193307927832,152.1888832270659,-2.494893232196549
1966-02,1976-02,1.4843385865029364,1.646082419638615,-9.82598630578828,154.11759466226357,154.06530376086064,0.03394073819766863
1966-03,1976-03,1.556336090594153,1.6624603092206647,-6.383564048892154,154.8276755331649,153.47239662914342,0.883076653384407
1966-04,1976-04,1.5228189388328497,1.6752975861131487,-9.101585804469769,155.92522678190997,152.73953003951652,2.0857054762242866
1966-05,1976-05,1.5969561077979144,1.6650539587949071,-4.089828478968871,154.7710018479766,150.48509104660806,2.8480634005405348
1966-06,1976-06,1.6204093460090965,1.666972631787342,-2.7932843581432887,155.52652663493456,152.8498205860263,1.7511999939847867
1966-07,1976-07,1.6633006060485107,1.698069601156885,-2.0475600696630125,158.99890791107336,157.3273392126644,1.0624782105730812
1966-08,1976-08,1.7552499810312916,1.6725397002179205,4.945190885609141,157.41232694602613,158.29027922404515,-0.5546469955848399
1966-09,1976-09,1.8579612848750964,1.6853664382011087,10.240790534443555,160.43980955374428,163.41824321538974,-1.822583331605021
1966-10,1976-10,1.8105414933726163,1.5991599202995321,13.21828857701055,154.591394668331,157.6309021289598,-1.928243396172502
1966-11,1976-11,1.7129526661993644,1.5587461460963201,9.89298485126875,153.1870481227105,154.82417987227322,-1.0574134808356894
1966-12,1976-12,1.7652840608519207,1.59406512043828,10.74102545864406,158.21628864783142,160.76604427674627,-1.586003835813521
1967-01,1977-01,1.686203258333671,1.5594181715273705,8.130281480696166,156.57174216271676,159.45160619991108,-1.8061053794489301
1967-02,1977-02,1.5871117364436655,1.5030046943491284,5.595926773266635,152.1609652371635,151.91890572225083,0.15933468830748865
1967-03,1977-03,1.5455913749544776,1.4935843155815218,3.4820303634955474,151.45963976132398,150.97484028250784,0.32111276150978973
1967-04,1977-04,1.497379806132269,1.4732384417514073,1.6386596830966438,149.08238381714898,147.25029825271292,1.2441982027715959
1967-05,1977-05,1.4682060275310922,1.4653824981928805,0.1926820704965193,148.65070399923283,146.18269978471943,1.6883011588566754
1967-06,1977-06,1.496327674913689,1.4694783803124123,1.8271309711660022,149.48545016918118,148.90532888673872,0.38959067937973657
1967-07,1977-07,1.4859602157230192,1.4738446507246898,0.8220381294848256,150.86787406544295,150.9414526319875,-0.04874642801002693
1967-08,1977-08,1.4286679114561787,1.431465819351233,-0.195457541300037,147.22501441191196,149.82869510339603,-1.7377717196877973
1967-09,1977-09,1.3889529592392886,1.4073855814851497,-1.3097066282581893,145.04052024798733,149.85417493651065,-3.2122259460323543
1967-10,1977-10,1.3571718013463347,1.3673532882908073,-0.7446127516319789,141.44400958191224,146.30588456310613,-3.3230891537358587
1967-11,1977-11,1.4112236549754227,1.3686938298286433,3.1073293544476632,142.44253788189195,145.87456947864868,-2.3527278325637613
1967-12,1977-12,1.367607087414735,1.350128933679473,1.2945544161941047,141.88907491001856,145.21703331581043,-2.2917135337384265
1968-01,1978-01,1.3215125126106906,1.2897036170047624,2.46637252051769,136.69460164706203,140.39566882241758,-2.6361690545004812
1968-02,1978-02,1.3668969433384686,1.2669488656413634,7.888880159856226,135.0192017164867,135.98572760552005,-0.7107553903282771
1968-03,1978-03,1.3922798270869847,1.2554245969770295,10.90111110133516,134.9816933531992,134.95716335043502,0.01817613986185851
1968-04,1978-04,1.3556886698940884,1.3006169233374276,4.234278792509083,141.0593813575511,139.2722883060221,1.2831648515764016
1968-05,1978-05,1.3946672936543025,1.3622209792687208,2.381868645350038,148.41594743227523,146.44280895664636,1.3473781947278773
1968-06,1978-06,1.3639789992418632,1.3606164228314432,0.24713625045200693,148.9856227456975,148.6252421529184,0.24247603405640472
1968-07,1978-07,1.3624904254779835,1.3585432665377102,0.2905434841492305,148.4965317901303,149.06650472717254,-0.382361509103224
1968-08,1978-08,1.491200614546117,1.4628373251719782,1.9389230016265913,158.95436926836635,162.2648872966339,-2.040193712528604
1968-09,1978-09,1.4464513219433275,1.471478709890067,-1.7008324876551795,159.0613599803628,163.67578162029494,-2.8192452140763047
1968-10,1978-10,1.369136460997223,1.4366432101349882,-4.698922367191106,154.17923705443005,159.41237593012045,-3.2827682575814476
1968-11,1978-11,1.2719784784813033,1.3654945003337018,-6.848509593377705,145.41215363770888,149.53729877549236,-2.758606161514765
1968-12,1978-12,1.2799897038040802,1.3991371570467037,-8.515780789791883,147.8960663828949,152.8107160547028,-3.2161682103816314
1969-01,1979-01,1.3889499453975764,1.4735151444297505,-5.739011190475463,153.76130786802457,159.29705418768845,-3.4751090331786583
1969-02,1979-02,1.37759485312508,1.4699621422112945,-6.28365088010121,151.71884607105255,152.90652447265828,-0.7767349403184576
1969-03,1979-03,1.43739415517065,1.5210778142103392,-5.501602762060742,154.85118095809779,154.94340639911746,-0.05952201720809125
1969-04,1979-04,1.4396385455550424,1.5698460699328916,-8.294286100510174,158.13383687484554,155.5290625905394,1.674782989699941
1969-05,1979-05,1.3644882678954664,1.5583668320459179,-12.441137745207008,154.6762828346569,152.15728606860975,1.655521619195599
1969-06,1979-06,1.4706277573157396,1.6367807494588624,-10.15120639695053,158.00894698487232,157.99676818012833,0.007708261937433569
1969-07,1979-07,1.5570623151806415,1.6947442362153269,-8.12405306314269,159.74400989461134,159.61022820096846,0.08381774473402714
1969-08,1979-08,1.6398514682440612,1.8092974898994352,-9.365293579487144,167.1345820997385,169.03650627386548,-1.1251558707948917
1969-09,1979-09,1.6547742554025608,1.860781036667053,-11.070984559982522,169.02449608186595,171.77410335598302,-1.60071117845908
1969-10,1979-10,1.5781044084092526,1.8120091907209033,-12.908586971272051,162.69038928140023,166.25379033642082,-2.143350264562338
1969-11,1979-11,1.5575343917388085,1.8171526955955346,-14.287093455932254,161.55515622771497,165.0233171426595,-2.101618713642972
1969-12,1979-12,1.71226553172199,1.9084962249622515,-10.281953439239466,168.0519078173623,173.01374632157928,-2.8678868643156608
1970-01,1980-01,1.7795264001556133,1.9646249813763594,-9.42157322518985,172.8458894013697,177.17916855089342,-2.44570464178413
1970-02,1980-02,1.9191504761882037,2.0372116028106113,-5.795231406473745,179.5916396156549,178.59325402587316,0.5590276045012832
1970-03,1980-03,1.716219806219789,1.8360873463423035,-6.528422537266776,162.95458081550524,160.03931108487188,1.8215960259209796
1970-04,1980-04,1.7442617867729966,1.7918732515487128,-2.6570777109689914,160.31895111702062,156.36705448605443,2.5273205049204606
1970-05,1980-05,2.0632253662961886,1.8485430565223846,11.613595313147872,167.57515352141172,163.3130757102896,2.6097590732311327
1970-06,1980-06,2.2108512880718307,1.920756382952423,15.103159760088802,177.90058122473107,173.31625375104397,2.645064945998743
1970-07,1980-07,2.3087154914938726,1.9611345460651242,17.723462478703688,185.42938793201435,180.1312299668256,2.94127673816722
1970-08,1980-08,2.3143399141391328,1.9748525977530618,17.190514207102403,190.5313596353212,187.64978334064529,1.5356139737422003
1970-09,1980-09,2.238525929618168,1.9837117340364467,12.845323804342602,194.5396686434643,193.6310899836731,0.4692318056298772
1970-10,1980-10,2.2568495741713166,2.009429823495663,12.312933140667482,199.68177846728815,201.82657113407407,-1.0626909305024634
1970-11,1980-11,2.356206698631173,2.0691911399159415,13.870906035625662,207.53347698784046,210.4983473162083,-1.4085005256188832
1970-12,1980-12,2.1715119223354304,2.019709389930424,7.516058159745231,203.5636411715728,208.35378572686153,-2.2990436859968044
1971-01,1981-01,2.086051443151701,1.997869190515719,4.4138151313709795,202.36672261729723,208.54753187339549,-2.9637412634787252
1971-02,1981-02,1.9414833025301488,1.9163373527516678,1.312188051982277,195.05720236541518,195.7893695503769,-0.3739565568054659
1971-03,1981-03,1.9663093595231318,1.9789092796530818,-0.6367103464267387,202.11294871573577,201.57270123799105,0.2680161918884316
1971-04,1981-04,1.9212169495748794,1.9874110057375765,-3.33066768633149,203.70266814276428,201.9221762480351,0.881771347661231
1971-05,1981-05,1.911370104240301,1.9419179043635784,-1.573073715147022,199.45659169667982,198.20187326329798,0.633050744033592
1971-06,1981-06,1.9590755102591428,1.9435667540029353,0.7979533619962398,200.20239748989545,198.44695162478232,0.8845920034248111
1971-07,1981-07,1.928562999563756,1.8853616567223508,2.291408796151595,195.1826394013056,191.95743490815028,1.6801664883147494
1971-08,1981-08,1.9740490662096406,1.8819383082239258,4.89446213955036,195.7695030810665,194.97232147914508,0.40886911325344055
1971-09,1981-09,1.766292919197411,1.7016683042349248,3.7977210248116844,178.58291330933895,179.0081222380658,-0.23753610920590473
1971-10,1981-10,1.8309806859269127,1.712394027403794,6.925196924618504,180.84726061272514,185.42196123739862,-2.4671838190819417
1971-11,1981-11,1.9730197869745543,1.7422084414998789,13.248204978043177,185.4536420424946,189.78888927189814,-2.2842471158533995
1971-12,1981-12,1.8628985605574606,1.7262577327613053,7.915436102208551,186.61418650444864,190.99726111728052,-2.294836369480968
1972-01,1982-01,1.6983309337798442,1.6172559112712432,5.013122656937585,176.78705631166397,183.369125746715,-3.5895189052396748
1972-02,1982-02,1.6318076125372403,1.5661428198990275,4.192771681093954,172.67908320690594,175.4087338796706,-1.556165769166984
1972-03,1982-03,1.5465441269246654,1.5100598259506397,2.416083147636705,167.2872333224093,169.21254849084906,-1.1378087414976146
1972-04,1982-04,1.610884976004554,1.5844784812448827,1.6665732650988474,175.8199968102179,177.29876995437047,-0.834057193139659
1972-05,1982-05,1.6327644000958366,1.589518400873803,2.720698244088271,176.16683898651885,177.4356333229024,-0.7150730169709241
1972-06,1982-06,1.5388010234848448,1.5043867242889912,2.287596576081108,166.24448434074216,166.5940990302508,-0.20986018805212447
1972-07,1982-07,1.5503766369330583,1.5103001051890628,2.653547570201531,166.06984429941852,165.5363817129462,0.32226304631775005
1972-08,1982-08,1.5057261728972386,1.5226366422529285,-1.1106043875752758,166.79356978926086,168.02573620807132,-0.7333200535926454
1972-09,1982-09,1.7085568214706368,1.7147174536022765,-0.3592797238225698,186.35766199944163,189.2188729023736,-1.5121170838007125
1972-10,1982-10,1.85254238222267,1.8707450534663568,-0.9730172056293007,202.0875832906821,207.9166233927886,-2.8035469251991962
1972-11,1982-11,1.8392427306596602,1.9527077684735747,-5.81065122215445,210.23864606368267,214.63457609312565,-2.048099662905978
1972-12,1982-12,1.8220336605333864,1.9974525952151783,-8.78213255733834,212.18552026658614,216.89796042199032,-2.172653051340734
1973-01,1983-01,1.8750171535859002,2.1120028877348767,-11.220900100337639,219.60778844247622,227.7311099150131,-3.5670670887119504
1973-02,1983-02,1.9808253026222584,2.1918761282344392,-9.628775225641185,223.3375706700478,226.2505300246106,-1.2874928311752298
1973-03,1983-03,2.0854579151993087,2.3117309578722414,-9.78803532056336,230.8960651415334,231.844356475031,-0.4090206671041874
1973-04,1983-04,2.2090574440651904,2.4328234917538984,-9.197792131125304,239.39796533736384,239.00374106489068,0.1649448124605435
1973-05,1983-05,2.367610154148548,2.5739625451102333,-8.016915061708785,248.6654044505858,247.23224085307044,0.5796831321717155
1973-06,1983-06,2.458015837836783,2.653266469217642,-7.3588775815054746,251.57243122110486,247.8383034334919,1.5066790467338054
1973-07,1983-07,2.4458137994904794,2.6994704635908717,-9.396534154442083,251.82500451215446,246.38891908457964,2.20630272163691
1973-08,1983-08,2.426616531976272,2.6932248612037384,-9.89922278930344,244.29342480314259,242.49867060037442,0.7401088832053038
1973-09,1983-09,2.45797878718854,2.8513375596454735,-13.795587657669072,250.85468819412398,251.52297734774322,-0.2656970590385832
1973-10,1983-10,2.37335359270374,2.978230882019694,-20.30995289746492,250.9535055920565,255.8031366748079,-1.8958450415393124
1973-11,1983-11,2.5188416652607417,3.0500382341107364,-17.416062622076257,246.67333818047146,250.73655548979676,-1.620512534116969
1973-12,1983-12,2.6992641650043114,3.1261753004582564,-13.656020357891174,244.78280074756347,247.60881390157755,-1.1413217120523789
1974-01,1984-01,2.6959536124370254,3.260159709165411,-17.306087647860057,246.85625145439644,251.99035553285967,-2.0374208638289426
1974-02,1984-02,2.6229895270403176,3.153162319751105,-16.8140025456297,232.5727088255543,232.39128961502928,0.07806626953426044
1974-03,1984-03,2.519338709516418,3.1904682874743977,-21.035456788359173,231.91694690314512,229.86297713787897,0.8935626740943725
1974-04,1984-04,2.6602644386688263,3.225685077702092,-17.528699343336363,231.51349845402612,229.73476897641757,0.7742534948165014
1974-05,1984-05,2.7273503408017907,3.221881570848486,-15.349143634614105,229.22055467720583,225.16877789489075,1.7994398780307064
1974-06,1984-06,2.664769788608288,3.1456675187361967,-15.287621061780676,223.23778333266833,216.56465174341494,3.0813577079789045
1974-07,1984-07,2.9784757243874553,3.095767806246524,-3.7887880874786894,219.5079860618693,211.960869836685,3.560617689009926
1974-08,1984-08,3.3798666119431506,3.3221945057769733,1.735964166634174,237.49982177186058,229.1867977327829,3.62718277026155
1974-09,1984-09,3.8087251594364666,3.3190453846200945,14.753632989939437,238.37110899301445,230.64041971014245,3.3518362881005626
1974-10,1984-10,3.7050322157960704,3.227981972542986,14.778590689503357,234.5380986031347,227.51284740513253,3.087848127315773
1974-11,1984-11,3.6173414997489917,3.186339560465383,13.526553937668172,234.76128824695562,229.36355849449498,2.3533510675760594
1974-12,1984-12,3.8248243222912075,3.0883481338384065,23.846929055159947,230.4495070758108,226.32720375225315,1.8213910017065738
1975-01,1985-01,3.6862496457031275,3.1395378257688344,17.413767575818582,238.26284163193674,234.5488617243816,1.583456803094374
1975-02,1985-02,3.5192278332794262,3.228489604232873,9.005394617512996,249.1528274596895,243.66251716901832,2.2532436890417396
1975-03,1985-03,3.336441267972749,3.142660670261236,6.166131760429772,245.3973800561682,242.30687706905024,1.2754499684452858
1975-04,1985-04,3.3212396652756557,3.1156966408663633,6.597016593763705,245.49315133945345,245.43175999097875,0.02501361212459141
1975-05,1985-05,3.197461622338171,3.1428206229861564,1.7385974545406135,249.76465484307582,247.77284830722337,0.803884101692498
1975-06,1985-06,3.1855386276821376,3.181344908452305,0.13182221200507271,253.7229648275779,250.6879176176549,1.2106874710060778
1975-07,1985-07,3.243161142158675,3.2153186905510065,0.8659313208824404,257.1293389204831,253.69381689071997,1.3542001424666328
1975-08,1985-08,3.4228314708748373,3.113206016343179,9.945549793564545,250.12378263429642,246.1804199791112,1.6018181525240038
1975-09,1985-09,3.3872441880287747,2.9944214486973535,13.118485358909936,242.97461360452994,236.81570911584956,2.6007161905241105
1975-10,1985-10,3.2751492744925033,2.971237399813724,10.22846153921706,244.1265545417897,237.6559649066308,2.722670831216467
1975-11,1985-11,3.415752786537516,3.11329070535558,9.715189161796921,257.3172431453393,253.51807039696138,1.4985806504558719
1975-12,1985-12,3.6395968910872343,3.234076023734104,12.539002310926218,268.33224617780763,265.1621090858888,1.195546793185298
1976-01,1986-01,3.347478510492781,3.2019478558482026,4.5450663532441204,267.6271933736362,262.9296188163956,1.7866281396471173
1976-02,1986-02,3.396332970444158,3.354389954134354,1.2503917816146792,280.32740465894136,276.3740079204242,1.4304517158702623
1976-03,1986-03,3.5776548082945006,3.549341795986085,0.7976975432581357,295.0452550952964,294.33126166359574,0.2425815822842292
1976-04,1986-04,3.635868763059807,3.6368076498755206,-0.025816235173881097,300.4129566575442,302.8662636603469,-0.8100298042947318
1976-05,1986-05,3.6677726002018534,3.6508667995108652,0.463062653867663,299.1695109887707,298.6759052683279,0.16526466036801413
1976-06,1986-06,3.748893015729499,3.759217510336179,-0.274644778555444,305.7180586071952,303.35099745245293,0.7803043914873742
1976-07,1986-07,3.5856626460513636,3.685844166821115,-2.71800749666945,297.4338438663909,294.5108963754965,0.9924751602968351
1976-08,1986-08,3.6880879783775273,3.768516310222651,-2.134217427345353,301.5021722500314,298.8450972761029,0.8891144603498713
1976-09,1986-09,3.511854302406738,3.679797754074041,-4.563931576983182,291.40593984906053,284.65951600709326,2.3699976507369547
1976-10,1986-10,3.621078791847628,3.6918100036459194,-1.9158952310232458,288.5638742662533,282.1916152318511,2.258131953767206
1976-11,1986-11,3.762621189662494,3.8367079167867053,-1.930997321950434,295.9725690866404,291.5129635489279,1.5298137974450565
1976-12,1986-12,3.6871277001910623,3.9140075227224416,-5.79661181574761,298.1477321902382,293.6848398584959,1.5196195805996071
1977-01,1987-01,3.9543057188554998,4.199929379563725,-5.848280733085565,315.10086375987055,309.3684451107447,1.8529422569498966
1977-02,1987-02,4.311821488493517,4.509807912819201,-4.390129871449833,332.23585972303835,326.18950763287825,1.853631692214086
1977-03,1987-03,4.50281629142059,4.743355296904778,-5.071072909953623,343.23510307862307,339.46528040000595,1.1105178927797832
1977-04,1987-04,4.518049247202673,4.737978297073014,-4.641833205656665,336.74426887309426,336.5954300766617,0.04421889994128403
1977-05,1987-05,4.522803026132763,4.756245682347106,-4.908128633488584,333.7243299779442,329.55298948116007,1.2657571407109325
1977-06,1987-06,4.683968162208417,4.959043777886872,-5.546948726386702,344.9747826156469,338.4728331554192,1.9209664183719388
1977-07,1987-07,4.768921338617647,5.103095084683898,-6.548452272998362,351.8625393545394,344.5239781378894,2.130058191105899
1977-08,1987-08,5.1843291953051445,5.426045174898303,-4.454735849074254,370.4712157098544,363.83949324152877,1.822705503803923
1977-09,1987-09,5.086868471148261,5.216811186299767,-2.4908456624375686,355.102238860612,341.3323811139133,4.034149265815845
1977-10,1987-10,4.584478818534924,4.55267333520275,0.6986111453735067,309.3335398683884,297.8439799637448,3.857576676903851
1977-11,1987-11,3.9812374455729236,3.9547170124386737,0.6706025500898161,268.0689078031779,260.6922600177425,2.8296382044228574
1977-12,1987-12,3.931121304770496,3.8866912372356457,1.143133447524658,261.4885911455616,256.3500088703763,2.00451807972577
1978-01,1988-01,4.241769358336922,4.028786964994069,5.286514159061917,269.4739161919606,263.5287216475749,2.255994909100023
1978-02,1988-02,4.4258672041579645,4.113647760639619,7.589843897324822,275.02912072032177,266.8975931767105,3.0466844780527857
1978-03,1988-03,4.556690067031727,4.197385054366258,8.56021089348733,280.3155304386781,273.5830961708745,2.4608370773019583
1978-04,1988-04,4.308215333431658,4.105589547164673,4.935363945646221,274.2461177246422,270.92492535571745,1.2258718405344649
1978-05,1988-05,3.9940886240985205,3.9719861571111923,0.5564588121173886,264.950737417743,260.64532926846505,1.6518263194516658
1978-06,1988-06,4.205326179747987,4.189917786564654,0.36774929648359933,277.60777184854874,273.96560754971074,1.3294239125168694
1978-07,1988-07,4.195000275875489,4.150614220238147,1.0693852351037147,273.49823942970113,268.68073667629176,1.793021268664119
1978-08,1988-08,3.841386352044561,4.048833848082299,-5.123635689224281,265.5980267647534,261.6386807460069,1.5132877170368042
1978-09,1988-09,3.8998076005629203,4.101616508814208,-4.920228593229236,267.75972182268407,260.4622316517165,2.8017460054345245
1978-10,1988-10,4.1635941033143125,4.227885041930816,-1.520640650795524,274.8674568855289,267.1871804550383,2.874492862049216
1978-11,1988-11,4.314118988822945,4.114464409370485,4.85250471477543,266.1554709630376,259.31368518692204,2.6384206337524363
1978-12,1988-12,4.33126301947907,4.162413051930739,4.056540411577125,268.89647607917345,261.55083840948214,2.808493260568734
1979-01,1989-01,4.303223313859582,4.251294600509892,1.221480001490871,274.82986080847894,267.08173909889007,2.9010301249835946
1979-02,1989-02,4.4926505619587,4.337538347777999,3.5760424864061724,280.4230020614039,271.33810436396345,3.3481835213436506
1979-03,1989-03,4.3827634482143,4.258872926342962,2.9089978502298663,276.422346345256,267.64221039383756,3.280549782673825
1979-04,1989-04,4.4312054167578605,4.38062872833634,1.1545531830707834,282.7080654492107,278.19298822230166,1.6230018074003816
1979-05,1989-05,4.7025341324034695,4.544396780861913,3.4798315192795304,290.7053586908954,285.02914955769296,1.9914486437653034
1979-06,1989-06,4.747335414863584,4.655885306435987,1.9641830158741769,296.6789193805494,290.1248379338868,2.2590556166570464
1979-07,1989-07,4.811743376553076,4.725051243821409,1.8347342337297956,301.06281233141743,293.6153608357106,2.5364652157534806
1979-08,1989-08,4.796848816920544,4.868957580634533,-1.4809897708041198,311.12568332497085,304.61379303485853,2.1377529314200006
1979-09,1989-09,4.7455993528777505,4.818065599677705,-1.5040527220053113,308.6650837909102,300.11284623902293,2.8496739340094557
1979-10,1989-10,4.92416704860375,4.74986450911213,3.6696318212285473,305.72065982213917,297.6802780865864,2.7010125720233535
1979-11,1989-11,4.850473447995236,4.5590851332087245,6.391376916039948,296.2582404065408,286.9161948633,3.2560189039491982
1979-12,1989-12,4.772997444316748,4.560341347592354,4.663161823109285,300.34469177366736,289.7747981621624,3.647623491946961
1980-01,1990-01,4.5177244747495156,4.36186646961147,3.5731952416216073,289.946891254978,281.03860699806046,3.16977242097527
1980-02,1990-02,4.218074158319325,4.167464150023038,1.2144077663153396,279.12699882776354,270.6881622630824,3.117549173236256
1980-03,1990-03,4.749052114531686,4.214197544303025,12.691729910756223,283.31355840503494,276.7582883563954,2.3685903275272535
1980-04,1990-04,4.814261343193974,4.11460942437271,17.004090708510656,280.05031901805484,272.6779919802324,2.7036751240110846
1980-05,1990-05,4.7598984999286404,4.167652110023342,14.210552471040616,286.80981888072466,277.03057115419466,3.530024749899141
1980-06,1990-06,4.595374125668785,4.22494446208309,8.767681253804138,291.95655932469344,283.3258556482206,3.0462111044283757
1980-07,1990-07,4.385186231855946,4.179544529413587,4.920194078449303,288.78273618946105,282.4095844615936,2.2567051823038087
1980-08,1990-08,3.9035881508489183,3.8248368650324185,2.058944958841602,262.8997081251167,260.10147984122307,1.0758217468050502
1980-09,1990-09,3.6310997781264205,3.6405913529180163,-0.2607151935354657,248.65032589163474,245.9328418346062,1.1049699734109186
1980-10,1990-10,3.4329007890560788,3.5728912074275936,-3.9181270921569644,240.2681100484761,239.05029981827934,0.5094368135587057
1980-11,1990-11,3.3793989962259072,3.694863599255652,-8.537922836807743,244.87604108670013,242.79475605624927,0.8572199269281988
1980-12,1990-12,3.578951344204702,3.877225785149391,-7.692986105868382,253.5604289439459,250.63520232016845,1.1671252069534566
1981-01,1991-01,3.5540008587683247,3.8556809990618834,-7.824302383079917,249.20048592805963,245.34849650151895,1.5700073493284394
1981-02,1991-02,4.092042057012309,4.328008723562912,-5.452083894053484,275.2056907388053,270.1052682317011,1.8883091546104014
1981-03,1991-03,4.048768282928332,4.48673038833765,-9.761275305235895,280.3280734874741,273.64468505659937,2.442360036882274
1981-04,1991-04,4.087266569978626,4.640342215515652,-11.918854684633784,283.47282686904913,276.1696555640533,2.6444510314066694
1981-05,1991-05,4.14693719852467,4.655909841208447,-10.931754695483386,279.81455808744107,269.1186196235904,3.9744327162538173
1981-06,1991-06,4.125858047076962,4.691824811215886,-12.06282815134041,277.5587950725822,266.35045054128983,4.208119231078555
1981-07,1991-07,4.243543815031706,4.772971698434893,-11.092206634637957,276.5082253898074,267.23659821073744,3.4694451437967233
1981-08,1991-08,4.322454478701353,4.934483783749686,-12.403107029429838,280.5176159370888,272.9785755146383,2.761770006396058
1981-09,1991-09,4.699441982507417,4.952605833897923,-5.11173026647378,276.2883643929459,268.55474463591077,2.8797181623135604
1981-10,1991-10,4.627896572251292,4.916123156245727,-5.862883716170842,273.01413822060437,262.51200634324965,4.0006291611754285
1981-11,1991-11,4.4917691477156625,4.85424591025888,-7.467210546074021,269.35979856870995,259.313754566565,3.874088367945072
1981-12,1991-12,4.4807911121772,4.831879966311768,-7.266092216329589,268.28555382908564,259.6265110143303,3.335192072999593
1982-01,1992-01,5.053186402151621,5.108766790526853,-1.0879413888748024,284.22026710367754,274.7678443156647,3.440148832391565
1982-02,1992-02,5.120761936085581,4.961318085117402,3.21373974078516,278.41623512392914,264.85310211304454,5.121002133890662
1982-03,1992-03,5.211890544201298,4.78294958333936,8.968126328491621,271.45280866560216,255.7427394113556,6.142918970214573
1982-04,1992-04,4.954572813074696,4.642734566963625,6.716693397249607,267.8801660798088,250.72593526097816,6.841825438192095
1982-05,1992-05,5.028299076228339,4.594704890214689,9.436823395057914,269.31706062274833,252.02326666615235,6.861983095991109
1982-06,1992-06,5.237397579988037,4.379740889536791,19.582361424626505,261.69721789970185,244.71925767252367,6.937729539004089
1982-07,1992-07,5.324530894068056,4.282490681590393,24.332573961157557,262.31833337006566,244.6806715507858,7.208440988612774
1982-08,1992-08,5.332306603575299,4.148607333280652,28.53244896905189,260.3593976580111,245.41101652403282,6.091161409827928
1982-09,1992-09,4.774873232888208,4.00416159522294,19.247765589299526,256.9327152998938,242.9358498187331,5.761547952516888
1982-10,1992-10,4.333521846925741,3.8378755368613784,12.914600937520326,250.10207756355558,240.2281413783599,4.110232934635327
1982-11,1992-11,4.261220672288697,3.8521643569607074,10.61886974237851,253.5080757877651,248.4701817415843,2.0275648413298875
1982-12,1992-12,4.341749497961021,3.9048722031934315,11.188004934202667,258.36856310826914,256.4221351861632,0.7590717239339906
1983-01,1993-01,4.1836979200741435,3.8433190912579276,8.856377020332417,255.32843023672615,252.98140472933616,0.9277462546708026
1983-02,1993-02,4.167070665663593,3.850067326513983,8.233708978711253,256.42973180070425,250.42438938392309,2.398066111513786
1983-03,1993-03,4.098241973962466,3.897055141798747,5.162534910164451,258.6450199670859,249.49835912454523,3.666020439827733
1983-04,1993-04,3.880368659970504,3.8218350168508723,1.5315586063121556,252.05550416595094,241.5274062603915,4.358966159810884
1983-05,1993-05,3.7428945372675346,3.838889708918587,-2.5005972801988685,250.91876434979903,241.23247601794017,4.015333462455728
1983-06,1993-06,3.7102092153181543,3.8747678330871826,-4.246928457592725,250.26099460147412,240.87628042656104,3.8960723564370747
1983-07,1993-07,3.68633152859457,3.891036400214029,-5.260934377488713,247.63978984911626,236.49832640746413,4.711011536908916
1983-08,1993-08,3.8437906771206096,3.978613786093529,-3.3886955663846363,249.2082757590777,239.2046183242854,4.1820502901956935
1983-09,1993-09,3.7708737541572073,4.014481553956171,-6.068225660643378,249.64014266094745,237.19044229074385,5.248820420404199
1983-10,1993-10,3.793085058240734,4.053458117875061,-6.423479707021662,249.8734812781504,241.71357815052505,3.3758563296530264
1983-11,1993-11,3.8371255013182815,4.046283518214805,-5.169138938360973,247.0380653749839,243.69931032941906,1.3700305680191205
1983-12,1993-12,3.8760891997711,4.0659457398321175,-4.669431227305476,246.30664366137066,245.10946910789644,0.4884244406515359
1984-01,1994-01,3.8821641484571656,4.122216575295124,-5.8233822132640505,247.5961023309879,244.93825644185486,1.0851085198950727
1984-02,1994-02,4.0881891399994705,4.093735413568217,-0.1354819744911584,244.46934151457245,237.72761014629035,2.835905919440096
1984-03,1994-03,4.012199880886206,3.974506197364697,0.9483865831307892,237.88660215258022,225.10980781495073,5.675805271057999
1984-04,1994-04,3.858309869829198,3.785175205988401,1.9321341777018164,226.95961316623357,213.15816225814663,6.47474662094929
1984-05,1994-05,3.9089547242756955,3.766581840268903,3.7798962041570405,226.41795266482194,213.93144585020985,5.836686030418758
1984-06,1994-06,4.026632428328788,3.7401131882310525,7.660710403078719,225.93089959729306,213.49019382787247,5.827296114336278
1984-07,1994-07,4.042433421916915,3.6389114727700003,11.08908397927435,221.69338385177122,206.62835159525213,7.290883434054973
1984-08,1994-08,3.8157027172286195,3.656348481650576,4.358289051980813,225.3347287697704,211.03554269217418,6.7757240771776805
1984-09,1994-09,3.7934903869783976,3.6256869512792584,4.628183236832761,224.28267833107387,211.30796881458332,6.14018940661698
1984-10,1994-10,3.7922544105007208,3.5607337034308153,6.502050598359332,220.45424581927077,212.53355997817962,3.7267930024342144
1984-11,1994-11,3.730222971320265,3.4961454647738326,6.695302266594183,216.8058666785959,213.6238046622118,1.4895634039547634
1984-12,1994-12,3.7182266650894538,3.397739420548802,9.432366784880951,211.82964930479207,211.36925616990516,0.2178146165764172
1985-01,1995-01,3.6383785040195646,3.401991410424807,6.9484917825010095,214.18385762355024,211.94384040051412,1.0568918723012244
1985-02,1995-02,3.570612230403175,3.4615732345979286,3.149983791052491,219.56961734630195,214.65668799057974,2.2887380783298994
1985-03,1995-03,3.679474540644739,3.480372437224028,5.720712567747954,222.4941194361131,212.29743461162383,4.803018389338076
1985-04,1995-04,3.7592673373768637,3.504979138527114,7.255055987483239,226.8288246289368,213.46694592364003,6.259460286688356
1985-05,1995-05,3.781658811725238,3.5299696087499415,7.130067135745866,231.51522627008725,218.9880980200122,5.720460775420899
1985-06,1995-06,3.8062680729810308,3.556235576562149,7.030819276055689,235.94654208676076,223.49854346669744,5.569610623399046
1985-07,1995-07,3.8546622712076983,3.593496909912743,7.2677218832309265,241.35332374447722,225.04806224288473,7.245235235127212
1985-08,1995-08,3.947264120348885,3.534685948576975,11.672272382161974,239.66493795274033,224.48163965204523,6.763714985434777
1985-09,1995-09,4.172643884451544,3.5738280177198405,16.755587111708792,245.45904752774612,230.02277138354708,6.710760004912775
1985-10,1995-10,4.148680401061264,3.513562335179349,18.07618608393056,244.43866330471806,233.48668173531797,4.690623674122585
1985-11,1995-11,3.990328414368122,3.506781706700077,13.788902421390482,246.92111437121784,242.162287248299,1.9651396495274254
1985-12,1995-12,3.918126390954705,3.545401594447984,10.512907679919792,252.13718924431222,253.2760726984354,-0.44966089452879165
1986-01,1996-01,3.895207333946544,3.483486197049863,11.819226878101707,249.56524062766061,249.64512205301364,-0.03199799166757611
1986-02,1996-02,3.9028337952376977,3.6017086738089747,8.360618492507598,261.17246276782674,257.35530513887215,1.483224768533442
1986-03,1996-03,3.668200469992875,3.510449265259007,4.493761134651475,257.69018454994006,248.3584216711534,3.7573772678997974
1986-04,1996-04,3.5773504993163336,3.4427445289714265,3.9098448697592714,255.46237724341267,244.34866873910894,4.548299183152027
1986-05,1996-05,3.6436622943083896,3.4580125827503156,5.368682360618204,258.77707160300366,249.25760600849213,3.8191274268225106
1986-06,1996-06,3.5781311667451914,3.436722657784231,4.114632545069297,259.3452019969667,249.30450711407934,4.027482294290352
1986-07,1996-07,3.517188381294352,3.2534656618339204,8.10590142549026,247.78251265424407,234.32897776577144,5.7413022566591865
1986-08,1996-08,3.5445287407716752,3.2759862305385044,8.19730277648414,252.74991396756008,239.1218025456217,5.699234146304288
1986-09,1996-09,3.7073242503969235,3.2565161478113183,13.843263233581382,255.20904302136387,241.29979447024823,5.764301864264798
1986-10,1996-10,3.863533752964024,3.3016443930360526,17.01846998159853,262.8401987246142,251.53183022067319,4.495800191180566
1986-11,1996-11,3.9202364529789255,3.409585931667439,14.976907212359226,273.0449972819353,267.6941526396886,1.9988649693999383
1986-12,1996-12,3.900564924163643,3.4440670672514186,13.25461577833147,273.29548265701203,275.61030583194565,-0.8398899191908615
1987-01,1997-01,3.7756614925480863,3.560485083416573,6.043457677543018,279.1348590919287,280.1636727767244,-0.3672188027088019
1987-02,1997-02,3.701158536264473,3.7265125867410154,-0.6803693771692099,288.3410769134224,286.4160408467461,0.6721118206177268
1987-03,1997-03,3.523856265774704,3.7222567994579583,-5.330114077893445,283.78895030774913,276.45531131274305,2.652739410280258
1987-04,1997-04,3.433216350461577,3.615653314341109,-5.045753782751106,271.62029415531606,263.54376607246115,3.0645870335761494
1987-05,1997-05,3.743162895887244,3.971302768302931,-5.744711137025171,293.9276664250965,286.81430822746563,2.4801266860053017
1987-06,1997-06,3.773143449780422,4.215697669301914,-10.497769390440547,306.64869485530653,296.822289507887,3.310534853602509
1987-07,1997-07,3.8687523393688688,4.483991480232459,-13.720791923353403,321.2268248279242,306.13858769215994,4.928564298119897
1987-08,1997-08,3.6468155454962954,4.536313167923847,-19.60838217072768,319.3869334350769,304.54432176696287,4.873711511676659
1987-09,1997-09,3.805584957502256,4.652852876770153,-18.209643453330948,320.4370597609954,307.28812667059486,4.27902413050143
1987-10,1997-10,4.388353329387279,4.776553007554933,-8.127192926649208,322.7784817739008,311.124099568559,3.745895037222491
1987-11,1997-11,4.946310929743139,4.713034137714085,4.949609640260277,315.63316291206047,305.46521178391345,3.328677288247106
1987-12,1997-12,5.145237817675577,4.7849788561143045,7.528956185478841,319.82008865957005,312.15388812193834,2.4559042284416632
1988-01,1998-01,4.94729024644041,4.730112372235362,4.591389318355965,316.3454305783583,306.0803610183882,3.3537171499067098
1988-02,1998-02,5.094395645683872,4.9688139054269,2.5273987443927615,332.3165009250115,320.6406817243118,3.641402936742333
1988-03,1998-03,5.197021852565818,5.167789226616559,0.5656698574062702,345.5746613054786,327.7920411694269,5.424970073285085
1988-04,1998-04,5.421940787885329,5.292134640534263,2.4528126392861616,352.91838615569145,335.26945902834336,5.264102247337732
1988-05,1998-05,5.530817658834586,5.210121213775482,6.155258810700759,347.6388395205516,332.13913592235025,4.666629710816417
1988-06,1998-06,5.223807241590797,5.119950468314971,2.0284722268027355,343.42417907883765,324.2572945085719,5.911011068945782
1988-07,1998-07,5.47388698952724,5.261814507789756,4.030405887997857,354.26770245776055,332.979973485732,6.393095881768018
1988-08,1998-08,5.181244123011048,4.802420125163775,7.888189453944405,325.3298770498406,305.91263125405175,6.347317440339162
1988-09,1998-09,4.834186188110246,4.456946677538066,8.464079511504519,305.3422794213129,289.67535578945166,5.408442008870318
1988-10,1998-10,4.717139558899666,4.409561102069335,6.975262383505432,305.32433261695405,293.79443147499546,3.924479127828495
1988-11,1998-11,5.342612448970466,4.791768583098112,11.495627476989023,334.62333737375997,325.69595929588127,2.7410159147134294
1988-12,1998-12,5.435279458115849,4.879715880807453,11.385162392210146,343.750116684501,334.49978881915126,2.765421137635138
1989-01,1999-01,5.5158102326660226,5.011930326386523,10.053609556914655,356.35513458844906,343.4856827077335,3.74672148756372
1989-02,1999-02,5.335952911083103,4.919083876099809,8.474525856505966,351.51854588500066,338.75846314569054,3.7667199871025403
1989-03,1999-03,5.500695415713304,4.995773781403173,10.106975543802799,357.2449876246025,338.94585719848493,5.398835842800032
1989-04,1999-04,5.536973307483686,5.126554706991034,8.00573921376413,367.6439419553367,348.30660393599146,5.551814924215126
1989-05,1999-05,5.312710800854091,5.0566452642310376,5.063941076396494,362.6572917161648,346.93281188837284,4.532427977106823
1989-06,1999-06,5.106718162557135,4.964752432236086,2.8594724965391505,356.0631857385508,337.5177439971715,5.494656820630661
1989-07,1999-07,5.192221576522129,5.128777236301097,1.2370266302848432,367.7826113365992,348.1489501575424,5.639442879311352
1989-08,1999-08,4.772263988064399,4.888111036720379,-2.3699758001754834,349.7808880611832,331.4124988657542,5.542455175436678
1989-09,1999-09,4.72202534596542,4.865055094183341,-2.9399409759804596,343.85470690779493,331.03763142638167,3.871788058108927
1989-10,1999-10,4.648562728145593,4.830516372968546,-3.766753505715492,335.72088270884973,327.6660162588726,2.4582550677496373
1989-11,1999-11,5.070697905881781,5.2149634015336055,-2.766375994305137,355.5805266026123,350.90515051294227,1.3323760232175852
1989-12,1999-12,5.074092305837575,5.381209158008787,-5.707208977635325,361.2926739980215,353.1907114548815,2.2939342061873313
1990-01,2000-01,5.182563533298605,5.384294219786266,-3.746650503353599,356.70489698505594,345.07876334136813,3.369124640158372
1990-02,2000-02,5.185064390761627,5.253018425373612,-1.2936188132093185,343.7009731810481,330.12087979382477,4.113672966007087
1990-03,2000-03,5.247241936634242,5.400606838862915,-2.839771655382406,352.80820286043524,330.7417213070563,6.671816747574066
1990-04,2000-04,5.311429254703801,5.416825879692312,-1.9457266548596919,353.43788212063856,331.18883743568324,6.717933145701527
1990-05,2000-05,4.969141955210301,5.195838696045626,-4.3630442378408745,339.1301532962666,320.6476611538464,5.764112570137336
1990-06,2000-06,4.968702070076972,5.307714603324727,-6.387165825295105,345.67680969950305,325.47891624847534,6.205591957793155
1990-07,2000-07,5.002352689214557,5.311727662037078,-5.824375655281133,344.5252527950897,324.84490869463986,6.058381576467853
1990-08,2000-08,5.480055105575659,5.317973414805689,3.047809346295738,343.6345355070098,323.84776877957967,6.109897499679118
1990-09,2000-09,5.6667857240171715,5.17152237573864,9.576741862357196,335.40658909366044,316.76744859411133,5.884171679342054
1990-10,2000-10,5.498489754135824,4.799922406855103,14.55372166606379,313.415288050743,298.4082377692025,5.0290335125223296
1990-11,2000-11,5.2978005694787464,4.650934682776984,13.908298671602326,306.4529862684419,295.1561205522578,3.8274204495732267
1990-12,2000-12,4.897187206761442,4.40198439520297,11.249535825209112,292.0497920682894,280.2610845839365,4.206330501380129
1991-01,2001-01,4.953357123599243,4.343987613531446,14.027883232669014,289.38945188225284,277.5110180611154,4.280346742312591
1991-02,2001-02,4.3433764707572315,4.149090772628892,4.682609004604621,279.2667326517688,265.08709061925003,5.349050381666931
1991-03,2001-03,3.8322983547778153,3.719361642039278,3.0364541985386406,250.80521874656202,236.69509957903352,5.9613059977260185
1991-04,2001-04,3.7644198569239093,3.6961310847625874,1.847574412142583,249.0215758931788,236.8555495694183,5.136475098800619
1991-05,2001-05,4.030563199216231,3.9147514591487864,2.9583420882772105,263.1305063056213,253.21474775314758,3.9159482772860965
1991-06,2001-06,3.9206486581866478,3.778992869392531,3.748506379608174,253.82190857664762,241.7427963427986,4.99667928748555
1991-07,2001-07,3.78676361807118,3.642141198571585,3.9708075995602554,244.1658568840122,232.97470846533886,4.803589407791153
1991-08,2001-08,3.612486422204671,3.5293069583483554,2.356821462059555,236.38195160477852,225.65744927482973,4.752558519301231
1991-09,2001-09,3.2159002235273024,3.1030881352571535,3.6354780577574575,207.42498907149556,198.99857046805002,4.234411625986234
1991-10,2001-10,3.312297876621622,3.170117724636606,4.485011735686073,211.69000219955248,205.19542363524744,3.165069887645111
1991-11,2001-11,3.479143528522641,3.301491902924582,5.380949910574917,219.90280060882122,214.4578595125589,2.5389328741031614
1991-12,2001-12,3.497463480811325,3.314365700717927,5.524368661362189,220.5559664832195,212.5726358116783,3.755577777477326
1992-01,2002-01,3.2480321442030835,3.2639242907751833,-0.48690303929584955,217.35488620698519,208.71926500511995,4.137433696718595
1992-02,2002-02,3.1580822377904734,3.1339730084067496,0.7692864398975985,207.8427197489235,199.08712981453456,4.397868381821302
1992-03,2002-03,3.3481257938875073,3.2606667542199186,2.682244039640058,215.8022093285816,204.8929209335955,5.3243852180338225
1992-04,2002-04,3.221967400778332,3.1114417617091106,3.552232294025326,205.90241825463247,195.88258391054106,5.115224714754341
1992-05,2002-05,3.0676707240238823,2.994175744047084,2.4545980683638335,197.88793051701563,190.95345189968123,3.6315021008248127
1992-06,2002-06,2.924935670477448,2.7923606057004866,4.747777364653927,184.18126561912828,176.23200071050334,4.510681871950828
1992-07,2002-07,2.561250554619181,2.4662844014833434,3.8505759140641027,162.60636816326524,155.72680188209281,4.41771499705057
1992-08,2002-08,2.5662202809826686,2.4726197902104854,3.7854785091813614,162.8371208711147,157.4428924795907,3.4261491938883504
1992-09,2002-09,2.4348831099602517,2.3333253212031773,4.352491606472864,153.55843600455123,149.04453042275549,3.028561711719524
1992-10,2002-10,2.430352821906981,2.27854319817831,6.662573869569055,150.00771067985895,147.5947029638915,1.6348877483481017
1992-11,2002-11,2.5218751223125455,2.399734615975118,5.08975057176464,158.38310837109316,156.2933328364216,1.3370855280556038
1992-12,2002-12,2.416733577476,2.351038645584862,2.7942940033976127,155.20005303762483,150.72524353365523,2.968852064233296
1993-01,2003-01,2.407915639593,2.3273359959274713,3.4623124381925274,153.40342388355006,148.91202805522,3.0161403930813124
1993-02,2003-02,2.2152524030330283,2.1581824867319,2.6443508207476984,142.210342160624,137.39787250523827,3.5025794560263446
1993-03,2003-03,2.196984352251563,2.16970315680341,1.257369947709619,142.8041046480184,137.44886173695357,3.896171160233819
1993-04,2003-04,2.344562521205894,2.2738684543758123,3.1089778607921836,149.05471611274362,143.68407679223125,3.7378110646723695
1993-05,2003-05,2.451335386407587,2.3876575490479355,2.6669585588202427,155.51765642381343,150.7680193659589,3.150294789192487
1993-06,2003-06,2.5689281406036684,2.515744959559194,2.1140132207118967,162.8135505506457,155.5393895033667,4.676732415181273
1993-07,2003-07,2.5826912009547716,2.5223746890833154,2.3912590041639037,162.1667767442897,154.32132132346078,5.083844120531267
1993-08,2003-08,2.533769106365904,2.511357522129825,0.892409146789741,160.27874811629627,153.94776343269965,4.11242394331004
1993-09,2003-09,2.5789519338924585,2.5813421871625843,-0.09259730391472099,163.72406891346216,158.31345941502786,3.41765603406472
1993-10,2003-10,2.599018068861409,2.6254732256527302,-1.007633844170852,165.3952610569846,162.29445760854495,1.9106034143931083
1993-11,2003-11,2.6303291246051574,2.6528301487766854,-0.8481894018697034,165.74113917249406,163.144761471275,1.5914563715097918
1993-12,2003-12,2.6871237979229443,2.7309086711954302,-1.603307856257219,169.09998370515103,163.1782713865426,3.6289833617497047
1994-01,2004-01,2.771641989698267,2.8675686935674913,-3.3452277563361,175.63335115429615,169.25202544107793,3.770309806685157
1994-02,2004-02,2.8039043483793393,2.8986723414238553,-3.2693585849708384,175.7096862306209,168.3662572403369,4.3615799927188
1994-03,2004-03,2.7999047739644594,2.8442300567236356,-1.5584281817989099,171.14362045447348,163.2225991822534,4.8528949495379115
1994-04,2004-04,2.924907513764849,2.853507601949479,2.502180536214116,170.94281698686925,163.16493367518092,4.766884119336612
1994-05,2004-05,2.8200809699337483,2.747147052640423,2.654896730891232,164.64503636277192,157.03902302452667,4.84339063740693
1994-06,2004-06,2.86889795347658,2.7873295235901434,2.92640067118346,167.43841749701213,157.74801466257787,6.142963418691494
1994-07,2004-07,2.8193223150778923,2.6835774432050763,5.058354929034281,161.8245345473957,151.81746529150564,6.5915138529519135
1994-08,2004-08,2.697100228983338,2.5975592845123026,3.8320951927657054,157.7477772445354,149.64955157868764,5.411460028057369
1994-09,2004-09,2.749701209094248,2.6258269644120493,4.7175326615604085,160.35505651587025,154.45081218704118,3.8227344001784624
1994-10,2004-10,2.7647711414063445,2.5788506346682643,7.2094329248346245,158.72943370725346,155.36575059573198,2.165009404340301
1994-11,2004-11,2.907488453444784,2.6466147759624357,9.856881320685673,164.41791378776415,161.32759252642904,1.9155565473580438
1994-12,2004-12,3.0177209816223276,2.655977608246294,13.619970750238664,166.90209933351989,159.3852535940038,4.716148809264031
1995-01,2005-01,2.9058282280729646,2.5492747799159092,13.986465914389058,162.62201827754274,154.4123278712579,5.31673249115816
1995-02,2005-02,2.846042166562711,2.5258870262021875,12.674958818007575,163.38023515401284,155.1358083487827,5.314328711714755
1995-03,2005-03,2.768014355086007,2.451960755849147,12.889831066134105,161.0839491969022,153.1414097314501,5.186408744297322
1995-04,2005-04,2.61719061891167,2.3334868141052647,12.157934773468448,155.44181267244568,148.61092295468308,4.5964923586711
1995-05,2005-05,2.566257754310832,2.311333205605572,11.029329223800488,155.84306438076916,149.8282068322817,4.014502793336194
1995-06,2005-06,2.5414624720038295,2.3108783881581494,9.978200714814056,157.60419778215385,149.93664092723714,5.113864634754428
1995-07,2005-07,2.498764454170198,2.305684453552399,8.37408606890322,158.84619423029366,150.70217688450145,5.404047581896454
1995-08,2005-08,2.4937197685598416,2.2797563571677997,9.3853630770375,157.79765287548022,151.97941051464574,3.828309598735946
1995-09,2005-09,2.4110645747684627,2.2487928247276443,7.215949297617996,156.7037756603317,153.2426648150848,2.258581739898191
1995-10,2005-10,2.32657886772391,2.1573237224874635,7.845607197110405,151.18227120823695,151.09376383741127,0.05857777884263893
1995-11,2005-11,2.3630348242483943,2.20376561821913,7.2271390710764605,155.75590585754597,156.13627125136583,-0.24361116784165082
1995-12,2005-12,2.3345956366474256,2.2079604658582093,5.735391224045072,157.66637509050778,152.93434927556848,3.094155000073129
1996-01,2006-01,2.364989442966229,2.2017074967410566,7.416150713337744,158.58702294862766,152.8144753914363,3.777487402554569
1996-02,2006-02,2.232762297764448,2.158205914588545,3.4545537416950767,157.1584311105004,150.6539123391333,4.317523966271075
1996-03,2006-03,2.270498161429192,2.1507086425564417,5.569769726240681,158.20522325391167,152.8033295701955,3.5351937021991464
1996-04,2006-04,2.2841390436202125,2.128823840361423,7.295822242972472,158.1502063194092,152.8450615203198,3.4709298071656125
1996-05,2006-05,2.2140501927287386,2.0793769591234836,6.476614690489968,155.5953492284442,150.76150520001616,3.2062853325953267
1996-06,2006-06,2.126963632965431,1.9820355314582878,7.31208392619036,150.16865142272383,144.0674292623147,4.234976768621412
1996-07,2006-07,2.219433832835566,1.9498014560401784,13.828709377568105,150.07944797388123,143.74722644381083,4.40510866659789
1996-08,2006-08,2.2025482180242575,1.932949271919523,13.94754378820342,152.23557194448057,146.85446316414095,3.6642459918464265
1996-09,2006-09,2.213498555866455,1.9242860429943887,15.029600922637343,154.81931499527334,152.05848567285403,1.8156364705348205
1996-10,2006-10,2.2028067979078503,1.9367598623755333,13.736702246916499,159.12274944997395,159.98235982173878,-0.5373157220100122
1996-11,2006-11,2.1388569983331642,1.922803073560034,11.236404171806846,161.04311939515128,162.798821956034,-1.0784491802753204
1996-12,2006-12,2.1589499898795235,1.921533311908481,12.355584808219566,163.30103286575584,159.9408770528325,2.100873694604921
1997-01,2007-01,2.1053387596075916,1.8903595598381417,11.372397311962024,163.22651282587884,158.43497021057922,3.024296093804968
1997-02,2007-02,2.0495690618151916,1.8809945111142599,8.961990569609469,164.66940039561717,159.28076001015938,3.383108157641934
1997-03,2007-03,2.0114227529316597,1.7945463632551026,12.085304348624803,159.5340254449046,156.12227355761718,2.1853075858700555
1997-04,2007-04,2.1693982111164143,1.8199972790930186,19.19788210878628,165.11004299025078,161.45829976606862,2.2617253058362596
1997-05,2007-05,2.0536933763555187,1.8199910936772716,12.840847600306349,169.4607882732606,164.4162215344546,3.068168512648173
1997-06,2007-06,1.956386802623919,1.780808045832231,9.859499298793551,168.94773282099933,163.68848949669993,3.212958553451273
1997-07,2007-07,1.8609073789751864,1.7539123901238622,6.100361081534311,168.91685558494672,164.21219744720182,2.86498701733624
1997-08,2007-08,1.7765684186287687,1.6476875402107587,7.8219246837009315,160.95791813445513,158.28549799003162,1.6883543839194992
1997-09,2007-09,1.8096405382598748,1.6751916283045345,8.025882393611084,165.0676588568503,165.46780308199462,-0.24182603363992472
1997-10,2007-10,1.833624265346704,1.7105470402298857,7.195196754149347,169.13194901993376,173.07452094856296,-2.277962063405581
1997-11,2007-11,1.7658540556021742,1.6146109724111628,9.367153188929112,160.17155462760968,164.34070355941114,-2.5368936858021107
1997-12,2007-12,1.7418446742983102,1.6051229371582323,8.517835860107702,161.34136351482243,159.96765402415053,0.8587420369773779
1998-01,2008-01,1.6224348588606157,1.470198871981929,10.354788714635731,149.90760487916003,147.15461133348424,1.8708170411574132
1998-02,2008-02,1.500977703635804,1.4142042154900945,6.135852742854264,146.91532689512022,144.08124868502964,1.9670000336310611
1998-03,2008-03,1.3878317768344297,1.3529076090842942,2.5814155760254476,142.5345968874887,142.3565321204704,0.12508366449079933
1998-04,2008-04,1.3990805679624767,1.388614902787189,0.7536765703926473,148.14332630041034,148.51758277966948,-0.25199472833756786
1998-05,2008-05,1.4381249061899757,1.401613822204533,2.604931786989395,151.4936387292717,149.99747984261475,0.9974560160789459
1998-06,2008-06,1.3754532706279108,1.3203862175656913,4.170526193748292,144.60583313868872,142.11359800290742,1.7536922369176144
1998-07,2008-07,1.2365974726055817,1.2205030972483586,1.3186673096945212,135.4298828101972,133.61682155284265,1.3569109310368699
1998-08,2008-08,1.3573119171724808,1.2269168408670383,10.627865879915287,138.01244570665455,138.74194966055592,-0.52579912253371
1998-09,2008-09,1.358036625567139,1.1452776531179185,18.577064860211202,130.94987830353585,132.57815616053756,-1.228164506247953
1998-10,2008-10,1.0699719480246834,0.8928647928085045,19.835831431888895,104.19320514180102,107.31895407928863,-2.9125786440094004
1998-11,2008-11,0.8811779877079895,0.7984339390348795,10.363293019974606,95.13787015339024,100.20956667311698,-5.061090161451942
1998-12,2008-12,0.8434531591305761,0.7817957272199827,7.886642221727591,94.89699295653631,98.17894315922487,-3.34282494502508
1999-01,2009-01,0.7940944466734363,0.760817237218717,4.373876908516072,93.98523996925442,96.1391115001696,-2.240369707297929
1999-02,2009-02,0.7413318389296051,0.701443341336557,5.6866314415421115,87.85256329576063,89.79630784855418,-2.1646152267994823
1999-03,2009-03,0.67927763125687,0.6550236480266038,3.7027645190118585,83.07572373265562,86.64890330344707,-4.123744715242461
1999-04,2009-04,0.731831887654509,0.7281169911378034,0.5102059918833168,93.64378907871435,98.43126785996564,-4.863778436809585
1999-05,2009-05,0.7813027347446685,0.7703328888972498,1.424039659415599,100.13611486452237,102.26678153532862,-2.0834396456196225
1999-06,2009-06,0.808623956914952,0.7878119634063427,2.6417463145167686,103.202850712846,103.28358094223414,-0.07816366227008098
1999-07,2009-07,0.7834791988328965,0.7908432673739596,-0.9311666223720816,104.683780485235,104.29175033134003,0.37589756874294444
1999-08,2009-08,0.8802862791150304,0.8500515180514268,3.556815136676761,113.38533251663405,114.92150567507423,-1.336715133878863
1999-09,2009-09,0.9178641549196044,0.8724901361807014,5.200519393551706,117.61364167915791,118.17076493189053,-0.47145607718942495
1999-10,2009-10,0.9519979510008721,0.8849758607717404,7.573324109731683,120.4892994881187,122.19907792316917,-1.399174579799578
1999-11,2009-11,0.9074173915514563,0.8979075189635279,1.059114929665106,123.02626582516463,126.99214180706463,-3.122930226600351
1999-12,2009-12,0.9022383469588936,0.918266213484338,-1.7454487914378425,125.82310839582651,128.18486082564618,-1.842458161289473
2000-01,2010-01,0.9155575710561343,0.936041330571709,-2.1883392160753967,127.59601831887166,128.68458847431353,-0.845921153689011
2000-02,2010-02,0.9115976872027242,0.9134068551161564,-0.19806813396447964,123.94702956648266,124.92045685963006,-0.7792376986270777
2000-03,2010-03,0.929143971675389,0.9722025335964317,-4.4289703465138945,131.37239186275252,135.4605046253544,-3.017937053983699
2000-04,2010-04,0.9535461255993297,1.0290007448201293,-7.332805112205154,136.78274846439564,142.31624169988018,-3.888167063288317
2000-05,2010-05,0.9236802918832546,0.9848400453026768,-6.210120487192983,128.74857084108677,130.18672800817262,-1.1046880039842222
2000-06,2010-06,0.8636324548917786,0.9575502282118453,-9.808130221581301,124.22923539505835,123.66143941142009,0.45915362649888714
2000-07,2010-07,0.855000764681693,0.9675971629546588,-11.636701985477204,124.13767440328498,123.86216303229868,0.22243384439721847
2000-08,2010-08,0.8543685120117919,0.9903162987479224,-13.727713752465965,125.32560189300314,127.41022089293001,-1.6361473870127763
2000-09,2010-09,0.8928225688865806,1.0409870075184753,-14.233072801272694,129.6695860696408,130.66859654015332,-0.7645375376826191
2000-10,2010-10,0.9850643647318418,1.1180736613828768,-11.896291026704265,135.68445697807894,137.43169392035762,-1.2713493463096026
2000-11,2010-11,1.017472604781713,1.1676083603043426,-12.85840018167529,139.04595291129252,142.1485699864429,-2.1826579581112227
2000-12,2010-12,1.0915084568420583,1.2271190211278649,-11.051133749126041,144.1567574058572,145.16224349697328,-0.6926636478562287
2001-01,2011-01,1.124207491648147,1.281753318657738,-12.291431176052981,149.01800727253072,147.830837494032,0.8030596312806892
2001-02,2011-02,1.1849681508906211,1.3353576010349473,-11.262110615745868,153.5490482818655,152.09421693378684,0.9565329816004997
2001-03,2011-03,1.2888366237444875,1.335575588660634,-3.4995372267187186,151.62225453549547,153.318897877306,-1.106610708334388
2001-04,2011-04,1.3116099318729555,1.365364622965407,-3.937020938458391,154.6587120916486,156.89564316032295,-1.4257445417962034
2001-05,2011-05,1.2353085106503852,1.3792370351660177,-10.435372662271059,155.3286468021603,153.2150079304123,1.379524695588552
2001-06,2011-06,1.2192177691248056,1.3434843209159426,-9.249572165190301,149.3784133691794,146.2452498490835,2.1424036153852244
2001-07,2011-07,1.2914097667777247,1.405260394543402,-8.10174599723702,153.74992317894498,151.3824825292208,1.5638801862475793
2001-08,2011-08,1.1812833309099242,1.28838861379357,-8.313119328824381,137.46611475122432,137.68856656534157,-0.16156157309669128
2001-09,2011-09,1.3205030786576861,1.3043340291442667,1.2396402418502817,136.16992233746922,136.46120409430836,-0.21345389612554833
2001-10,2011-10,1.3184277298185327,1.3647783927784365,-3.3962043365547756,139.91956691943417,139.65315767265403,0.19076492878493667
2001-11,2011-11,1.2772238923474661,1.4160439445086241,-9.803371759718193,142.03651052690205,143.64571194376805,-1.120257190479823
2001-12,2011-12,1.2783760801161013,1.4622665329800477,-12.575713709947545,143.931262684418,144.18178594796686,-0.17375513966741973
2002-01,2012-01,1.343541337448959,1.5606102900597785,-13.909234995657027,150.48843851969045,148.71286743530973,1.1939592820729539
2002-02,2012-02,1.4480440340157492,1.6549469364587892,-12.502086797161315,156.3586385941439,153.8643414791914,1.6211014787268496
2002-03,2012-03,1.41962660849777,1.7389864878004906,-18.364713098297514,160.3695907185686,160.35814767825346,0.007135926973966811
2002-04,2012-04,1.4707906609435686,1.7783231457843907,-17.29339718542404,159.85192087366312,160.99504914065815,-0.7100393913332725
2002-05,2012-05,1.4667132092924982,1.7499640303416413,-16.186093893246756,154.41916544981393,150.61891929509454,2.523086855558887
2002-06,2012-06,1.5410741739606857,1.745240973149749,-11.698487620342203,152.1432820379124,147.34199187597264,3.2586027247285543
2002-07,2012-07,1.7773603504187738,1.7965169335488012,-1.0663179829975666,155.9956185889852,151.28804717971713,3.1116611636052616
2002-08,2012-08,1.8169403675674956,1.8404046321937926,-1.2749514001346163,160.44043991335332,156.13742173928762,2.7559172721903336
2002-09,2012-09,1.9654016930010774,1.8804609251483604,4.517018498856373,164.4088338253519,160.52184076190827,2.421473018870346
2002-10,2012-10,1.9883614750662666,1.8487575766301234,7.551227927385162,163.05293132433272,157.56119292993762,3.485463832986535
2002-11,2012-11,1.8119383389357606,1.7650685352853164,2.6554098446306407,157.43177288231874,154.56387818102408,1.85547537694144
2002-12,2012-12,1.8707657616227549,1.7802183634458573,5.086308513391069,159.99226975217294,157.78873323530712,1.3965106834210594
2003-01,2013-01,1.9549968620726286,1.826160979027004,7.0550123743345905,165.87515764858352,161.2750282946925,2.8523506723467262
2003-02,2013-02,2.1377629579415207,1.8311718080995942,16.74289372989579,168.72819472521832,163.28367259577945,3.334394702719101
2003-03,2013-03,2.1676350904763804,1.8293118265503434,18.494564951456958,172.11255332228203,168.08467617533293,2.39633810684059
2003-04,2013-04,2.088786159894863,1.8080327967027834,15.528112305488872,173.39023441618957,171.3565239334364,1.1868299123196424
2003-05,2013-05,2.074193416145141,1.8490298164284078,12.177391501001322,180.14140734927642,173.6891640971546,3.7148219842388697
2003-06,2013-06,1.9403699469904643,1.8001516447390922,7.789249459130709,177.02483563640186,170.6051881027252,3.762867709398865
2003-07,2013-07,1.991664604911239,1.8350781924022328,8.53295587933638,181.77299154848495,177.23280459251822,2.561708012467112
2003-08,2013-08,2.000034616375513,1.8203122668424712,9.873160380597223,181.1958787903915,177.10297488503844,2.3110305786844476
2003-09,2013-09,1.9618802515261409,1.8243253843692424,7.540040188853592,182.30235768922688,178.75055899560542,1.987014034293888
2003-10,2013-10,1.9635822095957065,1.846060307501945,6.36609224607565,185.13585471744278,179.97081065577714,2.8699343203741012
2003-11,2013-11,2.0149591503569337,1.9031636242399685,5.874194141431799,191.23517945187697,189.06840017329793,1.1460293082254935
2003-12,2013-12,1.9847864254894365,1.9127337655905272,3.766998899434615,193.06813076805807,191.5932549433785,0.7697952754732729
2004-01,2014-01,1.9097564857538127,1.9129141527439657,-0.16507102452159028,193.89744821741738,189.93689678665862,2.08519329196335
2004-02,2014-02,1.886777163964697,1.9021289676340767,-0.8070853202175154,192.69213463433675,188.5668490261929,2.1877045882920942
2004-03,2014-03,1.96896411138933,1.9447456789067326,1.2453264581213652,196.9811263036773,194.40587505762247,1.3246776854308306
2004-04,2014-04,1.954024096144846,1.937545410268362,0.8504928859552008,196.36175538384683,195.0979203405087,0.647795241042215
2004-05,2014-05,2.036177718158963,1.9615456998780956,3.8047555193593263,198.35512446062233,191.8403136666141,3.3959550365049385
2004-06,2014-06,2.042885925018665,2.011529809096626,1.5588193513334403,203.57824544754152,195.73303970842156,4.0081152118246255
2004-07,2014-07,2.1209300356405554,2.030219414209904,4.468020589092481,205.51667236255895,200.27115198725457,2.6192091687964103
2004-08,2014-08,2.1415938426976697,2.003384035148324,6.898817457088957,203.4753154229861,197.97024124357304,2.7807584336071445
2004-09,2014-09,2.1206653227363756,2.01749808908596,5.113622372606863,205.88290951285404,200.6097478649141,2.628567008364291
2004-10,2014-10,2.062437899423341,1.947585068699839,5.8971919927572225,199.29584584674086,192.83809299079297,3.3487952280549793
2004-11,2014-11,2.08079218458396,2.0457296113563985,1.7139397617808028,209.49415825108233,206.6974063694098,1.3530657838416005
2004-12,2014-12,2.038399102970382,2.0474098100251994,-0.4401027586512507,209.6846561888567,208.1023491598197,0.7603503926915334
2005-01,2015-01,2.0433415186315362,2.0146506027397915,1.424113732313037,206.2823991471752,202.3926735499583,1.9218707520342937
2005-02,2015-02,2.0663748419573924,2.056456657461594,0.4822948472952948,210.99299962551459,206.58355406252392,2.134461081861394
2005-03,2015-03,2.0728165791397646,2.045302473630874,1.3452340601753043,209.99410014130135,207.56079997430453,1.1723312722335066
2005-04,2015-04,2.142629474902736,2.048177301795077,4.611523280961993,210.7063007581691,209.63426572754142,0.511383493012052
2005-05,2015-05,2.1350727200527184,2.047524107340981,4.27582817696015,211.56470526437622,203.8327678720288,3.7932749837365387
2005-06,2015-06,2.0803990521407507,2.021742981706002,2.9012624732968284,209.4633342428925,200.7012956049531,4.365711049113519
2005-07,2015-07,2.0418262004917023,2.0115247169065626,1.5063937982198405,208.1669963000928,202.86469403815343,2.613713680973051
2005-08,2015-08,1.9861632286014927,1.956070537467981,1.5384256629346726,202.05515212383165,196.84650039326453,2.64604741265968
2005-09,2015-09,1.8913526742931188,1.8587225296272363,1.7555145615212542,191.96065753448923,187.43285572855714,2.4156926961030223
2005-10,2015-10,2.026164990415163,1.925630183681839,5.220878213546665,199.2704980669735,193.52349930941477,2.9696645513680675
2005-11,2015-11,2.0060986211923124,1.958118786332408,2.450302565646245,204.00909650887547,200.93905809011912,1.527845530847216
2005-12,2015-12,1.9423170046072185,1.9165001504506256,1.3470833357629886,200.7160603259639,199.4112761578554,0.654318147523214
2006-01,2016-01,1.7913434983432655,1.7746545622984098,0.9404047638004176,186.90354642416807,183.92168231425234,1.6212683966324581
2006-02,2016-02,1.7817802552742716,1.7472906987654446,1.9738877184658277,185.04373909690457,182.55236175718525,1.3647467037611438
2006-03,2016-03,1.8673880993568697,1.8374471420425156,1.6294867280411518,195.93829781830107,195.0700393900056,0.44510086275193483
2006-04,2016-04,1.9050380818051622,1.8739735804703224,1.6576808583952163,200.54521125033912,200.39214050483636,0.07638560330616162
2006-05,2016-05,1.9142861011590617,1.8479384711047318,3.5903592620519564,198.984260493807,191.79023392660181,3.7509869089363157
2006-06,2016-06,1.988492949192843,1.8410133823537573,8.010781901570496,200.1338013168386,191.40302143268354,4.561463982545155
2006-07,2016-07,2.0393633184524376,1.8689479242625051,9.118252679896322,205.6620171528106,199.31674060923336,3.183514101315432
2006-08,2016-08,2.0175683911142426,1.8586982800654859,8.547385702813436,207.02627213601684,200.28128712201348,3.3677559750723285
2006-09,2016-09,1.9591160815460062,1.828512517818117,7.1426125036175625,205.05515801589246,199.19878586315747,2.939963779075505
2006-10,2016-10,1.88116789875993,1.79674107358011,4.698886579778283,203.0142790862187,196.6836804250416,3.2186700225948606
2006-11,2016-11,1.8663919195225256,1.7968766395172187,3.8686729225877237,204.51159867921214,201.78927244304342,1.3490936377388962
2006-12,2016-12,1.8992250931674834,1.8562981964507734,2.312500049764954,211.62972997867982,210.84013984077205,0.3744970661203606
2007-01,2017-01,1.9132664752949349,1.8724419970944124,2.1802799907218784,213.70829750371107,210.65185311281638,1.4509458833280586
2007-02,2017-02,1.9317224228179337,1.922131296457585,0.49898393403327024,218.22470028501345,215.62128526573673,1.2074016793231834
2007-03,2017-03,2.0153631228686373,1.9623357831034625,2.70225616949773,221.04040177743036,220.53615748970165,0.22864472359924726
2007-04,2017-04,1.9315111326937269,1.966091129151885,-1.7588196165187364,219.63336242652915,219.1463748937599,0.22222020921192076
2007-05,2017-05,1.899758963175403,2.005218376735513,-5.259248308495835,222.34958813224176,214.45506971284067,3.681199250720435
2007-06,2017-06,1.9268554793494805,2.0474847884363903,-5.891585117906106,225.32945887604436,215.97888131691386,4.329394384356511
2007-07,2017-07,1.9347651782501598,2.082047634091611,-7.073923450637565,226.56514043060577,219.85080425788004,3.0540421243353544
2007-08,2017-08,2.024606373721955,2.114949293601164,-4.271635265797813,226.13529950548394,218.7786721229173,3.3625889174578427
2007-09,2017-09,1.9966766261342308,2.1668545522664013,-7.853684777973424,228.77749606388264,221.08216440723797,3.48075643156347
2007-10,2017-10,1.9916869542107891,2.2584181765759714,-11.810532926615846,233.95351269607625,225.8880416738815,3.570561311005127
2007-11,2017-11,2.125491590847364,2.3866160287418237,-10.941200207731738,236.6075897244188,233.24389434894164,1.4421365175994572
2007-12,2017-12,2.1600205745640837,2.567068970037378,-15.856543015568736,242.21345693578348,239.82848471371125,0.994449105959716
2008-01,2018-01,2.426007062924952,2.811879860404455,-13.722947516825979,252.71261723471002,247.49026721770733,2.1101233901892336
2008-02,2018-02,2.3934062603082427,2.8381560626381166,-15.670378672428287,243.97433799159393,237.36485807721087,2.784523356963442
2008-03,2018-03,2.459552930651331,2.9679869440127753,-17.130601412755265,242.67948283112793,238.78417638222376,1.6313084509707698
2008-04,2018-04,2.3201682616297417,3.058287538869596,-24.135051654190697,237.1491685651934,232.89116137201452,1.828324942902082
2008-05,2018-05,2.3065775935049397,3.2288704081374155,-28.563946459669264,240.39731853241892,229.31326006188954,4.833588108920472
2008-06,2018-06,2.4597747496900983,3.3941980948435497,-27.530017961327104,244.08396946663242,232.0582533847798,5.182197101997743
2008-07,2018-07,2.660394543557083,3.5293059356733387,-24.619894334846904,246.4010599233419,236.22041545753623,4.309807196844839
2008-08,2018-08,2.6692868479604717,3.680913467062103,-27.483031811368676,250.67929502095703,237.92666275774616,5.359900448061783
2008-09,2018-09,2.8524227275687535,3.7923501586874684,-24.784827133263022,253.1326294152689,240.7851706243647,5.127998023668479
2008-10,2018-10,3.436701125535907,3.674675631435037,-6.476068359976472,241.55137211232665,228.3743388896472,5.769927254850971
2008-11,2018-11,3.6823252826612793,3.564820878242416,3.2962218420578004,234.095134555357,219.93383664508772,6.438890043609646
2008-12,2018-12,3.489855927000072,3.3055272598097556,5.576377161715662,218.4890606751495,204.23945792454145,6.976909797651687
2009-01,2019-01,3.5899301941716972,3.294456037971428,8.968829840030534,219.6959332428334,204.57288585587344,7.392498435796879
2009-02,2019-02,4.072324744845685,3.40686737468296,19.532822883211054,229.70613274444645,212.72827866693717,7.98100477468302
2009-03,2019-03,4.4022501749115,3.376386604059883,30.38347473651517,230.9935612999417,214.16643005803633,7.857034941164875
2009-04,2019-04,4.065512068097428,3.3655938048700773,20.796278570948033,236.00850140800716,216.66723982502657,8.92671250097614
2009-05,2019-05,3.7535095040973756,3.2112114291622564,16.887647758422265,229.31990621486557,210.11111157855947,9.142207897521892
2009-06,2019-06,3.700311847066763,3.1878800873666786,16.07437374231271,229.69407652212334,214.07505257262366,7.296050502755813
2009-07,2019-07,3.7936985499082096,3.2575390932396346,16.45903368531374,235.62508732546868,223.96369027585052,5.20682483631838
2009-08,2019-08,3.3989767923312875,3.1090735641432867,9.324424855411362,225.47949414654263,212.85359905384354,5.931727322827762
2009-09,2019-09,3.3806326688056703,3.1787336084269535,6.35155647656267,229.9079319920092,222.03789016346772,3.5444589311974806
2009-10,2019-10,3.3017816268096145,3.1544906386867515,4.6692479069832205,227.49479867275977,219.74745714409013,3.5255659516413074
2009-11,2019-11,3.377596934537244,3.2638743442867866,3.4842821216301445,235.12064922115474,226.19009579482102,3.948251312663431
2009-12,2019-12,3.3857971957513384,3.3128746609941038,2.201186045938508,238.4326413616854,227.73676226410907,4.696597506366662
2010-01,2020-01,3.4523360724926753,3.388031691501971,1.8979864076241082,243.88760569692323,231.87646153560277,5.179975613642118
2010-02,2020-02,3.5598149628826343,3.3516046302765465,6.21225817404687,241.67223227631297,227.75845730214593,6.109004749583868
2010-03,2020-03,2.7245353129778813,2.6714699478028865,1.98637327807627,193.83200624788867,181.05125532627122,7.059189343142269
2010-04,2020-04,2.7305674142684246,2.755068829589384,-0.8893213504437503,200.3538816702541,187.97321591637817,6.586398861944032
2010-05,2020-05,3.072027486614357,2.8887246497166847,6.345458952470606,210.26454126203737,196.52235550378035,6.992683210533102
2010-06,2020-06,3.3921578546211526,3.028892351090442,11.993344808042794,221.68693346138454,207.33489832079914,6.922151194430959
2010-07,2020-07,3.5156232870462336,3.083079915842106,14.029586744785494,226.85997984782608,214.06841491219447,5.975456463709694
2010-08,2020-08,3.690887084883338,3.2024364195079853,15.252470350383952,237.50501663512966,221.28893781357263,7.328011504677412
2010-09,2020-09,3.5480806545576367,3.151784354697079,12.573712388347902,233.28182716523418,222.5655938506698,4.8148651950914
2010-10,2020-10,3.451290738759256,3.1874904212236683,8.276113263873452,234.65636680497755,225.23652423125353,4.182200291837446
2010-11,2020-11,3.5005163748191266,3.2990986603748502,6.105234646768376,241.32522833341554,232.05783332292188,3.9935712911692844
2010-12,2020-12,3.5189114712990803,3.4269696158359015,2.6828908852392086,248.93543399851944,237.7608970405648,4.699905281753769
2011-01,2021-01,3.496159955303954,3.516257905388504,-0.5715721265425633,253.23999430012296,241.3962136471992,4.906365544835545
2011-02,2021-02,3.4737455967229343,3.5937116261665465,-3.338220812435677,256.9256675461598,243.2565345070308,5.619225426700258
2011-03,2021-03,3.5416083190638195,3.6105968538647355,-1.9107238385551617,256.4764840040539,240.8579578993964,6.484538123993033
2011-04,2021-04,3.673218858915965,3.8029536904527967,-3.4114228596190177,269.15854760636745,253.3933889300507,6.221614045609036
2011-05,2021-05,3.676840717013554,3.8136552609052554,-3.587491121555264,268.4444279033134,251.9396884919124,6.551067642496844
2011-06,2021-06,3.885655385760271,3.8756892523377915,0.257144801185194,270.51177642539506,253.97309672218537,6.511980960448316
2011-07,2021-07,3.8843575908540506,3.978879344970183,-2.375587343094987,275.7708116466275,259.1357206084318,6.419451166029022
2011-08,2021-08,4.429935386639147,4.050845943117296,9.35827846442676,278.7820693430427,258.73606716367385,7.747664405321553
2011-09,2021-09,4.461353716108,3.9837902698076997,11.98766536279916,275.05297532277353,256.2990684016424,7.317196678897875
2011-10,2021-10,4.350104506457343,3.92591992660416,10.804718073302478,272.7533336367421,255.50630869267155,6.7501366335402935
2011-11,2021-11,4.477288832350591,4.044925289954252,10.689036543397545,282.1169956648956,266.45833180157916,5.876590068490284
2011-12,2021-12,4.420351556371273,4.0040360263094,10.397397209375224,279.3111800870665,262.2048313315958,6.524040258372366
2012-01,2022-01,4.131989608183433,3.870147585686839,6.7656857186784825,270.16460603966055,253.9396663268974,6.3892892148155855
2012-02,2022-02,3.851688779822829,3.7110897442875683,3.7886185789951066,259.21944858017304,244.32094201296712,6.097924494092366
2012-03,2022-03,3.7102786664300482,3.638421509186646,1.9749541679536131,254.01838019901248,239.40793733313467,6.102739545158631
2012-04,2022-04,3.716063955520987,3.604667295478999,3.0903451251021785,251.54567371413555,238.98028774373205,5.257917332444539
2012-05,2022-05,3.5326812869924553,3.2820956333091176,7.634928462784885,229.18576271500194,216.83285830704799,5.696970701027948
2012-06,2022-06,3.453429781374937,3.1147848396351767,10.872177667958095,218.96463096619271,206.83268752773915,5.865583232256988
2012-07,2022-07,3.3709510453733755,3.0715048963765486,9.749167235581591,217.46484490289563,205.34726811986909,5.901016796558034
2012-08,2022-08,3.470655160376384,3.2090067775529536,8.153562798734626,228.90650759393046,214.0775868271235,6.926890846719935
2012-09,2022-09,3.1236621176392734,2.9278590921677514,6.687583633901983,209.9066019293287,197.15907504145554,6.465604936112035
2012-10,2022-10,3.033630498714569,2.7963318775467982,8.486067876033054,201.31199614414206,191.38359250795614,5.187698436465071
2012-11,2022-11,3.2871646294384016,2.8957560210444337,13.516629355148346,209.76026904036806,200.8392403867863,4.441875320978705
2012-12,2022-12,3.217454954128566,2.8318672210704072,13.61602444455048,207.44599957040438,194.92265958472936,6.424773811497975
2013-01,2023-01,3.1281840302838684,2.808491960903287,11.383050898168134,208.00322005470966,195.94892763785464,6.151752174491776
2013-02,2023-02,3.1530433263760784,2.8418955378905677,10.948600479399184,212.302565571739,201.5236522990618,5.348708774234212
2013-03,2023-03,2.9901000536586615,2.721136744511809,9.884226130469841,204.66685541982582,194.31549737699524,5.327088257272505
2013-04,2023-04,3.0649794427780757,2.7820475716708124,10.169914921237066,210.72410950385557,202.76301565655518,3.9263047166279375
2013-05,2023-05,2.9524847904537816,2.757751743751611,7.06129720136659,210.1464795374851,200.85187134507746,4.627593524602447
2013-06,2023-06,3.1333744999878586,2.8554311864060784,9.733847374960103,218.42933183155986,209.35384302315992,4.334999863076772
2013-07,2023-07,3.152189094851251,2.9159151738616234,8.10290790032564,224.624265869932,213.55656092855105,5.18256376355668
2013-08,2023-08,3.1128340726294312,2.8423707743263322,9.51541230109929,220.19830118784256,207.28479138132337,6.229839497854606
2013-09,2023-09,3.04677345618831,2.772861892967095,9.878298083144577,215.95259754690858,203.975778273955,5.871687008281845
2013-10,2023-10,2.8929643710859523,2.646767303947432,9.301802495872513,207.3582465540875,198.69299826673137,4.361124127647242
2013-11,2023-11,2.9136160747216837,2.735891182809466,6.496051196367891,214.86774658458094,208.23851800088036,3.183478564552855
2013-12,2023-12,3.018462356038562,2.840465933453432,6.266451587705646,223.92027523257758,212.6371408587233,5.306285782572107
2014-01,2024-01,3.076530860552581,2.887667958547219,6.540326128783125,228.30674754612036,216.70157133883802,5.355372430196326
2014-02,2024-02,3.209845275039893,2.9771199528597934,7.817129503181297,235.67190389979743,225.0655304637264,4.712571229462648
2014-03,2024-03,3.227288849618011,3.0349187314790496,6.338559123301835,241.06487358843134,229.23228175008322,5.161834863751169
2014-04,2024-04,3.188255195781287,2.971964765074146,7.277691621681948,236.369695546762,228.42161683099047,3.4795650368118602
2014-05,2024-05,3.2191408487293502,3.0120820134721398,6.874276142917046,240.01647768254077,230.0246944890116,4.343787181513448
2014-06,2024-06,3.23015809039099,3.0849625741127547,4.706556815198781,246.18033823346707,236.69009197255755,4.009566341294013
2014-07,2024-07,3.2582591573981463,3.1334355778847574,3.9836012712171964,249.69462503403759,238.2841887437303,4.788583057258133
2014-08,2024-08,3.240441881697328,3.0825533341355342,5.1220053782482955,244.97514650401257,231.1143285777786,5.997385801014632
2014-09,2024-09,3.2704721854065726,3.150655096178667,3.802926235030557,249.2815428519687,235.6394568027766,5.789389533608591
2014-10,2024-10,3.465241532510187,3.2514271451023147,6.576016557219955,254.73453932456113,244.689597353423,4.105177367483037
2014-11,2024-11,3.359535958464359,3.313775215847692,1.380924765138647,258.46708872946743,249.77348919385759,3.4805933822954493
2014-12,2024-12,3.3874381900445893,3.3520399861127386,1.0560197395765858,259.8098162770982,247.19701102433936,5.102329190993715
2015-01,2025-01,3.4110829125047197,3.332473120605515,2.3589025043635248,256.2823926504827,243.56540618060018,5.221179259115738
2015-02,2025-02,3.3535573644674748,3.379418069278033,-0.7652413605068631,256.5872793423054,244.92294653217883,4.762449976729344
2015-03,2025-03,3.1582903771104323,3.2033543635666533,-1.4067749409417907,239.50745892763842,228.15869791369605,4.9740645952648155
2015-04,2025-04,2.9610437112227337,3.0317785823286245,-2.333114677905057,224.42710809637026,218.06734730972255,2.9164204843629804
2015-05,2025-05,3.1768682519727776,3.281765111706419,-3.1963548932695596,240.96023442643332,232.65865211162378,3.568138231466511
2015-06,2025-06,3.3145327147255266,3.4097109644424815,-2.791387619346719,247.98664388083873,239.32086475083352,3.6209877224986142
2015-07,2025-07,3.4673337088942784,3.5604531409082885,-2.6153814789500296,256.7313558844992,244.83870872508066,4.8573394384187285
2015-08,2025-08,3.6205824938478854,3.6144186702548673,0.1705343004047677,259.00298476014245,243.12496321666276,6.53080676430986
2015-09,2025-09,3.898862479463317,3.6924163378872095,5.591085150875363,263.5814344810535,246.59999206374493,6.886229912334696
2015-10,2025-10,3.8272921818209533,3.742527391452297,2.264907681430839,266.88107678433494,251.91427184290242,5.941229463476394
2015-11,2025-11,3.7247211310393515,3.725448351657389,-0.01952035162999799,264.44982982958174,252.90755767751278,4.563830459660179
2015-12,2025-12,3.8325733557448984,3.772456690499393,1.5935680692346743,266.2697157289501,251.47481230430077,5.883254584855413
2016-01,2026-01,4.144909732918231,3.7840932611722735,9.535084017305117,266.55126154825683,250.72921220525245,6.310413215853017
2016-02,2026-02,4.150571354375613,3.708420083115227,11.922901433781474,262.25187175770014,244.8446460640716,7.109498195469377
2016-03,2026-03,3.770538960279312,3.516607385632806,7.220924794844885,250.29304856200557,233.23902337870982,7.311823268786877
2016-04,2026-04,3.837127752702323,3.6267122883764666,5.801824010143664,258.96275847420713,250.49181582817707,3.381724316231005
2016-05,2026-05,4.104557456274436,3.8209476005383163,7.422500525685383,273.07623659286895,263.2883109558657,3.7175693829582857
2016-06,2026-06,4.0854483055689546,3.790889542405514,7.770175307627869,271.51472458943545,260.93867118766264,4.0530801178820575
