depart,fin,A_tout_d_un_coup,A_dca,A_ecart_pct,B_salaire_immediat,B_salaire_accumule,B_ecart_pct
1934-01,1944-01,1.9343505168199768,1.92281707663722,0.5998199372624358,172.31129514940213,167.4732488889137,2.8888471995294873
1934-02,1944-02,1.7908930193150094,1.9463404854542934,-7.986653275775701,170.96316572589052,163.21825640525321,4.745124406553836
1934-03,1944-03,1.9421492879973614,2.0760913771751146,-6.451647102354663,175.69046166859843,168.90257176721957,4.018819743451796
1934-04,1944-04,1.878828835391018,2.1071353625331586,-10.834924571133142,172.46567217813575,168.9446347212349,2.0841368905918145
1934-05,1944-05,2.1295068006242244,2.21491476849769,-3.8560385748565573,175.3710223277516,174.82374313544108,0.31304626162049765
1934-06,1944-06,2.201565081062322,2.344218982899297,-6.085348803913471,183.20559349536177,183.5674366792113,-0.19711730489644363
1934-07,1944-07,2.371340371042025,2.4331217148628426,-2.5391801586999607,187.50261503524354,185.49294529233944,1.0834211186505405
1934-08,1944-08,2.431813968155281,2.406706088599387,1.0432466047611832,184.1705332155622,172.76621590173576,6.601011230293352
1934-09,1944-09,2.451289407359129,2.3727671643424646,3.3093109259384246,180.50381948039464,168.76399864061062,6.956353804335014
1934-10,1944-10,2.491848531285782,2.453666759546363,1.5561107306388378,184.21568504074997,172.50059423354512,6.791333594679694
1934-11,1944-11,2.4074547367092727,2.4323878530506216,-1.0250469023712072,182.20486873213292,169.71072654477322,7.36202268515036
1934-12,1944-12,2.444148404000484,2.462840311372652,-0.7589573422951745,185.49833479613656,174.2055810290225,6.482429380510313
1935-01,1945-01,2.5167237645444565,2.501143761205534,0.6229151470850569,190.2868945614072,182.5268672248442,4.251443885794548
1935-02,1945-02,2.6809385414319764,2.528857505261214,6.013823865297363,195.82126026030326,184.25775495350476,6.275722457226518
1935-03,1945-03,2.858964824519963,2.4346914906203736,17.426164075986563,194.7554243642025,184.0189894131432,5.834416863878533
1935-04,1945-04,2.7256693601409387,2.362679516759858,15.363482046810951,198.49318021907627,190.0597373600956,4.437259030302831
1935-05,1945-05,2.622399883339823,2.3394361216508055,12.09538311690881,204.95467444684513,203.07806669856922,0.9240819448322668
1935-06,1945-06,2.5724652095209377,2.2714685251534523,13.251193271416838,207.77988223361348,209.3568424192796,-0.7532403371407037
1935-07,1945-07,2.3948030637398623,2.132505893329162,12.29995055259685,202.7152065041951,202.5061747061518,0.10322243178342294
1935-08,1945-08,2.2517852156755733,2.051106942000741,9.78390105194038,202.7468395445954,192.70194930389408,5.212656268910054
1935-09,1945-09,2.356162086489657,2.1048386306212366,11.940271915013412,215.965198149574,206.02271758727647,4.8259146752035464
1935-10,1945-10,2.390952792606808,2.104439470063923,13.614709599330133,224.29624949648735,213.6287259169085,4.9934874318952716
1935-11,1945-11,2.2577716502482317,2.0925381759815957,7.896318268560432,230.94339679714165,218.46505413579195,5.7118254957122305
1935-12,1945-12,2.296585600599159,2.1001883883487653,9.351409299277558,234.33595030391692,225.24804476248897,4.034621277627792
1936-01,1946-01,2.2634673524536097,2.139487104763228,5.794858375839684,243.06497344486473,238.146931703349,2.065129164730095
1936-02,1946-02,2.1471501838222715,2.102232384483978,2.1366714579139856,243.22535846550204,233.74752509642053,4.054731003107692
1936-03,1946-03,2.040402988381793,2.0112725292749407,1.4483596172495838,235.60314091387977,227.86263699454176,3.3970044503274233
1936-04,1946-04,2.1693198666692313,2.114307256296748,2.601921277460817,250.44110542910653,245.21692839766186,2.1304308253028648
1936-05,1946-05,2.2955766758362817,2.0759886146352233,10.577517605492393,250.56311849943472,252.4885164438354,-0.7625685205485344
1936-06,1946-06,2.187533571195432,1.9912552784282733,9.857013055708453,248.42332020244908,252.54575077021062,-1.6323500020051895
1936-07,1946-07,2.006516048460803,1.8853387311804939,6.427349912046543,240.9410466277163,243.13387633170072,-0.9019021689074758
1936-08,1946-08,1.929433100390467,1.8110285183938433,6.537974460039631,236.0427027670504,227.0380485050096,3.9661432615961223
1936-09,1946-09,1.6275187173530241,1.5110152435423827,7.710277861758286,201.20781086303583,194.40883548874396,3.49725636553464
1936-10,1946-10,1.512852994439669,1.448073742402976,4.473477430037254,196.8326119956598,191.18277158771085,2.9552037356864513
1936-11,1946-11,1.4669439358692355,1.4411528746383806,1.7896131413072114,196.30127277848987,189.829822599,3.4090798225947294
1936-12,1946-12,1.5380541589639194,1.5018189480435027,2.4127549441044227,202.48878555788778,198.99614565912492,1.7551294208208779
1937-01,1947-01,1.500271117222615,1.5330572708720442,-2.138612449277877,203.81199391943474,202.98345879728768,0.40817864029722983
1937-02,1947-02,1.514283497311269,1.608481002595446,-5.856302009919901,211.9965452867899,206.8988332089807,2.463867001444231
1937-03,1947-03,1.4552806666257352,1.5631102325322974,-6.898398056794386,203.71898888834596,199.72019544969112,2.002197839658204
1937-04,1947-04,1.4910503097496517,1.564927133359755,-4.720783609361834,196.57465735151027,195.18873178750758,0.7100438387557473
1937-05,1947-05,1.533273544360721,1.6292628326185334,-5.891577855706654,193.427375903911,196.75322494522612,-1.690365706707475
1937-06,1947-06,1.6482803695525936,1.802276854707924,-8.544552117676007,200.47176467911407,204.6327636763178,-2.033398231275163
1937-07,1947-07,1.6532044865589912,2.0336976491363137,-18.70942628757589,213.21013170294137,214.40197615666435,-0.5558924759406558
1937-08,1947-08,1.6046553536119494,2.115814474776194,-24.15897647256213,209.254679456838,200.38935970701246,4.424047146409094
1937-09,1947-09,1.8207710038950675,2.1918739502657885,-16.930852539477492,204.14007047745028,196.6292394927571,3.8197935383714077
1937-10,1947-10,2.1837856660660693,2.3663101450347304,-7.713463907157536,209.49208218097357,200.21105843750658,4.635619938228319
1937-11,1947-11,2.363211590330856,2.420565109806797,-2.3694268434910515,206.80646897565367,193.2800510322901,6.998351806676517
1937-12,1947-12,2.3607910536190677,2.4254040046424454,-2.664007765291998,203.1560698440323,191.740429587984,5.953694940904453
1938-01,1948-01,2.2671523464166503,2.420169364469489,-6.322574787503788,200.0536062951326,192.1511780729226,4.112609821840896
1938-02,1948-02,2.206219639036384,2.2733533119653018,-2.9530681647931267,189.94703269683149,180.08121652183632,5.478537054306742
1938-03,1948-03,2.3927237160500967,2.2669158054888583,5.549739000302578,192.36615373414153,184.01934197263262,4.535833935733913
1938-04,1948-04,2.681242531125851,2.38734555200902,12.310617491862796,206.60965782551682,199.2420566197946,3.69781427210496
1938-05,1948-05,2.7811920597196687,2.389699619619932,16.382495811837682,215.8512772567815,212.65915798390864,1.5010495212787411
1938-06,1948-06,2.8261756791248005,2.3746256258786755,19.015631277837297,223.88991521461523,222.46674687180672,0.6397218293611173
1938-07,1948-07,2.3002267248882995,2.2287937011550674,3.2050083278776453,217.7252968471546,214.22368963660955,1.6345564846188987
1938-08,1948-08,2.2199889782784474,2.1571001177831652,2.915435402224742,211.04666219067693,203.01199947346478,3.957727985562909
1938-09,1948-09,2.2993445793798233,2.1317586013813146,7.861395651924097,208.41159370359446,202.84902012582768,2.7422235386280525
1938-10,1948-10,2.1266069670806274,2.171644286837493,-2.0738810692819465,213.7378260446966,205.6112514683229,3.952397798437457
1938-11,1948-11,2.0096304235439386,2.121803871622876,-5.2867020170502705,201.78805170744067,191.77806630389244,5.219567386651169
1938-12,1948-12,2.0598639775690493,2.1651508670382107,-4.862796910461354,200.48296579149087,192.86921458193703,3.9476238994685664
1939-01,1949-01,2.1181889913592142,2.2306068365225227,-5.039787528785933,202.690659402386,197.6636686545419,2.5432042125201004
1939-02,1949-02,2.0572687977733133,2.1714818455213605,-5.259682367762341,194.8832794503519,186.72108937329304,4.371327365566624
1939-03,1949-03,2.0825458383873534,2.221488281808276,-6.25447563953948,196.7349318235098,190.3458804386549,3.356548284696914
1939-04,1949-04,2.382960342711569,2.212739455143807,7.692766862906564,196.47616979292118,191.1939824672807,2.7627372250297766
1939-05,1949-05,2.2851214171402168,2.1377294912431806,6.894788442635069,194.75109754447294,190.0316064600262,2.4835295414078917
1939-06,1949-06,2.1267884787535714,1.9844567261048263,7.172328364555458,183.97593332000412,181.84626608956438,1.1711360789727898
1939-07,1949-07,2.1975964886372195,2.07222852466808,6.049910155986304,194.30903284309505,190.73292063693,1.8749318126220826
1939-08,1949-08,2.313863386995811,2.1319387853232805,8.533293869642877,201.17227971343775,192.66653466360265,4.414749590366696
1939-09,1949-09,2.122440256978156,2.1411031494998785,-0.8716484549603165,203.60548931621167,196.72954880591385,3.4951234077608584
1939-10,1949-10,2.1593485605753524,2.218010960279298,-2.644820100282941,208.88099271390894,201.70977153020382,3.555217543157707
1939-11,1949-11,2.232934815477209,2.2707846467441937,-1.6668172968869133,211.80316530133,201.86135923251007,4.925066444920079
1939-12,1949-12,2.3517982020898733,2.4087239081006797,-2.3633138617241256,217.43238883501925,209.40783905613196,3.8320197634704067
1940-01,1950-01,2.4172970523907504,2.570513211541168,-5.960527977934649,221.77437080730587,215.87661535892488,2.7320029261044043
1940-02,1950-02,2.4840075352801683,2.7165324167095912,-8.559621081609237,225.92692080085303,215.49779398964418,4.839551541632026
1940-03,1950-03,2.521898684973871,2.82228519374683,-10.643378969584916,227.54025155148648,219.11977620782946,3.8428641583087453
1940-04,1950-04,2.570798965737684,2.9650155179602153,-13.295598280501853,233.68256790607822,226.39383325254562,3.2194934591711633
1940-05,1950-05,3.0826716307144726,3.1290931785954563,-1.4835463577284935,241.20845121523521,234.1949573042639,2.9947245626896324
1940-06,1950-06,3.4267350075245235,3.161790469462777,8.37957292302054,244.31288977073592,235.38101364028108,3.794645962441523
1940-07,1950-07,3.0777306351497713,2.8910079124837993,6.4587413220031475,225.669338092392,213.08972057566086,5.903437051185456
1940-08,1950-08,3.197743016618868,3.0383665371157305,5.245465863194743,238.47913559076875,221.89526092963524,7.473739903977661
1940-09,1950-09,3.178365465384141,3.1632363616495707,0.47827926859946857,246.03563888542658,231.87586216125504,6.106619547283576
1940-10,1950-10,3.2809766865812895,3.3324080381949552,-1.543368969951353,255.42033222778693,242.59995154132787,5.28457677134988
1940-11,1950-11,3.202672452884729,3.3879747947629983,-5.46941323662451,254.14083997444968,238.54483532529466,6.53797623741772
1940-12,1950-12,3.329044525573113,3.462544976757245,-3.8555586159969013,252.47812577268272,241.34652192129784,4.612290975966449
1941-01,1951-01,3.570218024124042,3.7657946019074267,-5.193500932959072,270.2102670617383,260.4061098433091,3.764948996138595
1941-02,1951-02,3.950297637316872,3.9241968551221307,0.6651241810326836,279.1895499797654,262.96837502009464,6.168488875679912
1941-03,1951-03,3.861058258025072,3.8388272457101706,0.579109475159223,273.18387879381237,257.72880498956516,5.996642014800391
1941-04,1951-04,4.038339501837278,3.8726367032795346,4.278810827192192,275.54403145378944,263.19313994346305,4.692710270860223
1941-05,1951-05,4.129370731722581,3.8613471985909764,6.941192266507601,274.23233832362786,262.0190510092413,4.661221108672664
1941-06,1951-06,3.9211666859219543,3.7981834818344797,3.2379479473718,268.01241848575023,253.3749168200126,5.777012914082391
1941-07,1951-07,3.796778986891432,3.9381875986738146,-3.5907027849562567,271.3512084689254,252.66333365630803,7.396354089920321
1941-08,1951-08,3.9819813635992274,4.205134638799088,-5.306685620501073,281.8753353605515,260.4589773101961,8.222545550752658
1941-09,1951-09,4.0714292783660735,4.430707717263242,-8.108827343706782,287.62527057032435,269.11646657765976,6.877618537445929
1941-10,1951-10,4.2167546997476695,4.570318921075404,-7.736095170455637,284.5976009382641,268.8620511924332,5.852648105614744
1941-11,1951-11,4.296501648168644,4.607048333247322,-6.740686500672899,275.00347262324635,254.9181328887825,7.879133393475324
1941-12,1951-12,4.729178117746908,4.8721508683325405,-2.9344893959444174,281.4877040782097,265.09481806775415,6.183782138761296
1942-01,1952-01,4.7856510269739445,5.066763684921585,-5.548169905460886,288.4106128908543,270.9752940217667,6.434283587376455
1942-02,1952-02,4.842308666687897,4.993518468307531,-3.0281214053641925,280.8368946394158,258.38476338404126,8.689417658116149
1942-03,1952-03,5.122972037923018,5.004786594877249,2.361448201742311,279.0744751445934,256.2887146638091,8.890660874659995
1942-04,1952-04,5.317743171756492,4.935042054498436,7.754769119124583,275.51926660531535,254.34468984865126,8.32514992519171
1942-05,1952-05,5.244823139549629,4.788965263870268,9.51892215879122,272.4581438033018,249.993072449793,8.986277552959221
1942-06,1952-06,5.12134562530003,4.771262931961195,7.337317149171141,276.92582669037,252.4482306114431,9.696085419034572
1942-07,1952-07,5.072198036214589,4.795609245398196,5.767542280093063,281.98934618159643,256.04643247391374,10.132112936322901
1942-08,1952-08,5.11521499970173,4.69159126272522,9.029425481759423,280.3642522209575,255.03712191880814,9.930762279466254
1942-09,1952-09,4.976431883598204,4.452957705137766,11.755651257510502,273.18630795632595,252.68398837379394,8.113818257531635
1942-10,1952-10,4.535101707552823,4.185961369580506,8.340744386929355,264.8612620222958,249.37557934894247,6.209783136657809
1942-11,1952-11,4.602451271649171,4.17595434303012,10.213160719319081,270.8981824536169,254.0308520498287,6.639874750520325
1942-12,1952-12,4.759928659973916,4.1834770785416895,13.779245603830837,279.3363199517508,267.43077451781073,4.451823263574006
1943-01,1953-01,4.513449774310286,4.037514287097521,11.787834131849095,278.3014650535906,265.2164655143708,4.933705572858127
1943-02,1953-02,4.207817631311249,3.854256189877542,9.17327297449162,272.6625541221358,256.18628991806236,6.43136063578702
1943-03,1953-03,4.084126077989435,3.811814110956096,7.143894195959,272.03362463009256,257.3543506373006,5.703915226783951
1943-04,1953-04,3.7591512237499667,3.5767069963415565,5.100899447313512,256.9225974908886,244.89466644432065,4.9114712138096595
1943-05,1953-05,3.638143399934624,3.5742535869130565,1.7875008436865514,256.71491229169,243.50536986569782,5.424743788310593
1943-06,1953-06,3.44992460362406,3.477007405759536,-0.7789112583026059,246.18375064183033,231.78483837967784,6.212189012365932
1943-07,1953-07,3.4310366405236903,3.5596756203188993,-3.6137837689739993,248.39818248639742,232.50337576225036,6.836376750245776
1943-08,1953-08,3.626394132815489,3.600684284294177,0.7140267374581066,248.17804855657832,232.0441925656576,6.952923842882042
1943-09,1953-09,3.3908149392490667,3.4365250678819192,-1.3301264425527815,235.46715638435586,220.98567777033543,6.553129940425673
1943-10,1953-10,3.5277525095599738,3.53724881798429,-0.2684659438158432,241.2812563441379,231.16483572866386,4.3762800616216735
1943-11,1953-11,3.7824317505437532,3.6170588544531252,4.572026686461839,245.2278374804883,232.1309198943692,5.6420392389255225
1943-12,1953-12,3.784942500682247,3.6272962664014567,4.346108580680852,246.9067310530704,236.09269626973935,4.580419027861771
1944-01,1954-01,3.761500037922831,3.6609996716949995,2.7451618475917705,251.5092419259506,238.829847631768,5.30896553337501
1944-02,1954-02,3.871599264914769,3.6872798045984023,4.998792337009572,255.41043126556303,239.1074256061475,6.818276604370066
1944-03,1954-03,3.8469183880089504,3.713627392867309,3.589239873597738,259.0658252566221,243.44113337364988,6.418262873838332
1944-04,1954-04,4.071225484808465,3.836218639369179,6.126002387547169,267.6165900587924,254.37715465932223,5.2046479634545895
1944-05,1954-05,4.1594619071916314,3.9336895087328956,5.7394565066082315,276.2396404474023,259.67575337634275,6.378680664518499
1944-06,1954-06,4.004250915262391,3.9260664246718817,1.9914204736626084,276.41486803914984,258.09968552157255,7.0961661501313555
1944-07,1954-07,4.060146648239713,4.061739609165261,-0.03921868654389593,285.6025891199316,267.16097341074766,6.902810494267375
1944-08,1954-08,4.20169313579216,4.117563972106343,2.0431780600310034,289.31243477763894,271.1249039286302,6.7081741977477405
1944-09,1954-09,4.370336965110083,4.156112763731404,5.154436694983877,293.95481257686964,275.5333081969387,6.685763148012613
1944-10,1954-10,4.36325307481589,4.181448815842847,4.347877182765347,298.47917227663595,285.41412499644485,4.577575577366333
1944-11,1954-11,4.5641952707394875,4.272677312734604,6.822840497128624,307.8301986701942,291.3288486893942,5.664166132202464
1944-12,1954-12,4.669137258519949,4.360876862094677,7.068770941567104,319.3549524316745,304.6087169710326,4.841041847809047
1945-01,1955-01,4.614209873992408,4.335064985436633,6.439231926015965,322.53655996026475,305.6306712979223,5.531476468166052
1945-02,1955-02,4.612921113430361,4.409935266590596,4.602921235093271,330.7425813907935,309.56297302799555,6.841777023792361
1945-03,1955-03,4.5783536996646275,4.32894593037913,5.761397192217976,325.7069708061921,307.17905517131436,6.0316337728640645
1945-04,1955-04,4.6187337639199,4.383176262696683,5.374127963503206,334.39842994130333,319.27069600356083,4.738215604219986
1945-05,1955-05,4.4307751419906305,4.262071975824905,3.958243012380702,330.52176364284423,312.03843003448594,5.923415781291919
1945-06,1955-06,4.602411907003718,4.407624684276826,4.419324163914196,347.1934555024689,326.7676884582384,6.25085275126307
1945-07,1955-07,5.039736888129449,4.623226849217119,9.009076398292247,369.86757460664154,348.6434957227724,6.087616474780222
1945-08,1955-08,4.989463747754766,4.4452694916539475,12.242098192754124,364.74475794449705,342.1606966172868,6.600425341216476
1945-09,1955-09,4.879523515021818,4.489421565230126,8.689358843307815,378.1426280791919,354.69589283062163,6.610376867196166
1945-10,1955-10,4.448245491351796,4.189376591536731,6.17917473301457,356.5844131759655,344.6710708342908,3.4564381376243514
1945-11,1955-11,4.596858326952966,4.380406348328675,4.941367567574573,378.09395382301335,363.3052368596423,4.070603851241605
1945-12,1955-12,4.561433454369126,4.352694775710739,4.795619482055313,379.134916404317,367.3871675696206,3.1976481139532886
1946-01,1956-01,4.269106417108288,4.186346476778537,1.9769013575158256,366.6263297763,352.37465647570053,4.044466035990935
1946-02,1956-02,4.284649454340914,4.2119385863272365,1.7263040883291003,366.8275660360458,348.98352875263157,5.113145983477785
1946-03,1956-03,4.719893238704738,4.51723768192907,4.486271722791524,389.76060947420797,372.954176307454,4.506299763995436
1946-04,1956-04,4.486373330929437,4.696021513684855,-4.46437866914523,391.78060951496474,376.5918804870214,4.033206719247584
1946-05,1956-05,4.336744005587359,4.737359568931242,-8.456515861097335,377.2883034073203,360.3218264410696,4.7087008671747865
1946-06,1956-06,4.340261665499147,4.902901677482155,-11.475653582185375,372.9873525446598,354.6385971325828,5.173930745394095
1946-07,1956-07,4.709795278401852,5.3389352015368985,-11.783996234940963,390.90647877733846,371.18957300022794,5.3118156358067825
1946-08,1956-08,4.7739275065056255,5.449121759650151,-12.39088210772289,386.1030592459481,361.54180473271697,6.79347566220978
1946-09,1956-09,5.406201048480431,5.353682668796162,0.9809767020815707,370.5283631857194,345.1768869193343,7.344488355707757
1946-10,1956-10,5.456272927539094,5.277594845167632,3.3855968033443373,362.60910769530943,340.6303595395024,6.452374998376542
1946-11,1956-11,5.417581150997096,5.227640903608346,3.6333836024896815,355.5795988216498,331.0328193938134,7.415210211720535
1946-12,1956-12,5.334004254091626,5.3220265073358695,0.22505988535093113,357.4930636623108,336.6441080740584,6.1931740637105825
1947-01,1957-01,5.186816362669842,5.218481746799305,-0.6067930418437228,346.578943386964,325.6097002106617,6.4399933917004715
1947-02,1957-02,4.775535900646716,4.961145571297981,-3.741266366483653,328.7088335286666,306.5031039279984,7.244862879393432
1947-03,1957-03,5.037827282527116,5.039285087076687,-0.02892879693011663,330.19686323831974,313.3040698369794,5.391820607415054
1947-04,1957-04,5.346988972479391,5.157230472205083,3.6794651954573654,334.78278062288,317.2479161985461,5.527180330905601
1947-05,1957-05,5.645915955995134,5.2996284256445225,6.534185088806432,344.18255627159465,322.06543024697754,6.867277250978621
1947-06,1957-06,5.53866620685474,5.323403935472704,4.043695988343621,346.1718065979534,321.83184017816905,7.562945420909717
1947-07,1957-07,5.311544659835286,5.411912920723286,-1.8545801153538655,349.5722491215332,327.7748895257133,6.650100508724277
1947-08,1957-08,5.114623953289954,5.1605128845209105,-0.8892319863903819,327.29542799267995,306.0495433094549,6.941975620510155
1947-09,1957-09,5.032229045961756,5.022987066658834,0.18399369101043117,311.1014749762537,289.2095708759023,7.569564186292133
1947-10,1957-10,4.596056514476845,4.746259360654637,-3.164657359918799,288.96835870713886,270.202307388708,6.9451854426373805
1947-11,1957-11,4.546176599355238,4.642245489138895,-2.069448718479483,280.2401216852367,261.1293963851369,7.318488674447687
1947-12,1957-12,4.6120755849751545,4.595468808021086,0.3613728576523645,277.57968571967535,261.45105741298346,6.168890065422605
1948-01,1958-01,4.760501000680023,4.599114464986507,3.50907847417512,280.3437313064057,262.35950880081015,6.854801103949937
1948-02,1958-02,5.016937239437981,4.534174756185525,10.647196220081078,278.5207646659332,257.3699198721805,8.21807179497005
1948-03,1958-03,5.041391266006157,4.524757473336326,11.417933352544773,281.1402202490335,262.550689189412,7.080358888797456
1948-04,1958-04,4.701509478657635,4.466599544145782,5.259256671436807,279.5756040323087,261.5011827244544,6.9117933309309265
1948-05,1958-05,4.622286326712807,4.5656854317886735,1.2397020287479465,285.68200828450784,267.3071969391704,6.874042882399034
1948-06,1958-06,4.540323230530863,4.7129968968973035,-3.663776364463911,289.76741802121086,270.7948425196692,7.006254375086041
1948-07,1958-07,4.772995475112461,4.9180435966296505,-2.949305321664719,295.01645194728775,279.8196550780908,5.430925452665525
1948-08,1958-08,5.093075676165752,5.149707015568927,-1.0997002204584438,303.05133692977,284.52917182896056,6.5097596080389675
1948-09,1958-09,5.27860197258091,5.343269448796127,-1.2102604376387327,307.7588320120308,284.55951084854104,8.15271332675216
1948-10,1958-10,5.337992367284019,5.599546186666217,-4.670982445059857,316.7123802716881,293.628273574474,7.861677084498875
1948-11,1958-11,5.811442027897596,5.835144825874591,-0.40620753527642606,322.7681321907752,299.28235495245855,7.847364486973318
1948-12,1958-12,5.94592183641842,5.9630368953134365,-0.2870191681770051,324.8356579198936,300.9958465237474,7.920312413435693
1949-01,1959-01,6.099031191804371,6.270524432973003,-2.734910660212886,333.50337470281096,306.1593412909551,8.9313078923402
1949-02,1959-02,6.228634861906855,6.1969692750929,0.51098505427849,324.25320022806153,293.57673302116706,10.449216084396816
1949-03,1959-03,6.30880283347361,6.299514621572712,0.14744329458480365,327.9802029277843,297.9760495125274,10.069317136173206
1949-04,1959-04,6.404066948727082,6.346043654295962,0.9143223335982054,328.92290470831455,299.8280896803405,9.70383230570333
1949-05,1959-05,6.52863648555403,6.35461491179156,2.7385069933908657,329.23345430164915,300.43072185355516,9.587146171467076
1949-06,1959-06,6.8238471157096825,6.19246410565731,10.195989823752939,321.7454244370326,293.1975162306793,9.736749674200063
1949-07,1959-07,6.69292426526176,6.236473845939038,7.319046477200342,329.28046636854015,302.41979419574,8.88191602809394
1949-08,1959-08,6.404339389772015,6.044396362489934,5.954987159938763,322.5598916604143,297.4724704912706,8.43352701771436
1949-09,1959-09,6.053732251013938,5.675237583963217,6.669230344122523,305.413499767244,279.574854475338,9.24212062647618
1949-10,1959-10,5.878737932865609,5.546786213564523,5.984577492626375,300.89356640367396,278.053946874154,8.21409650403455
1949-11,1959-11,5.804085594511016,5.44675202564157,6.560489025151761,297.99835718977766,277.53465641548877,7.3733857380511525
1949-12,1959-12,5.815622331301273,5.479924780233647,6.125951806464625,303.35079166232293,283.07491319445035,7.162725315028062
1950-01,1960-01,5.582417875596105,5.25920738149291,6.145612269266443,294.1150484816081,272.5000992160628,7.932088585555719
1950-02,1960-02,5.248563578796175,5.015455128372219,4.6478025315244365,279.0979346376177,255.4167280787176,9.271595770971475
1950-03,1960-03,5.1215855239360115,4.877701407240743,4.999980448438945,271.901154128915,250.81219138717938,8.40826860333137
1950-04,1960-04,5.032113741966576,4.850121033771491,3.752333332052249,272.0232769437217,251.8297994931715,8.01870052360416
1950-05,1960-05,4.812119761666499,4.709552044261121,2.1778656747272196,266.31879110844096,247.48486999862791,7.610130312175234
1950-06,1960-06,4.8978123242828655,4.812643973521726,1.7696790211310098,272.97698905125236,254.2178018984833,7.3791791970021725
1950-07,1960-07,5.13448236180073,4.639943051543024,10.658305603411367,263.16986717869577,246.329587812214,6.836482582563219
1950-08,1960-08,4.885721835872013,4.527566022066035,7.910559714876175,262.8972572714091,242.12240075084569,8.580311634172855
1950-09,1960-09,4.564365555097292,4.252571782079187,7.331887361244305,251.9644599492136,232.31906729801076,8.456211915659262
1950-10,1960-10,4.2847865868181385,4.0702261953922,5.271461120977428,244.24196473517443,229.00674735815244,6.652737333190917
1950-11,1960-11,4.419021768644331,4.121748416415608,7.212311917068459,249.48911619837017,237.4582448716403,5.066520782730977
1950-12,1960-12,4.52821694155085,4.136620060718614,9.46659047928633,252.6909636551876,239.55106643419546,5.485217584953506
1951-01,1961-01,4.419507401323827,4.269804393414641,3.5060858558315644,262.68343375734406,245.51465770983359,6.992973946102121
1951-02,1961-02,4.421979058954745,4.405966322529456,0.36343301907257874,270.6032247497358,251.6416122693939,7.535165710209557
1951-03,1961-03,4.623312671596901,4.500929446580479,2.7190656167561222,276.25632580150494,259.76646050093285,6.347957803626025
1951-04,1961-04,4.668104296895033,4.544964056314437,2.7093776552427062,280.5911872239218,262.66987754794457,6.822750230545971
1951-05,1961-05,4.697315969751533,4.528871115817326,3.719356316983813,280.42160483650514,263.27022506799193,6.514743459532402
1951-06,1961-06,4.7001568990996905,4.429094387615009,6.120043687545884,273.7351117113259,256.9035587232036,6.551700985293518
1951-07,1961-07,4.590482312126795,4.342676237319383,5.706298633958862,269.96179805500003,253.52324930227405,6.484039944252373
1951-08,1961-08,4.54148082072318,4.412628623942106,2.92007797986773,276.59949191714105,254.85388634383202,8.532577582109656
1951-09,1961-09,4.379789068005242,4.33925090869942,0.9342202181613857,271.58107835212894,251.63871378446564,7.924998609214162
1951-10,1961-10,4.438037721013825,4.365608281470226,1.6590915829765462,271.81000422319767,257.51417197667683,5.551473977834354
1951-11,1961-11,4.75776492489023,4.53905456791646,4.818412153924911,281.18541235380775,270.09596799657913,4.105742280969205
1951-12,1961-12,4.645967166054812,4.534400290530556,2.460454930660805,280.66066048397715,265.7482300237909,5.611488158867983
1952-01,1962-01,4.318381600975858,4.32548865649184,-0.16430641900574416,267.3569786475852,249.91128049601642,6.980756577671521
1952-02,1962-02,4.460236833829762,4.36144826803189,2.2650404115064804,269.0825262003377,251.79610760707618,6.865244565351558
1952-03,1962-03,4.442126250751643,4.313600527107715,2.9795462708296805,266.530141110284,251.2310606303383,6.089645301643953
1952-04,1962-04,4.3024589192418174,4.138782876859629,3.9546902374927306,255.34230483433691,239.2074664809052,6.745123214922599
1952-05,1962-05,3.9749410608417706,3.808555137937252,4.368741343590865,233.93264720440257,219.80473738720391,6.427481948358182
1952-06,1962-06,3.4105399241543117,3.3276073327976645,2.4922589435130815,204.6011260886002,192.61209816380313,6.224441786933466
1952-07,1962-07,3.3891438682018196,3.3652504374534984,0.7100045358407803,207.68684993733936,197.67412641569933,5.065267621612635
1952-08,1962-08,3.461155838403812,3.426861433538762,1.0007525991395427,211.5059256376389,197.24577676305728,7.229634574996102
1952-09,1962-09,3.479225921056945,3.376372818940648,3.0462602215997947,207.8064093492966,194.43910764737848,6.874800992277819
1952-10,1962-10,3.4354246307674168,3.239501420364187,6.047943340034223,199.46729606846154,190.62970239811787,4.6360003499805735
1952-11,1962-11,3.5527569667098673,3.4459238181914293,3.1002759827264192,211.22472864858952,204.2616297778345,3.4089118344588165
1952-12,1962-12,3.5568870988299155,3.593162289749339,-1.0095617173460414,218.32530947912167,207.67003832485528,5.130865887162073
1953-01,1963-01,3.668139616344912,3.778163601170269,-2.912102186132892,224.7176306883099,211.30123242954923,6.349417892408127
1953-02,1963-02,3.7557477812714675,3.868546598095637,-2.9157931529039005,225.59426523371553,211.79578469788305,6.5149929945562235
1953-03,1963-03,3.7161457395827524,3.88361759428365,-4.312264290577983,222.59906971296877,209.6392894749722,6.181942454801037
1953-04,1963-04,4.083842052626603,4.131881569677074,-1.162654743132574,230.83372920639263,215.70028071658865,7.01596142551526
1953-05,1963-05,4.135099187975565,4.225564345509748,-2.1409011941875833,232.92342711448183,215.15266493374972,8.259605887849041
1953-06,1963-06,4.277006220689594,4.2227354069570024,1.2852051692175515,230.29066910532086,213.091666927906,8.071175389150099
1953-07,1963-07,4.145431365262705,4.125157092234857,0.4914788109769752,224.24070550936796,208.649687127138,7.472342085387251
1953-08,1963-08,4.233052784703666,4.195938849623451,0.88452039961322,227.79788018625882,208.08662539503678,9.47261975814242
1953-09,1963-09,4.542095829238852,4.250607823418509,6.857560563795229,231.06375080186535,212.07929833376636,8.951582081444664
1953-10,1963-10,4.409689386927512,4.157938226209309,6.054711422389714,228.665074913648,212.8692296343233,7.420445550754118
1953-11,1963-11,4.280220262047526,4.02946973698829,6.222916200548312,224.57081591385037,213.9405900292199,4.968774687953603
1953-12,1963-12,4.303584000413384,3.9995520471687906,7.601650126288817,226.59279389518122,213.18748459662177,6.288037650954981
1954-01,1964-01,4.316363069968841,4.00924070774841,7.660362263280307,230.7293411387679,214.95626396501623,7.3378076464515996
1954-02,1964-02,4.266053704849769,3.9389848772835436,8.303378605296485,230.78260926257704,215.87831000736034,6.904028132658868
1954-03,1964-03,4.24477362892125,3.8931918046100127,9.030683355875802,232.23259735305646,219.228423274944,5.931792002081493
1954-04,1964-04,4.1328696887059495,3.832131378473366,7.84780793064539,232.86886463450406,218.8148923335462,6.42276773353021
1954-05,1964-05,4.00627906275819,3.7661883194962966,6.374900108394055,232.54359114464302,217.09032202671273,7.118359295643217
1954-06,1964-06,3.944136041552515,3.6464330892613868,8.164223640023804,228.73635804856323,215.3564007037288,6.212936927396728
1954-07,1964-07,3.925404235175652,3.6609701783155195,7.2230595711053835,234.74061764487573,222.28429190902324,5.603781368838523
1954-08,1964-08,3.786638910499228,3.5046558255181752,8.045956550936362,228.97857367178992,212.99147074553372,7.505982690431945
1954-09,1964-09,3.7581072209509814,3.455677041059765,8.751691095487013,230.64221510374864,216.0631204550636,6.747609040348546
1954-10,1964-10,3.7308627376289234,3.4237252921762176,8.970855405793387,232.3784054186711,221.0175100565563,5.140269365629746
1954-11,1964-11,3.610349982798942,3.352315090500689,7.697214770456262,231.8037305695029,226.16700365030587,2.492285270716321
1954-12,1964-12,3.388570817231154,3.2260436974249993,5.037970190418761,225.7821261120696,217.68339996095,3.720415131595889
1955-01,1965-01,3.4102058864094262,3.2364343235497173,5.369228771159373,229.69870934840168,219.90317152937104,4.454477737135454
1955-02,1965-02,3.3204466082456237,3.163325679433765,4.966953919205164,229.5083690281094,219.98467977370098,4.329251138854517
1955-03,1965-03,3.346194978750982,3.090992894456072,8.2563141685843,227.9539450977636,220.81543932948387,3.2327928653703486
1955-04,1965-04,3.273686864850309,3.0298768192219065,8.04686329429769,229.12624021405844,219.3531999803016,4.455389861937031
1955-05,1965-05,3.333067759244344,3.01630109326517,10.501825122380982,230.787294597952,219.46865712457543,5.157291078220738
1955-06,1965-06,2.998607368427561,2.786278411118288,7.620521928533819,218.1612482605413,208.27305095754826,4.747708480541024
1955-07,1965-07,2.7884887314681803,2.720389648734448,2.503284144071527,216.38858770553512,209.57212541248063,3.25256151295803
1955-08,1965-08,2.8560665321835867,2.754601328826488,3.68348052022196,219.1500899018821,209.48061810731028,4.615926705743467
1955-09,1965-09,2.8227706034749853,2.8232846540146967,-0.018207534935610337,225.11165048711544,215.39119437224406,4.512931061644165
1955-10,1965-10,3.036746789599002,2.8534178139041506,6.4248906977984355,228.86818731714672,222.75819553600888,2.742880802403591
1955-11,1965-11,2.8668622249738385,2.8127814165872462,1.9226808051159727,229.27622626909098,226.49311933545096,1.2287821112649588
1955-12,1965-12,2.8258517492211888,2.781806322145457,1.5833390960791949,226.93225269976713,222.5566298556139,1.9660716676883405
1956-01,1966-01,2.952196802000902,2.818850286584793,4.730528472928097,229.56861039560283,223.02700634758196,2.9330995179238206
1956-02,1966-02,2.9117334148316787,2.7520173094714035,5.8036010460614795,226.64077530130186,218.69613117194092,3.632731903754971
1956-03,1966-03,2.6110250355392073,2.5991275938691896,0.4577475033577194,216.05329022447407,210.71572165576964,2.5330661266101506
1956-04,1966-04,2.6582523187505362,2.683145661487136,-0.9277671016489797,221.56715247661933,215.29648247074527,2.9125742947175626
1956-05,1966-05,2.598840825134685,2.5570985125803554,1.6324092462205453,208.90011697096014,200.88261942227038,3.9911355057733466
1956-06,1966-06,2.591022023432899,2.5423613354872163,1.9139957513693462,206.14469204963675,198.11165126876568,4.054804818103874
1956-07,1966-07,2.4506079159175935,2.53421988151303,-3.2993177192468637,204.59526529956494,199.26270631846555,2.676145014600362
1956-08,1966-08,2.3158097089055016,2.4093505857698148,-3.88241036471767,191.42826244814472,185.0214631079983,3.462733043250621
1956-09,1966-09,2.312554494554361,2.367453855976538,-2.3189200196483517,183.9855593718732,178.20440419524897,3.2441146461734682
1956-10,1966-10,2.3217637437368466,2.3711432742605747,-2.082519899145563,181.6406770224522,178.45779982657484,1.7835461375016681
1956-11,1966-11,2.4628684797308895,2.5000973498329344,-1.48909681875119,189.90347837587987,188.94039936329844,0.5097263559444398
1956-12,1966-12,2.436552441357549,2.5008073867091802,-2.5693680246276163,189.78816539557087,186.2403209569885,1.9049819181753413
1957-01,1967-01,2.5853854580399367,2.5861130451789576,-0.028134390349920935,196.13301489108986,190.69619916956634,2.851035178047323
1957-02,1967-02,2.793484590882647,2.646028646079966,5.572726698221286,201.80621031805447,193.37429375522152,4.360412337694841
1957-03,1967-03,2.82138099742975,2.682836775328628,5.164094341302272,205.28244440523233,197.07471182035502,4.164782233632858
1957-04,1967-04,2.8034715226513836,2.728602736189266,2.7438507434276893,207.51496404119817,198.73829552775555,4.416193914784228
1957-05,1967-05,2.746882430864769,2.820265598219109,-2.6019949114253094,209.94437888065335,199.46906873750174,5.251596254724067
1957-06,1967-06,2.6675100678299906,2.855149951100194,-6.571979982974241,206.13253586110298,196.7885308286619,4.748246756604257
1957-07,1967-07,2.6588851782007987,2.983333215640965,-10.875353639317131,208.54006429774188,202.70673931447996,2.8777163517055504
1957-08,1967-08,2.856784119944874,3.108327386180204,-8.092560241681923,210.71313525931748,203.6420353045828,3.4723184455304645
1957-09,1967-09,3.0168068239584067,3.200387349820059,-5.736197084767691,212.31187125382453,203.8447807748455,4.153695005971847
1957-10,1967-10,3.2089015658266655,3.2116517161372897,-0.08563040309774728,210.4999234148028,204.07036782190858,3.150656149404929
1957-11,1967-11,3.1735023275451364,3.0916692563070987,2.646889574979472,202.28862882266412,197.10939066542568,2.6275958439898606
1957-12,1967-12,3.2618117293453532,3.1319295163213687,4.147034993831489,206.34217824050637,197.99191120659563,4.217478877305059
1958-01,1968-01,3.187095678669678,3.064777297878007,3.991101763784344,204.04646018933786,193.95759359740345,5.2015837095173545
1958-02,1968-02,3.0302221533413958,2.870302035919042,5.571543183299488,193.26802266044038,181.84232309224979,6.283300484670051
1958-03,1968-03,2.912587300752394,2.749501258549462,5.93147727049852,188.2577220180213,178.3932250154541,5.5296365664742275
1958-04,1968-04,3.1079981047918355,2.878777360805799,7.962433882760389,200.6247152587974,190.79205958954108,5.153597948682842
1958-05,1968-05,3.0780944099161407,2.8558125761440616,7.783488161264618,203.59647055050453,191.4527527196084,6.34293195495661
1958-06,1968-06,3.0843619222182723,2.8455377459002427,8.392936507769733,207.44669933773537,197.3925778421191,5.093464812875537
1958-07,1968-07,2.9939672923167344,2.7580048328204994,8.555549166856458,205.46507477789922,200.42380475574674,2.515305019928249
1958-08,1968-08,2.821699391953835,2.6143939891660475,7.929386452342424,199.53839269752774,194.65454568956858,2.50898174027121
1958-09,1968-09,2.837188050277468,2.6365557315937047,7.609636931986574,204.6542095292459,199.71794770569022,2.4716165373529053
1958-10,1968-10,2.792551535054854,2.6390627251482712,5.816034929520653,208.33014238251104,205.75631804091825,1.2509090199995354
1958-11,1968-11,2.750917244800299,2.6284561465670713,4.659050461738512,210.2280524740513,209.30318352908108,0.44188001796050536
1958-12,1968-12,2.7272992982197173,2.6117562173995834,4.423961166451251,211.15892127461782,206.82273811109368,2.09656984678106
1959-01,1969-01,2.511741246014809,2.47121997670547,1.639727328659779,201.08713199905998,194.6690453492086,3.2969220341828143
1959-02,1969-02,2.537848983943676,2.4307466348988798,4.406150254703611,199.10091004463715,191.51814848599446,3.959291387571673
1959-03,1969-03,2.4213292389936605,2.346384103379332,3.1940693557542588,193.78373485156854,186.78073185620835,3.749317676274755
1959-04,1969-04,2.4293499692708136,2.387808547568893,1.7397300023997087,196.73882791549275,190.71198917386928,3.1601782183336535
1959-05,1969-05,2.4710760209022657,2.4673222054061137,0.15214127639784358,202.1732661149145,193.05183461157418,4.724861341873754
1959-06,1969-06,2.3625512098946206,2.3444702688595798,0.7712164779908326,190.72624232475985,183.85270076159142,3.738613321803519
1959-07,1969-07,2.171392971717221,2.231094301554655,-2.6758765775087845,181.4013798961704,179.38792436221186,1.122403049768872
1959-08,1969-08,2.1721456289352767,2.2308075565273273,-2.629627437848958,179.71988556940414,178.63441620446258,0.6076485080563243
1959-09,1969-09,2.269847492773057,2.262715728530449,0.31518604624893864,179.67100959341784,178.00694208013914,0.934832930577234
1959-10,1969-10,2.2963347586945724,2.3011109041464723,-0.20755824690125158,180.80371193765203,179.85306980737906,0.5285659740426496
1959-11,1969-11,2.303809252644496,2.3260186124748143,-0.9548229627744931,181.29842149372683,181.3926247651032,-0.051933352581645664
1959-12,1969-12,2.1147358130379788,2.214857974726808,-4.520477738586326,170.9459276843207,167.75318256549053,1.903239670331569
1960-01,1970-01,2.1338800862312612,2.2049051188327926,-3.2212285233901516,168.83134979596892,164.68128018400967,2.520061543924168
1960-02,1970-02,2.142916182820414,2.140243978754441,0.12485511430000429,162.33822395564766,156.72317210886874,3.5827834335042663
1960-03,1970-03,2.2097473509659973,2.1714526745269165,1.7635510498714257,164.43949588340743,158.32309858264142,3.8632374906264033
1960-04,1970-04,2.115510981729096,2.1060720340280428,0.4481778186380625,158.74520069023367,153.17437161292605,3.6369198180131512
1960-05,1970-05,1.890398221509439,1.8751646684483199,0.8123848170478176,139.97722309206188,133.40674474329415,4.9251470466585845
1960-06,1970-06,1.8129903710672581,1.8631044165927553,-2.689814112359079,138.71195241330204,134.60611224468443,3.050262800216763
1960-07,1970-07,1.86339332318975,1.869926240274021,-0.34936763512735114,138.62006743935947,138.95618034514706,-0.24188409968720626
1960-08,1970-08,1.895804265909879,1.9046140389227424,-0.46254899065252264,142.2422363381417,142.706463417759,-0.3253020700669462
1960-09,1970-09,2.0720252451109626,1.9886954298970747,4.190174823210646,150.28186542245174,150.09487309038548,0.12458275770264038
1960-10,1970-10,2.159726623288822,1.9814761533265943,8.995842299841584,152.92191677895863,151.82992924498362,0.7192175741668416
1960-11,1970-11,2.090147515744237,1.9141611713295794,9.193914653091472,152.07347772572894,151.1716500547899,0.5965587268592865
1960-12,1970-12,2.1810488495977114,1.984268873685911,9.917001597987497,161.78875403592073,158.28629381583934,2.212737524928321
1961-01,1971-01,2.1538092482175344,2.010034843573567,7.152831459794795,167.20828651829092,162.37127531048645,2.978982088152682
1961-02,1971-02,2.1491977327128433,2.0555051639162745,4.558128602219602,172.9460311454386,166.9347450987383,3.600979558296724
1961-03,1971-03,2.1374408049607756,2.0779667460848446,2.862127557526506,176.66037092541399,170.47741217743643,3.6268492517602224
1961-04,1971-04,2.153112008344416,2.131890210524546,0.9954451554354815,181.97091152124943,176.27942451695375,3.2286734653755866
1961-05,1971-05,2.1026879929770663,2.091886647883581,0.5163446644880665,178.8140764303368,171.00341167393023,4.567549079839384
1961-06,1971-06,2.0917211709380426,2.031415040040691,2.9686760070528617,174.87488612519513,170.84604824609593,2.3581686087909004
1961-07,1971-07,2.0825956640391463,1.98789216405925,4.764015960831247,172.97812966228472,174.90681328207663,-1.1026921042129323
1961-08,1971-08,1.9751521645833425,1.9352330060062806,2.0627572211287637,169.287197242471,171.3097201525086,-1.1806235561164002
1961-09,1971-09,2.0352652209154964,1.96733546660919,3.4528810901471196,172.4964791479801,174.67166956726112,-1.2453023576576183
1961-10,1971-10,1.9708052919540426,1.9121785041827146,3.0659683519654424,168.26476319609938,168.60643438091927,-0.20264421466145155
1961-11,1971-11,1.7987579457979694,1.8242052465472145,-1.3949801316168076,159.97970780966196,160.65863935707398,-0.42259261632551226
1961-12,1971-12,1.9053983863961559,1.9913217251103459,-4.314889835766178,170.58308461959717,169.64164983368707,0.5549549811812549
1962-01,1972-01,2.0615379236498685,2.1696459200774205,-4.982748356639421,177.18175048856492,173.74240478423073,1.979566075769168
1962-02,1972-02,2.0651116420084596,2.2832064002602506,-9.552126265366612,179.79577718177077,173.47963824855583,3.640853184259818
1962-03,1972-03,2.1119911579649426,2.4069643286842695,-12.25498721373114,183.4127180662199,176.91736257155154,3.6714064692443094
1962-04,1972-04,2.20345194190957,2.5056327366239937,-12.060059333418982,184.59570743038228,178.39659936598156,3.4749025970406633
1962-05,1972-05,2.355587123815055,2.555777454998698,-7.832854570029257,181.96933610420615,172.43730949682032,5.527821464624272
1962-06,1972-06,2.6727553881322357,2.5808051359741295,3.5628514092908903,181.5458858619287,174.2191162582198,4.205491200431455
1962-07,1972-07,2.5889192715711635,2.5106557840872488,3.117252790285119,178.96728744565647,175.00086781152925,2.266514265745778
1962-08,1972-08,2.6080159388110467,2.542664726121524,2.570185994958396,184.0902682772791,181.45636250692007,1.451536740828585
1962-09,1972-09,2.591807071257587,2.4568212440451327,5.494328394450121,180.2738334888464,178.7303457933314,0.8635845741046033
1962-10,1972-10,2.6791325492343177,2.409901680440722,11.171861116938132,179.4310713265199,176.18772529144343,1.8408467614366764
1962-11,1972-11,2.6304660924419325,2.4439318021840992,7.632548915281956,187.0945479726303,183.68854558818074,1.8542268781884808
1962-12,1972-12,2.5723166941926374,2.4294117563076014,5.882285599137527,189.75424797928494,186.56456939064248,1.7096915020148762
1963-01,1973-01,2.4943238354785606,2.4009708434018444,3.8881351822018795,190.04462143750973,185.58368376366843,2.4037337676312553
1963-02,1973-02,2.373505831465908,2.291824376971489,3.564036377096036,182.28165445294,176.1795428143602,3.4635755894823594
1963-03,1973-03,2.3441042557290284,2.227581164368083,5.230924611180243,178.47518220357136,173.4872450754604,2.8751030808872313
1963-04,1973-04,2.1964569789334933,2.1481394994338396,2.2492710325557663,174.24017872473917,170.02055500589384,2.48183151660637
1963-05,1973-05,2.0925078106192587,2.067221400354553,1.2232076477327825,168.59909322981608,162.47318955767838,3.7704089448942435
1963-06,1973-06,2.0464246997239846,2.009750774332667,1.8247996646994835,164.1757253017969,161.01923770606788,1.960317065648387
1963-07,1973-07,2.096831170269854,2.0103563870110817,4.301465343035016,165.10572181756643,164.97319039794732,0.08033512554337374
1963-08,1973-08,2.0018787419328445,1.9395517201052725,3.213475628491569,161.32880374486632,161.68046557783427,-0.2175042184045739
1963-09,1973-09,1.984419561110626,1.9452984332383012,2.0110604729784542,163.52805748914332,165.35860074627615,-1.107014239883164
1963-10,1973-10,2.0581800703470416,1.996739368182827,3.077051674507225,169.43258799337374,169.454096337569,-0.012692726030316681
1963-11,1973-11,1.9230373324746506,1.8277198773820431,5.215101956933177,156.8406242463768,155.86687895534592,0.6247288054762601
1963-12,1973-12,1.7502892740790559,1.6692351707059834,4.855762974296285,145.31162426157243,144.8496362598351,0.31894315627316594
1964-01,1974-01,1.7226816861618892,1.67104510198096,3.0900772288980027,147.02203999325917,146.32332421380428,0.4775149711839122
1964-02,1974-02,1.6555809078865438,1.6029672291762838,3.2822678937295846,142.68411560624048,140.45170153928316,1.5894532016993201
1964-03,1974-03,1.696188108894809,1.6559712060387735,2.42859916340199,148.52836027416944,147.21673921355767,0.8909456000849802
1964-04,1974-04,1.5876099680939524,1.5575666059243185,1.9288653246263499,140.71415826534908,139.44567954519363,0.9096579573441455
1964-05,1974-05,1.5260334222475591,1.4969140887675023,1.9452908953534243,136.33770587087463,133.82883359840204,1.87468739360106
1964-06,1974-06,1.5384074631916036,1.4860950542599953,3.520125363559412,136.43517126084245,136.58743486101804,-0.111477018607542
1964-07,1974-07,1.3118976114725267,1.3043978325230283,0.5749610097858016,120.4805505602943,122.53985180339177,-1.6805155325318122
1964-08,1974-08,1.278189884220439,1.2453395912914529,2.6378582323010713,115.6483762124205,119.44073653968618,-3.175097908078961
1964-09,1974-09,1.1280451455646658,1.107637561779257,1.8424423737153584,103.82128116208746,108.04421146036839,-3.9085206335463307
1964-10,1974-10,1.1325270807742287,1.1238340621980039,0.7735144242934755,106.15837703516262,110.24755023458651,-3.7090830505738137
1964-11,1974-11,1.1639981665033374,1.1563156151784773,0.66439916784089,109.99528814142825,112.89406744696089,-2.5676985257835017
1964-12,1974-12,1.1096090325906918,1.0754373425219435,3.17746917627153,103.14098139964722,105.39397691235425,-2.13768905843702
1965-01,1975-01,1.1723425214041185,1.1629889534618019,0.804269715071193,111.92882213841534,114.30551159717591,-2.079243096462624
1965-02,1975-02,1.2865102239788657,1.288577553682667,-0.1604350237122243,123.83759096999734,123.8787798776385,-0.03324936496940101
1965-03,1975-03,1.3459895426644453,1.3499430115887567,-0.29286191271575834,129.69907095833864,129.07413902899833,0.48416509615447634
1965-04,1975-04,1.3450458428287255,1.3600477492083527,-1.1030426239343027,131.27831500736235,129.74794314340593,1.1794960497099716
1965-05,1975-05,1.4108798963152622,1.4387623492612402,-1.9379470807180055,139.72405936104838,136.5722502435179,2.3077961386083645
1965-06,1975-06,1.520230773278393,1.4693032527313863,3.4661000343076953,143.34748916602874,142.2741780531956,0.7543962843572505
1965-07,1975-07,1.5252039090478546,1.4536428184191326,4.922879934600877,143.44427008800758,143.44378457307639,0.0003384705253406395
1965-08,1975-08,1.3890459927420222,1.3276425305380426,4.624999635940785,132.92008837163266,135.15489617179648,-1.6535159757165907
1965-09,1975-09,1.329374695833544,1.298132289897039,2.4067197295418064,131.40097466833288,135.94212874066358,-3.3405053417942643
1965-10,1975-10,1.3614303102383014,1.3610216596313591,0.03002528314302033,137.5862212458854,142.93584994871588,-3.742678064845084
1965-11,1975-11,1.3744005502617291,1.3852468079328037,-0.7829837693154817,140.02521782529578,143.705416741415,-2.5609326353657313
1965-12,1975-12,1.3610303628378706,1.3796880127906646,-1.3523093467381453,138.0021510261634,141.0721679004367,-2.1762030880818406
1966-01,1976-01,1.4619687102754404,1.5239039951867726,-4.064251101575545,150.77978677035827,154.3852052898612,-2.335339395205449
1966-02,1976-02,1.5296123953625802,1.6054963420973585,-4.726510098157332,156.59873541919566,156.32109627654245,0.1776082366784726
1966-03,1976-03,1.6038058952112586,1.6525084209335357,-2.947187748354352,157.32186474194194,155.74318068841916,1.013645699634913
1966-04,1976-04,1.5692664368575382,1.704742256725632,-7.946997226918507,158.4378406093302,155.0125717583889,2.209671649264755
1966-05,1976-05,1.6456648634949693,1.7426120164857166,-5.563324025864247,157.266518842087,152.70452054812594,2.9874677433162855
1966-06,1976-06,1.6698334488874267,1.7736934712736634,-5.855578997630085,158.03436234453855,155.1051106718401,1.888559093901132
1966-07,1976-07,1.7140329351808983,1.8326344535238615,-6.47164076365101,161.56271979014136,159.65790320363686,1.1930612567766063
1966-08,1976-08,1.8087868579033846,1.8217564859015232,-0.7119298379618777,159.95079511291982,160.62401708261436,-0.4191290828869487
1966-09,1976-09,1.914630959061921,1.8364532121684678,4.256996387135925,163.02555597179136,165.80457761248687,-1.6760825790893108
1966-10,1976-10,1.8657648165744507,1.7335161164763195,7.628928213655728,157.08070624189196,159.90464610439497,-1.766014891561929
1966-11,1976-11,1.765199432739226,1.674397777725866,5.422944071072822,155.65070373694243,157.0593463094121,-0.8968855439488332
1966-12,1976-12,1.8191269871766198,1.694037621824696,7.384096063769019,160.75875650546197,163.09576814393768,-1.4329075886341913
1967-01,1977-01,1.7376341412268823,1.646376106097485,5.542964016023788,159.08629609203666,161.74319786564655,-1.642666775895496
1967-02,1977-02,1.635520228985745,1.5764917124449667,3.7442960260940072,154.60394110942693,154.13436670240668,0.30465263332666304
1967-03,1977-03,1.5927334550169934,1.5506527078144776,2.7137441537006257,153.89092852339732,153.2028436580582,0.4491332203172993
1967-04,1977-04,1.5430513852110284,1.5109286385863663,2.126026723189023,151.47551483128547,149.43703523183123,1.364106023845979
1967-05,1977-05,1.5129877772352647,1.4960426573283967,1.1326628838998598,151.03701268478318,148.33196108860463,1.8236471602790294
1967-06,1977-06,1.5419671629398284,1.506407926507942,2.360531686414946,151.8855895988946,151.10513593102553,0.5164971151115028
1967-07,1977-07,1.5312834858929185,1.5116946588228197,1.2958190303690609,153.29043963614313,153.18068717942697,0.07164901707721327
1967-08,1977-08,1.4722437091450071,1.4716681125646494,0.03911184698801584,149.5898013116286,152.053901756321,-1.6205440414421846
1967-09,1977-09,1.4313174112338887,1.4611294366690784,-2.0403411694416285,147.3708608919481,152.06278493771606,-3.0855176351595404
1967-10,1977-10,1.3985668962947277,1.4433781729643513,-3.104610940429564,143.71723014321415,148.43547640824792,-3.1786513434679087
1967-11,1977-11,1.4542673854251524,1.454059492095599,0.014297443170896429,144.73204176423422,147.9895686273357,-2.2011868088517184
1967-12,1977-12,1.4093204690068577,1.4364763768963176,-1.890452800075526,144.1693773095985,147.32433531044646,-2.1415049958988353
1968-01,1978-01,1.3618199636502284,1.3726901406722805,-0.7918886207435194,138.8916099508538,142.42217658997174,-2.4789444478736766
1968-02,1978-02,1.4085886648272534,1.344399783710542,4.7745381912774665,137.18883569055853,137.961709865326,-0.5602091881304672
1968-03,1978-03,1.4347457518725015,1.3271204257102172,8.109688019057359,137.1491755409727,136.92652112523928,0.16260868523034766
1968-04,1978-04,1.3970385278524218,1.3575414009332571,2.9094602118220347,143.32243114360298,141.30773000130148,1.4257543747132173
1968-05,1978-05,1.4372060385537815,1.4091123492555138,1.9937153565583898,150.79717446877288,148.58714569019224,1.487362024699368
1968-06,1978-06,1.4055817205224113,1.3976323090744927,0.5687770235637046,151.3774438351084,150.83357390417717,0.36057617468956416
1968-07,1978-07,1.4040477437725334,1.380198368313664,1.7279672260450907,150.88254431033315,151.30011664736577,-0.27598943496247585
1968-08,1978-08,1.5366837221121619,1.4740923842291185,4.246093294605524,161.5105065039981,164.70541209406596,-1.939769646575551
1968-09,1978-09,1.4905695314070628,1.4684695024144918,1.5049702398472364,161.62195286719637,166.1317785861239,-2.714607498522381
1968-10,1978-10,1.4108964900105458,1.4297465403284262,-1.3184190194683199,156.6645585237975,161.7834838469142,-3.164059273170583
1968-11,1978-11,1.3107750920248595,1.3547090917070799,-3.243057860256826,147.75928867843328,151.7492590537504,-2.629317863030778
1968-12,1978-12,1.3190306677184298,1.3790565537314265,-4.352677622290379,150.28585828085704,155.06573646895336,-3.0824850782257274
1969-01,1979-01,1.4313143054669952,1.4502065741132826,-1.3027294858209304,156.24903622092017,161.64208797870222,-3.3364155494530756
1969-02,1979-02,1.4196128715432048,1.4497310336116502,-2.077499989319631,154.17644373443773,155.15919495817644,-0.6333825230297352
1969-03,1979-03,1.4812361120050965,1.4992651464760312,-1.2025247510963122,157.36217784196614,157.22827853429408,0.08516235687390239
1969-04,1979-04,1.4835489585370238,1.5452228646271715,-3.9912628464133015,160.70065962212337,157.81725134565713,1.8270551868571738
1969-05,1979-05,1.4061065223784057,1.5275141193963693,-7.948050723481392,157.19026395375653,154.4090761392978,1.801181565227239
1969-06,1979-06,1.5154833721962113,1.5817199119198204,-4.187627608684153,160.58074562145922,160.37976298321678,0.12531670736006806
1969-07,1979-07,1.6045542703727014,1.6227437502593098,-1.120908947189092,162.34697524976582,162.03006555371076,0.19558697021573312
1969-08,1979-08,1.689868575261673,1.7137236923625347,-1.3920048609455393,169.8601646826043,171.60553764735158,-1.0170842903298394
1969-09,1979-09,1.7052465223274944,1.7589096462215257,-3.0509312408007916,171.78371990893888,174.38913620695374,-1.4940244298950578
1969-10,1979-10,1.6262381684533194,1.7137508249466735,-5.106498285483085,165.34916532191812,168.76711825021385,-2.0252481429636537
1969-11,1979-11,1.605040745737216,1.7334401040000897,-7.40719901233271,164.19793259105128,167.4974169617565,-1.9698717929832688
1969-12,1979-12,1.764491339974253,1.8777531497251734,-6.0317731203112235,170.80365214563196,175.60471462199,-2.73401684384893
1970-01,1980-01,1.8338037320487,1.9951591883477073,-8.087347477903961,175.67821460788616,179.816571675699,-2.301432526072411
1970-02,1980-02,1.9776864818016824,2.1370656119363987,-7.457849176203002,182.53688176310845,181.24070746339578,0.7151673141501336
1970-03,1980-03,1.768566223792203,1.978650041665644,-10.617532835497812,165.62880621860754,162.4050619564022,1.9850023289734509
1970-04,1980-04,1.7974635127495415,1.9703283616782339,-8.773403067773645,162.9506049450512,158.65305790059796,2.7087703832004317
1970-05,1980-05,2.1261557999030747,2.0675760308009723,2.8332582806838147,170.32551938519725,165.7017047481806,2.790444820132376
1970-06,1980-06,2.278284459683356,2.1643267605330645,5.265272380692831,180.8170914749251,175.87356404410093,2.8108416735016295
1970-07,1980-07,2.3791336190178956,2.1995204044387138,8.166017201600662,188.4665713316536,182.81452854163325,3.0916814079867683
1970-08,1980-08,2.384929592169289,2.190040755066193,8.898868053129249,193.64990048578576,190.47096027567585,1.66898943834215
1970-09,1980-09,2.3068032054273613,2.1629411092769173,6.651225756143586,197.72285707816076,196.57033706838578,0.5863143071144217
1970-10,1980-10,2.325685739433802,2.1583922283570596,7.750839207018667,202.95031653450738,204.90203366853768,-0.9525123294713222
1970-11,1980-11,2.4280733553883502,2.176748101362916,11.545904363856941,210.93286467836128,213.6927690718179,-1.2915291450638966
1970-12,1980-12,2.23774520401537,2.074623090644239,7.862734879735478,206.90077696754628,211.52410729831044,-2.1857226534675367
1971-01,1981-01,2.1496780948923533,2.0327308747793125,5.75320725257038,205.68870754777083,211.722538779697,-2.8498766672189424
1971-02,1981-02,2.000700481644266,1.9468079100990314,2.7682531628142604,198.2644486997377,198.75303451256903,-0.24582558652730402
1971-03,1981-03,2.0262837581619983,2.0235601035344626,0.1345971697494175,205.4421024731374,204.61481728682904,0.4043134301210838
1971-04,1981-04,1.9798159846898296,2.046464895218142,-3.256782497664501,207.06522753573236,204.94705200883266,1.033523295962513
1971-05,1981-05,1.9696688007414054,2.028187181081396,-2.8852554086644777,202.75713854354976,201.18514986752615,0.7813641698001694
1971-06,1981-06,2.0188292692731453,2.0717493140934993,-2.5543652632272873,203.52265812157646,201.44971600054367,1.0290121833813837
1971-07,1981-07,1.987386096537701,2.0252180016542285,-1.8680411237519068,198.42637037998136,194.88085244967198,1.8193259551884555
1971-08,1981-08,2.034259533629809,2.021186534850921,0.6467982322993171,199.0290830776857,197.9677640068123,0.5361070153001579
1971-09,1981-09,1.820166616708897,1.8241081818858205,-0.2160817662058001,181.56145688827746,181.78367195807664,-0.12224149034156806
1971-10,1981-10,1.8868274249082484,1.826240744029386,3.3175626530588254,183.8678077557705,188.30479259319907,-2.3562782318631292
1971-11,1981-11,2.0331988603504145,1.8421767992298184,10.369366349660858,188.55509444838665,192.72249606654063,-2.1623846220397147
1971-12,1981-12,1.9197188265819989,1.8114532883691457,5.9767226076431035,189.73813279992896,193.94926253363664,-2.171253284851926
1972-01,1982-01,1.7501317228824975,1.6957930775115635,3.204320508883751,179.7511646108951,186.2317803458614,-3.4798656399733674
1972-02,1982-02,1.6815793739247669,1.6497074554088802,1.931973963710254,175.5789543180948,178.12004839851957,-1.4266187906817884
1972-03,1982-03,1.5937152668735044,1.5865881081080624,0.44921291978803346,170.10106265312453,171.8174114854354,-0.9989376614816248
1972-04,1982-04,1.6600185760885655,1.6654923468992715,-0.32865781826597606,178.78206122676684,180.00461142349994,-0.6791771538878999
1972-05,1982-05,1.682565344459162,1.6696739432350418,0.7720909388537756,179.14053928320368,180.1701675063462,-0.5714754209274142
1972-06,1982-06,1.5857359910480149,1.5614403069226264,1.555979054573764,169.05596770868135,169.1710247887689,-0.06801228533740433
1972-07,1982-07,1.597664672263551,1.5408576025313858,3.6867176849333827,168.88274702605207,168.0992181402727,0.4661109637794647
1972-08,1982-08,1.5516523244953853,1.5250512356883108,1.7442750895558135,169.62293722158967,170.65342234270122,-0.6038467362477817
1972-09,1982-09,1.7606695103574383,1.698044770495899,3.6880499825249213,189.52449221999174,192.2205381963174,-1.4025795586796952
1972-10,1982-10,1.9090467744683355,1.8369883438982926,3.922639509901682,205.52954964806662,211.25682420673266,-2.711048308224784
1972-11,1982-11,1.8953414702542128,1.9144617201381782,-0.9987271974592038,213.82911039821298,218.0787190926719,-1.9486581323201246
1972-12,1982-12,1.8776075063074635,1.9608267227179623,-4.244088243307198,215.82094113880308,220.4019310220171,-2.0784708473159386
1973-01,1983-01,1.9322070487970717,2.0738092207518597,-6.828119507707175,223.38319130483146,231.46275083860178,-3.4906521695165393
1973-02,1983-02,2.041242452018441,2.153759598620432,-5.224220320320927,227.19093606780984,229.91899598361164,-1.1865308928176832
1973-03,1983-03,2.1490664637448313,2.268811181457591,-5.277861758237201,234.8934808729279,235.5756312871795,-0.2895674779790802
1973-04,1983-04,2.27643590164353,2.384337462832144,-4.525431608177122,243.55685822671134,242.8151286980842,0.3054708875036338
1973-05,1983-05,2.439824627684274,2.487447916740803,-1.914544169388177,253.00021716827095,251.21265100913524,0.7115748955934142
1973-06,1983-06,2.5329877749865015,2.5472158844370263,-0.5585749342038704,255.9727914631705,251.83533289649782,1.642922190101559
1973-07,1983-07,2.5204135622880575,2.603972737300227,-3.2089112844861267,256.24412441145347,250.35452765640062,2.3525025930971166
1973-08,1983-08,2.5006307589480157,2.5745796364829907,-2.8722699615535308,248.5945804414074,246.4525738790848,0.8691353994028539
1973-09,1983-09,2.532949594256495,2.6992594650766617,-6.161314722497169,255.28476923782026,255.67443159241654,-0.15240567942963468
1973-10,1983-10,2.4457432468496783,2.745350842969807,-10.913271682100412,255.39973940530396,260.10135629237516,-1.8076095234913714
1973-11,1983-11,2.5956688508757106,2.781550126200499,-6.682650568612825,251.0590922268925,254.9553090317258,-1.5281959883990726
1973-12,1983-12,2.781594416996214,2.8300494291506895,-1.712161337373419,249.14756724573346,251.76959501810637,-1.041439405018052
1974-01,1984-01,2.778182889270353,2.892523268344813,-3.9529631559330203,251.26805569290505,256.2620868881589,-1.9487983009493615
1974-02,1984-02,2.702993326421326,2.831433874537225,-4.536236896469681,236.73925104902182,236.2800056768297,0.19436488960486997
1974-03,1984-03,2.5961810554774365,2.939568806997449,-11.681568762826732,236.0797011638568,233.64872328273262,1.040441328747388
1974-04,1984-04,2.7414051600699687,3.1318955411461085,-12.468180242475169,235.67820048404886,233.4957855312517,0.9346699546767923
1974-05,1984-05,2.810537249196899,3.2632586089297937,-13.873290902965463,233.35129402775925,228.86443850252246,1.9604861089798975
1974-06,1984-06,2.7460479276807486,3.3052090431321304,-16.917571873805038,227.2665183512271,220.10223395296453,3.254980319642531
1974-07,1984-07,3.069322207706805,3.4157221498905423,-10.141338404671984,223.47459884789092,215.40541349941054,3.7460457550211324
1974-08,1984-08,3.482955918083683,3.7619995887057844,-7.417429588770874,241.7919343217825,232.90291898145355,3.816618262752125
1974-09,1984-09,3.9248950794501316,3.7654186770271156,4.235290046123796,242.67880982100135,234.43038295502174,3.5184973730824742
1974-10,1984-10,3.8180393975011335,3.610335372951535,5.753039623568146,238.7711786972815,231.2731482112327,3.242067029416007
1974-11,1984-11,3.727674027063755,3.5228099489379625,5.815359928444441,238.9932313251437,233.16801883897412,2.498289651889385
1974-12,1984-12,3.9414852828454294,3.355582730307239,17.460530692519825,234.59976435801985,230.09266998602084,1.9588170158887808
1975-01,1985-01,3.798683940267741,3.3105275510791885,14.745577001146536,242.5456701450189,238.4493448226243,1.7179016891162968
1975-02,1985-02,3.6265677958096774,3.3459959236572026,8.385302270356853,253.6270548420212,247.69651497829108,2.394276667255446
1975-03,1985-03,3.4382060577660964,3.279876141030859,4.8273138962337425,249.8049162722767,246.31202100253947,1.4180774675634833
1975-04,1985-04,3.422540791009383,3.2967371803016627,3.8160036371540196,249.90457109220173,249.48637092043666,0.16762445588598407
1975-05,1985-05,3.294987394181668,3.3516903384581633,-1.6917715704780623,254.2552784242658,251.8754405119211,0.9448471464736041
1975-06,1985-06,3.2827007362846468,3.4257986066941273,-4.177066046143585,258.28995869820056,254.84568126969708,1.3515149290909356
1975-07,1985-07,3.342080794983334,3.5134532731937043,-4.877608007992484,261.76407040345805,257.8904812048329,1.5020287606305693
1975-08,1985-08,3.5272312481091226,3.410040479885815,3.4366386239271796,254.6385928930418,250.24252931057876,1.7567212074519167
1975-09,1985-09,3.4905585176057286,3.246818377046755,7.5070457368999755,247.3627957254741,240.73098166700385,2.75486520785424
1975-10,1985-10,3.3750445972904606,3.1870606578547656,5.898348340888759,248.53667508678035,241.59419155781498,2.873613593191049
1975-11,1985-11,3.519936656832118,3.301653708289056,6.611321714177532,261.9686796940333,257.7655907652729,1.6305857256905254
1975-12,1985-12,3.750608230057712,3.3967141728296593,10.418717596518846,273.18748449339046,269.64104452979615,1.31524485442438
1976-01,1986-01,3.4495799472026296,3.331409594118367,3.547157734458528,272.4741760949676,267.36390764163644,1.9113531435143383
1976-02,1986-02,3.499924516959068,3.468376069458592,0.9096028478077001,285.41288545272755,281.0562246590621,1.5501029372149144
1976-03,1986-03,3.686776851896505,3.6558676589465193,0.8454680484493382,300.4091202716703,299.34689475421067,0.35484768209532724
1976-04,1986-04,3.746766390403266,3.71919060464228,0.7414458868165053,305.8870305122684,308.04513820001716,-0.7005816421447597
1976-05,1986-05,3.7796433264311005,3.725955517721999,1.440913839516944,304.63402916852976,303.79404905475394,0.2764965661405716
1976-06,1986-06,3.8632379956233804,3.8298749783455173,0.8711254927771916,311.3150212054936,308.54645284038907,0.897293856279302
1976-07,1986-07,3.6950289367000186,3.7306179079697004,-0.9539698824061582,302.89212005160215,299.5443421353422,1.1176234851891564
1976-08,1986-08,3.8005783439241108,3.8050531136360988,-0.1176007161621917,307.04866167004235,303.94202428693313,1.0221151189597988
1976-09,1986-09,3.6189693648836005,3.712692794985378,-2.524405742063196,296.7795172806604,289.5104788794756,2.5108032114481427
1976-10,1986-10,3.731525310302732,3.725612407566464,0.15870955132797349,293.8978926661581,287.0130148021337,2.3988033674259723
1976-11,1986-11,3.8773848925676115,3.8622856762260778,0.3909399150475945,301.45483131332634,296.535826623266,1.6588230656896963
1976-12,1986-12,3.799588776294212,3.931940491077802,-3.3660660705297274,303.6816467492083,298.7900289939402,1.6371422338753217
1977-01,1987-01,4.074915991279827,4.216782684560921,-3.3643349419100077,320.9630507801036,314.7516462300424,1.9734303615115856
1977-02,1987-02,4.443336348837393,4.499775341746265,-1.2542624602891572,338.4316805379994,331.89989336744077,1.9679991771878624
1977-03,1987-03,4.640156683943939,4.706738928175062,-1.414615198488156,349.6507923621977,345.44605775444023,1.217189923975459
1977-04,1987-04,4.655854260086037,4.686376314842489,-0.65129329584106,343.05327981775577,342.55852185708494,0.14443020071099877
1977-05,1987-05,4.6607530340196925,4.7226406784491575,-1.3104457578548612,339.98987526353426,335.3774048436645,1.3753074456580805
1977-06,1987-06,4.8268338676537565,4.957106322754241,-2.6279939670146635,351.46451441286297,344.4372321462727,2.0402214426127996
1977-07,1987-07,4.914378200761159,5.1426354186978935,-4.4385261515296985,358.49575152997903,350.58619334703747,2.256095172325301
1977-08,1987-08,5.342456411822972,5.550728825611571,-3.752163370467887,377.47054145868833,370.2358219873151,1.9540841381958662
1977-09,1987-09,5.242023038274014,5.446759078078135,-3.7588598443454857,361.82512084338623,347.29962587388917,4.182410197807562
1977-10,1987-10,4.724309999667549,4.845233904491519,-2.4957289412152917,315.20028157143406,303.0442606928501,4.0113021282078165
1977-11,1987-11,4.1026691625509075,4.239094356367904,-3.218262731332233,273.1584243195224,265.2484697967836,2.982092424057692
1977-12,1987-12,4.051024429417792,4.1436170850951655,-2.234585237386788,266.45593031186894,260.84738305103156,2.150125945384751
1978-01,1988-01,4.3711475587706135,4.273225888705466,2.2915163535811134,274.5947570575484,268.14234616238474,2.4063378975792693
1978-02,1988-02,4.5608605726934375,4.343143781806835,5.01288471725494,280.25567419786205,271.57856887645886,3.195062613850941
1978-03,1988-03,4.695673663499071,4.353244736510521,7.866061931152402,285.6419224927135,278.4137081830179,2.5962135114927953
1978-04,1988-04,4.439620202445743,4.186483359899514,6.046526900618221,279.4563894997635,275.74801034703137,1.344843485204139
1978-05,1988-05,4.115912314852218,4.023986471089597,2.284447137759127,269.9849611386304,265.28239822938093,1.7726629963527918
1978-06,1988-06,4.333592826849658,4.2715042555183835,1.4535528379975737,282.8844915787468,278.83914660512494,1.450780861609302
1978-07,1988-07,4.322951972599614,4.255566163387017,1.5834745983355658,278.6994982799267,273.45770876332995,1.9168556411526705
1978-08,1988-08,3.9585524710418762,4.151159338181091,-4.639833151372342,270.6507779459828,266.27719079366494,1.6424941014594463
1978-09,1988-09,4.018755625968121,4.254736758410387,-5.54631569099543,272.8575924599934,265.06368467465484,2.9403906441974437
1978-10,1988-10,4.2905878804192366,4.4269529381378545,-3.080336737800926,280.1046271594739,271.89776777836045,3.01836217640572
1978-11,1988-11,4.4457039252207045,4.310055837098469,3.147246654084035,271.2291946269336,263.8778347876074,2.7858951644207597
1978-12,1988-12,4.46337086592853,4.354315959255243,2.504524423439869,274.02106739933106,266.1269058019093,2.9663147262899425
1979-01,1989-01,4.434475921292661,4.445618400234334,-0.25063957223782074,280.06662780220597,271.7475670508554,3.0613193124903626
1979-02,1989-02,4.629680889583945,4.55022755711503,1.7461397583221183,285.76733501355324,276.10558812744097,3.4992942198811106
1979-03,1989-03,4.516442109158478,4.456941248097643,1.3350156026003646,281.6906162876449,272.3731329139499,3.420852590713719
1979-04,1989-04,4.566361606107329,4.53485570216252,0.6947498666779017,288.09659881920135,283.17233129684485,1.7389649263417795
1979-05,1989-05,4.845966118476119,4.684019949125661,3.4574184377820227,296.2478772745801,290.13590767394305,2.1065884776681143
1979-06,1989-06,4.8921338847810985,4.794861935057612,2.0286705027371843,302.33572037630313,295.3076759411069,2.3799057754928965
1979-07,1989-07,4.958506353607361,4.865796930907101,1.9053286443455608,306.80462447572626,298.86677156232685,2.6559837588850277
1979-08,1989-08,4.943157495035233,5.014130571031274,-1.415461264732154,317.06126384641857,310.05190812784775,2.260703944992515
1979-09,1989-09,4.890344871171404,4.963190864015647,-1.4677249946681181,314.5582749834523,305.47355980448003,2.973977579200948
1979-10,1989-10,5.0743590598999555,4.9901466587301115,1.68757367125707,311.56220738389464,302.9855808349648,2.8307045257052854
1979-11,1989-11,4.99841773089681,4.89519166634799,2.1087236534260256,301.9207383447211,291.98377811828146,3.4032576365986333
1979-12,1989-12,4.918578631753687,4.976392201829792,-1.1617567050854039,306.0855556676805,294.8345236647581,3.8160497159808404
1980-01,1990-01,4.655519581748804,4.794486251217647,-2.8984684111577064,295.49116138817885,285.962241644237,3.332230048677798
1980-02,1990-02,4.34672963149507,4.588279851118662,-5.264504944368187,284.4668569473541,275.4650346404139,3.267863857455078
1980-03,1990-03,4.89390294550304,4.623813439800862,5.841271695291628,288.73689901072345,281.68921568072534,2.5019357993407043
1980-04,1990-04,4.9611011207447575,4.45882655883307,11.264725265365328,285.4094321350465,277.54652837817656,2.8330038220316434
1980-05,1990-05,4.905080156483688,4.433532163970674,10.635943872135933,292.2947819346252,281.9560188506995,3.6667999236434934
1980-06,1990-06,4.735537624546923,4.3908609890041355,7.849864443578336,297.5388530593923,288.37987572884776,3.176011262018985
1980-07,1990-07,4.518938790120115,4.279441194836217,5.596468893482798,294.3065001829496,287.4990930929847,2.367801239554934
1980-08,1990-08,4.0226514868123635,3.868561781098798,3.9831264028514335,267.9319011009039,264.8051510796714,1.180773866552065
1980-09,1990-09,3.741851946668032,3.67120163484082,1.9244465124639065,253.41249520592132,250.37252112882024,1.2141803994284883
1980-10,1990-10,3.5376076905481515,3.5478965163666962,-0.2899979120327134,244.87209480103746,243.35321752419728,0.6241451386148844
1980-11,1990-11,3.4824740396201936,3.6220855393912603,-3.8544506542639634,249.57099347345167,247.11963063380458,0.9919741435999718
1980-12,1990-12,3.6881129334464355,3.789944500501811,-2.6868880808648354,258.4265040033041,255.06088816798896,1.3195342725766945
1981-01,1991-01,3.6624014332935553,3.7535690982677234,-2.428826074262014,253.9872281092778,249.6914562075101,1.720432075255962
1981-02,1991-02,4.2168534252670895,4.193091690226581,0.5666877043469798,280.4959582892147,274.9121140660989,2.0311379300561594
1981-03,1991-03,4.172259757868792,4.301617213885207,-3.007181940756165,285.72099041777255,278.5672739168651,2.56803909530392
1981-04,1991-04,4.211932281111008,4.477058937898603,-5.9218933783354855,288.9322868061521,281.16807331129155,2.761413628304976
1981-05,1991-05,4.27342292340317,4.532596863383744,-5.718001132513939,285.20988876312043,273.9595248917371,4.1065788370852285
1981-06,1991-06,4.251700836790774,4.577861366837373,-7.1247358517527175,282.91543780038967,271.13885771698534,4.343376003928112
1981-07,1991-07,4.372976138166216,4.636861802633522,-5.6910400977969955,281.84914049890057,272.09900409007713,3.583304702429446
1981-08,1991-08,4.4542936558626005,4.80673034667742,-7.33215024342766,285.9390040469522,277.95190973441817,2.8735525941036677
1981-09,1991-09,4.842779654921018,4.860965870950018,-0.37412762220125906,281.6311142365951,273.4378340470038,2.9963959516234873
1981-10,1991-10,4.769052038220775,4.89851512150318,-2.6429046368377174,278.29132971668975,267.20085074874265,4.150615140958447
1981-11,1991-11,4.628772591326485,4.904890872662132,-5.629448004126203,274.5640660223213,263.88865064252457,4.045424217299187
1981-12,1991-12,4.617459714743573,4.975895075636476,-7.20343486839009,273.4673552356201,264.1718873561798,3.518719562656325
1982-01,1992-01,5.207313632544624,5.424010733728364,-3.9951451393015036,289.707836147738,279.5911301639224,3.6183930362469807
1982-02,1992-02,5.276950287731332,5.423335996220519,-2.699181990405941,283.78739129552514,269.4947209988906,5.303506593249141
1982-03,1992-03,5.370858409377851,5.375712119556206,-0.09028962247992212,276.6829971439375,260.24946681772053,6.3145298728804145
1982-04,1992-04,5.105692230544538,5.2698928258109,-3.115824186445315,273.03186920074234,255.13876356320858,7.0130878537007835
1982-05,1992-05,5.181667218333048,5.235672412309388,-1.0314853513250788,274.4885128266296,256.4462305989236,7.035502992408471
1982-06,1992-06,5.397143435222442,4.994683071355514,8.057775801132138,266.7141363145947,249.00656143447316,7.1112884648950825
1982-07,1992-07,5.486934402376252,4.861121284321685,12.873842915069167,267.33409101681264,248.9783731409213,7.372414577350472
1982-08,1992-08,5.494947278786774,4.6598806839096785,17.920342848273684,265.3236754403408,249.73026778402152,6.244100002249309
1982-09,1992-09,4.920511633749373,4.426078709671453,11.170902202835475,261.8168812484085,247.19764499753745,5.913986863028842
1982-10,1992-10,4.46569858986755,4.199712180489502,6.333443768211877,254.84720786219737,244.42159992749194,4.265420051991398
1982-11,1992-11,4.39119215721821,4.177104693343496,5.125259709575314,258.31168105299304,252.79647206336975,2.181679571952566
1982-12,1992-12,4.474177192473935,4.177620761179117,7.098692012702368,263.25978428564054,260.87919294462466,0.9125263360965752
1983-01,1993-01,4.311304883661997,4.047785707460984,6.510205708649219,260.1579809740529,257.39715587602683,1.0725934747141563
1983-02,1993-02,4.2941704813911885,4.004124110517767,7.24369082645433,261.27699060895054,254.78785312293536,2.5468786704224033
1983-03,1993-03,4.223242445874256,4.006544197640468,5.408607456805425,263.53146579478096,253.8705670457616,3.8054426164644495
1983-04,1993-04,3.9987237782796976,3.8769753947867778,3.1402929112377187,256.81619126976483,245.7645559665991,4.496838553346039
1983-05,1993-05,3.8570565575794142,3.8533196444101447,0.09697905998249379,255.65758398176416,245.46169662644118,4.153759016356728
1983-06,1993-06,3.8233743006773837,3.869253352699569,-1.1857339863820426,254.9883425819789,245.10641742195682,4.031687649781168
1983-07,1993-07,3.7987683206691245,3.8654933219646255,-1.7261703937335504,252.31879832935357,240.66044456074445,4.844316559743778
1983-08,1993-08,3.961030130433235,3.920757113536718,1.0271744902909496,253.9177352332631,243.42288353104865,4.311366109043657
1983-09,1993-09,3.885889168518817,3.9816591628585165,-2.405278564098501,254.3570976308126,241.333844451265,5.396364197967896
1983-10,1993-10,3.9087779395527718,4.058783200939702,-3.695818523940886,254.5951594340675,245.9360280618963,3.520887704176423
1983-11,1993-11,3.95416166011439,4.087384535877589,-3.2593673189741823,251.70627479189528,247.956152532619,1.512413473500307
1983-12,1993-12,3.994313790271577,4.14606806913871,-3.66019747714027,250.9598873289258,249.37447341051123,0.635756297239265
1984-01,1994-01,4.000574030957828,4.254290280991173,-5.96377382067671,252.27187884269202,249.20888210257345,1.2290881104542128
1984-02,1994-02,4.212882990438588,4.3042966363461135,-2.1237766267226066,249.08450987583768,241.85448440659604,2.98941137559674
1984-03,1994-03,4.1345759830543,4.197363305255713,-1.4958753301815508,242.372743324978,228.98836752716528,5.845002496131113
1984-04,1994-04,3.9759921730154724,4.006910879702425,-0.7716344988748292,231.23421643264547,216.81921756414818,6.6483953915351
1984-05,1994-05,4.028181746086672,4.004834364951156,0.5829799439358352,230.67559418390036,217.5915961711329,6.013098962919994
1984-06,1994-06,4.14944873760341,3.993797765302054,3.8973173267220718,230.1717793976476,217.14140806658992,6.000868948524873
1984-07,1994-07,4.1657316772717685,3.908716748783384,6.575429866295179,225.8456159654746,210.14409889947325,7.471785859431868
1984-08,1994-08,3.932085459721375,3.9246698360144334,0.18894898212564737,229.5442852405075,214.62145838285653,6.953091722557669
1984-09,1994-09,3.9091956312216163,3.876621569819375,0.840269312223807,228.46548899577775,214.90377368696437,6.310598960708713
1984-10,1994-10,3.907921956227365,3.7932440263323164,3.0232151978350386,224.55856404856567,216.1661722788629,3.8823797827516993
1984-11,1994-11,3.8439984962193963,3.7073871067782527,3.684842869291294,220.83411348327928,217.27784190803857,1.636739183347502
1984-12,1994-12,3.8316362906713715,3.5921008521114492,6.6683940240464645,215.75706512257437,214.9732599588157,0.3646058881503933
1985-01,1995-01,3.7493526809680344,3.5827438292415925,4.650314386605481,218.14499189359037,215.54484245927887,1.2063148459712014
1985-02,1995-02,3.6795194683481474,3.634486682895826,1.239041146147235,223.62180045083025,218.29543242234706,2.439981436798
1985-03,1995-03,3.7917021877407717,3.686950638086894,2.8411432627216238,226.59397829492292,215.87419123019967,4.965756676902666
1985-04,1995-04,3.873928744438766,3.77396993450476,2.6486382156916566,231.00152917880922,217.03464654031055,6.435323972988138
1985-05,1995-05,3.8970031811105295,3.86596549599858,0.8028443384731299,235.76713823036746,222.6391382461032,5.8965373688038225
1985-06,1995-06,3.922363049404637,3.9327316694284282,-0.26364931287818916,240.2737050123231,227.237554290059,5.736794150505609
1985-07,1995-07,3.9722333189942356,3.998121069484383,-0.6474979131506409,245.7742671231488,228.78989746664405,7.423566269564397
1985-08,1995-08,4.067659616988393,3.954562791410525,2.8599071893236516,244.05045076573685,228.22295873204376,6.93510071100083
1985-09,1995-09,4.299913688916502,3.9879967218477717,7.82139477096182,249.94423677835218,233.8453367010011,6.8844221161166175
1985-10,1995-10,4.2752192953575525,3.860666047376241,10.737868618888902,248.89760480468595,237.3911232528088,4.84705636597178
1985-11,1995-11,4.112037414970829,3.779407920646249,8.801100630272884,251.41756588062844,246.23728761058953,2.1037749076538104
1985-12,1995-12,4.037633157756431,3.772604367839364,7.025088349480257,256.7233776058319,257.5728452115259,-0.3297970346976431
1986-01,1996-01,4.014015046627016,3.6615690623022608,9.625545178250716,254.10173961723626,253.88618484651158,0.08490212685459131
1986-02,1996-02,4.021874122601848,3.7702762754638237,6.673193918848108,265.91645331716904,261.6990741862489,1.6115376579126428
1986-03,1996-03,3.7800842466779354,3.6808803829558525,2.695112402495936,262.3704413738679,252.53827763229225,3.893336025634797
1986-04,1996-04,3.68646326119068,3.6613774365461516,0.6851471906210271,260.10375485815354,248.44004266459464,4.694779500301993
1986-05,1996-05,3.754797632136032,3.7373676887511533,0.46636951021274964,263.4808960374362,253.43163319265963,3.9652756517325027
1986-06,1996-06,3.6872677397555402,3.75546654813158,-1.815987641002148,264.0615876008301,253.49463786712136,4.168510159669636
1986-07,1996-07,3.624466138502859,3.605632617601131,0.5223361029571105,252.29170886575253,238.23917286352193,5.898499324576134
1986-08,1996-08,3.6526404062409967,3.6483430778934283,0.1177884934563167,257.3505889580781,243.0983699820104,5.862737367232196
1986-09,1996-09,3.8204013414456917,3.632777908436301,5.164737226949034,259.8565031575994,245.310262698778,5.929731719656206
1986-10,1996-10,3.981375389801462,3.649975590151791,9.079507286126521,267.62723742249,255.7357281000638,4.649920998826307
1986-11,1996-11,4.039807578779087,3.6998239282091987,9.189184598155942,278.0185027816246,272.22130848065837,2.1295887281278514
1986-12,1996-12,4.019536048694782,3.6311623111887608,10.695576353315817,278.2760573210704,280.3596945903971,-0.7432014335622905
1987-01,1997-01,3.89082293771072,3.6195227768403058,7.49546770658116,284.2247577185085,284.99897679598536,-0.27165679195791936
1987-02,1997-02,3.814047566876321,3.668818841586477,3.9584599720122515,293.60500207020266,291.3501908798252,0.7739178696153592
1987-03,1997-03,3.6313374001171117,3.5442926150313494,2.4559141848673915,288.9789515991642,281.222785326776,2.758014882533666
1987-04,1997-04,3.5379328768915754,3.3679447558902296,5.047236024404866,276.5977754311342,268.07248962577467,3.18021659636194
1987-05,1997-05,3.8573331014049552,3.692189518718728,4.472781850687224,299.32321371313816,291.72754354541024,2.6036863284887524
1987-06,1997-06,3.8882280921246153,4.004111378776653,-2.894107473290175,312.288734410962,301.93746506421724,3.428282523516324
1987-07,1997-07,3.9867531483019185,4.396920067562049,-9.328505248164653,327.1491542550211,311.3902329957945,5.0608270874826555
1987-08,1997-08,3.758047060633391,4.5593585396753875,-17.575092462437645,325.29145522189066,309.7724388005956,5.009811873962389
1987-09,1997-09,3.921659098221734,4.773866280768755,-17.851509288814572,326.37967575189504,312.59089337459517,4.411127345535304
1987-10,1997-10,4.522202487288199,4.969029468856722,-8.992238511946871,328.7817475354972,316.50898857140896,3.8775388400444477
1987-11,1997-11,5.09717835152266,4.947254333212909,3.0304489765818454,321.5140271854029,310.7502430988314,3.4638055240871157
1987-12,1997-12,5.30217270814667,5.025458703595815,5.506243725629667,325.78116301211867,317.5816112083912,2.5818723485054207
1988-01,1998-01,5.098187538356954,4.926242412841515,3.4903910750964995,322.242571246856,311.3898260317411,3.4852600527830457
1988-02,1998-02,5.249779799148131,5.165966347050169,1.6224157585893018,338.51386716965624,326.20530195823466,3.773257251654827
1988-03,1998-03,5.355536207802511,5.408075213187031,-0.9714917658025346,352.02420021723293,333.4982759139286,5.555028508778759
1988-04,1998-04,5.587315395209492,5.57107315518936,0.2915459834700318,359.51208940389955,341.1073305790721,5.395591702348668
1988-05,1998-05,5.699513119425931,5.495204842576974,3.7179374145613675,354.14000582543514,337.89709827069504,4.80705742602372
1988-06,1998-06,5.383138577935422,5.436200088619751,-0.976077219736804,349.85006799345166,329.877696327016,6.054477731842933
1988-07,1998-07,5.6408460078648375,5.64538769131941,-0.08044945188717678,360.90297149086683,338.7461879304398,6.540821520617923
1988-08,1998-08,5.339277241743753,5.1883458524829,2.9090464196526833,331.42877665771096,311.2112645865094,6.496394691260132
1988-09,1998-09,4.981633693324044,4.834490528045582,3.0436126500789085,311.0686215226102,294.6918910217033,5.557238254547281
1988-10,1998-10,4.861017025062583,4.814390379210391,0.9684849415937835,311.05171029087757,298.9005050840823,4.065300994850141
1988-11,1998-11,5.505567462755903,5.254985017574383,4.768471162971744,340.9033918884398,331.38182511934457,2.8732917883067755
1988-12,1998-12,5.6010609081994405,5.32532703272854,5.177782956357202,350.2043532769674,340.37304302072255,2.888392737860368
1989-01,1999-01,5.684047951775735,5.435427300107611,4.574077398904808,363.05028181909313,349.50414547974003,3.875815641831437
1989-02,1999-02,5.498704802314059,5.282782211046459,4.087289285106244,358.1291603249153,344.72088983556733,3.8896019605147103
1989-03,1999-03,5.668472117815248,5.276042977868631,7.4379443380718335,363.9708466694554,344.9277078727624,5.520907239994077
1989-04,1999-04,5.705856521504661,5.327959171814476,7.092722325826095,374.5728049001514,354.4468044455092,5.6781441396056564
1989-05,1999-05,5.474753784518018,5.183189458985902,5.625191358317849,369.5014024007912,353.0501099289787,4.659761322584477
1989-06,1999-06,5.2624781650888925,5.066857379916536,3.8607912262882405,362.7935354935777,343.4751893690921,5.624378913647354
1989-07,1999-07,5.350589518546869,5.216135970118083,2.5776465414060423,374.7466511146935,354.29648544473616,5.772048696527987
1989-08,1999-08,4.917822804353355,4.985340434154045,-1.3543233544921818,356.41730122031737,337.28500138578823,5.672443113663839
1989-09,1999-09,4.866051833511838,4.9823943883852415,-2.335073175752944,350.3928743269689,336.9261866093994,3.9969252176832226
1989-10,1999-10,4.790348532503049,4.926930344496309,-2.7721482229971284,342.11773366927645,333.5214363221967,2.5774347345923987
1989-11,1999-11,5.225359254622131,5.286041760109873,-1.1479762786906322,362.36912010748676,357.20559787170606,1.445532283521267
1989-12,1999-12,5.228857187165563,5.39388350436869,-3.059508368496777,368.20341231918763,359.5599952786471,2.4038872939249556
1990-01,2000-01,5.340636895362388,5.34376476982732,-0.05853316153797694,363.5421660012903,351.2919678437512,3.4871842452679713
1990-02,2000-02,5.343214031474901,5.148085874215224,3.7903050187448883,350.3007274772207,336.064153212356,4.236266834406677
1990-03,2000-03,5.407288054575012,5.335271542434842,1.3498190592058368,359.5920228629759,336.6580597548851,6.812242405480706
1990-04,2000-04,5.473433149930642,5.463344812909288,0.1846549571155931,360.2445183188733,337.1214278391689,6.858979753353367
1990-05,2000-05,5.1207057460611844,5.382810468700328,-4.869291314699186,345.67107119562866,326.3943537878034,5.905959212872136
1990-06,2000-06,5.120252443992106,5.633214750157171,-9.106031438811257,352.35484217700184,331.3215803829671,6.348292124443833
1990-07,2000-07,5.1549294406103385,5.744495674275184,-10.263150450352354,351.19346051421957,330.6972088876579,6.197890721697785
1990-08,2000-08,5.647202257611012,5.869889285743986,-3.7937176885739166,350.2974001038087,329.697531798119,6.248111168239934
1990-09,2000-09,5.839628346347804,5.703783525354941,2.381661582859751,341.91612116292316,322.4547203750048,6.035390260463669
1990-10,2000-10,5.66619918135751,5.245680341587822,8.016478557334295,319.50003977154967,303.758390433366,5.182292846536796
1990-11,2000-11,5.459388776199274,5.007318963894102,9.028180860154468,312.40104416332105,300.44651071679226,3.9789223772338733
1990-12,2000-12,5.046556305944644,4.678570708486127,7.865342224946037,297.7172687044482,285.311671394766,4.34808616452198
1991-01,2001-01,5.104439461326333,4.574656979353738,11.58081325799072,295.0050978532082,282.509227231454,4.423172561197997
1991-02,2001-02,4.475853789564808,4.344332471782256,3.0274229386637153,284.68445539575293,269.8389083196172,5.501633240582038
1991-03,2001-03,3.9491872807849915,3.890996200774895,1.4955316584094325,255.6733386906647,240.94336674098156,6.11345817439255
1991-04,2001-04,3.8792384209762987,3.872011184996585,0.1866532826071854,253.85645098965065,241.1024525199172,5.2898667501857455
1991-05,2001-05,4.153499400927423,4.114174957214198,0.9558281823739634,268.2411301362259,257.77086985287536,4.061847752357162
1991-06,2001-06,4.040232356657192,3.990253860378861,1.2525142015296753,258.75398596102565,246.10137340149168,5.141219808998132
1991-07,2001-07,3.9022636891466878,3.854755929709274,1.2324453299692228,248.9114735649267,237.18196207380063,4.945364052379486
1991-08,2001-08,3.7226708648069984,3.709119756466322,0.36534566771677657,240.97654052840355,229.73461482283173,4.893440073992084
1991-09,2001-09,3.313988391116263,3.2504214482330474,1.9556523329542719,211.45696399187258,202.57127398939906,4.386451162339311
1991-10,2001-10,3.4133262688738735,3.31511964889945,2.9623853850049064,215.802153824936,208.8430447747629,3.3322196856871766
1991-11,2001-11,3.5852608797374335,3.442236260174864,4.15499137050237,224.17167698536733,218.27527454462333,2.701360680015341
1991-12,2001-12,3.6041396088616575,3.4412006508355875,4.734944996203727,224.83498239112916,216.37791196269168,3.9084721502884445
1992-01,2002-01,3.3471003674533306,3.393484255951285,-1.366851442337158,221.5692315746484,212.45122993591988,4.291809297352023
1992-02,2002-02,3.254406899088685,3.2724525664951054,-0.5514416798941602,211.87206543342964,202.6465475887418,4.552516662366446
1992-03,2002-03,3.450246973387146,3.4171249237311745,0.9692958377361727,219.9837663008888,208.5382678827164,5.488440339693157
1992-04,2002-04,3.32024062333095,3.2731883539372033,1.4375057071539743,209.89007491778054,199.366289623491,5.278618222852005
1992-05,2002-05,3.1612377438848913,3.1653851264489736,-0.13102300031133662,201.71720156294475,194.35792782996577,3.7864541030799836
1992-06,2002-06,3.0141491286978765,2.9600134870277577,1.828898479934904,187.7419302634,179.37110605504373,4.666762887545284
1992-07,2002-07,2.6393712537008365,2.606688732903611,1.2537945319163635,165.74503826789876,158.4835785019223,4.581837332685157
1992-08,2002-08,2.644492561680211,2.6091747255496927,1.353601803078841,165.9732765227095,160.2101295631775,3.5972425559142707
1992-09,2002-09,2.5091494758139006,2.4566795754475823,2.135805617090236,156.50926331865227,151.64739579954966,3.2060342965131605
1992-10,2002-10,2.5044810094519425,2.3886688190154324,4.848398803323684,152.8825356674678,150.13456242153197,1.830340197229452
1992-11,2002-11,2.5987948313962135,2.5100626329856146,3.5350591353593197,161.40905232021024,158.9760510593103,1.530419987594378
1992-12,2002-12,2.490446364468293,2.4562941464808206,1.3903960987898367,158.15744057082668,153.33967655846718,3.1418900316530385
1993-01,2003-01,2.481359470675986,2.433584780452117,1.9631405738407715,156.31910861604425,151.49315901529508,3.1855891263459224
1993-02,2003-02,2.282819813044966,2.261841488055567,0.927488734298243,144.9058816687365,139.77211488628285,3.672954928549532
1993-03,2003-03,2.26399456847575,2.2756514568719783,-0.5122440152698804,145.50222018823592,139.79278506874573,4.084213013341476
1993-04,2003-04,2.4160740189259933,2.382767723306098,1.3977986731196212,151.86221799264806,146.13887768256276,3.9163707843147044
1993-05,2003-05,2.5261035631189177,2.4846753575931517,1.667348830870874,158.43792686272053,153.35919595639098,3.311657233631915
1993-06,2003-06,2.6472830137231917,2.6033936580190393,1.685851679363326,165.86213096916816,158.21183348669132,4.835477419026546
1993-07,2003-07,2.661465861156114,2.595958059546534,2.523453773402773,165.1953446732895,156.9628351677891,5.244878188330415
1993-08,2003-08,2.6110515938382144,2.5618118464118522,1.9220672859066035,163.26380477681036,156.5621874907922,4.280482658951268
1993-09,2003-09,2.657612542715097,2.62054364713583,1.4145498251777688,166.76479504019542,160.98543869728476,3.589987013532392
1993-10,2003-10,2.6782907148347332,2.66358044796564,0.5522741721703417,168.4588729144536,165.00218778120907,2.0949329095127256
1993-11,2003-11,2.710556789039786,2.7069664950660473,0.13263163693686408,168.80317298681146,165.8638043963865,1.7721579467695925
1993-12,2003-12,2.76908375659786,2.796820998068556,-0.9917417485727831,172.21555368854177,165.9165881283242,3.7964652186228465
1994-01,2004-01,2.856179837605729,2.941474525408765,-2.89972553106449,178.86069762661504,172.09367265355473,3.932175348877087
1994-02,2004-02,2.889426230437479,2.9909745829000287,-3.395159325094932,178.93069408433712,171.1913180517984,4.520892835346335
1994-03,2004-03,2.8853046650097496,2.9460300429466804,-2.061261326316688,174.2729334706364,165.9125770653207,5.039013047229179
1994-04,2004-04,3.0141201131774316,2.965589841911474,1.6364458287555284,174.05904828850151,165.84477494637372,4.952988928824498
1994-05,2004-05,2.9060962551001204,2.8660319167741184,1.3979027271649125,167.63570595124395,159.61918272834632,5.022280584245853
1994-06,2004-06,2.956402205380136,2.931338417977863,0.8550287898714481,170.4680476381805,160.3218239580799,6.328660334324532
1994-07,2004-07,2.905314460513716,2.8599493135418887,1.5862220619443423,164.7413551366092,154.28417873517688,6.77786697713294
1994-08,2004-08,2.779364478766116,2.8008847607759355,-0.7683387160797639,160.57886694129388,152.05015935429904,5.609140840899562
1994-09,2004-09,2.8335698412874986,2.8561083091367094,-0.7891321129913087,163.2205647643891,156.9199092202268,4.015204683377527
1994-10,2004-10,2.849099421581012,2.8283274324476784,0.7344266047498493,161.5536934894766,157.82729362155808,2.3610617545364088
1994-11,2004-11,2.9961697541263246,2.9138297828705215,2.825833263832145,167.32983726002547,163.8727260585104,2.109631837259296
1994-12,2004-12,3.1097644844700087,2.924924975475185,6.319461543275806,169.84415620229333,161.90528436338482,4.903405018634399
1995-01,2005-01,2.9944588902230875,2.7989869578751496,6.983667137067706,165.47435250871575,156.84554146360048,5.501470404957476
1995-02,2005-02,2.9328492941460587,2.755487435905527,6.436678169147458,166.2313651992965,157.5768021016978,5.492282482045274
1995-03,2005-03,2.8524415565159456,2.6748498126465536,6.639316459180145,163.8815939663015,155.50971628250932,5.383507785830743
1995-04,2005-04,2.6970175458050947,2.535900166485816,6.353459077316548,158.12863892667443,150.90463326334842,4.787133109902042
1995-05,2005-05,2.6445311779822966,2.5053755270381566,5.554283158048134,158.52395758809413,152.14438779140502,4.193102282179284
1995-06,2005-06,2.618979614809193,2.5003742314566173,4.743505266548875,160.3030809890581,152.23738391652296,5.298105409481968
1995-07,2005-07,2.5749792648017142,2.4858259876190067,3.5864649266178494,161.55475803312913,153.01167255112466,5.583290045502931
1995-08,2005-08,2.5697807112436015,2.448330050550695,4.960550995385149,160.47770858712838,154.29293119641983,4.008464511465615
1995-09,2005-09,2.484604451518214,2.3902539795725692,3.94729902144193,159.35432519724327,155.5715411535992,2.431539866220933
1995-10,2005-10,2.3975418460578366,2.2801541610312754,5.148234581361311,153.72955538258955,153.3862313708227,0.2238297457982652
1995-11,2005-11,2.4351097456541324,2.3242260786846076,4.77077802312067,158.36937323216793,158.4869607456197,-0.07419380931944497
1995-12,2005-12,2.4058031344375026,2.328180174252674,3.3340615577462707,160.30178189464775,155.23540435627987,3.263674004893913
1996-01,2006-01,2.4371239821943624,2.325107534625375,4.817688898291572,161.2285760873854,155.11230194148928,3.943126411858211
1996-02,2006-02,2.300863777047663,2.302265472252194,-0.06088330044577983,159.76680700788654,152.91109543604944,4.4834624670544665
1996-03,2006-03,2.339750622229863,2.3246490246786293,0.6496291436218771,160.82289631277058,155.06645306190924,3.7122428076452607
1996-04,2006-04,2.3538075649468366,2.322904281985945,1.3303726374154001,160.75860980806925,155.10184971650153,3.647126131575651
1996-05,2006-05,2.2815809341261026,2.270278138641298,0.49785950419138914,158.15311152460194,152.99071247957946,3.3743218534991293
1996-06,2006-06,2.1918381473423434,2.167152367534456,1.139088334429017,152.62914115380497,146.17556252418547,4.414950432328069
1996-07,2006-07,2.287128780631242,2.141461763303453,6.80222359436764,152.52992859970496,145.8404051862476,4.58687933903803
1996-08,2006-08,2.2697281377095035,2.1243291282578918,6.844467155183698,154.7111208648835,148.96503298535046,3.8573400511367817
1996-09,2006-09,2.2810124717887623,2.108112690382755,8.201638470029549,157.32744615315485,154.26114038706453,1.9877370012930662
1996-10,2006-10,2.2699946045377137,2.122364727031523,6.955914580839995,161.69150288590632,162.31740228073033,-0.38560215111225205
1996-11,2006-11,2.2040942722281898,2.12989679296294,3.483618526042842,163.6351235319551,165.17498766149473,-0.9322622942738779
1996-12,2006-12,2.2248001200776595,2.1283061946377644,4.533836610681785,165.92301253845068,162.27291775533192,2.2493554892642154
1997-01,2007-01,2.1695536937567046,2.0827312702029324,4.168681038975941,165.84125556770445,160.74302112899608,3.1716676735950244
1997-02,2007-02,2.1120829645008823,2.049243966913103,3.066447851128107,167.3019005849341,161.598134476972,3.5295989810915085
1997-03,2007-03,2.072773155110931,1.9474355460006874,6.436033755655779,162.08041166389626,158.3843143011693,2.3336258890503503
1997-04,2007-04,2.2355670224938335,1.9698340893112842,13.490117498954323,167.74033785222755,163.77800109854363,2.4193339319728446
1997-05,2007-05,2.1163330747524265,1.9577957299423436,8.097746990936173,172.15435042490827,166.77068089815293,3.2281870516815525
1997-06,2007-06,2.0160585533706277,1.9221079148242257,4.887896138495096,171.63006796255613,166.03828471142617,3.3677674163211435
1997-07,2007-07,1.9176669119734595,1.9002735485610827,0.9153083999694278,171.59692626599514,166.57317018186893,3.015945532309394
1997-08,2007-08,1.8307555291320228,1.8057264673032845,1.3860937568311416,163.51136497183936,160.55003312071446,1.8444915853105703
1997-09,2007-09,1.8648363814312525,1.8290298840561328,1.9576770006465738,167.68513718068166,167.85431301258774,-0.10078730112427214
1997-10,2007-10,1.889551636139707,1.8394963478190962,2.7211409459962255,171.81327308062865,175.6097319566221,-2.1618727126872628
1997-11,2007-11,1.8197143673358418,1.7049623486070695,6.730472307644986,162.71091023132294,166.75757198073802,-2.426673464568374
1997-12,2007-12,1.7949726759311198,1.6765792512228324,7.0616062212350394,163.89807113462743,162.28530786684757,0.9937826713821263
1998-01,2008-01,1.6719207419031996,1.5264645263209795,9.528961405529191,152.28263177439874,149.2872600847973,2.0064482983343845
1998-02,2008-02,1.5467590221805807,1.4547171873668323,6.327129122627073,149.24131259043685,146.15107426082636,2.1144136950341785
1998-03,2008-03,1.4301620316462873,1.4030073544195005,1.9354622155934642,144.7906269223946,144.41148254396592,0.2625444817473399
1998-04,2008-04,1.4417539221345907,1.4746875522027785,-2.2332615487934304,150.4880864128097,150.65021709879377,-0.1076206122409662
1998-05,2008-05,1.4819891516600971,1.52949644429785,-3.1060740817584698,153.8926730735004,152.15438009057337,1.1424534619984383
1998-06,2008-06,1.417405968641705,1.454734880953363,-2.5660285458470766,146.89721844860492,144.1626216088884,1.8968834009799318
1998-07,2008-07,1.2743149301453496,1.3487298145375182,-5.517404864197029,137.57650342628563,135.53896471435317,1.5032863178692235
1998-08,2008-08,1.3987112857934636,1.3586815356998805,2.94622021730524,140.2004238219374,140.73123094741516,-0.3771779170155254
1998-09,2008-09,1.3994580985177114,1.2602202796604995,11.048688955769093,133.02519816155095,134.48618883808055,-1.08634997329623
1998-10,2008-10,1.1026071607049504,0.9668198312266261,14.044739784252025,105.84245588909484,108.87668270218622,-2.786847227326894
1998-11,2008-11,0.9080547961057331,0.8444760131391814,7.528784947983258,96.63917217195493,101.64019459394791,-4.920319605813472
1998-12,2008-12,0.8691793225920451,0.8192861150723576,6.089839263940289,96.3899812762826,99.55104192538728,-3.175316488876001
1999-01,2009-01,0.8183151201249693,0.7950994840710452,2.9198404123036426,95.45990952751909,97.48477193987478,-2.0771063747315854
1999-02,2009-02,0.7639432001664914,0.7287616528605164,4.827579383174352,89.22774205735813,91.0465210686537,-1.997637021104981
1999-03,2009-03,0.6999962772044968,0.6793065279651269,3.045716239669627,84.37211474793881,87.85499287616378,-3.9643485409352475
1999-04,2009-04,0.7541534908927046,0.7587422537704216,-0.6047854663311703,95.1000175195589,99.78867865546658,-4.698590260019264
1999-05,2009-05,0.8051332482110629,0.8121191785529592,-0.8602099945901887,101.69051370847397,103.70192722669093,-1.9396105472755942
1999-06,2009-06,0.8332877949351893,0.8286993381756403,0.5536937883467319,104.80309296848458,104.744499514326,0.05593940916255313
1999-07,2009-07,0.8073760966269748,0.8280245399982745,-2.4936994465577955,106.3056228543345,105.76779794360377,0.5084958949580276
1999-08,2009-08,0.9071358895104024,0.8898306570785803,1.9447781770788986,115.14135539720685,116.55888091511999,-1.2161454423583518
1999-09,2009-09,0.9458599280449609,0.9147047808430193,3.4060330561766605,119.43530660732783,119.86944986989373,-0.3621800742700576
1999-10,2009-10,0.9810348389860655,0.9220548689825241,6.396579204513619,122.35617275778161,123.98111078495441,-1.3106335448076933
1999-11,2009-11,0.9350945279639818,0.9221657023553009,1.402006773366149,124.93332789123244,128.82351601883866,-3.019781052271031
1999-12,2009-12,0.9297575173405612,0.9389234825337904,-0.9762206786535832,127.77576126785226,130.00546970570304,-1.715088175057733
2000-01,2010-01,0.9434829910707498,0.9473099989513025,-0.4039868559172044,129.5792018536755,130.52036220962827,-0.7210831628257197
2000-02,2010-02,0.9394023268062421,0.9140939669471627,2.7686825177944074,125.87662760937008,126.6956140468682,-0.6464205123905553
2000-03,2010-03,0.9574837904736242,0.9567339017965509,0.07838006740068515,133.42008136813536,137.38327693729084,-2.8847729196068816
2000-04,2010-04,0.9826302344554816,0.9921283720849035,-0.9573496632761413,138.91890594460145,144.34042991191095,-3.7560674930912863
2000-05,2010-05,0.9518534629928637,0.9410382448421653,1.1492857181922833,130.76394419963378,132.06997404310994,-0.9888923299476438
2000-06,2010-06,0.8899741070210774,0.9117082689557905,-2.383894352478122,126.17713262146043,125.44323115303072,0.5850466874010918
2000-07,2010-07,0.88107914164166,0.9242341286025387,-4.669270006954839,126.08727352968265,125.64627340141088,0.35098544217293526
2000-08,2010-08,0.8804276046340827,0.9465383509537074,-6.984476250012827,127.29713215013344,129.26515523345103,-1.5224699028623556
2000-09,2010-09,0.9200545486362812,0.9982536556274828,-7.833590846411386,131.71312766594608,132.5877018710381,-0.6596194011588508
2000-10,2010-10,1.0151098113495078,1.0808216288376884,-6.079802229609966,137.8270572067625,139.48630250095684,-1.1895399508370708
2000-11,2010-11,1.0485065350774543,1.1350125819047059,-7.621593646308544,141.24596675279923,144.25529676568493,-2.0861140494367936
2000-12,2010-12,1.1248005545434168,1.1901777309671382,-5.493059962615499,146.44240447970242,147.27968811986,-0.5684990583875837
2001-01,2011-01,1.1584969425579763,1.2436478007428469,-6.8468627640404955,151.38569357092453,149.99191502983214,0.9292357796853112
2001-02,2011-02,1.2211108625711016,1.30225384108269,-6.230964805150929,155.99445243506347,154.3162847555654,1.0874857972094532
2001-03,2011-03,1.3281474275498302,1.3074202976675267,1.5853455785627135,154.04271663234292,155.56643378307896,-0.9794639586973575
2001-04,2011-04,1.3516153443132048,1.365359639981285,-1.0066428848203413,157.13152212816354,159.17870784865113,-1.286092686739282
2001-05,2011-05,1.2729866535636134,1.3962717716456714,-8.829593248651868,157.81643090264242,155.47579363493008,1.5054673225906479
2001-06,2011-06,1.2564051283564242,1.3683340714013947,-8.179942704367315,151.7762334338198,148.40578684391505,2.271101863062519
2001-07,2011-07,1.3307990540146204,1.4256797677439168,-6.655121007955489,156.22231933223313,153.60739425473275,1.7023432304072106
2001-08,2011-08,1.2173136519020502,1.2859110449528233,-5.334536422252267,139.68053849301037,139.74071935944866,-0.04306609176920606
2001-09,2011-09,1.3607797409538334,1.2877738057259775,5.6691582716810185,138.3652636946779,138.48737703889734,-0.08817651603375554
2001-10,2011-10,1.3586410919030467,1.3026836632485554,4.295550042820673,142.17479158841084,141.73630183190355,0.30937011255403046
2001-11,2011-11,1.3161804962509887,1.3167508384816466,-0.04331436244351394,144.32629445461762,145.78745657302028,-1.0022550312281497
2001-12,2011-12,1.3173678268969173,1.346131013099393,-2.136730074753279,146.25318990452672,146.30622488868917,-0.03624930121927106
2002-01,2012-01,1.3845206896397566,1.4386149123907332,-3.7601600181581096,152.91828700323194,150.90890099812714,1.3315225224055816
2002-02,2012-02,1.4922108227878652,1.5595573268007428,-4.318308974959672,158.88614725126814,156.1420473010889,1.7574381773589831
2002-03,2012-03,1.4629266374194834,1.6550670851075964,-11.609224146682962,162.96475273311577,162.7473081332147,0.13360872286938275
2002-04,2012-04,1.515651244547333,1.7323870342417749,-12.510818045304873,162.44288533341356,163.3949810313588,-0.5826958037116969
2002-05,2012-05,1.511449426549956,1.7499723401404634,-13.630096208912768,156.92528760879412,152.87367016774746,2.6503042915113184
2002-06,2012-06,1.588078474882894,1.7734004243287633,-10.450090509931742,154.61444989863827,149.53327783977403,3.3980209169953035
2002-07,2012-07,1.8315716156322919,1.8569870734780203,-1.3686394595158302,158.52972109835972,153.5077699879014,3.2714637903046295
2002-08,2012-08,1.8723588628209429,1.9194679222944944,-2.454276986157611,163.04458221540241,158.43719373714282,2.908022017799383
2002-09,2012-09,2.0253484069048024,2.0029286334112673,1.119349592369212,167.0757920165783,162.88621764718997,2.5720864723269177
2002-10,2012-10,2.0490084852461448,2.0034118022635132,2.275951600720094,165.69519496763493,159.8772094999817,3.639033659549784
2002-11,2012-11,1.867204267321889,1.9303974006959437,-3.273581561562011,159.97964112586288,156.83503363735394,2.0050414856798815
2002-12,2012-12,1.9278259851344388,1.9606120828196092,-1.67223786757551,162.57924512829126,160.09017365300488,1.5547934132930763
2003-01,2013-01,2.014626218244799,2.011186561174549,0.17102625567670948,168.55464765249843,163.62424681949614,3.0132458537403206
2003-02,2013-02,2.2029668625123056,2.021572381674799,8.972940196542844,171.451470308228,165.67145544594507,3.4888417239557823
2003-03,2013-03,2.2337501249139695,2.0154771029373966,10.829843795221361,174.88612997281615,170.54449576790577,2.5457486536645035
2003-04,2013-04,2.152496223226537,1.977835039569002,8.830927765118158,176.1805312762085,173.87885917537068,1.3237216483669378
2003-05,2013-05,2.1374583862229777,2.011720470892964,6.25026772602264,183.0378802038745,176.26099031818956,3.8448041585668946
2003-06,2013-06,1.9995531676490412,1.9484375054837493,2.623418098934671,179.87075857720828,173.13614381243326,3.8897798093914693
2003-07,2013-07,2.0524123638492506,1.9797896230250822,3.6682049435738717,184.6959963603311,179.84284135499558,2.6985533417789753
2003-08,2013-08,2.0610376690198478,1.9398584265917775,6.24680856947768,184.11079042681712,179.72898229235457,2.4380086497874487
2003-09,2013-09,2.021719557949055,1.913735062937643,5.6426041986006314,185.23600164359115,181.39972792438917,2.1148177911275656
2003-10,2013-10,2.023473427438986,1.9197451480657417,5.40323175072257,188.11690086069962,182.6371871702241,3.0003274663709334
2003-11,2013-11,2.0764174161884337,1.9620212604886313,5.830525795184949,194.31700526332736,191.88597571624985,1.2669136126302272
2003-12,2013-12,2.0453243930878733,1.9724581914217763,3.6941823143827435,196.18283147319298,194.4374134330813,0.8976760229904901
2004-01,2014-01,1.9680059652800341,1.9733027134203436,-0.2684204559334158,197.02978086561959,192.7557401447,2.2173351194164637
2004-02,2014-02,1.944325751233677,1.9762066941908307,-1.6132392958120079,195.81052997288484,191.3905911314606,2.3093814671319546
2004-03,2014-03,2.0290194826106336,2.0442055218679704,-0.742882214869478,200.17468104135148,197.3242532246384,1.4445400249244011
2004-04,2014-04,2.0136237819850047,2.0479943687987663,-1.6782559238149308,199.55079986166476,198.0460543817455,0.7597957377220688
2004-05,2014-05,2.098283171493152,2.082070457175705,0.7786823093123951,201.58223658920608,194.74384412024781,3.5114806836902046
2004-06,2014-06,2.1051959853595834,2.1257975865456533,-0.9691233688691292,206.89544673425377,198.69021183490023,4.12966236412875
2004-07,2014-07,2.1856205192750844,2.135610618121251,2.3417143897621395,208.87176534373043,203.29413521926287,2.7436256921292035
2004-08,2014-08,2.206914593078292,2.101107785893511,5.0357629387292935,206.80267260194935,200.97167680200425,2.9014017759774857
2004-09,2014-09,2.185347732363036,2.1017597873637945,3.9770455930211,209.25455187013995,203.64154297300507,2.7563181928350167
2004-10,2014-10,2.1253443145043946,2.021257563198208,5.149603553813886,202.56523320809546,195.75707548590455,3.4778603558986765
2004-11,2014-11,2.144258423687425,2.119131246564933,1.185730103466831,212.93609235082718,209.84743624563708,1.471857917565722
2004-12,2014-12,2.1005723107591616,2.127407386016366,-1.2613980487984344,213.13708987334562,211.28868546276257,0.8748241329320061
2005-01,2015-01,2.1056654750325143,2.1005680026715425,0.2426711420191463,209.68674356922375,205.4916194324437,2.0415061929857536
2005-02,2015-02,2.129401337716398,2.1453543632665477,-0.7436079476333846,214.48240916585587,209.7651443654542,2.2488315752702936
2005-03,2015-03,2.136039554314296,2.136743968116873,-0.03296669198966651,213.47502678572678,210.7790501605515,1.2790534083542804
2005-04,2015-04,2.2079818130995936,2.1438656146053234,2.990681787956828,214.20683066802076,212.90654313500653,0.6107315979432926
2005-05,2015-05,2.2001945696819476,2.153921450837267,2.148319699712986,215.08652958972624,206.99340796849728,3.90984510118344
2005-06,2015-06,2.1438533003121925,2.124777415424168,0.897782739478914,212.95747616545606,203.8077839235018,4.48937330351844
2005-07,2015-07,2.104103938176514,2.103642392183739,0.021940325717428877,211.64711356207232,206.01372661687998,2.734471647934722
2005-08,2015-08,2.0467431900694546,2.034971802494105,0.5784545791210682,205.4407605852759,199.9183436307211,2.762336289037859
2005-09,2015-09,1.9490408191953286,1.9277686920912511,1.103458479813857,195.18392700026777,190.342459564066,2.5435562024836766
2005-10,2015-10,2.087965045556407,1.990841397158551,4.878522645574734,202.62267985480318,196.51786611212594,3.1064929939723873
2005-11,2015-11,2.0672866320378933,2.016492414042821,2.5189392055899873,207.44709274544613,204.0759533941691,1.6519042519261173
2005-12,2015-12,2.0015596124670587,1.9782414343335133,1.178732672809546,204.10592377450052,202.5593418682775,0.7635204044199373
2006-01,2016-01,1.8459812635293273,1.8512720688049646,-0.2857929617580579,190.06717804926168,186.82176007952413,1.7371734258129656
2006-02,2016-02,1.8361263319987382,1.8432298107880434,-0.38538215624172034,188.18199463924918,185.4370010966474,1.4802836145797693
2006-03,2016-03,1.9243453007971687,1.9552589913238339,-1.58105349029668,199.26751442204034,198.17473956374064,0.5514198533603798
2006-04,2016-04,1.9631436453000708,2.0017758931307164,-1.9298987445705462,203.9603608505789,203.6215461571173,0.16639432312341995
2006-05,2016-05,1.9726737384775346,1.9780016151728705,-0.2693565391689745,202.38093998544343,194.8478523818645,3.866138380019457
2006-06,2016-06,2.049143969464846,1.9723900108236996,3.8914189495967255,203.55783669038996,194.43927033108395,4.689673204275691
2006-07,2016-07,2.1015659357760974,1.9934212146219168,5.42508128041026,209.18783183477132,202.4862180397422,3.309664163767323
2006-08,2016-08,2.07910624139392,1.9733089418238503,5.361415910490197,210.58328817860271,203.4892953285048,3.4861749551226673
2006-09,2016-09,2.0188710780247647,1.924165658824574,4.92189530386089,208.58667531118437,202.38082743570791,3.0664208433715867
2006-10,2016-10,1.9385453978398453,1.890460955106689,2.5435300635681557,206.51934109190773,199.81734912482224,3.3540590926861347
2006-11,2016-11,1.923318736483286,1.8878663608900121,1.8779070556964816,208.05193650997379,205.05004719930992,1.4639788440263146
2006-12,2016-12,1.9571533547052251,1.9323923351916912,1.2813660591899145,215.3036186623545,214.29745132167002,0.46951904209731055
2007-01,2017-01,1.9716230130065522,1.9356353180366894,1.8592187606064625,217.42978670542945,214.1089424222106,1.5510068125367482
2007-02,2017-02,1.9906418853555157,1.9608098849248885,1.5214121807515246,222.03688698489808,219.17171668379783,1.3072719164918034
2007-03,2017-03,2.0768337102650722,1.9896042974805146,4.384259367303267,224.91470381422852,224.20722021615083,0.3155489807133094
2007-04,2017-04,1.9904241506715674,1.962298779704354,1.433286880576401,223.49535730075354,222.83492702927703,0.29637646139275553
2007-05,2017-05,1.9577035082814047,1.9752852083930452,-0.8900841274432358,226.27274785900158,218.01699011797842,3.7867497099907776
2007-06,2017-06,1.9856264952520932,2.017501895847777,-1.579944021925661,229.3197985675286,219.5558400783071,4.447141322106973
2007-07,2017-07,1.9937774478663275,2.0406998299816896,-2.299327976902077,230.59232459244873,223.50993611985433,3.1687130315300793
2007-08,2017-08,2.0863588894979257,2.0758562169921912,0.5059441217442506,230.16997329024076,222.4467583585013,3.4719386286998555
2007-09,2017-09,2.0575772567235715,2.1317199364220447,-3.4780685038259262,232.87343036517686,224.76393633588484,3.6080049858057572
2007-10,2017-10,2.0524353948247507,2.23254768383371,-8.067567394559394,238.15751422429855,229.6499757865664,3.7045675309101522
2007-11,2017-11,2.190321206469981,2.3052390535605385,-4.985072889211295,240.87598510370506,237.20814942138801,1.5462519695313315
2007-12,2017-12,2.225903358663976,2.3818916160545873,-6.548923399335582,246.59891812666538,243.9542633858355,1.084078098953789
2008-01,2018-01,2.5000027004821335,2.5314446927386993,-1.2420572468660018,257.30553836926174,251.75356344030405,2.2053212884409312
2008-02,2018-02,2.466407540836805,2.4920284954606027,-1.0281164388957875,248.42395733005924,241.4506754809675,2.8880771756802925
2008-03,2018-03,2.5345717506665344,2.5133318175437047,0.8450906869745367,247.11974398357412,242.93209771092552,1.7237929084330528
2008-04,2018-04,2.3909357100774136,2.5015508028703906,-4.421860737989103,241.50120274223005,236.97091716482473,1.9117474969530868
2008-05,2018-05,2.3769305130058123,2.712665185944532,-12.376561422998444,244.8228090560266,233.26588150660098,4.954401164363431
2008-06,2018-06,2.534800335407449,2.999387987930972,-15.489414987088868,248.5922945031119,236.05430487417007,5.311485268453486
2008-07,2018-07,2.7415392332872144,3.263222993526152,-15.986764045052892,250.96619933257034,240.30112078420876,4.438214234522375
2008-08,2018-08,2.750702761853029,3.5425119958622107,-22.35163169338721,255.33601576890572,242.04049401947844,5.493098088106407
2008-09,2018-09,2.9394244686331708,3.8643162874864583,-23.934164546734937,257.84823407242675,244.92955361140906,5.274447395398307
2008-10,2018-10,3.5415239410848898,3.9881299519434292,-11.198381603410557,246.06236940154434,232.2836336081471,5.931858211173591
2008-11,2018-11,3.794639880235012,3.9766972845301116,-4.578105680895739,238.46851311350045,223.675131182878,6.613780375310152
2008-12,2018-12,3.59630001706374,3.733688604394399,-3.679701279023595,222.56787493075709,207.70898826628132,7.153704222672719
2009-01,2019-01,3.6994266492987644,3.757607071182266,-1.548337034217795,223.79231387826076,208.028103917042,7.577923205753612
2009-02,2019-02,4.1965347153935175,3.918097342325988,7.106443478564373,233.9829791088886,216.30477607717043,8.172821401507635
2009-03,2019-03,4.5365232004755915,3.8416620563692807,18.087513526971133,235.28498421760818,217.77708555387383,8.039366776906952
2009-04,2019-04,4.189514245202627,3.7612945337703154,11.384902394311158,240.3795761607093,220.31157072875232,9.10892031933479
2009-05,2019-05,3.8679952914956033,3.555344636280144,8.79382133661666,233.55939215632316,213.63317326624053,9.32730557966741
2009-06,2019-06,3.813175052812742,3.487120162276229,9.35026254798399,233.93458525747434,217.6912281304881,7.461649817717819
2009-07,2019-07,3.9094101433286186,3.504646187837121,11.549352881789643,239.96975956855977,227.78439717763467,5.349515832474916
2009-08,2019-08,3.5026489780533607,3.283461092452531,6.675513411889122,229.63240813024572,216.49014954020268,6.070603497644367
2009-09,2019-09,3.4837453404453442,3.3349636882843305,4.461267529948865,234.1397170472473,225.84789200381763,3.6714201624204357
2009-10,2019-10,3.4024892629431216,3.2758282509067276,3.8665339674427424,231.68088131859304,223.51065325826508,3.65540878755668
2009-11,2019-11,3.4806170132508383,3.351888194338486,3.8404866585282305,239.4460719378913,230.03687983133216,4.090297222540218
2009-12,2019-12,3.489067390619146,3.4097494488960174,2.3262102659422412,242.81905238386358,231.61177536438396,4.838820047835535
2010-01,2020-01,3.557635769533851,3.533105360912696,0.6943016444552974,248.37519883798697,235.80200717473951,5.332096962995814
2010-02,2020-02,3.668392873388183,3.555601267568381,3.17222312998382,246.12044170810216,231.59521764184137,6.271815201609154
2010-03,2020-03,2.8076363602138223,2.8790101633814746,-2.479109107549027,197.39926512960625,184.08922439698338,7.230211749885007
2010-04,2020-04,2.8138524466162083,3.0114136094484296,-6.560412764701784,204.0386805057141,191.09162075057276,6.775315267245974
2010-05,2020-05,3.16572739208419,3.194518435652621,-0.9012639666469591,214.13074467487672,199.78835223090803,7.178793099705971
2010-06,2020-06,3.4956220559350037,3.362649596790132,3.9543953456168124,225.76047730218477,210.7943391005795,7.099876716548947
2010-07,2020-07,3.6228533073175746,3.39754109010305,6.63162596828788,231.02485458820436,217.67965208511384,6.130661444585761
2010-08,2020-08,3.803462825972991,3.4914523614652486,8.936409041445481,241.8612426205613,225.01908929112855,7.484766462476644
2010-09,2020-09,3.656300656943679,3.353178182732923,9.039855852924106,237.55725618938317,226.36324918403537,4.945152115327245
2010-10,2020-10,3.556558552077896,3.319493040344998,7.141617977552972,238.9542418866455,229.0812608133477,4.3098161055356465
2010-11,2020-11,3.607285619184722,3.3717786951539552,6.984649507669216,245.7440262744264,236.0066171229685,4.1259051420513115
2010-12,2020-12,3.6262417844730734,3.4449849280200224,5.261470231082455,253.49347451019074,241.8178117222701,4.8282889935875595
2011-01,2021-01,3.602796324524865,3.513629629312503,2.537737457257516,257.87850668769676,245.51033996750368,5.0377376047909594
2011-02,2021-02,3.5796983056285128,3.5758292056313836,0.10820147648651357,261.6347711427434,247.3899870754895,5.758027734124571
2011-03,2021-03,3.649630908755287,3.6677269257701304,-0.49338506876553945,261.1816455042589,244.94021754611856,6.630772243468885
2011-04,2021-04,3.785255701473565,3.9533923220569354,-4.252970787778776,274.0999093735849,257.62457948232054,6.3950923954424255
2011-05,2021-05,3.7889880298592127,4.041944209979429,-6.258279851950355,273.3776947725973,256.17013746390546,6.717237801036191
2011-06,2021-06,4.004171754484347,4.1666141461859425,-3.8986665432001355,275.4879241417486,258.254606531043,6.672995243797941
2011-07,2021-07,4.002834375537762,4.311382333858833,-7.156590031413668,280.84658411287063,263.5361802241927,6.568511342143535
2011-08,2021-08,4.56505283880199,4.411226382667271,3.4871585085530565,283.91754281364257,263.1314549221421,7.899507072482415
2011-09,2021-09,4.5974294586878655,4.306691366608482,6.750845773012504,280.11802464420083,260.65348652848166,7.4675916961472355
2011-10,2021-10,4.482787037071078,4.2002588558634235,6.726446890606619,277.77292941678303,259.8384649323451,6.90215918921302
2011-11,2021-11,4.613850611885558,4.291631552553941,7.508078347030156,287.30645931122797,270.9746517531045,6.027061000895384
2011-12,2021-12,4.555176692142401,4.2300713343321945,7.685576249544046,284.44746840270057,266.6692861207643,6.666752868526893
2012-01,2022-01,4.2580194166327745,4.0913475156156025,4.073765437451327,275.13113942996006,258.257808381816,6.5335221242170505
2012-02,2022-02,3.9691691331533785,3.9359071979377522,0.8450894175821455,263.9844097919432,248.47399954382502,6.242266907843019
2012-03,2022-03,3.823445870117531,3.8705505467215695,-1.2170019751824968,258.6880321843622,243.47077036176896,6.250139102933061
2012-04,2022-04,3.829407616301806,3.8449239279993175,-0.4035531518457258,256.17059681064706,242.97703894567522,5.429960757700103
2012-05,2022-05,3.640431593292951,3.51536865640235,3.5576051650466622,233.39960591671684,220.4721915350603,5.863512441931151
2012-06,2022-06,3.558762837628987,3.368687579208793,5.642412778000527,222.9872619583606,210.27981740244752,6.043111846341742
2012-07,2022-07,3.473768417832182,3.337108103952564,4.0951719159997735,221.4548369223783,208.77727227288844,6.072291543745845
2012-08,2022-08,3.576513607887885,3.496062650011222,2.3011875338219356,233.1016593523945,217.65428847920836,7.097204921216971
2012-09,2022-09,3.218936930907648,3.19639159883372,0.7053369831829803,213.7508984058732,200.4769407797253,6.621189237286229
2012-10,2022-10,3.126159257717707,3.056436731387836,2.2811702795566324,204.99558225333513,194.59233528593506,5.3461750958039955
2012-11,2022-11,3.387426432558401,3.1662497530208102,6.985446404743456,213.5936854941171,204.19391045233942,4.603357181884049
2012-12,2022-12,3.315590542553116,3.0771445953755983,7.7489354103105645,211.23154714884595,198.17620259656815,6.587745844971549
2013-01,2023-01,3.223596766402604,3.0464513181177497,5.814813032834021,211.79350691517257,199.21774913185953,6.3125689543803265
2013-02,2023-02,3.249214295845276,3.0747011241682762,5.675776754535988,216.16691183506194,204.90272051873092,5.497336144593223
2013-03,2023-03,3.0813010906265736,2.9404518508945596,4.790054279894562,208.38889042065466,197.57719457282826,5.472137546644396
2013-04,2023-04,3.1584643758740985,3.0097909871404203,4.939658247662293,214.55281914712796,206.11668121554328,4.092894316866436
2013-05,2023-05,3.042538524338672,2.981081347464692,2.061573292062202,213.96189358033212,204.19166681219852,4.78483129143541
2013-06,2023-06,3.2289455506147577,3.0806183055169076,4.814853071288283,222.39351513685182,212.82299437269378,4.496939248678289
2013-07,2023-07,3.2483340094060726,3.1366313828752923,3.5612290032112304,228.69908958592114,217.09918155555545,5.3431376144535525
2013-08,2023-08,3.20777861971423,3.0553206366904764,4.9899176273982215,224.19244123197058,210.73360031834414,6.386661117778503
2013-09,2023-09,3.139703088516394,2.9786640882661803,5.406416953311144,219.86870192515798,207.39164494619814,6.01618111578055
2013-10,2023-10,2.98120267275463,2.8357275968185363,5.130079352449268,211.11724736901738,202.01164869511572,4.507462184838751
2013-11,2023-11,3.002484273970019,2.9213286338662576,2.7780387034496368,218.76125551341698,211.7039588960906,3.333568561554534
2013-12,2023-12,3.1105284715461305,3.038058368453521,2.385408517661225,227.97791021431036,216.1802188582552,5.457340832738566
2014-01,2024-01,3.1703681234237213,3.0835522239294915,2.8154509211975265,232.4449691892789,220.3224793555996,5.502157505278271
2014-02,2024-02,3.307748760654696,3.166032050580107,4.476161574189441,239.94514903700036,228.85684602703634,4.845082505704945
2014-03,2024-03,3.3257243816732016,3.2228808112646625,3.191044795981246,245.4376313802235,233.09866446735168,5.293452427566381
2014-04,2024-04,3.2855001624230558,3.1497251946963782,4.3106924996282325,240.6600994955303,232.2352567208989,3.627719104148075
2014-05,2024-05,3.31732785862243,3.2026307206628477,3.5813413397796756,244.37529449271514,233.8742367993623,4.490044665484705
2014-06,2024-06,3.328681137154421,3.267878967042574,1.8606004299747125,250.6539166026045,240.64457084879757,4.159389808173164
2014-07,2024-07,3.3576393147615455,3.310831321636723,1.4137836868621578,254.2363491231021,242.28104936139047,4.934475805360616
2014-08,2024-08,3.339278594362993,3.2584379254087894,2.480963909848355,249.4357478272769,235.0017882363607,6.142063726084834
2014-09,2024-09,3.3702248523177794,3.308825786788119,1.8556149367193076,253.82449288682935,239.62232243751146,5.926897922050456
2014-10,2024-10,3.570934858966775,3.3835989815150205,5.536586293919332,259.381599999406,248.83284097256046,4.239295338033289
2014-11,2024-11,3.462005159375559,3.4162741722318697,1.3386216924683447,263.1859162128707,253.97844506022372,3.625296292551017
2014-12,2024-12,3.490758436876718,3.442334003077692,1.4067325760873661,264.55913904490967,251.37840079201104,5.243385355054553
2015-01,2025-01,3.5151243469788955,3.409969840868325,3.0837371301733807,260.97315369218984,247.69725840587824,5.359726373942197
2015-02,2025-02,3.4558442122927104,3.4230506721452074,0.9580208792805189,261.28848076816786,249.10565338287498,4.8906266155942735
2015-03,2025-03,3.2546213868657103,3.231363890324947,0.719742416210023,243.90104471739306,232.06732837170657,5.099259955598834
2015-04,2025-04,3.051358500736348,3.086470192037087,-1.137600207231071,228.54762197367936,221.7550598988712,3.063092259498301
2015-05,2025-05,3.2737659054596033,3.357162797007188,-2.4841479722678472,245.3869054601791,236.5829594684849,3.721293372723644
2015-06,2025-06,3.415629271771221,3.4901089112048806,-2.134020494161226,252.54652061405946,243.36819687106075,3.771373524150934
2015-07,2025-07,3.573090848819421,3.655058140747152,-2.2425714932943763,261.4563078859169,248.99005884043237,5.006725611271756
2015-08,2025-08,3.731013874718491,3.7727670940920435,-1.106700157529894,263.77430641224765,247.25259455525716,6.682118699991291
2015-09,2025-09,4.017781677731366,3.918230532265726,2.5407169038641264,268.4404017303277,250.7924998711229,7.036853920381869
2015-10,2025-10,3.944028414554756,3.9795904717938324,-0.8936109755797617,271.80187768023416,256.18779376408276,6.094780585264736
2015-11,2025-11,3.838328844316849,3.9638903201329123,-3.167632443771884,269.32852483551153,257.1988179928568,4.716081876780476
2015-12,2025-12,3.949470669556133,4.0314447554801,-2.033367462434821,271.18543397780377,255.76235036445232,6.030240022182354
2016-01,2026-01,4.271333618071503,4.06345224813351,5.11588071530753,271.47477206037405,255.00571276617714,6.45830993962786
2016-02,2026-02,4.277167924635926,3.9637407650322536,7.9073576750704255,267.094798989956,249.00732088613753,7.263833866189517
2016-03,2026-03,3.8855441630933854,3.7389477499721333,3.920793306682202,254.91286169587102,237.2045863462573,7.465401753979672
2016-04,2026-04,3.954163980167892,3.8635899922504793,2.3442960588231365,263.7418005177649,254.73141382336516,3.5372106483292587
2016-05,2026-05,4.22975055670215,4.09114034101801,3.3880581972323576,278.1164026927958,267.74660970331894,3.8729875985982876
2016-06,2026-06,4.210058557821478,4.076099283373866,3.2864575942500363,276.5270165163553,265.3731642006204,4.203082233025879
