depart,fin,A_tout_d_un_coup,A_dca,A_ecart_pct,B_salaire_immediat,B_salaire_accumule,B_ecart_pct
1934-01,1944-01,1.4674383231048103,1.5504577061092386,-5.354508070572239,143.17711541900727,139.16341344442316,2.884164648768861
1934-02,1944-02,1.3689009860281396,1.5686329152365652,-12.732866132565125,142.36511351245406,135.84246500408292,4.801627023018962
1934-03,1944-03,1.4845164097910868,1.6433317968521712,-9.664231372221844,146.6007342863454,140.80279769591948,4.117770871958992
1934-04,1944-04,1.4279099148971737,1.6390466521650453,-12.881679541517466,143.38353950055915,140.18810564490792,2.2793901386649384
1934-05,1944-05,1.6184251684744106,1.6935439154835126,-4.43559486838907,146.10837532494864,145.44751645870744,0.45436242730814147
1934-06,1944-06,1.6761915958088132,1.7779792809637862,-5.72490839712132,152.1056916329382,152.0853914886577,0.013347859437251586
1934-07,1944-07,1.7952520323143013,1.812159907516115,-0.9330233569171509,155.12300828282247,153.03485099027486,1.3644978768138971
1934-08,1944-08,1.8410343035751846,1.7704415003268617,3.9872993959580105,152.70203897703126,143.01174091279356,6.775875884307081
1934-09,1944-09,1.8834766067844158,1.7384158854027998,8.344419916986933,150.0037402395106,140.27388438299266,6.9363273850407525
1934-10,1944-10,1.9005624391162745,1.731991480561675,9.732782201673018,153.42029239885508,143.74470265927633,6.731093084183559
1934-11,1944-11,1.8361942907104625,1.6823354264334642,9.145552180588478,152.08654714807935,141.69521118759795,7.333583028944957
1934-12,1944-12,1.839976888404859,1.6531854648896434,11.298878890620113,154.31120462293578,145.15499064988575,6.3078878184318565
1935-01,1945-01,1.9228900672923936,1.6831284841094305,14.244995878007781,158.66829167314253,152.2851466749043,4.191574252389074
1935-02,1945-02,2.063418989753824,1.6993615356921254,21.42319020498622,163.6376298878605,153.98520773125915,6.268408699001227
1935-03,1945-03,2.200439218872106,1.6344485213189461,34.62884821214338,163.08930135587804,154.0082695737903,5.896457253379328
1935-04,1945-04,2.1131593915699414,1.6075217665739525,31.454480773447592,166.58592471994734,159.3148387441442,4.563972843408726
1935-05,1945-05,2.021738457546903,1.5893595193525216,27.20460241560232,171.3949146641606,169.3577814630347,1.2028577509268557
1935-06,1945-06,1.9471145508528642,1.5382335790019366,26.581201803969524,172.1760946848056,172.61543745153335,-0.2545211327643293
1935-07,1945-07,1.8126409929964702,1.4586299933631637,24.2701028529561,168.3291443551785,167.15758225518786,0.7008728435675016
1935-08,1945-08,1.7043899146273678,1.4172615852061297,20.25937430453091,168.70342522579642,159.7675583698708,5.5930421338971525
1935-09,1945-09,1.7833934024811215,1.4719679771707184,21.157078831904784,180.06369968112148,171.41188603558282,5.047382562340319
1935-10,1945-10,1.8097266993764236,1.4914178472904198,21.342701018651567,187.37282010371786,178.0600305325835,5.230140387643134
1935-11,1945-11,1.7213949598577676,1.5062199756416605,14.28576089122977,193.2906716210435,182.36237894402228,5.9926245425739655
1935-12,1945-12,1.741367103751011,1.4881405765727582,17.016304182864417,195.38863125245163,187.40027265055053,4.262725175857751
1936-01,1946-01,1.7162554650472426,1.5122419757913557,13.490796613361212,203.0212026695674,198.26617788669992,2.3983035500814154
1936-02,1946-02,1.6370537313120082,1.493826844176885,9.587917615313902,204.62051193092307,195.92315671870017,4.439166537475847
1936-03,1946-03,1.5275148055098668,1.3979539908708614,9.267888320007955,196.35764509045254,189.08001748893946,3.8489670659876962
1936-04,1946-04,1.6152001181178517,1.4560719733588234,10.928590596518116,207.95021291000253,202.72325846611375,2.5783693905859772
1936-05,1946-05,1.6999675923760573,1.4342762624768401,18.524417983492025,207.28255991455268,207.51288786033052,-0.11099452576307511
1936-06,1946-06,1.6143295872993029,1.4009259622493602,15.233040917258522,203.6809799437201,205.38634416108053,-0.830320158005704
1936-07,1946-07,1.4086148016972302,1.286470727104375,9.494508659966217,186.90222869573242,186.9656187902693,-0.0339046798802034
1936-08,1946-08,1.3372308616567596,1.2380592734149047,8.010245581240438,179.83557579994243,172.10799680537252,4.489959291844303
1936-09,1946-09,1.116924609948154,1.04046384781762,7.348718774891694,152.10705061217504,146.51729349309466,3.8150835207338973
1936-10,1946-10,1.0182664385651616,1.0075919070304111,1.0594102096562752,146.28203845121507,141.9221941976622,3.0719960878569097
1936-11,1946-11,0.9641885024492628,1.0098981142303511,-4.526160722255024,142.81690067992326,137.922302561304,3.54880829838502
1936-12,1946-12,1.0015236383951105,1.0737913900488458,-6.730148176215856,146.33283464861097,143.61196797044997,1.8945960539450635
1937-01,1947-01,0.9838987326901801,1.1314040694945806,-13.037370182899721,147.67996165819267,146.6296191568729,0.7163235554721314
1937-02,1947-02,0.993088247073902,1.2203062821108936,-18.619754595047112,154.00516340677126,149.8055624635692,2.803367828363079
1937-03,1947-03,0.9436066422870063,1.2054419359021924,-21.7211037559615,145.64872364171936,142.0840810739442,2.5088261407131496
1937-04,1947-04,0.9736081931242019,1.223663613118735,-20.434980440189786,140.91021805664624,139.28318378098177,1.168148394872226
1937-05,1947-05,1.0081798647851317,1.2649480586229158,-20.29871440866232,139.02742317917725,140.5228754622106,-1.0642055808454565
1937-06,1947-06,1.0788744237071524,1.3542015301525716,-20.331324423654983,143.82375329872337,145.71094057358619,-1.295158254715778
1937-07,1947-07,1.079795723202945,1.4831862083815803,-27.197561769321343,151.9929340318048,151.569022250708,0.2796823353492517
1937-08,1947-08,1.034111227883256,1.4636941280468596,-29.349226175883835,147.55900143380865,140.59000497394536,4.956964373928874
1937-09,1947-09,1.1557937676899124,1.432805992794339,-19.33354735376154,141.1984090497085,135.58860694588054,4.1373698205093845
1937-10,1947-10,1.3862291619375917,1.4902977139658165,-6.9830713053493865,145.32467516947733,139.01190608910363,4.541171513990561
1937-11,1947-11,1.4834012147098443,1.4493720081115773,2.347858686922244,143.27057663919152,134.1857576224563,6.770330307554828
1937-12,1947-12,1.4527944945348108,1.3814949517599766,5.161042585352993,139.3873095108936,131.92201120000442,5.658872422412653
1938-01,1948-01,1.3583781991188368,1.3119556446341487,3.538424082746605,135.99190083867086,130.70280208573982,4.046660567737059
1938-02,1948-02,1.3237317834218305,1.239400400939838,6.804208100791631,130.70531615096363,123.99151444197494,5.414726757072219
1938-03,1948-03,1.441769418645571,1.2506354244097253,15.28295061097098,133.4538474844646,127.61578961398318,4.574714373621469
1938-04,1948-04,1.599732938738953,1.312438864692947,21.890091933022738,141.48410404652017,136.37805460604085,3.744040384818015
1938-05,1948-05,1.640786947365997,1.348482175332229,21.67657662673608,147.7727362159894,144.85496250335714,2.0142725262620065
1938-06,1948-06,1.653488675338576,1.3767879005881845,20.09756002592562,152.60416857316406,150.41337805636974,1.4565130742381749
1938-07,1948-07,1.3292293779067634,1.3135384046203409,1.1945576338864505,147.1502845367581,143.33787611459755,2.6597355322277583
1938-08,1948-08,1.2776263099480045,1.2754510014045737,0.17055210596372827,142.5880086886501,136.1374741217571,4.738250513685771
1938-09,1948-09,1.3232962681328777,1.268854963316187,4.290585322250462,141.35063544609793,136.8504503741165,3.288396245448233
1938-10,1948-10,1.2201843253741305,1.2918827504744639,-5.549917364714485,146.13531260193992,140.59574027342674,3.940071240949372
1938-11,1948-11,1.162596112794014,1.2331953635642716,-5.724904005980558,139.63170823382387,132.67723846663833,5.241644947964641
1938-12,1948-12,1.1966014807455059,1.2351962820361957,-3.1245885250777428,139.84173475259612,134.75614017122155,3.7739241973781645
1939-01,1949-01,1.2356102449595419,1.2586746801187378,-1.8324381608296303,142.52461426960403,138.94131230977396,2.5790039695616107
1939-02,1949-02,1.201514129791977,1.215422190959855,-1.144298768882479,138.72316376948777,132.98055487831553,4.318382410441157
1939-03,1949-03,1.2162767711590006,1.2304333268400895,-1.1505341551049209,140.60056855213986,136.1140897584953,3.2961163694403828
1939-04,1949-04,1.375935260645174,1.2187952690586088,12.893058873451269,140.38551714802387,136.65437016153223,2.730353213059522
1939-05,1949-05,1.3249863679216385,1.2035210809698198,10.092493506963729,140.35130759447028,136.68436739732132,2.682779506517896
1939-06,1949-06,1.2280201258075016,1.1407985226373225,7.645662353115457,132.6004967902219,130.2588844891142,1.797660336407536
1939-07,1949-07,1.2796131452824318,1.236057675801194,3.5237408685647065,141.85586816694135,138.30945284756436,2.5641163683046475
1939-08,1949-08,1.341651879854714,1.294644677413481,3.6308960490338382,146.86623189342254,139.905554088549,4.9752691022316275
1939-09,1949-09,1.2521509465854392,1.350174876315544,-7.260091374059597,148.64714839190785,142.9931212154063,3.95405536185498
1939-10,1949-10,1.2755645505508413,1.4093061896910344,-9.489892268869804,154.3757449976849,148.89038969064785,3.684156726592014
1939-11,1949-11,1.3134910679277698,1.4455685934225304,-9.136717973517506,156.467891751068,148.83697444994195,5.12703065170983
1939-12,1949-12,1.395134526663484,1.5154205563714527,-7.937468526623626,162.6096993068419,156.54736880978868,3.872521488635927
1940-01,1950-01,1.4298054905630395,1.5635772454237185,-8.55549383647034,167.19742472500255,162.2780259222459,3.0314633018236004
1940-02,1950-02,1.4798342763371215,1.6266436883640285,-9.025296263532567,170.98291450734814,162.88174662581272,4.973649932761459
1940-03,1950-03,1.49604159278111,1.6622260586891477,-9.997705488932896,172.1236016943447,165.4847371867972,4.011768469048382
1940-04,1950-04,1.5250502339121852,1.7374787893265662,-12.22625316172733,177.44739955553575,171.57770452598683,3.421012680968638
1940-05,1950-05,1.8209874611815449,1.823312422952034,-0.1275130768168098,183.0803412866137,176.95053386047545,3.4641361585106
1940-06,1950-06,2.0301245212645287,1.876067593177718,8.211693898825168,185.43051176171184,177.75236660007386,4.3195740841600605
1940-07,1950-07,1.7878933150247636,1.7050153866280269,4.8608316996272105,169.89605227034534,160.10316275845923,6.116612153790002
1940-08,1950-08,1.842321079533504,1.7896159831877716,2.945050605317623,178.88347425448933,166.55686627345753,7.40084047978764
1940-09,1950-09,1.8236523162040152,1.8454904896853304,-1.1833262540972833,184.63130711339676,173.88216166881028,6.181856345368053
1940-10,1950-10,1.8672225045584574,1.9127596389485422,-2.3807034330312837,190.95809125833816,181.43579308948247,5.248301896064889
1940-11,1950-11,1.8152799328091584,1.915769432597392,-5.245385904920208,190.07027375916968,178.25756415610607,6.626764849495426
1940-12,1950-12,1.8775811124232356,1.924666634471015,-2.4464248095993346,187.38468111127466,178.98341768337298,4.693878090295356
1941-01,1951-01,1.9818926826830312,2.066505386780782,-4.094482629419172,198.29172730847782,190.60744579760794,4.031469745955918
1941-02,1951-02,2.167283917749724,2.1477118120265875,0.9113003715646606,203.42174888542843,191.41245139306818,6.2740419470930675
1941-03,1951-03,2.1250785761223265,2.14218604599174,-0.7985986978779613,199.24214673532862,187.97916050295186,5.991614284392921
1941-04,1951-04,2.238304452568724,2.2226928611714967,0.7023728590642708,201.9436448324788,192.67834796938013,4.808686061897882
1941-05,1951-05,2.2958663527724004,2.270380687314173,1.1225282879047338,201.19721231266107,191.59519478427214,5.011617091545739
1941-06,1951-06,2.225527037955704,2.3111631069196115,-3.7053234671111546,197.62248884680284,186.3572905332781,6.044946393719486
1941-07,1951-07,2.1549286141816233,2.3821130109123825,-9.537095666327955,201.03474771282717,187.34207741132693,7.308913454309951
1941-08,1951-08,2.2907923674760036,2.5534552193999036,-10.286565823763672,209.79430929105678,194.30383345561063,7.97229553321448
1941-09,1951-09,2.3555012300125555,2.6683730012512608,-11.725188760791404,213.3838352199591,199.62834719399683,6.890548471352531
1941-10,1951-10,2.4624559887839443,2.7122860955496906,-9.211052889135352,211.2515475175627,199.5901576822249,5.842667780194022
1941-11,1951-11,2.5062926280983766,2.643111706309515,-5.176439493061535,203.4810234166601,188.8945946167156,7.721993755057777
1941-12,1951-12,2.766123050002909,2.727410886912668,1.4193740765646723,208.45568261970251,196.84224054539382,5.899872934859496
1942-01,1952-01,2.835272495226073,2.8331129553684318,0.07622498261317112,214.61613949565356,202.204284568462,6.138274939960131
1942-02,1952-02,2.909067564017824,2.792706649352747,4.166599978986163,211.54554134415727,195.41407423545917,8.255018054257901
1942-03,1952-03,3.116636981245943,2.788399260172383,11.771546699279645,211.21058624992708,195.25329122452843,8.172612571763938
1942-04,1952-04,3.2430176161090722,2.7199884988425973,19.22909297186488,208.73206160957994,194.02738702622742,7.578659285539335
1942-05,1952-05,3.2382809535855666,2.667869280777038,21.38079541297433,207.44581715435055,191.52176551825778,8.314486655342957
1942-06,1952-06,3.1501107053732262,2.640231815719552,19.311898546859794,211.07387190873933,193.67243061077374,8.984986269386752
1942-07,1952-07,3.115507408011957,2.629760672842179,18.471138464657134,214.34020865735073,196.08205367646153,9.31148702217055
1942-08,1952-08,3.1610879211639906,2.5793446614362296,22.55391721879598,214.09337302735156,196.03348286284753,9.212655869170794
1942-09,1952-09,3.0753230741337223,2.4703086220382104,24.491452067892826,209.58262547186894,194.34343608567346,7.841370767715294
1942-10,1952-10,2.836561742177233,2.3795124041997733,19.207688817708224,204.1553853583684,192.42454860097467,6.096330661905114
1942-11,1952-11,2.8959243956444225,2.418202885152627,19.755228704130978,209.7294871962655,196.71171517866753,6.6176902609863975
1942-12,1952-12,3.012838739833677,2.489646482356898,21.014720812148525,217.19562201187566,207.82865674237433,4.507061449717531
1943-01,1953-01,2.867567713753527,2.469586417661844,16.11530146284512,218.1276041351609,207.75089942087885,4.994782089130734
1943-02,1953-02,2.6834761497796267,2.4142210379315667,11.152877371938974,215.39704737484638,202.3339465510279,6.4562081877466815
1943-03,1953-03,2.640863479000687,2.439897821431938,8.23664236278574,214.9478497724857,203.599127651338,5.57405242943001
1943-04,1953-04,2.4589936576409555,2.3301048030642475,5.53146169250458,203.7683106921969,194.41894843674356,4.808873996402285
1943-05,1953-05,2.384550917560147,2.3403788939130155,1.8873877115374915,203.57491670727674,193.3526078770892,5.286874039312495
1943-06,1953-06,2.2527492747545166,2.246460278999217,0.2799513445259416,195.17821929067472,184.12251901386554,6.004534554503138
1943-07,1953-07,2.22761334123553,2.2586849775822784,-1.3756516138876518,197.6366394142764,185.79477108829326,6.373628416246246
1943-08,1953-08,2.332216301030036,2.239311603578396,4.148806146638062,197.43776211246748,185.25368103647807,6.576971106765894
1943-09,1953-09,2.1933152395142663,2.1354782402391232,2.708386261461815,188.05173734945322,176.72319143270434,6.410333485326825
1943-10,1953-10,2.2734405061608722,2.1843386170895105,4.079124379995824,192.71991088691922,184.60856327576553,4.393808969217261
1943-11,1953-11,2.446628715965104,2.22731665661775,9.846469683407587,197.3689644907829,186.81731786273966,5.6481094733390025
1943-12,1953-12,2.4482527699580334,2.235032649978401,9.5399107472409,199.52757331407545,190.8546320345718,4.544265542338333
1944-01,1954-01,2.4330892438608647,2.2675572497933993,7.300013884216039,204.0734669636721,193.89064918675845,5.2518354132206735
1944-02,1954-02,2.504305844219962,2.2939778381360743,9.168702617231283,208.06808484931463,194.92032639483665,6.74519620280416
1944-03,1954-03,2.4883412621321837,2.3111112478629807,7.668605932885431,211.90252386984966,199.58994162048916,6.168939250842764
1944-04,1954-04,2.658449477020452,2.398928940857338,10.818183554464333,220.5943343414922,209.8225996853694,5.1337342461084345
1944-05,1954-05,2.705969642225039,2.447891777415899,10.542862523178131,227.76411928945174,214.50317574027318,6.182166535956246
1944-06,1954-06,2.6198816397255795,2.4409307345404674,7.33125699360746,228.81863465133063,214.08932572734093,6.879982864138023
1944-07,1954-07,2.671546307577804,2.5184567029817098,6.078707027793828,237.33003782926258,222.7200898735742,6.559780019836392
1944-08,1954-08,2.7646828439970714,2.5420464875203157,8.758154407078923,241.3050986667078,226.42195538702006,6.5731890947802185
1944-09,1954-09,2.886379264270465,2.579698844070909,11.888225670388586,247.02601745988434,231.45747023302764,6.726310112688316
1944-10,1954-10,2.881700724785121,2.5903288312908,11.248451932997483,251.79967424887363,240.2574426837861,4.804109889856267
1944-11,1954-11,3.0144125482122734,2.6386628767082776,14.240154542695581,260.685020480244,246.18713379059562,5.888970096211499
1944-12,1954-12,3.112758172346633,2.720903018349639,14.401658249277594,272.5152696939261,259.5438823913556,4.997762683926976
1945-01,1955-01,3.076139915994939,2.706650893235784,13.651151823182971,276.2705566068866,261.41299356866335,5.683559503066826
1945-02,1955-02,3.0752807422869077,2.7317405311016083,12.575872681684096,284.35689488289626,265.8149185353127,6.975521332569712
1945-03,1955-03,3.0522357997764185,2.653396094847739,15.031291622955623,281.05396917560535,264.9649069421624,6.072148353198692
1945-04,1955-04,3.0791558426132672,2.6917314793224274,14.393128224973006,289.6288520709907,275.98302247039743,4.944445306253198
1945-05,1955-05,2.9704447581135685,2.636330968352904,12.67343872114084,287.3254732098211,271.1102139961228,5.981058026065433
1945-06,1955-06,3.1199870980062667,2.7662166720840125,12.788962972149642,302.8924729086353,284.88161542651767,6.32222527071542
1945-07,1955-07,3.4037028983262325,2.905514562804158,17.14630316776884,322.56630352879694,304.13123651127313,6.0615500166950165
1945-08,1955-08,3.3697497699388532,2.8368768828867794,18.783786151122193,319.2147185903787,299.19417044497544,6.691490049965809
1945-09,1955-09,3.283248164382711,2.905803333919741,12.98934535785743,330.88132361120245,309.7184428269801,6.832941748982213
1945-10,1955-10,2.9930573752218406,2.7713148794071096,8.001346128599085,313.0764172984777,300.552922666401,4.166818449467269
1945-11,1955-11,3.0930533724107323,2.9875788136825854,3.5304360254896805,333.0690772715658,317.89904772331334,4.77196445126058
1945-12,1955-12,3.097689883190974,3.082997588100947,0.4765587604327992,336.3251535578423,323.7048809433539,3.8986970408694255
1946-01,1956-01,2.8991692832601057,3.034830608411092,-4.47014488304548,326.26528197628176,311.6841698111901,4.678168985587083
1946-02,1956-02,2.8937371314765126,3.080234679804553,-6.054653872667714,327.46406008869286,309.78223400599245,5.70782444623934
1946-03,1956-03,3.222912174190175,3.364148015765218,-4.1982647883855755,349.04953917318335,332.5864178831675,4.950028144504426
1946-04,1956-04,3.0687460702268274,3.449603758835417,-11.040621336091272,350.6749721275672,335.49111299654413,4.525860311292185
1946-05,1956-05,2.971472744569117,3.413203308985793,-12.941818122985849,337.47068474023365,320.97460000297906,5.139373874786823
1946-06,1956-06,2.9839298950306636,3.4770541698576936,-14.182243092497238,332.1736064822844,314.80442777832303,5.517450572897364
1946-07,1956-07,3.403428704830536,3.9188966218511068,-13.153394099410754,346.63100618733,328.6933181210583,5.457271893694293
1946-08,1956-08,3.532356616535298,4.027936559705687,-12.3035687336297,344.51266353861234,322.3482508571236,6.875921498737347
1946-09,1956-09,4.025054795219007,3.9540904173307974,1.7947080212726618,330.2153438182431,307.41130839920726,7.418086061239593
1946-10,1956-10,4.126926432465933,3.9632348652771743,4.130251492862547,322.87243130711096,303.12248132714853,6.515501553527825
1946-11,1956-11,4.196162855135933,3.9978186942810434,4.961309554598481,317.4482157095671,295.69347263232,7.357194219940744
1946-12,1956-12,4.155112009527897,4.063443681353479,2.255927123958168,318.7585328313054,300.0925468872024,6.220076485644643
1947-01,1957-01,4.040454775268174,3.9738524672822515,1.6760136047897056,309.7230474591567,290.7162066090416,6.53793645418459
1947-02,1957-02,3.7066433885886068,3.79384157787119,-2.298414087483114,293.363477041921,273.3329488555178,7.328252327527185
1947-03,1957-03,3.9686481110555345,3.934174029798443,0.8762724016776025,294.30269327332275,278.8920061241181,5.525682633709583
1947-04,1957-04,4.19709887087092,4.026664453939747,4.232645130497947,297.96518919416144,282.0336119540204,5.64882218461904
1947-05,1957-05,4.41591283701048,4.143591583413075,6.572106543693046,305.9344706309094,286.30168945213654,6.857375245092645
1947-06,1957-06,4.336322297181646,4.170528769776817,3.9753598777763965,307.3327063038253,285.91545285641587,7.490764571638953
1947-07,1957-07,4.166653408068669,4.215540688838264,-1.1596918255121214,308.86255360286185,289.8232214919191,6.569291450469095
1947-08,1957-08,4.066397136007914,4.020422834525576,1.143519061913878,289.789336570626,270.8466871742677,6.993864164995411
1947-09,1957-09,4.0897974578487775,3.9292989791567474,4.084659364008836,276.0062734318989,256.61497495616,7.5565732198799695
1947-10,1957-10,3.7353109481613935,3.6673842252477913,1.852184520126543,256.8288005769896,240.34550406428983,6.858167194294862
1947-11,1957-11,3.697770402996691,3.5748158246960613,3.439466096441013,248.64522717855127,232.1590451827116,7.101244744896706
1947-12,1957-12,3.8000904467753034,3.615752932824845,5.098177817322336,246.7347730870004,232.68149532052058,6.039705799174677
1948-01,1958-01,3.944890689374703,3.7003874180579674,6.607504666229125,247.86630215091947,232.16213414424635,6.764310667869644
1948-02,1958-02,4.122308570866872,3.6663384063150866,12.436663341452592,246.63714690122697,228.21343800456737,8.073016671477017
1948-03,1958-03,4.096130403630002,3.6792698844283698,11.329979378949462,247.67008404470346,231.5671328558841,6.953901872957524
1948-04,1958-04,3.871831335365111,3.730001875374571,3.802396479393111,245.90617276340694,230.17705850043805,6.833484781429222
1948-05,1958-05,3.822582809980488,3.8711277702954923,-1.2540262991964868,251.6747317416684,235.68131387660748,6.786035601207829
1948-06,1958-06,3.786221102276602,4.020432329299275,-5.825523422340362,255.6523993019989,239.0772774211169,6.932955762117943
1948-07,1958-07,4.015899641129105,4.225154233548336,-4.952590623975805,259.7323725732991,246.32175332191173,5.444350354985228
1948-08,1958-08,4.317659310244323,4.445715544834123,-2.880441478956075,268.04883257074425,251.3645532971084,6.637482912682335
1948-09,1958-09,4.4749393885201485,4.568414514621707,-2.046117439702133,272.5241856110231,251.9735711541919,8.155861093961914
1948-10,1958-10,4.506817085180971,4.729922799638677,-4.716899702353494,280.78015879438226,260.5219853730132,7.775993796594016
1948-11,1958-11,4.849548175004201,4.812414693407127,0.7716184901510159,285.5112282559644,265.20528008277927,7.656690759266538
1948-12,1958-12,4.958363884348925,4.866326728859763,1.8913065360641745,288.7511016293043,267.9572064102061,7.760155249292144
1949-01,1959-01,5.047474089769134,4.973772517272106,1.4818042490099437,295.88890636235624,271.99613066081105,8.784233674022502
1949-02,1959-02,5.129464003923293,4.824160812703468,6.32862798470295,289.1495240238549,262.33040368441834,10.223412903256058
1949-03,1959-03,5.195484686390032,4.8716392340261505,6.647566390014492,293.02112524324104,266.91994239454004,9.778655957493164
1949-04,1959-04,5.277834485330249,4.881730003388989,8.114018629999563,293.4061639555331,268.0025066428472,9.478887951798143
1949-05,1959-05,5.357984426075377,4.84808534628496,10.517535137477463,294.2354742219929,269.0953009769529,9.342479468711783
1949-06,1959-06,5.60446550053132,4.709942910875553,18.992217243021315,287.13274118094927,262.23608767615224,9.493984495201557
1949-07,1959-07,5.432270722147386,4.7053302186608095,15.449298342624562,293.4666372086709,270.05129146737346,8.670703114977085
1949-08,1959-08,5.219975256047054,4.616837271940615,13.063877901265485,288.11645013908884,265.6090821791696,8.473869859893068
1949-09,1959-09,4.938027331031846,4.355025513907577,13.386874893441592,272.45271621574517,249.60041518395104,9.155554094312057
1949-10,1959-10,4.738982619350848,4.213108627565346,12.481852196851406,268.0769543397954,248.14266597788725,8.03339815962345
1949-11,1959-11,4.6985454812708225,4.15808178178307,12.99790932096554,266.1092409542538,248.40079406022525,7.1289815964658665
1949-12,1959-12,4.6683226877112265,4.168952917621607,11.978301985106388,271.5008440624498,253.79260415414146,6.977445212529987
1950-01,1960-01,4.477365872918378,4.020348100183819,11.36761696614439,264.7675547844035,245.6142836594627,7.798109637424955
1950-02,1960-02,4.195280411622793,3.7699348839785074,11.282569612857806,251.01663262854333,230.2322994041002,9.027548818405705
1950-03,1960-03,4.111204706288771,3.651465960701241,12.590525299576939,245.16305577118501,226.7888014508549,8.101923112068565
1950-04,1960-04,4.025690993573261,3.6094413841179565,11.532244609563701,245.05431444197816,227.35798040205083,7.783467291816115
1950-05,1960-05,3.86600807971173,3.5214703705842774,9.78391617335368,240.5182679918945,223.93229741200253,7.406689777033915
1950-06,1960-06,3.9381058553355475,3.592661091661438,9.615289470968635,246.2963339497144,229.71372503884928,7.218815030778281
1950-07,1960-07,4.18044003106073,3.4966438714362114,19.555785054646012,238.0137822014575,222.99200977110365,6.736462192422654
1950-08,1960-08,4.010913534178713,3.4852417519190046,15.082792519924016,238.33439441532622,219.66478096168018,8.49913826509261
1950-09,1960-09,3.762517552174794,3.322851352753782,13.2315939759581,228.92089988920327,211.27461229684104,8.352299124122474
1950-10,1960-10,3.5371057058968525,3.1970673260613527,10.635946796103667,220.8801377026125,207.35678425955842,6.521780076472572
1950-11,1960-11,3.6627462310575494,3.260402221266823,12.340318233325087,226.07423650767316,215.4094218583056,4.950950871769577
1950-12,1960-12,3.7988397160661496,3.3303421646461935,14.067550067178392,229.42269722159244,217.64859197947368,5.4096859230907235
1951-01,1961-01,3.766962684349839,3.495752685753886,7.75827190811309,238.92148343229263,223.46957466765735,6.914546997109228
1951-02,1961-02,3.813585966950904,3.6323010191567855,4.99091200971562,246.48309447365511,229.3646042697669,7.463440254170317
1951-03,1961-03,4.002733789503357,3.7266643953735508,7.407948901235417,251.94598878331126,237.05657573829893,6.280953396310607
1951-04,1961-04,4.041513116103753,3.784409373630356,6.7937613796458685,256.20992361925096,239.9753634389749,6.7650945278824315
1951-05,1961-05,4.082566564314252,3.801013515336831,7.407315123752478,256.36682654550555,240.7377529219261,6.492157309721214
1951-06,1961-06,4.085035694183959,3.7155423826170626,9.944532278666717,250.5482821352792,235.1575806345438,6.544845996121196
1951-07,1961-07,3.9631163961361335,3.6323465158357946,9.106231436298673,245.74689668663603,230.78724573732543,6.482009394200738
1951-08,1961-08,3.933924858084627,3.7230042985575156,5.665332151478664,252.94940249112605,233.15883763163507,8.48801832283872
1951-09,1961-09,3.8104164891645613,3.6714738044399264,3.7843844767899704,247.834301479893,229.69051705673766,7.899230954612513
1951-10,1961-10,3.875886276352074,3.7004603864618133,4.740650393990409,248.3207422003123,235.33553644172733,5.517741160098999
1951-11,1961-11,4.186833133903402,3.8752935041835226,8.039123472417288,257.16364463327074,247.0947357877592,4.074918396545768
1951-12,1961-12,4.103937663348417,3.8836564403352853,5.672005914975187,256.9365393955217,243.39633335999693,5.56302794237169
1952-01,1962-01,3.8145704141953414,3.6981117712938114,3.1491379953826115,244.98309699220204,229.14313793399714,6.912691866324816
1952-02,1962-02,3.8971504561369685,3.6870498664371922,5.6983387073849645,245.97475593617355,230.31305977665517,6.800177191300505
1952-03,1962-03,3.8813262589623982,3.6565675039457206,6.146714227869321,243.9084033341409,230.05945409949905,6.01972620027702
1952-04,1962-04,3.76108991615841,3.508693667767715,7.193453526858429,233.15626896022334,218.58307498045733,6.667119117556997
1952-05,1962-05,3.474782914113336,3.2302433276894322,7.570314729163785,213.84298955279755,201.0453635463041,6.36554147817785
1952-06,1962-06,2.992692317552624,2.8478711634797684,5.08524247620461,187.2471536876166,176.42430758612366,6.134554954231364
1952-07,1962-07,2.9864733096035834,2.9283066676141867,1.9863575981537318,189.66231973032617,180.73196007525175,4.941217730032954
1952-08,1962-08,3.049929402157814,3.0110055081093208,1.2927207852547085,193.3511794996602,180.6001025408266,7.06039297843204
1952-09,1962-09,3.0557675030335667,2.97783311135269,2.6171510882782245,189.54244786243933,177.55420145253052,6.751879883345868
1952-10,1962-10,3.0172972908384876,2.8951385462361903,4.219443824583435,182.13594788442987,174.25792733687274,4.520896505515903
1952-11,1962-11,3.1203490464195216,3.092192820388352,0.9105585474981304,193.09319258134474,186.9543306689661,3.283615784888405
1952-12,1962-12,3.123976497985485,3.2252144090184145,-3.138951343819052,199.80740504255766,190.24194474959964,5.028050099860093
1953-01,1963-01,3.209622164301798,3.3434025281774518,-4.001323883324925,205.88254388115527,193.74592917530342,6.264190818105142
1953-02,1963-02,3.2739248751215095,3.375359739368821,-3.005157141154957,206.92433430449228,194.37625623501867,6.455561143384636
1953-03,1963-03,3.240966448291843,3.35533929331456,-3.408681955073889,203.7602414924461,192.01962202692457,6.114281103977648
1953-04,1963-04,3.561645855733366,3.498668594234389,1.800035064846095,211.55551747638773,197.8551201693359,6.924459319185794
1953-05,1963-05,3.6199065022605765,3.541844793709013,2.2039844515551854,213.741352112902,197.64089441773675,8.146318980491497
1953-06,1963-06,3.745874729231409,3.4932608840199304,7.231462338443473,210.8915313997509,195.39112141011083,7.933016545365912
1953-07,1963-07,3.618813048502948,3.36976421350519,7.3906902447248735,204.9334536159272,191.07320862634697,7.2538924160134854
1953-08,1963-08,3.7090918536980007,3.408000863791873,8.834827276749046,208.44790296994597,190.9514205428348,9.162792493175665
1953-09,1963-09,3.97988201324186,3.4252081205751965,16.193874157156806,211.69290815533833,194.72006061598665,8.716537723775852
1953-10,1963-10,3.8656368002286623,3.3430768054858024,15.631109458369853,209.0808773005688,195.08389974845338,7.174850190181514
1953-11,1963-11,3.738244319775274,3.22525668292763,15.905327460076602,205.58853545163666,196.22967649772593,4.76933923601468
1953-12,1963-12,3.7464857479326863,3.1931564739266927,17.32859878694115,207.03845061975696,195.1262179140322,6.104885767310364
1954-01,1964-01,3.757610569002001,3.1937629197621136,17.65464949670985,211.09909644552351,196.95766850230765,7.179932647837051
1954-02,1964-02,3.7138137430569187,3.139252890398175,18.30247108845913,211.42853031756118,197.92412352815177,6.823022150449809
1954-03,1964-03,3.6952883695139684,3.1008377435967054,19.170645969619528,213.04102735330784,201.2123291972766,5.878714392513151
1954-04,1964-04,3.5844953934407595,3.046113878137095,17.674372556055616,213.91082120100984,201.12400998195147,6.357675157832143
1954-05,1964-05,3.4876668863493627,3.003804712036105,16.108309983483448,213.9089380324978,199.8210182190888,7.0502692554407
1954-06,1964-06,3.4224922425084725,2.9066233847748895,17.74804608108993,210.0039074460173,197.82254509890242,6.1577219831161045
1954-07,1964-07,3.395285335248393,2.923063311074734,16.155039214666722,215.11417970548868,203.99538659887406,5.450512039509037
1954-08,1964-08,3.285825377175137,2.805947820828772,17.102155385221216,210.79372276954518,196.52786817589666,7.258947408354466
1954-09,1964-09,3.2384975408838037,2.7567848212594113,17.473714883714653,211.92661365630997,198.83590835392565,6.5836726428120995
1954-10,1964-10,3.215019979693092,2.7236253063300078,18.041933749882123,213.82355492384093,203.66124796314224,4.989808843034194
1954-11,1964-11,3.1011980621478092,2.6694883604853725,16.172001648433575,212.9107519707835,207.85232282179788,2.4336649599641325
1954-12,1964-12,2.899834641668968,2.5480755501575567,13.804892538985381,207.67191951349915,200.31235528010896,3.6740440813542774
1955-01,1965-01,2.9183492681772973,2.556228229034909,14.166224871051725,211.5798831018526,202.60769674399208,4.428354155369263
1955-02,1965-02,2.841536039748659,2.527098303506227,12.442639679119916,211.70924153735376,202.81081108564518,4.38755232232213
1955-03,1965-03,2.854421914781189,2.4803579486893477,15.08104772899821,209.90256396872843,203.11804838587017,3.3401835222291565
1955-04,1965-04,2.7836764105574283,2.4487184023714117,13.678910889126051,210.61987243941678,201.56323792522448,4.493197572839214
1955-05,1965-05,2.8341690819052228,2.434596067303525,16.41229195955496,212.45844485354235,201.97214625528161,5.191952847303316
1955-06,1965-06,2.533633441044806,2.2616613100378395,12.025325357067551,199.86161961523808,190.74917036447076,4.7771894542743665
1955-07,1965-07,2.3649208228907352,2.23709417655422,5.713959102669763,198.53529108267983,192.37064978018424,3.204564370676999
1955-08,1965-08,2.4222336412189915,2.2533626704643774,7.494176280101983,201.35081286072375,192.68862032555998,4.495435444256346
1955-09,1965-09,2.4029281402999083,2.3104616069602293,4.002080495998084,207.12144655296947,198.28817047014115,4.454767050341246
1955-10,1965-10,2.5769239318679227,2.3429302096030242,9.987225454084058,210.19362644931766,204.55372526130685,2.757173540010638
1955-11,1965-11,2.432763212990418,2.341952308500132,3.877572748201885,210.86517009573703,208.17946241986962,1.2900925214470504
1955-12,1965-12,2.381535436450562,2.3102065342906997,3.087555207775483,208.33580097959904,204.1014530792834,2.0746289830042564
1956-01,1966-01,2.488014914893842,2.3443286042332994,6.129102822918231,211.05665123499003,204.85374986915403,3.0279657413144534
1956-02,1966-02,2.438576734921531,2.3072301993415882,5.692823178953921,207.36616696657137,199.84920062295237,3.7613191947667435
1956-03,1966-03,2.179921213471986,2.209284770942442,-1.3290978988611757,197.36092300505476,192.14804418539504,2.7129491958971297
1956-04,1966-04,2.2138386184021495,2.284731124623506,-3.1028817989704915,201.44405181230147,195.5120650041889,3.034077108226274
1956-05,1966-05,2.1724056433014396,2.183526754189789,-0.5093187370848518,190.20655793057117,182.72089256754455,4.09677582997765
1956-06,1966-06,2.175178982635026,2.173533836094549,0.07568994386730754,187.39930131000798,180.08315935978877,4.062646377500667
1956-07,1966-07,2.0660509814197554,2.1726033209834816,-4.904362362637493,185.6888765348527,180.98892731388418,2.596815888530868
1956-08,1966-08,1.9333824175266114,2.022601132176801,-4.411087941702519,172.9106143947965,167.32191299343677,3.3400893531374765
1956-09,1966-09,1.9377367936021248,1.9677873004655009,-1.5271216993964387,166.43479566256534,161.37670604590434,3.134336882066613
1956-10,1966-10,1.9406839803271516,1.9564161518608962,-0.8041321637413668,163.56142063888947,160.8043937948422,1.7145220842440079
1956-11,1966-11,2.0586286684680686,2.074652651460768,-0.77236943646527,171.26458332063524,170.42576119038765,0.49219209841786515
1956-12,1966-12,2.0440379143303455,2.1133859507578445,-3.281371128762889,171.42311251613444,168.16359625495681,1.9383007581710965
1957-01,1967-01,2.168894791547181,2.2203183498438808,-2.316044377164006,177.41797403205217,172.46170743650327,2.8738359774001854
1957-02,1967-02,2.351961190499979,2.323502342191302,1.2248254624885657,182.82494038722234,175.13007953546065,4.393797383163767
1957-03,1967-03,2.3767997493499102,2.388645888993954,-0.49593536231663515,185.68982594647005,178.1446886432162,4.235398406047941
1957-04,1967-04,2.3630469934130995,2.4381713293000797,-3.08117542783779,187.4174761890469,179.42098005540532,4.456834496819861
1957-05,1967-05,2.3166478332594433,2.493409525395931,-7.089156046615308,189.31089964161163,179.77276890149864,5.30565936008871
1957-06,1967-06,2.2509619491298123,2.4736481108223924,-9.002337912102853,185.57072464490153,177.14537131693925,4.756180342351746
1957-07,1967-07,2.2528877408108565,2.535099925319372,-11.132191740842812,187.43044693213642,182.2791912315055,2.8260251023873195
1957-08,1967-08,2.4133430028191025,2.573744994688787,-6.232241041777331,189.05998472261493,182.85347210325185,3.394254726461221
1957-09,1967-09,2.54094146184592,2.5889942792036376,-1.8560418516065047,190.18353597846573,182.82581247462366,4.024444581567677
1957-10,1967-10,2.6947155582461315,2.5507761127735167,5.64296665441586,188.26604513254293,182.70945503213653,3.0412165037813965
1957-11,1967-11,2.6664930799491677,2.4266966104762027,9.881600709283077,180.65876087817614,176.23866901640045,2.5080147770319083
1957-12,1967-12,2.732609236383718,2.432179987503202,12.352262185535334,184.0176014554214,176.80774936045822,4.077791907335726
1958-01,1968-01,2.6730479885616654,2.3701958683231226,12.777514478278373,181.18576446126443,172.46974159946473,5.0536533428810815
1958-02,1968-02,2.534045426478477,2.2014574668362688,15.107625954735004,171.369919827012,161.4432481402033,6.148706620538258
1958-03,1968-03,2.4455543516521563,2.119462516621342,15.385591038931912,166.70187197255504,158.1311228586721,5.420026721458848
1958-04,1968-04,2.611079803153606,2.2236356818526333,17.423902866056352,177.4026585253005,168.90803927080393,5.029138512985432
1958-05,1968-05,2.578461694103665,2.2126110588775925,16.53479194900438,179.76724974026854,169.14088638862466,6.282551533535385
1958-06,1968-06,2.568820160003114,2.2071936990401917,16.383992991651674,182.37355697165376,173.58754552371252,5.061429621251845
1958-07,1968-07,2.4878238245611835,2.1530118655109334,15.550864554608278,179.85854000840789,175.457415234805,2.5083720558137124
1958-08,1968-08,2.329917497927595,2.047846986087147,13.77400331942793,174.4233644564376,170.17067384315325,2.499073734175883
1958-09,1968-09,2.336032326296832,2.069434907720499,12.882619191438716,178.65653138589798,174.43852637843395,2.4180466867240735
1958-10,1968-10,2.2862532397474586,2.0805843770243384,9.885148855018745,181.10859698911275,178.82552940761622,1.2767011449984267
1958-11,1968-11,2.2535762739889456,2.09375202881345,7.6333893878574255,182.5184018411384,181.6111119722609,0.49957838979373115
1958-12,1968-12,2.2202521047478827,2.087130649818673,6.3782042078091905,183.0793873809923,179.2854638092085,2.1161356259318476
1959-01,1969-01,2.0460813520907153,1.9842199423615723,3.1176689845943795,174.1227432231382,168.5902224596671,3.281637975651086
1959-02,1969-02,2.0487104926249233,1.9508432440784234,5.016663888478257,171.70057064416014,165.23898159748765,3.910450781167696
1959-03,1969-03,1.93840484783703,1.890927489549468,2.5107974023305335,165.99630719641215,160.1032753686679,3.6807690624532263
1959-04,1969-04,1.9408030057535426,1.9293905763799983,0.5915043596282477,167.8830221509582,162.90690745379737,3.0545756315287775
1959-05,1969-05,1.9687144122572993,1.9918632893512433,-1.162171983273197,172.33434253448362,164.65143606116584,4.6661642662282565
1959-06,1969-06,1.8784218636047392,1.892407049879496,-0.7390157564487687,161.95798178265204,156.10853382077357,3.7470392032469935
1959-07,1969-07,1.7229531188625775,1.8054453865555142,-4.5690813085361714,153.46790943701185,151.76401193871993,1.122728291460784
1959-08,1969-08,1.7142338477002725,1.795890653567111,-4.546869582769231,151.48933370352756,150.61427075224594,0.58099604168389
1959-09,1969-09,1.79262888243263,1.8099991395650215,-0.9596831707094577,151.31468919417256,150.06549383964293,0.8324334412709744
1959-10,1969-10,1.809979675753899,1.8307669862054126,-1.135442719261548,151.73120098597002,151.00389206096605,0.481649125116812
1959-11,1969-11,1.8061864540732848,1.8417471379816597,-1.930812497276102,151.61410150449356,151.68067410621458,-0.04388996957805924
1959-12,1969-12,1.649157371440758,1.737409473734429,-5.079522336434595,142.4666810914192,139.89205702652706,1.8404362046116285
1960-01,1970-01,1.6540393260998931,1.7151779904679412,-3.564566750962561,140.60963581555438,137.36279875639448,2.3636946018535943
1960-02,1970-02,1.657940415129478,1.6471241914380441,0.656673233728089,134.7698525567794,130.41161636933953,3.34190795940823
1960-03,1970-03,1.7006956051937252,1.6514514370095181,2.9818720115306174,136.09473655887848,131.47520439261564,3.5136147440150367
1960-04,1970-04,1.6209759470391776,1.5742410599906107,2.9687249453934195,130.64821376939574,126.50099299327655,3.2784096614479674
1960-05,1970-05,1.444734392086229,1.3712925521406003,5.355665341504645,115.16675091343191,110.14314382481186,4.5609802972487845
1960-06,1970-06,1.3831060562781143,1.341124669040178,3.1303120587575117,113.82305631627958,110.91220808901288,2.6244615244974456
1960-07,1970-07,1.4142677529850411,1.3230605407143927,6.893653726639037,113.44836845315501,114.0397022607094,-0.518533279052702
1960-08,1970-08,1.4388668274598058,1.344777107057686,6.996677732563739,116.71465915694355,117.43266637007012,-0.611420344373248
1960-09,1970-09,1.5645904912062374,1.3976119884262674,11.947414887875297,122.9955997416103,123.19272812354089,-0.1600162484695522
1960-10,1970-10,1.6334988165991597,1.4063870604489328,16.14859540002669,124.8399375020872,124.13051164749413,0.5715160963870813
1960-11,1970-11,1.5728887871004613,1.3701652974307565,14.795549854447376,123.83261323004864,123.15597848306616,0.5494128302309775
1960-12,1970-12,1.6330466260806988,1.4267345823916637,14.460436176095914,131.41732912120594,128.72188771272496,2.094003946319156
1961-01,1971-01,1.6126511456503148,1.4524747650806173,11.027825365407097,136.15919456768532,132.33276169153586,2.8915234800802825
1961-02,1971-02,1.6051652239308956,1.4864186922749263,7.988767382508533,140.81814975280244,136.02645142524008,3.522622458614877
1961-03,1971-03,1.5923933996957778,1.5053512367440136,5.7821829767803035,143.82193297726403,138.93069136931447,3.520634324742078
1961-04,1971-04,1.6000682755277702,1.5411985233169974,3.8197384256553946,148.1208940763834,143.56739502659048,3.1716804842419455
1961-05,1971-05,1.5548412454272105,1.5088519649948935,3.0479650422480464,145.16208100435057,138.88483821274443,4.519746627771304
1961-06,1971-06,1.535302731378169,1.4774125730680967,3.9183474789207695,141.24765088799523,138.16919302334614,2.2280349166756253
1961-07,1971-07,1.5350827990460538,1.4962816958658776,2.5931683377121484,139.7163815086712,141.25708428507076,-1.0907083239027338
1961-08,1971-08,1.4474767088490672,1.4800860358635883,-2.2032048289337802,136.7334122736455,138.45495086416213,-1.2433925834877568
1961-09,1971-09,1.4965185447908063,1.5379984248924286,-2.6970040690726615,139.67416313809858,141.57681619693398,-1.3439015722664593
1961-10,1971-10,1.4455784537560215,1.52151735192394,-4.990997839879697,136.2490936319078,136.52589238704766,-0.20274451263437854
1961-11,1971-11,1.319382356331029,1.4754832370261464,-10.579644470223904,129.86605702863454,130.3608270929909,-0.37953891164207443
1961-12,1971-12,1.3908017418950043,1.590834314027207,-12.574066976580301,138.15055285286502,137.56818920770104,0.42332725938896143
1962-01,1972-01,1.5047722070436995,1.674190719568581,-10.119427287742855,143.85223178470403,141.12019133405,1.9359670822632014
1962-02,1972-02,1.5050813662095555,1.7097262159375648,-11.969451472427007,145.6304050183451,140.6224101094112,3.5613064127100635
1962-03,1972-03,1.535529803254705,1.7538658597943888,-12.448845806559007,148.56731896315893,143.4177545778676,3.5906045248361496
1962-04,1972-04,1.6034758709799761,1.7817761405017893,-10.006883887871554,149.53416501518655,144.51589923928836,3.472466214661263
1962-05,1972-05,1.7100656523849678,1.7576013549893368,-2.704578172372729,147.41992434999443,139.81463553108716,5.439551295912981
1962-06,1972-06,1.935664573659317,1.743166443224767,11.043014921652471,147.11338166891608,141.53741751050376,3.9395689539117873
1962-07,1972-07,1.8721778980574286,1.69396660332376,10.520354674289178,144.74733272127202,141.85226619652516,2.0409025547297066
1962-08,1972-08,1.881497212999398,1.720939329136977,9.329665557875199,148.9637895496287,147.20849185209258,1.192388886980611
1962-09,1972-09,1.8715186452786374,1.6701101135940446,12.059595953895851,145.9427026898062,144.9605214400063,0.6775508531861929
1962-10,1972-10,1.9254285933031505,1.6333310884914707,17.88354528177496,144.99053928810278,142.58013606106917,1.6905603358389198
1962-11,1972-11,1.8859945568451593,1.6720690271988543,12.794060900983562,151.27951162533137,148.74687206288212,1.7026506354893778
1962-12,1972-12,1.8399630000813219,1.6748267574837006,9.859899948441587,153.51037601679775,151.16736771153387,1.5499431793605911
1963-01,1973-01,1.7799869624072355,1.6594027998545633,7.2667204468523705,153.81966918705004,150.19899815476634,2.410582678156703
1963-02,1973-02,1.6819248782415757,1.5680802255808401,7.260129348201283,146.91701693955716,142.0032000196642,3.4603564702855305
1963-03,1973-03,1.6511588868299165,1.5139004397515432,9.066543840947672,142.93569691670527,138.98194681697038,2.8447940112263037
1963-04,1973-04,1.53651233618054,1.4532926413241603,5.726286123664304,138.9993142042476,135.58841126491305,2.515630139415337
1963-05,1973-05,1.4537924424575714,1.3858897750335635,4.899572004011898,133.98447287304836,129.19257624100615,3.7091114454618657
1963-06,1973-06,1.416755561347374,1.3350660138666979,6.118764662736176,129.98713472322777,127.75882359890751,1.7441543852313002
1963-07,1973-07,1.453108734250215,1.3343931964666327,8.896593455207324,130.8441839033143,130.97818495906773,-0.10230791928846905
1963-08,1973-08,1.3626979462824462,1.266361777966724,7.607318065963731,125.98521260818316,126.56262351776698,-0.45622545861871977
1963-09,1973-09,1.3478247904003586,1.2701761534459666,6.113217977186292,127.84725406409281,129.46733577799796,-1.251343981220998
1963-10,1973-10,1.390174258041423,1.2987243245505808,7.041520033321014,131.73731323664222,131.88510573597216,-0.11206155426360942
1963-11,1973-11,1.290404135952489,1.1839498529091081,8.99145202660483,121.55008170368812,120.89400845209987,0.5426846706370947
1963-12,1973-12,1.170648020974953,1.0821314510141582,8.179835257337587,112.27740632193068,112.1990149140884,0.06986817834568892
1964-01,1974-01,1.142293221081596,1.0770010698131534,6.0624035665786336,113.03635580482384,112.73338793487464,0.2687472411671221
1964-02,1974-02,1.083844280798606,1.0242471009627245,5.818633001730156,108.70467608685001,107.1887025900089,1.414303429569097
1964-03,1974-03,1.0964898026119163,1.0450905557377155,4.91816202835349,112.16594156676487,111.40931078728005,0.6791450141267807
1964-04,1974-04,1.0220239169604817,0.9803345496254701,4.252565346282933,106.22891495709466,105.29097511378339,0.890807443180841
1964-05,1974-05,0.9702558178487565,0.9324302543787752,4.05666410890777,102.0594495901648,100.43637448326015,1.616023194042282
1964-06,1974-06,0.9732781909987697,0.9222169855824794,5.536788653273339,101.72066865813942,102.2177587040998,-0.4863049750477799
1964-07,1974-07,0.8259112493278458,0.8077636389894538,2.2466485816439397,89.47469764213419,91.25000228941403,-1.9455392906722047
1964-08,1974-08,0.7924777282166721,0.7625743032174377,3.9213785296811743,85.2412296008326,88.50004950678748,-3.6822803197471
1964-09,1974-09,0.6933241902581248,0.6757048517311631,2.607549506536877,75.98327365876422,79.47141492369906,-4.389177251070498
1964-10,1974-10,0.6892679493557439,0.6795351080490003,1.4322793909335108,77.33939783216023,80.91087633439994,-4.414089506927354
1964-11,1974-11,0.7051794717457113,0.6958872207495109,1.3353099064230545,79.93153931368853,82.521457354916,-3.1384783112693992
1964-12,1974-12,0.6670482045631905,0.6428922166706993,3.7573931160010066,74.75876759025765,76.82848047911143,-2.6939396379400127
1965-01,1975-01,0.7020554062919098,0.6889857353991123,1.896943611644808,81.26323966308061,83.61066537528161,-2.8075673141275903
1965-02,1975-02,0.7645546473931544,0.7508484047435215,1.825434077377408,89.68952523881555,90.09065733241601,-0.4452538204049006
1965-03,1975-03,0.7994207340682568,0.7815809269386981,2.282528464382283,94.04144835722437,93.64956549609956,0.4184566784147359
1965-04,1975-04,0.7983825985788654,0.7893439156555215,1.145088059092414,95.28307833409225,93.91869903467042,1.4527238062765013
1965-05,1975-05,0.8327373824116396,0.8328913455853053,-0.01848538521641574,101.32088891309891,98.98852401948439,2.356197262983173
1965-06,1975-06,0.8962554558880078,0.856259698774586,4.670984418706237,103.64779598194416,102.6355034246388,0.9862986233108328
1965-07,1975-07,0.8892332753858341,0.8477579793091053,4.89235101160943,103.0462429642434,102.68873486106489,0.34814734416799276
1965-08,1975-08,0.8083582572863334,0.7846240926225891,3.024908983410546,95.76320062114821,97.24665822401585,-1.525458694375248
1965-09,1975-09,0.769381692094139,0.7768919175487742,-0.9667014529294193,94.61392428915902,97.90824950564078,-3.3647064809303684
1965-10,1975-10,0.7861082119226622,0.8219239485417491,-4.357548734603833,99.01454290657735,103.16521308591288,-4.023323419958413
1965-11,1975-11,0.7878570966238123,0.8431637379408152,-6.559418868282152,100.5210537957282,103.26974588199009,-2.6616624867102034
1965-12,1975-12,0.7798336133016988,0.8398091515899101,-7.141567601956567,99.18526054626818,101.50842211193871,-2.2886392255301313
1966-01,1976-01,0.8361619601935072,0.9250829143436812,-9.612214513037543,108.69841496690533,111.78943915804236,-2.7650413262804596
1966-02,1976-02,0.8771970726093652,0.9714038773278999,-9.69800583642667,113.00448968240308,112.82734399703843,0.1570059872802565
1966-03,1976-03,0.9209690382161254,0.9823905976250508,-6.2522544044510635,113.83134833810789,112.33956047901967,1.3279274484671255
1966-04,1976-04,0.903517039402825,0.9926080208931383,-8.975444446857296,114.74984710357833,111.76198622506702,2.673414261352103
1966-05,1976-05,0.9407960193077435,0.9795743496778408,-3.958691893356603,113.59837587761692,110.05911012509925,3.215786270209464
1966-06,1976-06,0.9525106292949407,0.9785589435147896,-2.661905487909444,114.07762137677591,111.63554012591045,2.187548202043099
1966-07,1976-07,0.9755879228262556,0.9946490879343853,-1.9163708426772508,116.55415203551722,114.70325054858603,1.6136434478351447
1966-08,1976-08,1.030441293613949,0.9805842897037703,5.084417977493838,115.3219032431158,115.44569594804192,-0.1072302470088049
1966-09,1976-09,1.0869519507174448,0.9846779344536195,10.386544948889842,117.69483678801237,119.6860023570467,-1.6636578462152163
1966-10,1976-10,1.0601668819568122,0.9351532507529683,13.368250722882614,113.3681136288387,115.77004759271567,-2.0747455959654437
1966-11,1976-11,1.0012941609848367,0.9099407934225796,10.03948479094423,112.7040332826099,114.07614228237586,-1.2028010172096648
1966-12,1976-12,1.0283381078713192,0.9273517048994119,10.889763014223508,116.57444170101144,118.50054220002228,-1.625393827953714
1967-01,1977-01,0.9772335597669133,0.9025349481793523,8.276533971149536,115.3298061494116,117.74514760273378,-2.0513299295113474
1967-02,1977-02,0.9104672679125382,0.8610467099487653,5.73959082506843,111.48125072083685,111.17673987758089,0.2738979786520712
1967-03,1977-03,0.8833647733707694,0.8524714169722355,3.62397562938348,110.76495165698671,109.93706166942047,0.7530581361685718
1967-04,1977-04,0.8512500141747505,0.8363693951188993,1.779192201758617,108.65020343034843,106.71760621458755,1.8109450580017894
1967-05,1977-05,0.833021462756398,0.8302712993434632,0.3312367192638721,108.33265397125112,106.18946077902382,2.0182729778496666
1967-06,1977-06,0.8459226775271216,0.8295997529029595,1.9675662350482126,108.75960888798127,107.80541071625413,0.8851115777839924
1967-07,1977-07,0.8384404660462865,0.83046222579077,0.9606987539884315,109.77217221046651,109.1470430689,0.5727403363294803
1967-08,1977-08,0.8058850368685904,0.8063576247648369,-0.058607729589499336,107.30108614238642,108.45919868416571,-1.0677863711235136
1967-09,1977-09,0.783261645235483,0.7925713054135551,-1.174614840896171,105.89000439052485,108.94561800969693,-2.804714567684685
1967-10,1977-10,0.7651250715118884,0.7698167124777936,-0.6094490922136986,103.44292539949662,106.90690069811079,-3.2401793298600268
1967-11,1977-11,0.7940910763710849,0.7691188425263185,3.246862833673436,104.19281644396983,106.77960968700509,-2.422553566750929
1967-12,1977-12,0.7693391932259656,0.7584837652411645,1.4312010991230029,103.98431458503934,106.45797875123536,-2.3236061732642255
1968-01,1978-01,0.7430089721675647,0.7241526268473819,2.6039186521043645,100.04133749432762,102.93149026455704,-2.807841179410775
1968-02,1978-02,0.7658780975690314,0.7089245366419981,8.033797390736176,98.69579778352359,99.45683813499129,-0.765196607632701
1968-03,1978-03,0.77621102979853,0.6989672958830019,11.051122759319721,98.41444815205986,98.3215548935776,0.0944790372597426
1968-04,1978-04,0.7520833389377669,0.7205445173458301,4.377081614347977,102.59672847541154,101.18855605479217,1.391632093116213
1968-05,1978-05,0.768738113645046,0.749821113397497,2.5228684428255876,107.49954788507922,105.85577527864933,1.5528416868167083
1968-06,1978-06,0.7480626641430623,0.7451910374237596,0.3853544359887051,107.29537075285607,106.35821997954193,0.8811267934856426
1968-07,1978-07,0.7458335807863229,0.7426447843687608,0.4293838029539865,106.66569263014202,106.17532518306368,0.46184689920456545
1968-08,1978-08,0.8149080344534191,0.7982941114424492,2.081178198966027,114.23683104190383,115.49783128867819,-1.0917956057742595
1968-09,1978-09,0.7867517376298933,0.7992385298131238,-1.5623361133690894,114.01884173265591,116.29439107645254,-1.9567146125737622
1968-10,1978-10,0.7422450983214943,0.7777406692285623,-4.563934009298487,110.07225695933909,113.10790267304927,-2.6838493526708307
1968-11,1978-11,0.6884486388379825,0.7380170998884472,-6.716438014506321,103.86778630301576,106.43504723216083,-2.412044712626693
1968-12,1978-12,0.6916630532349225,0.754978296823353,-8.386366052485982,105.71352071724694,108.97217233873737,-2.9903520793923333
1969-01,1979-01,0.7460437668319917,0.7903478594161157,-5.605644660928732,109.49278871367338,113.26758047998574,-3.3326321179601437
1969-02,1979-02,0.7354868422756401,0.7836893385860072,-6.150714822449643,107.33354605902824,108.07365720435355,-0.6848210419361123
1969-03,1979-03,0.7660834332863036,0.809530955807755,-5.366999521111482,109.01669235002451,109.01004980252024,0.006093518456595781
1969-04,1979-04,0.7627879206075633,0.8305922232972098,-8.163368351859013,110.64252020415476,108.87768174449084,1.620936845262344
1969-05,1979-05,0.7158360477562793,0.8163814530077951,-12.315983524745233,107.41565367742238,105.54731891363234,1.7701394815332838
1969-06,1979-06,0.767174155219659,0.8526232182900174,-10.02190196529379,109.08725312596161,108.428008347707,0.6080022941494345
1969-07,1979-07,0.8077646668907718,0.8779186065943562,-7.990938929489976,109.66498109802046,108.77663924110216,0.8166660260106928
1969-08,1979-08,0.8472240824482642,0.9334071293663396,-9.233167843552081,114.27657278686667,114.61829338491009,-0.2981379219247793
1969-09,1979-09,0.8480515546695717,0.9522383951855592,-10.941255996686095,114.95102652997237,115.76300508785748,-0.7014145471334832
1969-10,1979-10,0.8066314319588936,0.9248495926283473,-12.78242014828458,110.3606313395212,111.9702754574101,-1.4375637742368053
1969-11,1979-11,0.7930043210164109,0.9238632212977518,-14.164315373169977,109.18529665073129,111.13137205817594,-1.7511485473480026
1969-12,1979-12,0.8672923535466668,0.9653222146210476,-10.155144011977802,113.02274689102201,116.05332307211009,-2.61136527663669
1970-01,1980-01,0.8909740497614507,0.9822823018356336,-9.295520432726034,115.25511719036466,117.97683992827997,-2.3069974916855696
1970-02,1980-02,0.9524979253290738,1.0097129032657663,-5.666460015677643,118.76058049069368,118.14132117525774,0.5241682666789371
1970-03,1980-03,0.843436076764821,0.9011345415332733,-6.402869062180083,106.75988480651039,104.98231476102303,1.6932090414787826
1970-04,1980-04,0.8543499412451525,0.8765163929974114,-2.5289260907553013,104.50379734223151,102.52585324192663,1.9292149616522591
1970-05,1980-05,1.0032960131571969,0.8977414058894133,11.757796462914417,108.84864065266731,106.6679355771854,2.044386688166422
1970-06,1980-06,1.0688928299360847,0.9274439946172127,15.25146921429501,115.05312174162233,112.33452972921812,2.4200858088402333
1970-07,1980-07,1.1219614406493097,0.9518164929613955,17.875814187516404,120.70194594954503,117.08541798347267,3.0887945128938776
1970-08,1980-08,1.1165936866098713,0.9515584886053114,17.34367356088118,123.9105780375668,121.39866578954293,2.0691432081951566
1970-09,1980-09,1.0765081625327686,0.9527064921533221,12.994733572102346,126.24726175124712,124.55699563342165,1.3570222284423394
1970-10,1980-10,1.0805662515765544,0.9608201205434379,12.462908350148648,129.13824567709082,129.17777083031984,-0.030597488232664283
1970-11,1980-11,1.1245813435482885,0.9862613490671425,14.02467962594056,133.9103838907119,134.7081019828181,-0.5921827123716361
1970-12,1980-12,1.0320076375412712,0.9585458204256659,7.663881637184833,130.89815015210235,132.81251597061748,-1.4414046782598833
1971-01,1981-01,0.9834159560542028,0.9405429623560221,4.55832379956207,129.82940293188406,132.63686594403222,-2.1166536107184553
1971-02,1981-02,0.9081677954221412,0.8951652958886367,1.452524979824732,124.57404464748785,124.34183473848523,0.1867512325927967
1971-03,1981-03,0.9158344669658749,0.9204319462398222,-0.49949149339384435,128.9541640381027,128.1543939643157,0.6240676180090388
1971-04,1981-04,0.8910282938951984,0.9204649002621406,-3.198015085481132,129.8305725567457,128.73779649575516,0.8488385623615757
1971-05,1981-05,0.8839382257224793,0.8968463255822602,-1.4392766621863062,126.84449105165669,126.02385026953644,0.6511789477666952
1971-06,1981-06,0.9046850809325574,0.89631291900131,0.9340668592142665,126.92159328143362,125.70124710080847,0.9708306073100914
1971-07,1981-07,0.8830416389638039,0.8621015288475776,2.4289610232124614,123.10066820977084,120.77241705317029,1.9278004145396377
1971-08,1981-08,0.8992176486684312,0.8561100015321845,5.0352930183150235,123.26797052176912,122.16104243846016,0.9061220019193739
1971-09,1981-09,0.7968111369283581,0.7666297354434246,3.9368941862757856,112.03682324309311,111.43611370481806,0.5390618160520777
1971-10,1981-10,0.8262445575883015,0.7716969444945356,7.068527805237679,113.93707361210922,115.9397137291124,-1.727311593749714
1971-11,1981-11,0.8874902175915895,0.7826155310603307,13.400537348034591,117.21048603280782,119.32654438880566,-1.7733341452535578
1971-12,1981-12,0.8393664231119167,0.7767483379779277,8.061566671259278,118.3307233295851,120.4446336678646,-1.7550888519523133
1972-01,1982-01,0.7627827551481511,0.7253854440978936,5.155508889038374,112.4424244635641,115.62815726040054,-2.755153132521182
1972-02,1982-02,0.7341356040496075,0.7036404531009205,4.333910993078338,110.1749684762486,111.54167423889923,-1.225287115310314
1972-03,1982-03,0.6981990692969638,0.6808036733587044,2.555126627393234,107.52581342040232,108.67819552858421,-1.0603618348436816
1972-04,1982-04,0.7259301465508481,0.7130597857330216,1.8049483472968308,113.24812105170767,114.59520199708768,-1.1755125187651871
1972-05,1982-05,0.7306338030219326,0.710311484955032,2.861043147597009,113.09871690270253,113.94719068023835,-0.7446201810423103
1972-06,1982-06,0.6817029982134251,0.6655409753645747,2.4284038770110428,106.06671687444538,106.28090191324094,-0.20152730635500937
1972-07,1982-07,0.6865861514650542,0.6679103884791371,2.796148002495169,106.0986076130285,105.8395599057626,0.24475508731949258
1972-08,1982-08,0.6670357996807184,0.673583509092247,-0.9720709196625932,107.03842373961135,107.55710177426663,-0.48223504175841647
1972-09,1982-09,0.7571418425541181,0.7588021385076124,-0.21880485955926288,120.11463544790561,121.07635560311746,-0.7943088065553661
1972-10,1982-10,0.8223287022404336,0.8292335981494953,-0.8326840500035848,130.64712165087528,132.83077170688068,-1.643933877628967
1972-11,1982-11,0.8200252891712103,0.8693802105579518,-5.67702379089885,136.99135131021197,138.25255947313903,-0.9122494134888748
1972-12,1982-12,0.8176057276441313,0.8950488256551984,-8.652388092278295,139.60103425625968,140.75560076387356,-0.8202632800031417
1973-01,1983-01,0.8416361991692767,0.946658197826885,-11.093972343839953,144.97501492658589,147.69428882660188,-1.8411503394071715
1973-02,1983-02,0.8944770295361707,0.9883679273012355,-9.499589694440647,148.07445336332384,148.28501755726487,-0.14199964191238257
1973-03,1983-03,0.9505064134846903,1.0521293140816317,-9.658784261290599,153.90916467852787,153.4626754836963,0.29094318434388367
1973-04,1983-04,1.0066187151283763,1.1070024905105398,-9.068071322573756,159.2828493359672,158.71230686249476,0.35948218808687926
1973-05,1983-05,1.079720777775601,1.1721488397748785,-7.88535200163053,165.3174828399567,163.64511986468244,1.0219449114383217
1973-06,1983-06,1.1252066296924963,1.2128454948377683,-7.225888665810198,167.62910900615157,164.57951717234565,1.8529595214527461
1973-07,1983-07,1.1176608689625718,1.2318009160349397,-9.266111559632117,168.0162881658447,164.3034926831556,2.259717929337568
1973-08,1983-08,1.1255334054746058,1.247379537152658,-9.768168231794572,163.36807648047292,161.54521021355208,1.128393880890144
1973-09,1983-09,1.1369346738867288,1.3169454813135169,-13.66881241334652,167.81639835787007,167.12649214098025,0.41280482109793404
1973-10,1983-10,1.1042167530331222,1.3835754777930929,-20.191072279307008,168.2671184500578,169.31271065612265,-0.6175509222036246
1973-11,1983-11,1.1772845875019278,1.4234335352225025,-17.29261968540724,165.91740893921354,166.4456308015218,-0.3173539970767525
1973-12,1983-12,1.2686047587880067,1.4670557228754835,-13.527159261442744,165.36686781502635,165.25422399501804,0.06816395810356202
1974-01,1984-01,1.2704938433758437,1.5340800986216596,-17.182039939286277,166.71515712343643,167.76530780632032,-0.6259641499279822
1974-02,1984-02,1.24591098639733,1.495514586062471,-16.690148126359674,157.16703133174352,155.83376546054376,0.8555693095520622
1974-03,1984-03,1.2095268465089812,1.5294935524633155,-20.919781285708204,157.31052452428136,155.84191732423977,0.9423698227390531
1974-04,1984-04,1.2763089009055144,1.5453706756772732,-17.41082440650298,157.13565016871138,156.34444226548203,0.5060671756312418
1974-05,1984-05,1.3210068695451576,1.5583595078653782,-15.230929520579206,156.01278540742462,153.60503376302333,1.5674952737003922
1974-06,1984-06,1.2975539870429769,1.5296370992951638,-15.1724296147843,152.37561536144497,148.54533766029118,2.578524349187772
1974-07,1984-07,1.4565275414093775,1.5118887712359854,-3.6617263703433434,150.1193903929518,146.13425582820508,2.7270365474277414
1974-08,1984-08,1.6664860852075039,1.6359291610634796,1.8678635280368727,162.8179679099547,158.5823274411123,2.6709410419110124
1974-09,1984-09,1.8914256287635869,1.6461274763891016,14.901528338046099,163.65179634788163,159.09231418802023,2.8659349027212455
1974-10,1984-10,1.85281873895829,1.6121579154917314,14.927869109717683,161.63142225018012,157.0446536729599,2.9206779536551597
1974-11,1984-11,1.82312642349272,1.6038026789582973,13.675232459199904,162.85012394885635,158.8679234567404,2.506610777977647
1974-12,1984-12,1.9426693844223912,1.5665410474982706,24.01011690850927,160.88462437684586,157.39276339647225,2.218565139222828
1975-01,1985-01,1.87593775628388,1.5955713538384206,17.571536476321768,167.14139096092836,163.8627715581267,2.0008323865306155
1975-02,1985-02,1.796177446037812,1.6455585418142997,9.153056569926,175.06165786398915,170.75746453852813,2.520647244964147
1975-03,1985-03,1.7029460455288843,1.6018717032564205,6.309765137057566,172.78340259385732,170.30064197849504,1.4578692050237763
1975-04,1985-04,1.6936614391430904,1.5867049700954323,6.740791203371921,173.03279343376522,172.74315687913602,0.1676689021214539
1975-05,1985-05,1.6336750174321042,1.603599029969266,1.8755304100810388,176.3957803828524,174.61562290164238,1.0194720561817805
1975-06,1985-06,1.6352486939113111,1.6309122329927537,0.26589174026856455,179.67519228004906,177.16876323093925,1.4147127311842755
1975-07,1985-07,1.6803411789248304,1.6637025288047913,1.0000976636125092,182.7263588023493,180.33007055558107,1.328834530694456
1975-08,1985-08,1.7734134886326423,1.6108652595044983,10.09074025087262,178.35842482987857,175.91137059431077,1.3910722355811922
1975-09,1985-09,1.7597829645546887,1.5536403313042826,13.26836263817568,173.7575038111793,169.70926420867784,2.3853969442255485
1975-10,1985-10,1.7045993412258167,1.5443651957836755,10.375405110112679,174.94044588225836,170.47546133075022,2.61913621858183
1975-11,1985-11,1.7858027258973956,1.6254875453974496,9.862590516542369,184.91390382010093,181.45969078909292,1.9035704381436203
1975-12,1985-12,1.904471699617594,1.6899863119713332,12.691545850218656,193.34619892057148,189.63737204508655,1.9557468211504059
1976-01,1986-01,1.7499693892743269,1.6716022063261362,4.688147853096392,193.36073628593496,188.7929120362593,2.4194892702319004
1976-02,1986-02,1.7867867158857822,1.7623002139382942,1.389462575889211,204.14615453135323,199.8703351727525,2.1392966369446764
1976-03,1986-03,1.8942171509284431,1.8766410188574394,0.9365740114593013,216.9280534292426,214.65289922839168,1.0599224184855593
1976-04,1986-04,1.9354842955950577,1.933312584616981,0.1123310837242153,222.36707459906347,222.2860351078059,0.036457302060499686
1976-05,1986-05,1.9609719737682016,1.9492307789175818,0.6023501669278897,221.90971444130813,219.68941769213674,1.0106525714783432
1976-06,1986-06,2.003944458003726,2.006670552759363,-0.13585163503239128,226.62503311252982,223.30458411616664,1.486959620424022
1976-07,1986-07,1.9268141761239366,1.97788894421993,-2.582286950197654,221.55440036610912,218.39342877989301,1.4473748609908466
1976-08,1986-08,1.9886344297287508,2.029173440394077,-1.9978090516231672,225.25167766364024,222.71437578952927,1.1392627283785206
1976-09,1986-09,1.891584713405584,1.9792810344501166,-4.4307159780822225,217.76536993821588,212.5847606246672,2.4369617550786593
1976-10,1986-10,1.9587970577201101,1.994274794731837,-1.778979361592825,216.48369295837477,211.47562293371513,2.368154757122709
1976-11,1986-11,2.0370319181967522,2.07423374045732,-1.7935212187014882,222.93842233363338,218.59367979771613,1.9875883602571864
1976-12,1986-12,2.001231373577585,2.121389936800232,-5.664143170391678,225.4905600218483,220.4018253500467,2.3088441593982045
1977-01,1987-01,2.143728286779405,2.2736922049953665,-5.7159855643797,237.96437253834847,232.02422411165355,2.560141489293999
1977-02,1987-02,2.353057152475716,2.4576433999948395,-4.255550155052735,251.2215224981362,244.7357190028546,2.650125417616689
1977-03,1987-03,2.462884234564357,2.590791653454193,-4.937001349348269,259.6419439423726,254.52461913623168,2.010542172111829
1977-04,1987-04,2.4787156664167016,2.595701356686806,-4.506900994936746,254.6096376293204,251.97842930187522,1.0442196717929786
1977-05,1987-05,2.4849107688009497,2.6094838776869156,-4.7738600706124785,252.67597633627878,247.45493168694637,2.10989718965775
1977-06,1987-06,2.581399257855357,2.729169577677669,-5.414479225876989,261.57000509808216,255.0684195635029,2.5489574701977435
1977-07,1987-07,2.6342449055046635,2.814917193705773,-6.418387318998143,267.4022666701561,260.79262385495383,2.5344439261742346
1977-08,1987-08,2.8580273811500514,2.9871581307249775,-4.322862865769562,281.44018507660485,275.70746126197673,2.0792777200834944
1977-09,1987-09,2.7987844743480386,2.8663688631800084,-2.357839903305059,269.69842666734974,259.53603239071975,3.915600536472308
1977-10,1987-10,2.5240025670383437,2.5031100214523896,0.8346634948883214,235.53219583701917,227.17857910998046,3.6771146116705955
1977-11,1987-11,2.200651829825833,2.1830525652633144,0.8061768572391603,205.04284149618272,199.45712200195823,2.8004612912090776
1977-12,1987-12,2.1799706851546348,2.152426335344713,1.2796883850387575,201.1249871449202,196.745158628645,2.226142969312961
1978-01,1988-01,2.361250842032527,2.239661247301763,5.428927918329141,207.89852845600927,203.09237734294777,2.3664852299924988
1978-02,1988-02,2.4730873277794587,2.2955105308254664,7.735830202884575,212.8632756071637,206.3835388677997,3.1396577338053344
1978-03,1988-03,2.5554138220243865,2.3507001243142147,8.708626659467855,217.2890384321386,211.4894381667482,2.74226472757364
1978-04,1988-04,2.4226450122654404,2.305525757966624,5.079936925194484,212.73286717106922,208.98446025393017,1.7936294940707365
1978-05,1988-05,2.2593731430465365,2.243768240237932,0.6954774797485186,205.9888155159915,201.47823941648574,2.23874107326385
1978-06,1988-06,2.394493663649134,2.3824205314482954,0.5067590730297944,216.09618216503677,212.0425375080508,1.911712953742617
1978-07,1988-07,2.3967759037957355,2.3681358128019605,1.2093939392727737,213.14463759918357,208.50393500532564,2.225714633989706
1978-08,1988-08,2.1954996898215446,2.310861474168669,-4.992154901393453,207.2396037497595,203.5735993869951,1.8008250449977448
1978-09,1988-09,2.2307783733462445,2.342999528107707,-4.789636251104867,208.61744379579164,202.7472893038948,2.8953060295164645
1978-10,1988-10,2.395161786823051,2.428841159930407,-1.3866437074181004,214.5601213117544,208.48978894764528,2.9115729814631175
1978-11,1988-11,2.4907767627587325,2.3722852954102223,4.994823665507742,208.69064346939427,203.1645694123755,2.7199989018765303
1978-12,1988-12,2.5076365777872325,2.4065962600228072,4.198473979323292,211.67433658161355,205.9076945271803,2.8005957075450727
1979-01,1989-01,2.50102977228975,2.4674776481373484,1.35977418793356,216.47526416057553,210.51329407630496,2.8321109649775966
1979-02,1989-02,2.6308466239329817,2.5365579550766997,3.717189613884897,221.16016678689513,213.90522399841007,3.391662275877372
1979-03,1989-03,2.577658701711053,2.5013941423152444,3.0488821455870063,217.92696936931304,210.69060925534944,3.434590720269548
1979-04,1989-04,2.618888134778046,2.5854602136862828,1.2929195705588814,222.6102942132895,217.81224527220965,2.2028370971905353
1979-05,1989-05,2.798760722706321,2.70092550883243,3.6222847891937526,228.79135722406724,222.89547152697733,2.6451348054311374
1979-06,1989-06,2.8501311834784318,2.791367249310931,2.105202537645545,234.13687103663287,227.76386525852925,2.7980758804166728
1979-07,1989-07,2.913720373381817,2.8572793779721732,1.9753404530466367,238.2184918939413,231.3036244324339,2.989519718281497
1979-08,1989-08,2.927809174426968,2.967743080159006,-1.3455984784875197,246.9994603007178,241.00786503240798,2.4860579830057183
1979-09,1989-09,2.9185578191150934,2.959096771548878,-1.3699772452039571,245.4110077197425,237.87818216012263,3.1666735852846406
1979-10,1989-10,3.038151284271311,2.9266673925511446,3.8092436470201996,243.02682952511736,236.00497173458683,2.975300790877977
1979-11,1989-11,3.013343175338109,2.8285363606843434,6.533655257981286,236.06170327611642,228.45160513456,3.331164224945593
1979-12,1989-12,2.991712776015129,2.8546255643298903,4.802283472768498,240.08003148986722,232.0311440235624,3.4688823779136513
1980-01,1990-01,2.84300960329715,2.7413007664256814,3.7102399750204906,230.45240350503187,223.5579576620965,3.0839635122074993
1980-02,1990-02,2.6793513119137584,2.643718372354856,1.3478341691578466,221.79250899111094,214.934598479613,3.1906964071903188
1980-03,1990-03,3.0458556793690255,2.699268176215619,12.840054434284598,224.84735024714777,219.04082073999422,2.650889221258912
1980-04,1990-04,3.117526693408265,2.660930460973577,17.15926962885115,222.89817139372877,216.3509388643584,3.0262094371936943
1980-05,1990-05,3.1055383653279076,2.715485155418344,14.364033960239864,228.75668037614423,220.3881084517492,3.7971975816595505
1980-06,1990-06,3.0148495885298736,2.7680509735494647,8.915970743990286,232.58152344098215,224.90188980373003,3.4146594517076245
1980-07,1990-07,2.8659220701145207,2.7277685812951216,5.064707093070364,230.07596704059478,223.78634262729528,2.8105488205661056
1980-08,1990-08,2.5462528028227194,2.491419782290256,2.2008744139479175,208.35554308537195,204.91454295715346,1.679236660590755
1980-09,1990-09,2.3686176602872244,2.3714880223942956,-0.12103633161820726,196.19408659584155,193.0324586313815,1.6378737476983485
1980-10,1990-10,2.2471096041833953,2.3354312970061066,-3.7818150735555722,189.17825205328472,187.29333603768774,1.0063978011570551
1980-11,1990-11,2.2253477607438454,2.4296102997863565,-8.407214072992385,193.10912237698554,190.9540728179325,1.1285695702902165
1980-12,1990-12,2.3788052777012507,2.5733818406797067,-7.561122873512716,200.6886162200365,198.22131074777974,1.244722609768334
1981-01,1991-01,2.367228266690485,2.5645102581133066,-7.692774509233602,196.76854787281658,193.52458832219466,1.6762518803146165
1981-02,1991-02,2.7497137691467146,2.9041204431457848,-5.316813714234748,217.75787816355222,213.32771926160973,2.0766916354220566
1981-03,1991-03,2.7351480634917635,3.0266575113440153,-9.631398556317139,222.25487393465795,216.11822504542147,2.8394869928006994
1981-04,1991-04,2.775763063957033,3.1468252593546446,-11.791636484884116,225.1682928364046,218.3176462515269,3.1379261834771466
1981-05,1991-05,2.8300396646136035,3.1728197908028837,-10.803643093216442,222.33562072274918,213.14179321235042,4.313479478536175
1981-06,1991-06,2.832383057450324,3.216310307156278,-11.93688459884351,220.62044791103904,211.09281416360375,4.513480852100948
1981-07,1991-07,2.9410030415273525,3.3032000055557527,-10.965032799079989,220.17397644506536,211.74743637822678,3.9795240079256278
1981-08,1991-08,3.0097460061209222,3.431004802470306,-12.278000778258292,223.4251971468698,216.3489658390856,3.2707488479733815
1981-09,1991-09,3.28970163147696,3.4619988438867186,-4.976813112286427,219.78102735975858,212.72687450656304,3.3160609676413655
1981-10,1991-10,3.2418446897366837,3.438894506180969,-5.730033767831888,217.5679857468846,209.03002776908647,4.084560514544799
1981-11,1991-11,3.147431000052915,3.396697130330896,-7.338485614515122,214.7337837022463,207.0066080307455,3.7328159448673848
1981-12,1991-12,3.147506984669295,3.38949955291465,-7.1394778039508555,214.41750621146736,208.0230745244009,3.0739049990900824
1982-01,1992-01,3.555754348652846,3.590055390484582,-0.9554460335807313,227.56066488944342,220.4054499370534,3.246387489253788
1982-02,1992-02,3.6017279741658297,3.484985307871718,3.349875422155124,222.84794470705052,212.4339040528181,4.902249808318326
1982-03,1992-03,3.6435471621407522,3.3393284054992134,9.110177847154866,216.92270279678417,204.52416511841204,6.062138266739203
1982-04,1992-04,3.473334714542484,3.2505186352936377,6.854785474217673,214.53748067905622,200.9330314618763,6.770638514833305
1982-05,1992-05,3.5533551862298207,3.2427958025606927,9.576902234297124,216.14049688445766,202.42681856077292,6.774635110696847
1982-06,1992-06,3.734114930218095,3.118676876103945,19.733947393838225,209.99670797926478,196.51587323352513,6.859921554387638
1982-07,1992-07,3.8076591048518473,3.058595868101767,24.49042858398176,210.77569793996352,196.59670525290895,7.2122229458597475
1982-08,1992-08,3.8101941031757827,2.960589411889085,28.697146854436117,209.33153061503572,197.12665344903073,6.19138860852253
1982-09,1992-09,3.4091867582736275,2.855180473737145,19.403546978287633,206.7168982065477,195.30493359184976,5.843152246500227
1982-10,1992-10,3.0926064987658206,2.7352780025862393,13.063699406119689,201.18024893149806,193.1974815455387,4.131921038565789
1982-11,1992-11,3.0305410662491874,2.7359875535970413,10.765893736062226,204.28802349773497,200.2128675526391,2.0354116071108486
1982-12,1992-12,3.0773762789672725,2.7640226841931828,11.336867695264875,209.0211940912271,207.40158677887842,0.7809040121160793
1983-01,1993-01,2.9568416383039504,2.712610799336308,9.003534123929535,206.22313948744363,204.07010089610017,1.05504852591789
1983-02,1993-02,2.9378007695890807,2.710620033051845,8.381135451192566,207.06363078129226,202.02548948216025,2.493814672616801
1983-03,1993-03,2.8792161243112093,2.734100240355895,5.30762851388451,208.80804966524676,201.00595321635058,3.881525061349045
1983-04,1993-04,2.7380150315165146,2.692959839320945,1.6730733053535118,203.5857940664208,194.64847051601947,4.591520049815023
1983-05,1993-05,2.653398131150332,2.71763747885689,-2.3637938542700243,203.0291426791332,194.7776080657538,4.236387691234911
1983-06,1993-06,2.6345273055221585,2.747508816333435,-4.112143704130156,202.83718590351305,194.75127969171353,4.151914290165015
1983-07,1993-07,2.628095257859041,2.7701241579703852,-5.127167304132896,201.32539973388808,191.77867702366203,4.977989658906745
1983-08,1993-08,2.7409890819710645,2.8331202415064527,-3.2519325578076907,202.65552854093374,193.95933925178508,4.4835115043673435
1983-09,1993-09,2.69682315141175,2.8669990440213944,-5.935680130920007,203.21584745733432,192.8738973381999,5.362026827819033
1983-10,1993-10,2.7095852566563483,2.891528643915141,-6.292290676133183,203.18225961408422,196.32748926511482,3.491497993799997
1983-11,1993-11,2.7445895747844733,2.890167875197063,-5.037018841082508,201.35040356418813,198.3785437563509,1.498075221021522
1983-12,1993-12,2.7751988131310745,2.9071058154831766,-4.5373994179905175,201.37739518394187,200.21245066004536,0.5818541854195391
1984-01,1994-01,2.7883617903871594,2.9567030541254162,-5.693546516393466,202.5130056700226,200.0482306546399,1.2320903850621123
1984-02,1994-02,2.940689967422709,2.940662911699246,0.0009200552486099411,199.89060765335043,194.26661935497268,2.8949843864330305
1984-03,1994-03,2.8818444012321414,2.8509065783814256,1.0851924466876328,194.47016959820647,184.14916224743828,5.604699595048945
1984-04,1994-04,2.7810365877740515,2.7246489082210723,2.0695392856980854,185.8925198106912,174.78793448296668,6.353176127730187
1984-05,1994-05,2.82382367827364,2.7173258811665724,3.9192132914638522,185.93517358843778,175.9544986836931,5.672304476105827
1984-06,1994-06,2.9074177979018487,2.6969294742595267,7.804739636364211,185.52405328302058,175.51648247875838,5.701784050665082
1984-07,1994-07,2.922187787088889,2.626977294524543,11.2376491863732,182.17254535864285,170.12567084141776,7.081162094846083
1984-08,1994-08,2.757737788864991,2.6390274682860357,4.498260135808829,185.0585970834614,173.60901889506806,6.595036514383867
1984-09,1994-09,2.747426648448927,2.6223793997842852,4.768465183753645,184.30515897274842,173.84461567684863,6.017179913897586
1984-10,1994-10,2.752536334386231,2.581021441358439,6.645233173170406,181.62863148850911,175.09735254025247,3.730084352220686
1984-11,1994-11,2.703894733813643,2.5308038165204243,6.839365270564501,178.9740277403192,176.2154684105789,1.565446753694122
1984-12,1994-12,2.695199074199702,2.4595676478885866,9.580197011998948,175.45421100237726,174.90342639429383,0.31490784339569533
1985-01,1995-01,2.631781156634249,2.457471729158757,7.093038972015431,177.307813607004,175.29708773980204,1.1470389457847174
1985-02,1995-02,2.58468564377007,2.5023753633596115,3.2892859167199973,181.66007477882138,177.46558099204384,2.3635534075565845
1985-03,1995-03,2.66471012401333,2.5171445249798294,5.862420594808038,184.07179932202226,175.6582689087046,4.78971497646401
1985-04,1995-04,2.726286917580672,2.5384982153019884,7.397629872130662,187.6550127885723,176.8364753671369,6.117820092814341
1985-05,1995-05,2.7473616381942167,2.5611305668426856,7.271439955562808,191.7763524839217,181.6617177795897,5.567840504846533
1985-06,1995-06,2.767516486006157,2.5823320269709407,7.17121025108598,195.68481272463768,185.4523387532954,5.5175761277157065
1985-07,1995-07,2.807913126475925,2.614262767966264,7.407455779983008,200.79887044834211,187.53619462767838,7.072061927562601
1985-08,1995-08,2.8731670283502053,2.569520335712898,11.817251975671251,199.49085585286966,187.04106830895998,6.656178590332229
1985-09,1995-09,3.0396909432745245,2.60008671217569,16.907291169954263,204.56514259500662,191.95106600913354,6.571506399069893
1985-10,1995-10,3.0235285452528693,2.557302290435,18.23117495970974,203.7108216856908,194.5509007872516,4.708238749537275
1985-11,1995-11,2.918047384321747,2.5610309805172946,13.94033912593824,206.58027992504265,202.2411173672871,2.1455392524732053
1985-12,1995-12,2.8750052387151652,2.598023229314107,10.661259925461986,211.73837317748,211.88904280259686,-0.07110779449658322
1986-01,1996-01,2.849326742942493,2.5447188034002464,11.97020036694154,208.98220015069307,208.16845728745676,0.3909059392761982
1986-02,1996-02,2.8379008495828404,2.615398110135038,8.50741378857669,218.6576301403585,214.80933109581528,1.7914952878963497
1986-03,1996-03,2.641446153105712,2.524441565059608,4.634870129914903,215.2756344067131,206.96710232438332,4.014421610497143
1986-04,1996-04,2.561419770731336,2.4617448321322577,4.048954924087078,213.23498265873909,203.67951791476386,4.6914215242663815
1986-05,1996-05,2.6110949051060914,2.4747664130870946,5.50874180682519,216.244592097394,208.0227103608121,3.9523962178558136
1986-06,1996-06,2.5766165762809936,2.4715175638159135,4.2524080752560645,217.24059692416864,208.43416287761272,4.225043498136549
1986-07,1996-07,2.5278919883188733,2.3352818343719424,8.2478333497906,207.77200136322014,196.44596169379705,5.765473401319965
1986-08,1996-08,2.5473277340409237,2.351264052572337,8.338650065869402,212.18568669822133,200.83408804588774,5.652227051087011
1986-09,1996-09,2.667986234647118,2.3405280198944984,13.99078378764209,214.2236079027039,202.685451674058,5.692641545482324
1986-10,1996-10,2.7741358527801725,2.3676075248399218,17.17042726360387,220.61491217887917,211.06423145845318,4.525011487939379
1986-11,1996-11,2.8120728669433244,2.4425394608861537,15.129065956752408,229.46400586702688,224.4064913518834,2.253729152252104
1986-12,1996-12,2.8004964273693154,2.469373215491163,13.409200755921024,230.38178397803446,230.90007624464738,-0.22446604394524838
1987-01,1997-01,2.7194186717374738,2.5608372284724266,6.192562397245505,235.2870182653391,234.6402037146168,0.27566228654871683
1987-02,1997-02,2.6669655918759236,2.6813968804006807,-0.5382003921254874,242.99157723113314,239.96977943874256,1.2592409758671153
1987-03,1997-03,2.544205765957051,2.683578067849779,-5.193525150710454,239.22129576635723,231.72222307019086,3.2362337098305938
1987-04,1997-04,2.488920319760803,2.6174011612599264,-4.9087179833479215,229.2978097539166,221.46605025435267,3.53632508936208
1987-05,1997-05,2.724949242778891,2.8868609234968683,-5.60857225230833,248.964165811406,242.05996476064573,2.8522688820463493
1987-06,1997-06,2.7530498344113776,3.0715136018163234,-10.368300736699453,260.10983110309405,250.69083121899104,3.757217540945912
1987-07,1997-07,2.8267445998551914,3.2715822789036584,-13.597019458044524,272.83691653176123,259.2949065864643,5.222628598291124
1987-08,1997-08,2.673635470997885,3.3210546376137096,-19.494384683806864,271.446720363912,258.21247457332265,5.125331691452151
1987-09,1997-09,2.797709654438582,3.4158215415444335,-18.095555625144787,272.31278137526704,260.4190492211396,4.567151362275235
1987-10,1997-10,3.226546700398078,3.5071653891855,-8.00129613655296,274.2868128092028,263.6917692586752,4.01796521003055
1987-11,1997-11,3.6421943143387927,3.465728513111385,5.091737583016398,269.0938816552372,259.8962126413944,3.5389777020466973
1987-12,1997-12,3.7933709269691613,3.522981341447746,7.6750217873791104,273.8120946515178,266.45817117987207,2.7598791356566954
1988-01,1998-01,3.650125607598389,3.485134382739916,4.734142409991127,271.1581269506238,261.69385364249894,3.6165439793072185
1988-02,1998-02,3.7614234509029227,3.663698676832465,2.6673802266661273,285.1700704048299,274.4358150722067,3.9113901113085214
1988-03,1998-03,3.8466089285387954,3.819773377564123,0.7025430129518728,296.8634908061291,280.73004427607583,5.74696113187918
1988-04,1998-04,4.026305432486348,3.9245906940503836,2.591728574145624,303.471354024598,287.46194586130673,5.569226951178918
1988-05,1998-05,4.113592085580755,3.869844346011191,6.2986445390446955,299.22831810077656,285.3506642470035,4.863368336777496
1988-06,1998-06,3.8969960257446603,3.8143774124079513,2.1659789895974946,296.0980419604929,279.10528454471955,6.088296552138783
1988-07,1998-07,4.095834877034211,3.9318919541389827,4.1695683606628675,305.9263908330208,287.1856360557969,6.525658815882673
1988-08,1998-08,3.888457721955365,3.599371060395617,8.031588205523143,281.3768447231211,264.2940903547093,6.46354004566847
1988-09,1998-09,3.6479200272629613,3.358808572245312,8.607559758143136,264.52422162026164,250.67499871738022,5.524772304275749
1988-10,1998-10,3.562769795198308,3.326073199082451,7.116397684246789,264.6103512409001,254.18396497897467,4.101905587470034
1988-11,1998-11,4.038535157131312,3.6173860648330907,11.642359558811787,290.80604103361065,282.394752130073,2.9785570872306266
1988-12,1998-12,4.1179245847347925,3.692128669789112,11.532531854313778,299.7609173256791,290.7732655141329,3.0909484734281234
1989-01,1999-01,4.189520431893131,3.801745417126052,10.199920621202963,310.85967684308656,298.8282416160134,4.026204204130512
1989-02,1999-02,4.064696072713614,3.742131977039775,8.619794749435972,307.0928007447543,294.9461044426619,4.118276566169632
1989-03,1999-03,4.201540242477605,3.810719149791866,10.255835639503497,311.96985325320685,294.88565016728757,5.7935009981759045
1989-04,1999-04,4.22617892778113,3.907585424001464,8.153206371965084,319.56691157901327,301.760382519777,5.900883645012356
1989-05,1999-05,4.0780656950862255,3.8761688341890155,5.208670456158071,316.028087569103,301.40427342902126,4.851893429946852
1989-06,1999-06,3.9294436840405034,3.8149306366536395,3.0017071945326768,311.03549644623286,293.97922999489293,5.801861053801738
1989-07,1999-07,3.992881440355313,3.9386451782942515,1.3770283842768016,321.07510140780056,303.13904742941185,5.916774539764713
1989-08,1999-08,3.667030050403519,3.750864177627844,-2.2350616619059793,305.3451040988574,288.49841171609035,5.839440252914052
1989-09,1999-09,3.622730668189278,3.7272946568912406,-2.8053588011518915,299.43564832472697,287.32246340302646,4.215885099352423
1989-10,1999-10,3.5770973583970447,3.711930943414127,-3.6324378624637443,292.5137145378926,284.4270487833722,2.8431423062999395
1989-11,1999-11,3.908928877937767,4.014497474563489,-2.6296839715212794,310.3551613093014,305.0125240573771,1.751612419337678
1989-12,1999-12,3.917759306604738,4.149027069191985,-5.574023951410034,316.08187621733566,307.6630956828189,2.736363461412994
1990-01,2000-01,4.030788746855262,4.181793840522416,-3.611012389082513,311.8655719652116,300.6041442273489,3.7462649647789226
1990-02,2000-02,4.027864523137734,4.074910745271492,-1.154533806374769,299.4082939722098,286.6172427018591,4.462764050680645
1990-03,2000-03,4.06494142887736,4.177901560923043,-2.7037528385596143,305.5418686746017,285.82939252774577,6.8965881963809705
1990-04,2000-04,4.118654600268884,4.194566963344754,-1.8097783093999675,306.606769038015,286.73651326825285,6.929796119538056
1990-05,2000-05,3.857697856507901,4.028159762699705,-4.231756341202287,294.5284914496234,277.9930718616184,5.948140893322762
1990-06,2000-06,3.8580092370915,4.11565427262208,-6.2601233841353405,299.3265884838871,281.34003182984384,6.3931736045731435
1990-07,2000-07,3.890062494534654,4.125122544014378,-5.698256160190917,298.295504970659,280.69572477819946,6.270056377369682
1990-08,2000-08,4.300762830449127,4.168051278552105,3.1840191741384416,298.17945043673797,280.4300182303714,6.329362426452345
1990-09,2000-09,4.461247447094724,4.066003253032099,9.72070530853324,290.1817349299902,273.7529857646214,6.001304102485516
1990-10,2000-10,4.347342475351883,3.7900359350290937,14.704518634557772,271.30121987846877,258.07989887095397,5.1229565205796135
1990-11,2000-11,4.195670409278937,3.678491943119339,14.059524233211551,265.73061492608963,255.70147325383724,3.9222072304199607
1990-12,2000-12,3.880627780088468,3.483549201817847,11.398678625334501,253.96403985975752,243.31294035880703,4.377531045099214
1991-01,2001-01,3.9238009794090485,3.436445222186447,14.181973688278958,250.6397843270337,239.97302948281626,4.444980699375334
1991-02,2001-02,3.43199710371636,3.274026420354752,4.824966664273012,241.4573081335829,228.9812362186022,5.4485127781693565
1991-03,2001-03,3.0257677803971275,2.932613948413019,3.1764778324988363,216.8271695466563,204.40776642835093,6.0757980654608135
1991-04,2001-04,2.9647995167665093,2.9070675038795777,1.9859192402614134,214.91000761377325,204.23774043565146,5.2254138512094706
1991-05,2001-05,3.1694683104432113,3.074227426907707,3.098042867677653,226.56840915866752,217.76757645215056,4.041388001785817
1991-06,2001-06,3.086919103962799,2.9713591027975403,3.889129424190374,218.66829226268433,207.95624449937958,5.151106565273977
1991-07,2001-07,2.994300363164951,2.876038745315805,4.1119619143434205,211.41391878257906,201.38842963304782,4.978185274992608
1991-08,2001-08,2.8648836063810474,2.7951197637551206,2.495916043762003,205.13547111090134,195.49701356785016,4.93023262460528
1991-09,2001-09,2.5500796817787506,2.4572872487866952,3.776214320807325,179.59886428810708,172.1565644614176,4.322983471453634
1991-10,2001-10,2.639229202832135,2.5225118426672197,4.627029225024448,184.33823334387108,178.75403305981078,3.1239576464223484
1991-11,2001-11,2.7849433440125044,2.639139381007316,5.524678387752968,192.25562529341806,187.51003021466795,2.53084865557176
1991-12,2001-12,2.812738268602279,2.6618466606747253,5.668681451744706,194.02869110929146,186.86983872018052,3.8309298269533
1992-01,2002-01,2.610020105845878,2.61920484573154,-0.35066901699691844,191.21085145058726,183.4910339026145,4.207190609689371
1992-02,2002-02,2.5368998662187385,2.5141050376236134,0.9066776548314559,182.5224739392037,174.71485618523326,4.468777254804701
1992-03,2002-03,2.6880279831813727,2.614261044537853,2.8217128047578033,188.87347447042262,179.30146160592946,5.338502418642088
1992-04,2002-04,2.57604875948091,2.484316447599488,3.6924568112109757,179.60384224578766,170.84493777867405,5.12681533383248
1992-05,2002-05,2.456200849948383,2.3941141912646002,2.593303983173345,173.00812723847662,166.8636209040543,3.6823522713530066
1992-06,2002-06,2.348992261497733,2.239493907214333,4.889424076156712,161.30606266308166,154.25585437794007,4.570463995400775
1992-07,2002-07,2.059031988589492,1.9800066991809437,3.9911627289563434,142.5885189114985,136.55518938767824,4.418235257754821
1992-08,2002-08,2.062031001332273,1.984131637624565,3.9261187226957706,142.66488197180402,138.024569412015,3.3619467748073673
1992-09,2002-09,1.9588001156491943,1.8745587530731318,4.493930234939714,134.6412022137072,130.82491230790765,2.9170972397196016
1992-10,2002-10,1.958827397354029,1.8339843107748957,6.807205811176464,131.63787758219814,129.85237691558135,1.3750234759103197
1992-11,2002-11,2.035459823818325,1.9342480841792806,5.232614185681839,139.33843776822485,137.82905885284293,1.0951093535314982
1992-12,2002-12,1.953534212924548,1.8978453805857152,2.9343187231430923,137.17524537018627,133.3207245150959,2.8911640475325573
1993-01,2003-01,1.9473960402773562,1.879667410820491,3.6032241165101286,135.32079159752064,131.42272436188208,2.9660526781540186
1993-02,2003-02,1.7841153208450826,1.7357890309702535,2.7841107999061476,124.79265914692472,120.6301837692552,3.450608502455421
1993-03,2003-03,1.764981650559814,1.740695334257368,1.395207755457517,124.88082678663677,120.39800040263128,3.7233395646224743
1993-04,2003-04,1.8928980344142712,1.833326427570326,3.249372612977286,130.9606177705514,126.37686349413654,3.6270517796380686
1993-05,2003-05,1.9850906474209697,1.9308808520965308,2.807516334608562,137.20092997144326,133.00915664883775,3.1514922943781665
1993-06,2003-06,2.0809344974503476,2.0350555201794274,2.2544336906776374,143.82887879339347,137.3429855112137,4.722405922689243
1993-07,2003-07,2.089807886628292,2.0381902620996,2.532522379707536,143.44409395009774,136.45793586923583,5.119642207952335
1993-08,2003-08,2.0481054755567363,2.02718070552603,1.0322103980994868,141.58027634081998,136.02402873737412,4.084754476853103
1993-09,2003-09,2.082179157386396,2.0812232608681787,0.04592955192219694,144.50661824511724,139.8144688063146,3.35598273831208
1993-10,2003-10,2.1093349035211926,2.127856936942334,-0.8704548270879964,146.49416894089794,143.9808587626581,1.7455863229589808
1993-11,2003-11,2.142000974753392,2.15733725420808,-0.7108892883935125,147.54672805369663,145.43103607103487,1.4547733687521491
1993-12,2003-12,2.190626216559783,2.223242301139161,-1.4670503778497768,151.0571365828795,145.7996549525072,3.605963012796476
1994-01,2004-01,2.254716480874501,2.3295251610814396,-3.2113274179966456,156.5005459820006,150.78579769986217,3.789977815757939
1994-02,2004-02,2.2764706122727074,2.3501666841587285,-3.1357806398485955,156.09239463164144,149.506362950697,4.405184870369916
1994-03,2004-03,2.266365243807017,2.299088301339712,-1.423305817076559,151.41927059542377,144.60136223560022,4.714968278594145
1994-04,2004-04,2.3631984291614545,2.3023691451533015,2.642030020954911,151.12488583741327,144.44979314052958,4.621046906166049
1994-05,2004-05,2.2667858150569424,2.205164699012737,2.7943997140800203,145.07470581306256,138.5078971372372,4.741107771868647
1994-06,2004-06,2.3065235972391154,2.237919861116254,3.065513529543562,147.4517334204799,139.0836261263466,6.016601326263626
1994-07,2004-07,2.2763921116168713,2.1638827882488183,5.199418562735758,143.10165489179786,134.40878264408127,6.467488267292465
1994-08,2004-08,2.18535782235436,2.1018983283802872,3.97067226550325,139.7855283790538,132.8838006829214,5.193806664667022
1994-09,2004-09,2.2292539983588853,2.1260062334200787,4.8564187308479,142.15880140537078,137.179038230099,3.6301196155923643
1994-10,2004-10,2.2312224385875394,2.0784438626797455,7.350623158559411,140.3361151502388,137.67931635204414,1.9297007485142403
1994-11,2004-11,2.348306870118905,2.1348050258482685,10.000999701872114,145.6702770444869,143.2382499557359,1.6978894181564952
1994-12,2004-12,2.446304484104888,2.1502418636483043,13.768805521917237,148.8045932460996,142.29828684257092,4.572301289000635
1995-01,2005-01,2.360079555325276,2.0677784106654813,14.135999445207581,145.06787088116036,137.89846457778006,5.199047230389198
1995-02,2005-02,2.30743982526924,2.045179232175038,12.82335498856446,145.2884297631719,138.0513011842585,5.2423472410839
1995-03,2005-03,2.234142015812282,1.9764431073527817,13.038518918192299,142.5011741984942,135.7332033265047,4.986230860336516
1995-04,2005-04,2.1052259260421065,1.874543774069939,12.306042417527486,136.94532533770854,131.14083419778743,4.426150844188426
1995-05,2005-05,2.070461138317415,1.8623190572008717,11.17649955370097,137.79863812810407,132.6138036640237,3.909724569258355
1995-06,2005-06,2.0534416003002667,1.864657056636351,10.124357344533031,139.64022984333488,133.00076245145706,4.992052127747093
1995-07,2005-07,2.0096434896738047,1.8518911944337755,8.518442968689776,140.44400730562197,133.34745273749175,5.321852365714497
1995-08,2005-08,2.0006083032033946,1.8265082116670508,9.531853753750319,139.1561863347698,134.16269905444818,3.7219639404355576
1995-09,2005-09,1.9146951809486434,1.7834300536195882,7.36026215677168,136.8711192417126,133.93646604297857,2.1910785654090104
1995-10,2005-10,1.8499105508990437,1.713020560610943,7.991146950348305,132.12509407647568,132.09764818841757,0.020776969487723562
1995-11,2005-11,1.892878830629933,1.7629164198267437,7.372012044448573,137.58308497024314,138.00963883995135,-0.30907541914727554
1995-12,2005-12,1.8764775464235601,1.7723022810067022,5.877962610175302,140.1908990908022,136.03005672534914,3.0587669119729766
1996-01,2006-01,1.8975892226465434,1.7642054129898255,7.560560050128773,140.29027543848264,135.18444846062988,3.776933690223805
1996-02,2006-02,1.7936779016843636,1.7314614480548518,3.5932913031015756,139.09062122521922,133.3317952513285,4.319169304692427
1996-03,2006-03,1.823319178584533,1.724828529181071,5.710170474176013,139.58119229581357,134.91491497173212,3.4586815883619337
1996-04,2006-04,1.8258070590629807,1.6994069946076333,7.4378924446248496,138.68756286281646,134.1368759679945,3.3925696136741346
1996-05,2006-05,1.764422589057519,1.654903736429491,6.61783825954243,136.1037740877507,131.92355505515266,3.168667665793601
1996-06,2006-06,1.6927601660352152,1.5753392752437931,7.453689033002142,131.41967781614858,126.20168789883904,4.13464352512638
1996-07,2006-07,1.7645170445164864,1.5481223873315335,13.977877909119819,131.28190050601557,125.88143256016349,4.290122725820589
1996-08,2006-08,1.7509967438043401,1.5346640821336754,14.096417853859776,133.24851282099235,128.78151675846598,3.4686624097651775
1996-09,2006-09,1.7739958996957452,1.540197448944756,15.179771328096447,136.5227024796949,134.17031274855557,1.7532863141996868
1996-10,2006-10,1.7806746575734396,1.5635665682652176,13.885439463514771,141.42622054554525,142.10946431077332,-0.48078695429736307
1996-11,2006-11,1.7348354916892843,1.5575534217998748,11.382085995133707,143.67659525916108,145.10254235373304,-0.9827168231799632
1996-12,2006-12,1.748529727672531,1.554206471557681,12.503052822839699,145.79768928983245,142.65301998999522,2.2044183151942898
1997-01,2007-01,1.7052801788232734,1.5291384640428254,11.519016683077488,145.6113511861229,141.1696959209534,3.146323462831968
1997-02,2007-02,1.656462396052761,1.5182140376464432,9.10598604532944,146.4370734183629,141.47073765169344,3.5105039028613616
1997-03,2007-03,1.615001094792108,1.4389699299099932,12.233137136724292,140.89293899278124,137.73287239923891,2.2943445079562474
1997-04,2007-04,1.7327629205824877,1.451773581682468,19.354900960133172,145.20055713319402,141.9395268211503,2.297478641134787
1997-05,2007-05,1.62936549475046,1.442040115206241,12.990302944341314,148.46243737794484,144.00888189324334,3.092556116089429
1997-06,2007-06,1.5510971150039912,1.4100205336549663,10.005285595617174,148.0578657670431,143.357440781389,3.278814800287866
1997-07,2007-07,1.4776140997879985,1.3908096942009034,6.2412856301644615,148.39431153224587,144.15217554077591,2.942817876702808
1997-08,2007-08,1.4158798418812761,1.3114314151793383,7.964459711196903,141.96509613572348,139.56399899212587,1.720427302841232
1997-09,2007-09,1.4418515261485818,1.3329575496592765,8.16935066815445,145.50268910485002,145.6860626129261,-0.12586894366366508
1997-10,2007-10,1.4614597024934746,1.3615357070092395,7.339065363458519,149.08362542126554,152.13289619756475,-2.004346760308384
1997-11,2007-11,1.3982684609863996,1.2767792217434863,9.515289501423396,140.6455538096281,143.8298488611592,-2.213932001419916
1997-12,2007-12,1.3784736551243102,1.2685500341007145,8.66529644623133,142.08117009609052,140.6358681081122,1.027690878167209
1998-01,2008-01,1.2799999615859248,1.158320306093425,10.504836602828703,131.64759516473407,129.00649952547133,2.0472578117982865
1998-02,2008-02,1.1829407948823816,1.1130399353304565,6.280175340804073,128.9401031554826,126.35531830472821,2.045647848807386
1998-03,2008-03,1.0863787490775345,1.0576057717333176,2.7205768078459647,124.29923314976443,123.97882023567891,0.2584416543700119
1998-04,2008-04,1.0905955709904014,1.0809810752342566,0.8894231338935521,128.70471132621128,128.94061183420993,-0.18295283746750934
1998-05,2008-05,1.1137220442513747,1.0840022758727992,2.741670293509868,130.8095232515908,129.40781418002126,1.0831718937927448
1998-06,2008-06,1.0558561930790757,1.012246133720576,4.308246572225305,123.89823537230674,121.62270729689064,1.870973049351199
1998-07,2008-07,0.9454646969491418,0.9319331886043003,1.4519826646700817,115.70743341743618,114.077064399131,1.4291821295478568
1998-08,2008-08,1.0431950197577753,0.9417499905332202,10.771970294060406,118.67923913110945,119.26921756994702,-0.49466111278172464
1998-09,2008-09,1.0464768511150209,0.8813765462485423,18.73209646537626,113.0418178752869,114.352834110023,-1.1464658877406775
1998-10,2008-10,0.8349497599221134,0.6958221320587513,19.994711500728023,91.09654081271697,93.66394308661195,-2.741078572275013
1998-11,2008-11,0.701052072784937,0.6343653983988979,10.51234423478209,85.035689568347,89.58275023986982,-5.075821694854721
1998-12,2008-12,0.6776380452310643,0.627250398968017,8.03309911734571,85.92234228496545,89.10872616662837,-3.5758382133132094
1999-01,2009-01,0.6367683240104218,0.6092553315583122,4.515839423471069,84.92712156196674,87.04132108835508,-2.428960751000342
1999-02,2009-02,0.5922375216307222,0.5596101913585116,5.830367419328852,79.17692731152634,81.11092143299942,-2.384381890015419
1999-03,2009-03,0.5429924720568569,0.522890379341427,3.844418162894514,74.87318607530435,78.2487512049303,-4.3138900974732275
1999-04,2009-04,0.5877898620632502,0.5840083354791296,0.6475124333659155,84.39689066708955,88.94469379073398,-5.113068503382944
1999-05,2009-05,0.6257161166985198,0.6160919038705461,1.56213914961556,90.1920535981353,92.12989061402389,-2.103374923136636
1999-06,2009-06,0.6420812521418332,0.6247044158623137,2.781609324072609,92.3664860733576,92.34027761947479,0.028382472479471232
1999-07,2009-07,0.6249778051075533,0.6299937129473736,-0.7961837930657745,94.05352084311006,93.58347226409181,0.5022773441145434
1999-08,2009-08,0.7023101417625965,0.6772686819609985,3.6974188337030034,101.86364240937041,103.02496767490692,-1.1272270127771766
1999-09,2009-09,0.7353364692096965,0.6980371457825245,5.343458246102095,105.81963375530171,105.97892816309486,-0.15030762299087508
1999-10,2009-10,0.7633099724644907,0.7086049688463735,7.720098788917373,108.52489382784738,109.55802978694763,-0.9430034120815667
1999-11,2009-11,0.727483053928434,0.7188662277766497,1.1986689343349788,110.9566594595487,114.20743122068652,-2.8463749918831827
1999-12,2009-12,0.7246071533946278,0.7364555827674413,-1.6088450749860095,113.901351318185,115.9496845979352,-1.766570807719714
2000-01,2010-01,0.7349768509081882,0.7503700081956803,-2.0514089208477415,115.33049030065531,116.18839711499992,-0.7383756344409131
2000-02,2010-02,0.735949889922534,0.7363739453374295,-0.057586966184852706,112.21558587984703,113.0438130785352,-0.7326603518874375
2000-03,2010-03,0.7532071484718833,0.7869949595613277,-4.293269058327609,118.67556228617157,122.34853709646919,-3.002058624862469
2000-04,2010-04,0.7720991296791602,0.8319997283506005,-7.199593537150594,123.56959329670545,128.56027974226376,-3.881981631934517
2000-05,2010-05,0.7482095761409313,0.7965975112380783,-6.074326672442409,116.42538400872779,117.49402510315463,-0.909528032160456
2000-06,2010-06,0.7039274014196487,0.7793482512524271,-9.677425940402863,112.65302671974587,111.94576916964564,0.6317858685918054
2000-07,2010-07,0.6983614389901375,0.7891876665029445,-11.508825006766388,112.74653119495383,112.32233529806624,0.3776594350196838
2000-08,2010-08,0.6968828560993875,0.8066064889434502,-13.60311804431259,113.8681546691377,115.46347093714743,-1.3816631832228143
2000-09,2010-09,0.731616035131648,0.8518024989761361,-14.109663212887014,117.95244881392128,118.44935743506711,-0.41951145359165887
2000-10,2010-10,0.807591329081822,0.9153139309549327,-11.768924106806223,123.4796717529364,124.44355895643548,-0.7745577284851812
2000-11,2010-11,0.8342892362398358,0.9560109955149123,-12.732255156701056,126.7004642983101,129.09902024560267,-1.8579195587460573
2000-12,2010-12,0.8929473010213321,1.0024453321707278,-10.923092525383415,131.35304460049386,132.12978824978245,-0.5878641444730159
2001-01,2011-01,0.9211245630197646,1.0487103734073269,-12.165971999783675,135.36876609941163,134.14676023565144,0.9109469819573279
2001-02,2011-02,0.9700070473410465,1.0915662848382908,-11.136221334946473,139.03184901646438,137.61921195663126,1.0264824509228276
2001-03,2011-03,1.047222080818555,1.0836699440073259,-3.3633730814743745,136.18889227978428,137.61858123517663,-1.0388778481512984
2001-04,2011-04,1.0631141650689886,1.105129686929611,-3.8018634697394083,138.27756289635855,140.32120010144365,-1.4563994632369681
2001-05,2011-05,1.001087466756891,1.1161568161310207,-10.309424958134395,138.4768095505366,136.40481743241162,1.5190021563216582
2001-06,2011-06,0.9907767645486194,1.0902342314115736,-9.122577882569537,133.5495527179368,130.5416363730599,2.3041815840893154
2001-07,2011-07,1.0455680814068358,1.136154527402092,-7.973074419937354,137.5819331729162,135.33729022654157,1.6585546693134612
2001-08,2011-08,0.9537759527361626,1.0387834488727035,-8.183370290390336,122.89522050930255,122.81245456878705,0.06739213934459087
2001-09,2011-09,1.06936443728902,1.0547676908131745,1.3838825935777566,121.78862408610905,121.79929543088024,-0.008761417488856171
2001-10,2011-10,1.066290326564989,1.1021775803513854,-3.256031915923674,125.65663974323017,125.10168145032546,0.443605782489076
2001-11,2011-11,1.032093091256356,1.1425905798189644,-9.67078588903787,127.92120629667404,129.13127797694037,-0.9370864280321078
2001-12,2011-12,1.0314921435210627,1.178138198581228,-12.447271061812938,130.20223725889588,130.40654228593527,-0.15666777406875276
2002-01,2012-01,1.081766545938724,1.2547053540588262,-13.783220702825982,135.8013600726569,134.15561122142554,1.2267461914172495
2002-02,2012-02,1.1653851714669596,1.3299659781114372,-12.374813292456077,140.75200849554813,138.45236891133905,1.6609608071651794
2002-03,2012-03,1.1402807542137636,1.3947718068999098,-18.24607089325894,143.55334492486364,143.42289494354276,0.0909547819211376
2002-04,2012-04,1.1844061706308993,1.4299986754470944,-17.174316943993652,142.92925356886636,143.8581105974515,-0.6456758153763897
2002-05,2012-05,1.1825103100044914,1.4088763628399654,-16.06713398038512,138.49797103876168,134.90416749084045,2.66396777413509
2002-06,2012-06,1.244979116217819,1.4079566976955535,-11.575468318342818,136.92506306898818,132.48144152243756,3.354146434010552
2002-07,2012-07,1.4398092044459099,1.453341901276735,-0.9311433750679665,140.90591760986536,136.70948080959067,3.0696018852704787
2002-08,2012-08,1.4686028089007435,1.4855586324141836,-1.1413769300970156,144.42457845870496,140.5321987408996,2.7697422744959566
2002-09,2012-09,1.5841701489141176,1.5136765267403813,4.657112727085777,147.64989813556227,144.09437144235113,2.4674986660624842
2002-10,2012-10,1.6059573588414429,1.491214605353676,7.694583534510979,146.80819267911227,141.82570918890025,3.5131031733997897
2002-11,2012-11,1.4704311668590548,1.430494435288013,2.7918131371829524,142.73473400638082,140.1708232857009,1.8291329540485624
2002-12,2012-12,1.5189120287403801,1.443491439667751,5.224872624806753,145.75654870972275,143.92545767677535,1.2722495814879498
2003-01,2013-01,1.5896195234283477,1.482920253940505,7.195212905367954,150.9933909034238,146.984598610912,2.727355335454984
2003-02,2013-02,1.7373914893912248,1.4862885964516312,16.894625548435016,152.6648218718077,147.85454481797578,3.2533846421521018
2003-03,2013-03,1.7676310096495436,1.4897983655866134,18.649009858024158,155.65901288830287,152.119978795794,2.326475536299988
2003-04,2013-04,1.701402418727127,1.4707843362614639,15.679938708883956,157.30994335233967,155.46484406159533,1.1868273511491223
2003-05,2013-05,1.6837606038846786,1.4989970685830742,12.325810315042984,163.48438199753483,157.44593588352583,3.835250544971869
2003-06,2013-06,1.5730690561923089,1.4574504484800632,7.932935753172354,160.59868568683353,154.50734916061117,3.94242510748819
2003-07,2013-07,1.615775243205694,1.4867555051253376,8.67793915244186,165.1716395526014,160.87049675993276,2.673667875276853
2003-08,2013-08,1.6267848215132907,1.4786156460674493,10.020803975658898,164.77629519267828,160.76844565723619,2.4929329378396536
2003-09,2013-09,1.5990777758272086,1.4849460799681462,7.685915158718126,165.91706252671992,162.36835901902305,2.1855880844870113
2003-10,2013-10,1.602864463858137,1.504878938847534,6.511189869242395,169.2561640107282,164.24468909119744,3.0512249420425075
2003-11,2013-11,1.643715008374198,1.5503911429905286,6.019375549557027,175.5234070891642,173.25835287624628,1.3073275690989705
2003-12,2013-12,1.6174851024724204,1.5566284075537244,3.9095197430151885,177.55761276183608,176.0708585576314,0.844406744184778
2004-01,2014-01,1.5581435419973935,1.5585828828150483,-0.028188479579693837,177.99375822501787,174.2513265299986,2.14772063406643
2004-02,2014-02,1.542004910447228,1.5524308085134322,-0.6715853620676171,176.5553528307418,172.55124489392563,2.3205326274392757
2004-03,2014-03,1.6091811904763693,1.5872313066021255,1.382903914693645,179.65127966961475,177.08856356954732,1.4471381146309747
2004-04,2014-04,1.5968198311617605,1.5812103703576699,0.9871843175781825,178.81682330135604,177.38391486835235,0.8078006588518205
2004-05,2014-05,1.6678661106740438,1.604559679561904,3.9454083209559787,180.32364954289864,174.04569159014932,3.6070746109205354
2004-06,2014-06,1.6755502717625983,1.6475957315472145,1.6966868558910608,185.05659129505003,177.56817999847726,4.217203384433499
2004-07,2014-07,1.7374880434447046,1.6609256375342727,4.609622741695563,187.21502309978496,182.09772592760632,2.810192794067645
2004-08,2014-08,1.7582795830530595,1.6425798220840004,7.043783164355855,185.99498900773781,180.5796960407908,2.998838233576251
2004-09,2014-09,1.743460029894176,1.6563891152281949,5.256670299598398,188.3914149879494,183.21947732473546,2.8228099647109373
2004-10,2014-10,1.708811452657756,1.6114527696245617,6.0416715195368065,183.1442884477454,176.8927409610855,3.5340893315883193
2004-11,2014-11,1.7342859396077008,1.7027242259961743,1.8536010194523111,193.89401072971341,190.99106096535925,1.5199401216377861
2004-12,2014-12,1.7023785442714534,1.7075600747940198,-0.3034464555041527,195.4951106113436,193.72400116964639,0.9142436822509259
2005-01,2015-01,1.7181787712336407,1.691739908003241,1.5628208039145663,193.5448537608036,189.64106984763393,2.058511859433265
2005-02,2015-02,1.7400123404453147,1.7293015298009276,0.6193720678440817,197.42484579102688,192.97415873965974,2.306364272001593
2005-03,2015-03,1.7486794618347254,1.7231235487863348,1.4831155355279568,195.63296673792112,192.98839609411863,1.370326246202258
2005-04,2015-04,1.8160400543923723,1.7336319025128875,4.753497657722772,196.199740947988,194.75453633522426,0.7420646727715585
2005-05,2015-05,1.7986073646314023,1.7225158334943211,4.417464830074791,196.2981518025448,188.76790226187313,3.989157823147882
2005-06,2015-06,1.747330546311658,1.6957569960242789,3.0413290588388486,193.9710796840736,185.52014880727884,4.55526309736507
2005-07,2015-07,1.7227530630942323,1.6948706786346204,1.6451039487020758,193.0589095123983,187.75837458533354,2.8230617882004205
2005-08,2015-08,1.6867535647192837,1.6589248844838493,1.6775129781775977,187.94130475703184,182.66767097100885,2.8870099224399537
2005-09,2015-09,1.628398641938395,1.5981139710776087,1.8950257246274749,179.09558141611376,174.54194502766507,2.6089066371564273
2005-10,2015-10,1.7487644408161702,1.659719247683342,5.3650756449995285,186.25782476706445,180.6362851405111,3.1120766363084584
2005-11,2015-11,1.721170991719283,1.6777048990738885,2.5908068021609942,191.35518693258237,188.2356378683766,1.6572574139160023
2005-12,2015-12,1.6653923760004952,1.6410115481703107,1.4857194550135011,189.1800664583567,187.62386760399963,0.829424781734911
2006-01,2016-01,1.5450965091334719,1.5286200374850545,1.0778657380106749,176.12284514760367,173.05446077432342,1.773074418047882
2006-02,2016-02,1.5386814705692662,1.5068549198205015,2.112117784541323,174.46987420192156,171.8411761831045,1.5297253412744682
2006-03,2016-03,1.6145843107993647,1.5865547867721996,1.7666912142498603,184.2060125978106,183.0291426816707,0.6429959179707012
2006-04,2016-04,1.653313513393174,1.624164122725852,1.7947318414102353,187.89999564556152,187.24473122932946,0.34995079003292684
2006-05,2016-05,1.6628568242872457,1.6030711625856704,3.729445273355436,185.92600405060497,178.86506627549502,3.947633778993165
2006-06,2016-06,1.7250633206001929,1.5949885567106445,8.155216120033003,186.62745273104312,178.21286500791518,4.721649990170018
2006-07,2016-07,1.7773021756837768,1.626607649194959,9.264343897767823,192.3450601850068,186.09646955084543,3.357715839125097
2006-08,2016-08,1.7601474891746292,1.61937235738875,8.693190984986309,193.68866971336158,186.9778049110693,3.589123749465406
2006-09,2016-09,1.6966919401694287,1.581441895207564,7.287655987306341,191.6229465885384,185.80062054134447,3.133641873870041
2006-10,2016-10,1.6183348348112172,1.5436042997979142,4.841301298725753,189.7253112839528,183.5521187559163,3.3631823864945343
2006-11,2016-11,1.605734030243594,1.543825331966387,4.010084366108524,191.67824518716085,188.8144140863761,1.5167438961914526
2006-12,2016-12,1.6358790341773852,1.596719420043796,2.452504406348055,198.5488165871964,197.34439417637654,0.6103149855594125
2007-01,2017-01,1.6434264833932535,1.606155503742462,2.3205087903348964,199.59667158973136,196.3178220561638,1.6701741590376518
2007-02,2017-02,1.6629254690129518,1.6523806826718441,0.6381572026161075,203.44076987178642,200.55416782485773,1.4393129189165244
2007-03,2017-03,1.7493035552370708,1.7009013895014473,2.8456773587451023,206.15902813662524,205.11040618400565,0.5112475627778945
2007-04,2017-04,1.682423017804811,1.710126178873964,-1.6199483647103885,204.48899127843632,203.35017854442236,0.5600254409243943
2007-05,2017-05,1.6634556305999186,1.7533101468650212,-5.124850068641051,207.0807554615249,199.27741659500953,3.915816955001006
2007-06,2017-06,1.6889193996397875,1.7921167622885625,-5.758406194303445,209.89576638760866,200.79014902239064,4.534892478317065
2007-07,2017-07,1.696591506920772,1.823162809364628,-6.942402609011422,211.4217009492492,204.70869834469937,3.2792952418886134
2007-08,2017-08,1.7668265235185068,1.8430489401144463,-4.135669701272637,210.61887509654215,203.25296930383988,3.624008947043267
2007-09,2017-09,1.7380521039883376,1.8835038566915951,-7.722402701035391,212.20012982884492,204.69208475546097,3.667970396780884
2007-10,2017-10,1.7385162819438025,1.968529449518509,-11.684517477295886,217.38432764607833,209.588205075817,3.7197334494281975
2007-11,2017-11,1.8662869684161414,2.092521304354934,-10.811566671648986,220.0859810393025,216.50251712246407,1.6551603946532767
2007-12,2017-12,1.8964475582107496,2.250474759048944,-15.73122290817458,225.67530750912843,222.8957706665507,1.2470119259175627
2008-01,2018-01,2.1289666233010798,2.46387634809747,-13.592797587224581,234.43275697299512,229.0628851935953,2.3442784171959774
2008-02,2018-02,2.09694812881737,2.482822610830344,-15.541766066159845,225.54873352574415,218.9931820681835,2.9934956858700623
2008-03,2018-03,2.1686770669928097,2.61295208342819,-17.00279998447166,224.09249714072524,219.95141545895353,1.882725634263771
2008-04,2018-04,2.050034652502775,2.6980116245734354,-24.016833959086725,218.34874229834685,213.81861489552435,2.1186777423640057
2008-05,2018-05,2.0466763553646246,2.8606330872216605,-28.453727096038627,220.64588897967985,210.145866830462,4.996539930851407
2008-06,2018-06,2.201097410570227,3.0326737732222853,-27.420567619064716,223.88466866360503,212.54671349634424,5.334335676498614
2008-07,2018-07,2.3929586434878094,3.16985153496297,-24.508810046973895,226.19139613050297,216.4971840231673,4.477754364831954
2008-08,2018-08,2.390045708769256,3.291111102777253,-27.378759509140227,230.18294983664538,218.1176941691228,5.531534575167241
2008-09,2018-09,2.5475307045304842,3.382293271439105,-24.68037215925526,232.36903127940732,220.78564652627287,5.246439220747101
2008-10,2018-10,3.0329931173955664,3.238677118704919,-6.3508646824170345,221.54890426880291,209.35131383545593,5.8263739595797
2008-11,2018-11,3.1982335066891596,3.092127324911063,3.431494587020234,215.68401062689912,202.65476600991144,6.429281123519415
2008-12,2018-12,3.0093298252509664,2.8467048327848534,5.712745156898524,202.2596851575594,189.0968805171282,6.960878785749691
2009-01,2019-01,3.1031815766148974,2.8441408242321353,9.107873638876441,203.34086270029783,189.43150131347014,7.3426865597240765
2009-02,2019-02,3.522784168051938,2.9434032825916763,19.68404699712487,212.07373372917405,196.51015287356984,7.919988167541381
2009-03,2019-03,3.79603352235609,2.9077351122532606,30.549495597433207,212.4371285076735,196.9709415336193,7.852014542670194
2009-04,2019-04,3.4959069045619926,2.8903146978679475,20.95246608062309,216.30352774035094,198.56663016348656,8.932466428151088
2009-05,2019-05,3.230065761750011,2.75980447831994,17.03965940791383,210.08764037927415,192.50827917253287,9.131742947525922
2009-06,2019-06,3.2109999752729492,2.762702247248087,16.226784065181455,210.73778455895666,196.2861448825416,7.362536813315557
2009-07,2019-07,3.281334927859973,2.8138411046065066,16.614080393101727,216.14893952889756,205.15112369016202,5.3608362659253395
2009-08,2019-08,2.9466660152057975,2.691700432528713,9.472286722395683,207.17687152280212,195.24292821017704,6.11235624359121
2009-09,2019-09,2.930300388421206,2.7515404796460214,6.496721022188323,211.39865247795905,203.7359094776438,3.76111556375196
2009-10,2019-10,2.858175069343433,2.726935676182374,4.8127058627503105,209.01303228088466,201.49887115176753,3.7291331143277207
2009-11,2019-11,2.927443463953508,2.8250075441751883,3.6260405742819968,216.45751097121084,207.95211968209117,4.0900719368104355
2009-12,2019-12,2.9320499892472154,2.8649870257828067,2.3407772133308358,220.0296350125662,209.86730170394728,4.842266149185348
2010-01,2020-01,2.9882948935848663,2.9286591957413233,2.0362798761379253,224.52743896710933,213.25733306052692,5.2847448408180675
2010-02,2020-02,3.073671281558649,2.890006474826494,6.355169385673487,222.20436341998547,209.26412285812555,6.18368805178946
2010-03,2020-03,2.3672731484404017,2.3180656150865744,2.122784317819648,178.87883083352617,167.0049965986355,7.109867654694879
2010-04,2020-04,2.392634465731185,2.410904912752186,-0.7578252847867173,186.42439112378494,174.97018978864196,6.54637304159027
2010-05,2020-05,2.693869868055198,2.5298146745855297,6.484870023000644,195.92161636978435,183.16534979467662,6.964344833456315
2010-06,2020-06,2.9555164001981136,2.635571963651296,12.139468812058896,205.74296478637285,192.41238833661254,6.928127946959095
2010-07,2020-07,3.048316573002851,2.669765867541149,14.179172415982189,209.80920694356954,197.7977768562386,6.072580935053162
2010-08,2020-08,3.194628984771411,2.7681986224798876,15.40461579702348,219.3122574812523,204.14491624265457,7.429693336359766
2010-09,2020-09,3.068536419248964,2.7221397859278618,12.725159637716033,215.45474542100632,205.1575590078722,5.0191601337677305
2010-10,2020-10,2.9873053961146785,2.7551973628902235,8.424370477074339,216.97821950343354,207.8394192028563,4.397048613601795
2010-11,2020-11,3.033039804689234,2.8545681705575414,6.252141251082266,223.62746079261157,214.65573834453193,4.179586587002682
2010-12,2020-12,3.051345040499335,2.9674790901134953,2.8261681999798727,230.8162224921169,220.01648021204107,4.908606059722231
2011-01,2021-01,3.0331544791913787,3.0463257060953604,-0.4323643685777756,234.162355607362,222.7855654088741,5.1066101062734015
2011-02,2021-02,3.012080924666902,3.111761459612078,-3.203347565002712,236.6163409856784,223.63172583911975,5.806249134749231
2011-03,2021-03,3.079059602331715,3.1347038467412682,-1.7751037141004233,234.86649346691718,220.21728749204695,6.6521598470779875
2011-04,2021-04,3.1878448508377097,3.295924042582153,-3.279177261007815,244.79314728660256,230.3783095848547,6.257029026614358
2011-05,2021-05,3.1805007194751282,3.2943848269869322,-3.4569157367071557,242.5058465164945,227.44762851082263,6.620520998290091
2011-06,2021-06,3.3266211382048905,3.3136380088560733,0.3918089216178089,242.42433887445642,227.41031782959914,6.602172314849608
2011-07,2021-07,3.312521649176904,3.388592297276736,-2.2449041202438735,246.2818411732416,231.13186161391525,6.554691098639176
2011-08,2021-08,3.780389796161075,3.4523010104077807,9.5034814393123,248.78862661322052,230.6128749846503,7.881499083596277
2011-09,2021-09,3.8026545603595605,3.391093992071614,12.136513150333684,245.13671022545378,228.13234382107893,7.453728883665511
2011-10,2021-10,3.6696944698475735,3.3074502117838027,10.952372216312266,241.42576855752674,225.88687070354783,6.8790619860204405
2011-11,2021-11,3.755347848974879,3.3881715850681267,10.837003223948871,248.86336547949386,234.78068067920498,5.998229820080847
2011-12,2021-12,3.6871178631041372,3.3353700979989855,10.545989043799931,246.00701011436888,230.58607153479358,6.687714690194735
2012-01,2022-01,3.432867995045555,3.210981563178717,6.9102368699738514,236.3406509107518,221.81624334420465,6.547945879693229
2012-02,2022-02,3.184991161447002,3.064579685569503,3.9291350929621105,225.06494195811675,211.80128729649726,6.262310692688056
2012-03,2022-03,3.0506284957357135,2.987517663469646,2.112483987551461,217.9823904386026,205.15917260677907,6.250375096024263
2012-04,2022-04,3.047602293241653,2.9522903439403563,3.228407039874215,214.989825961557,204.21632911177718,5.275531538853073
2012-05,2022-05,2.8622553391514747,2.6556912832246273,7.778165226947253,194.04159591398925,183.50986421248626,5.739054816861655
2012-06,2022-06,2.7560832316499377,2.482531721014081,11.019053989131478,183.19046937763048,173.08930418594696,5.8358113109242105
2012-07,2022-07,2.6861920628030087,2.4443326796319256,9.89469989852212,182.30069654142528,172.17983346502004,5.878076934289389
2012-08,2022-08,2.7820199427749617,2.5688845944394227,8.296805111326888,192.32925946536318,179.89920345770352,6.909455833461831
2012-09,2022-09,2.5096511494654665,2.3492300596135327,6.828666660187577,176.30280993659147,165.48949176175367,6.5341418719232935
2012-10,2022-10,2.426525713788327,2.2337704822171442,8.629142210701168,168.7076541357242,160.36139096771163,5.204658750866709
2012-11,2022-11,2.6195091908932744,2.304564649007157,13.66611876224868,176.30216092542452,168.83789061289383,4.420968708762496
2012-12,2022-12,2.5649278940175875,2.254566073266676,13.765922606172442,175.2415744496829,164.6367393772702,6.441353924114956
2013-01,2023-01,2.481297801808977,2.22477294669662,11.530383605807938,174.67225219612354,164.51002101831662,6.177271825085628
2013-02,2023-02,2.5075026133799176,2.2570682458468574,11.095560269117911,177.65112332583004,168.48794737094485,5.438475628592854
2013-03,2023-03,2.376269559523779,2.159652913799843,10.03016014007574,171.0248858012172,162.1902066363304,5.447110123422116
2013-04,2023-04,2.420996890808635,2.194594881706931,10.316346355716055,175.5406770016323,168.92482701298306,3.91644621198326
2013-05,2023-05,2.3304216217306317,2.1738210717445807,7.203930076010012,174.96410375763506,167.13537885910608,4.684062077083362
2013-06,2023-06,2.471155232558687,2.248959370113277,9.87994115848425,181.62909974406327,174.06709809007867,4.3443027068052364
2013-07,2023-07,2.4822380484254394,2.293126115858274,8.246905011431704,186.78534083759857,177.54233575001564,5.206085099948976
2013-08,2023-08,2.443524783708562,2.2282501029628428,9.661154304872444,182.6574462315361,171.86393958459576,6.280262557130278
2013-09,2023-09,2.3885140095098434,2.1708863493205848,10.024829731753071,179.04164595148453,168.92303980400766,5.990068707748186
2013-10,2023-10,2.2629625782447897,2.0676162826896585,9.447898877107663,172.32442537139056,165.0255089500332,4.4229019306144535
2013-11,2023-11,2.279054643202329,2.1371650482186637,6.63915007883602,179.2956469092135,173.7762158802231,3.1761717223689034
2013-12,2023-12,2.363211092452238,2.220873440631852,6.4090843366513495,187.41665355990654,177.89750678748018,5.350916347466361
2014-01,2024-01,2.4045361635668043,2.253903079507665,6.683210357565295,190.43419893590368,180.60027783954914,5.445130657601371
2014-02,2024-02,2.502518518510438,2.317963938048357,7.961926302333655,195.75643174897803,186.63144224509796,4.889309858033708
2014-03,2024-03,2.516057884938802,2.3629050516395202,6.481548346304278,199.34154329620657,189.17134621662137,5.376182642343319
2014-04,2024-04,2.484149458794056,2.3125133286367996,7.4220601469326075,195.07092764211222,188.28831958462095,3.602245785853442
2014-05,2024-05,2.512799090538309,2.348007058360045,7.018378909531986,198.13079276675356,189.64128994127788,4.476610989149266
2014-06,2024-06,2.525241818326716,2.4084793639954403,4.847974040249947,203.53158865863418,195.50760620392037,4.104179172622335
2014-07,2024-07,2.543261800540275,2.442528168404501,4.124154367545141,206.57489633395147,196.89666312159065,4.915387116735537
2014-08,2024-08,2.5230755544111956,2.396897754530869,5.26421286188834,202.87792085379317,191.1461125242917,6.137612831655437
2014-09,2024-09,2.54429257066122,2.447753294838407,3.943995337536088,206.50612111237066,194.89532972288782,5.957449778807766
2014-10,2024-10,2.685950176038631,2.5167732977184567,6.721975255917534,211.18031483586475,202.56905062969335,4.251026590391249
2014-11,2024-11,2.591360126505811,2.552543405358337,1.520707583894132,214.8113687423448,207.48404663158004,3.5315110871032562
2014-12,2024-12,2.5971450708318815,2.5664678543035024,1.1953088162370396,216.27967870559968,205.55708814914976,5.216356513412834
2015-01,2025-01,2.586037648256834,2.522962020362275,2.500062521175095,212.39496908179166,201.57475210541674,5.367843374906545
2015-02,2025-02,2.5421761967073344,2.5582251144774713,-0.6273457984331765,212.17514446977273,202.13759550588273,4.965701179322624
2015-03,2025-03,2.4030029713831023,2.4338921607452266,-1.269127279355975,198.0369259949216,188.21160463965597,5.220358953995885
2015-04,2025-04,2.250497576071071,2.3010511654155072,-2.1969780639496395,185.39767778243095,179.9692582788805,3.0163037595779763
2015-05,2025-05,2.421781223921177,2.4982802677344114,-3.0620681274726724,199.08993752004577,192.19248244889135,3.588826671713652
2015-06,2025-06,2.5269606001870675,2.595941475240983,-2.657258482590086,204.64046205670078,197.366269815674,3.6856309073583615
2015-07,2025-07,2.6396461932410973,2.7068239263179628,-2.4817917568892622,211.99000568877426,201.9896320166079,4.95093415059249
2015-08,2025-08,2.7445252196687777,2.7361302511487624,0.30681903818323697,213.71060272727877,200.41908022873676,6.63186483211704
2015-09,2025-09,2.943383809445166,2.783766673907121,5.733854673747363,217.4195152605535,203.23647880389652,6.9785879681286245
2015-10,2025-10,2.884394887214721,2.816704299903545,2.4031840088252654,220.37541791788448,207.93060729291338,5.985078765936569
2015-11,2025-11,2.810588650553753,2.8073490581347,0.11539685133439281,219.60958060745966,209.9685035297409,4.591677759113599
2015-12,2025-12,2.882694088382691,2.833671177479728,1.7300140994680913,221.6828577820078,209.18946760872106,5.9722845113096446
2016-01,2026-01,3.1112714924397946,2.8366465940384162,9.681322268996716,221.63477069217996,208.27770616953873,6.4131033360663725
2016-02,2026-02,3.1034581262247314,2.769150939180649,12.072551998303105,217.59051946707754,203.054295441316,7.158786763987779
2016-03,2026-03,2.802047171509765,2.6098391694313747,7.364745089647351,206.0521153579575,191.8892936174559,7.380725351324768
2016-04,2026-04,2.8409021321811005,2.6815244359347488,5.9435481590453865,211.94218639766706,204.92493850565666,3.4243015726544757
2016-05,2026-05,3.03204717815847,2.8187735014723962,7.56618708720902,222.65599517386815,214.65480299593307,3.72746943756328
2016-06,2026-06,3.0183725817663647,2.7970088868793974,7.914300734808921,221.2463096216157,212.44087321907443,4.144888066554353
