depart,fin,A_tout_d_un_coup,A_dca,A_ecart_pct,B_salaire_immediat,B_salaire_accumule,B_ecart_pct
1949-05,1959-05,4.510480398821663,6.366352197448369,-29.151258696786176,386.94212632447704,372.1763504619464,3.9674137930052034
1949-06,1959-06,5.5136809147835555,6.811381314481959,-19.05194173961908,390.11601931071175,378.16029230558604,3.161550075031272
1949-07,1959-07,5.912649560827166,7.530273450696796,-21.481608874641157,406.94667759337244,397.6589716950082,2.3355957137785044
1949-08,1959-08,5.0321383719602695,8.009436023017331,-37.172375714107375,414.5524753851633,390.2541298685999,6.226287861385282
1949-09,1959-09,5.526854063322923,8.427013544045964,-34.41503286501925,420.27655751667544,370.5381772650624,13.423280866422838
1949-10,1959-10,6.746785361028686,9.19780035339375,-26.647838593938424,439.91669822682434,392.9337513519781,11.956963919029784
1949-11,1959-11,7.9528655161185275,9.601294056257878,-17.16881631247349,444.16781470666433,388.14375772504184,14.433842066657565
1949-12,1959-12,7.959967245928488,8.669132412945553,-8.180347620000283,391.54352384288,343.7558754661766,13.901623735709912
1950-01,1960-01,10.298573589799005,9.500239259101175,8.403307631784429,418.9370735913409,377.11883831795035,11.088874652857683
1950-02,1960-02,9.447691734921817,9.937320147815496,-4.927167542260513,436.3006996753149,368.1638936780606,18.507193988130787
1950-03,1960-03,10.854318205101938,10.275161686672051,5.636471094962059,446.58048133387916,382.37713334035743,16.790582489244656
1950-04,1960-04,10.99627429261907,10.396467545747997,5.769332172025909,450.1434078501445,407.04399265523097,10.58839240293592
1950-05,1960-05,10.49108469539376,9.262788230670143,13.260547840838965,398.4032060250607,353.47836295092833,12.709361528973995
1950-06,1960-06,12.645120111407682,9.960701094385486,26.95010111823668,428.7133800362631,383.1168446538617,11.901469752288495
1950-07,1960-07,11.203709396454553,9.63447737506834,16.287671456336604,418.49978740860564,368.3568831743323,13.612587825742395
1950-08,1960-08,10.26407682234832,10.077417855565225,1.8522499459523223,439.05915995755015,388.83549174555634,12.916431055850964
1950-09,1960-09,11.840799382120101,10.323316500585417,14.69956754158057,448.3357649269243,387.5966777538034,15.670693444823991
1950-10,1960-10,11.775244913338359,10.197024205527391,15.477267445883648,445.90977082923985,381.7764522602555,16.798657483794965
1950-11,1960-11,11.728200455580867,10.13906942234852,15.673342069535368,448.0521796739124,378.2636163116192,18.449716111422234
1950-12,1960-12,13.312825041703466,10.375206118673944,28.313836751081144,460.95062489438294,397.38186992691993,15.996893612472451
1951-01,1961-01,12.941609633544138,10.952070875921356,18.165868173816115,493.98734977255623,428.4348008864934,15.300472499065233
1951-02,1961-02,12.512557452396585,10.748716554933864,16.409781469705642,491.94577247657287,406.70715100297184,20.958230329463312
1951-03,1961-03,12.869769704832956,10.833456511329903,18.796523449126568,500.151230585735,428.9744722679197,16.5923062837551
1951-04,1961-04,13.619847707333223,10.901772898674835,24.932410846576914,506.26397703520126,465.6748507885456,8.716194610450723
1951-05,1961-05,13.199166863161203,10.657611366097736,23.847327602395517,503.7777008928131,445.98403194380325,12.95868569489327
1951-06,1961-06,13.287309722328466,10.536649996834438,26.10563818975118,508.4745062234383,459.32991029937347,10.699193503866166
1951-07,1961-07,12.843181985429391,10.06479367937979,27.605019979116065,498.5323776319203,439.8343261353251,13.345491247205521
1951-08,1961-08,11.028011011699933,8.785469922352249,25.5255678884307,446.8423996585424,399.44164136802897,11.866754334418616
1951-09,1961-09,9.965555555555556,7.985513298793915,24.79542870538698,415.649321193919,367.349200046242,13.148285375766978
1951-10,1961-10,8.053243685262585,6.650969058397775,21.083764103431534,354.6136911150569,312.2292753494179,13.57477312728166
1951-11,1961-11,8.425675246266286,6.315806022553937,33.406175176659026,346.5853509890658,305.2085601312512,13.556890684855304
1951-12,1961-12,8.62700228832952,6.405655549373947,34.67789864493533,366.4862582548646,323.32246456759833,13.35007567290205
1952-01,1962-01,7.997142252328535,6.344547550418037,26.04747917448598,378.533139788685,336.8518712789033,12.373767837932203
1952-02,1962-02,8.28489525909592,5.924137149974346,39.8498219969772,369.5051550335767,317.42471844651965,16.40717737482429
1952-03,1962-03,8.18192695572902,5.299943179933556,54.37763534347164,346.1034249166613,304.60753777400777,13.622738112751453
1952-04,1962-04,6.7996250986582485,4.807013215680479,41.452182333883925,325.3293300320391,307.35280536652925,5.848824006689046
1952-05,1962-05,6.1430754021748895,4.541183649122093,35.274762635122144,316.90099463177097,294.03603585215194,7.776243722424581
1952-06,1962-06,5.857850903920373,4.610010906347774,27.06804870796251,328.8226448462033,316.1906284078206,3.9950635165853177
1952-07,1962-07,5.570080170609375,4.371208744161145,27.42654255644108,316.88520460791295,298.42376930027183,6.186315302875678
1952-08,1962-08,5.578182820250373,4.2310412589018735,31.839480612820537,313.7699672957502,298.12837474889693,5.246596389903391
1952-09,1962-09,4.858014131647453,3.7379497215473916,29.96467297683154,285.04725710215087,264.080135242858,7.939681581884495
1952-10,1962-10,4.021070778661048,3.4464979625146577,16.671207190477077,271.11540457637363,251.15487669272986,7.947497634323897
1952-11,1962-11,4.102489685588277,3.842685045935941,6.76101831262772,306.8976851151374,290.42219128125913,5.672945914082228
1952-12,1962-12,3.9032453079058014,3.7286677765102483,4.682035028579157,299.2882672205926,283.89827050005454,5.420954729111371
1953-01,1963-01,3.2264180161047693,3.816117157613049,-15.452857371840544,304.32239737896003,289.3391219212135,5.178447822146381
1953-02,1963-02,3.750243682987178,4.001541450796799,-6.280024108199134,310.8038135811899,289.43702158686364,7.382190390566135
1953-03,1963-03,5.208076860446182,4.308791491631157,20.870941900105432,328.3022344183057,304.0385590397836,7.980459930856076
1953-04,1963-04,4.692724754692518,4.269758187750108,9.906101196922501,322.76263022744723,304.81338255844656,5.888602238636609
1953-05,1963-05,4.660661290806079,4.1614462877598,11.996189990836514,311.4927039525834,291.1403440786682,6.990566676123677
1953-06,1963-06,4.483293383775667,4.164484853545072,7.655413369055841,307.37269528182844,296.56372729361624,3.644737030672207
1953-07,1963-07,3.5920026933934164,3.7189102548390194,-3.412493250690085,271.5024333751353,256.1236346263712,6.00444342873645
1953-08,1963-08,3.298532249004811,3.671886986659855,-10.167925620027528,261.86669829434794,253.88543993304972,3.1436455605342584
1953-09,1963-09,2.887040610375496,3.5882424665192167,-19.541652011713772,250.1571024158015,236.55978949333038,5.74793922145187
1953-10,1963-10,3.1766741488963706,3.816294026078864,-16.760235789266087,259.1264411905012,247.27725914267018,4.791860799862113
1953-11,1963-11,3.0260719519689876,3.670877276386416,-17.565428530265926,242.123996219883,233.25650970348755,3.8016030196403428
1953-12,1963-12,3.2641883847069724,3.609046011949015,-9.555367986450436,231.37517217435084,223.1473718041996,3.6871598816636375
1954-01,1964-01,3.7359159886258055,3.8998283934638844,-4.203067117332548,246.43034047945662,234.02529859173808,5.300726871140271
1954-02,1964-02,3.56889669035418,3.693298199326415,-3.3683039456419483,231.501990022613,211.96600857420475,9.216563344197294
1954-03,1964-03,3.7839251989225664,3.5699643303138355,5.993361524425134,221.9592396121492,202.47894776050333,9.62089741531431
1954-04,1964-04,3.565199780111681,3.573592082456288,-0.2348422022146135,220.98119691413982,202.16488390681118,9.307409201690087
1954-05,1964-05,4.025781106132221,3.8034627023859033,5.845157982142357,232.4968310724876,212.85651484348278,9.227021424947557
1954-06,1964-06,3.905053290815593,3.9176209769544132,-0.32079892906308194,237.80365098939245,222.04379059193175,7.097636171427069
1954-07,1964-07,3.9767025089605728,3.7693346464614863,5.501444736241612,226.24095540601772,208.18662413469494,8.672185999635484
1954-08,1964-08,3.6986551504260623,3.641822834350704,1.5605458766225544,217.61959178776783,205.0566175450238,6.126588058044802
1954-09,1964-09,3.464634389320582,3.441815299660309,0.6629957645468476,205.00443668889957,190.3226720637388,7.714143809542495
1954-10,1964-10,3.675540967663506,3.392283032974901,8.350067843254184,201.23693706293037,190.73617135975786,5.5053876924930245
1954-11,1964-11,3.699892917240324,3.332051611385658,11.039484040335633,198.54661973868625,188.23430288116253,5.478447179754564
1954-12,1964-12,3.4164115813417957,3.2996085059926505,3.5399070870683946,197.01923866885272,187.45265696949886,5.103465511780114
1955-01,1965-01,3.3624847746650426,3.3218355032214566,1.2236991086453486,198.71707205293825,189.4792170404987,4.875392223340813
1955-02,1965-02,3.3054579143845877,3.208855754456092,3.0104862081863804,191.73920258048156,176.29539503206828,8.760187721071233
1955-03,1965-03,3.222674253200569,2.954060059257133,9.093051209357771,176.89404811380606,161.8337416820263,9.306036105480707
1955-04,1965-04,3.398827233600047,3.005218693839653,13.097500709923239,181.4360596937975,165.3379361995738,9.736497179202841
1955-05,1965-05,3.1338267653530703,2.72993280581433,14.79501468602118,166.8614103383376,151.128779749847,10.410082457181048
1955-06,1965-06,3.0076602264022467,2.5674572847761987,17.145482584510454,159.24327353281603,148.41594220379224,7.295261660069241
1955-07,1965-07,3.0003554923569147,2.579714793319321,16.305705581366038,162.73680553885652,149.53860833920118,8.82594625310249
1955-08,1965-08,3.24338706344286,2.875094612953051,12.809750636746209,183.93863648321533,174.2884121981013,5.53692822340095
1955-09,1965-09,3.150558673600741,2.7453209444270694,14.761032949400455,177.08767623325667,165.1025878623571,7.259176567778169
1955-10,1965-10,3.056626829923992,2.749893578195884,11.154368087558698,178.78826727042554,170.87167283582951,4.633064277542442
1955-11,1965-11,3.4915581773799844,2.9647139235134516,17.770492110151892,194.0390982403804,186.64185466471986,3.963335870696749
1955-12,1965-12,3.330663158636567,2.9730130557521837,12.029886723585093,197.77873570998574,187.59564996121603,5.428209956294294
1956-01,1966-01,3.472299626883295,3.018495131051924,15.03413045669626,202.69209772543456,195.267505939908,3.8022669208523707
1956-02,1966-02,3.430687999271718,3.0191105812888956,13.632406197162705,205.2621266963214,188.6570674750126,8.801715961957314
1956-03,1966-03,3.4853044702569513,3.103555167845959,12.300387193566387,213.17477773065175,195.68325531202208,8.938691453563052
1956-04,1966-04,3.2823763045590915,2.9813253986757466,10.097888208280326,206.6200550503764,189.0708534434342,9.281812234582487
1956-05,1966-05,3.1000348053968843,2.852875546727751,8.663513518934419,199.1387520422348,181.97827658461938,9.42995822341237
1956-06,1966-06,2.972972972972973,2.800918655880567,6.1427816452711115,194.5336845077098,184.40672999634145,5.4916404144085496
1956-07,1966-07,2.995962745333174,2.799166011437728,7.030548852454999,193.0888397823069,180.5597672676027,6.939016761211936
1956-08,1966-08,2.9634791063217802,2.739123239052971,8.190791274743026,186.50868767189732,179.7091869283867,3.7836133253555726
1956-09,1966-09,2.9873203547039036,2.726873266815474,9.551125498127288,184.84667882508435,174.11029170944735,6.1664287677799745
1956-10,1966-10,2.835760390428212,2.6635081517845807,6.467118883350165,179.81342864755564,173.42589227337487,3.6831503591816306
1956-11,1966-11,2.4977721082324194,2.5684108005789077,-2.7502879341017694,171.7022207795459,167.7069315140241,2.3823041954516455
1956-12,1966-12,2.6443165677240774,2.7124454627133154,-2.5117148317182147,177.78168759799908,173.35656831857455,2.5526112580243066
1957-01,1967-01,2.576895980837648,2.7695559707917163,-6.956349392678773,177.4728661442777,174.4206370609299,1.7499242834903672
1957-02,1967-02,2.6149674620390453,2.848502237975045,-8.198511232415806,179.70816556493588,167.74852488171945,7.129505723909801
1957-03,1967-03,2.501942314964419,2.7911957219180894,-10.36306428396564,173.41813549097188,160.91591864372512,7.7694096100754395
1957-04,1967-04,2.4372806050636773,2.776148708824243,-12.206410365678266,169.75008551937037,157.10478705553234,8.048958087679559
1957-05,1967-05,2.8935900391976017,2.9215125448855432,-0.9557551185882529,176.35814855740938,162.91976632158455,8.248466431813451
1957-06,1967-06,2.8586898293410887,2.8818088764429097,-0.8022408179392371,173.10215151117686,161.77227858074525,7.00359358836411
1957-07,1967-07,3.036716307388514,2.8225156624385686,7.588997566974798,169.1977270374014,155.79126366467128,8.605401264082758
1957-08,1967-08,2.5357985986515326,2.5325956470080913,0.12646912850953207,152.028168422354,142.69701616349525,6.539136213028862
1957-09,1967-09,2.50101067346746,2.4756855215588542,1.0229551244723245,148.3885611860592,139.12410716283546,6.659129184836621
1957-10,1967-10,2.6938587733208044,2.5521778069586984,5.551375220637156,152.6724731158854,146.8852858827273,3.9399366644379707
1957-11,1967-11,2.6082703696140492,2.3357410332613537,11.667789043041621,140.14058699998358,135.2153223132939,3.6425344424190653
1957-12,1967-12,2.7219264946026773,2.300074354657322,18.34080446534978,139.20476674906664,133.83202838285484,4.014538545916624
1958-01,1968-01,2.510426630954658,2.2842207877843808,9.902976296336474,140.56034265071062,135.30466204322022,3.8843307600233246
1958-02,1968-02,2.5556081490457436,2.297555876401966,11.231599426774075,143.0310967428639,132.8269654932743,7.682273860352762
1958-03,1968-03,2.5683044643194077,2.260542430199074,13.614521453296957,142.66827778027053,131.6518986025189,8.367808816044553
1958-04,1968-04,2.6161489120865298,2.3478756295747165,11.426213515424033,150.93960117999984,139.03105049384644,8.565389273729519
1958-05,1968-05,2.611461328285443,2.302458190897165,13.420575392418899,149.96645572634586,138.72561177237043,8.1029334168085
1958-06,1968-06,2.6199137606515865,2.3431652217853314,11.81088453742889,155.33376818845292,145.5255972167646,6.739825267357458
1958-07,1968-07,2.8043561931420564,2.3894360230162968,17.36477420316056,160.92604627440696,148.80404829659176,8.14628238719286
1958-08,1968-08,2.865555612011585,2.440270695210683,17.4277762559528,167.9504785899879,156.95875648183625,7.002936538570026
1958-09,1968-09,3.1385363357215965,2.5678405185475426,22.224737597678335,180.6034021573905,168.99423781457628,6.869562236525484
1958-10,1968-10,2.871865332719015,2.3489670245109178,22.26077687561283,169.2962564992582,161.95546365804222,4.532599688464689
1958-11,1968-11,2.751021650987996,2.224778402433835,23.653737737586276,164.67313977642294,159.63180137118908,3.1581040631818214
1958-12,1968-12,2.5570069829039244,2.1200819239289235,20.60887619688272,161.25835947860256,156.37149348591035,3.1251642379002575
1959-01,1969-01,2.65435876611605,2.228565012880871,19.106184956424222,172.03133308542112,168.5966810358335,2.0372002749316387
1959-02,1969-02,2.4554098772672055,2.0824757898299913,17.9082075891821,163.70063511166217,153.97846111141217,6.313983092229658
1959-03,1969-03,2.40703405896581,2.117076764707961,13.696116224573785,169.85493907504278,159.78137582011968,6.304591635425538
1959-04,1969-04,2.5546346958480846,2.1328624460455283,19.774939100482115,174.29639666126695,164.42021615451856,6.00667043124854
1959-05,1969-05,2.500069078988684,2.1581387156115825,15.843762076257617,180.50314416465892,169.3387955194381,6.592906611255112
1959-06,1969-06,2.449924080635007,2.111314050067858,16.037880795434756,178.470705212065,170.67911722650516,4.5650505534428065
1959-07,1969-07,2.182206314114936,1.9354565151540082,12.748919804136927,166.4045828001395,156.8274792815145,6.106776416034543
1959-08,1969-08,2.1816500856465466,1.954328175991151,11.631716333420194,170.32360927865057,163.79015589870176,3.988917004260939
1959-09,1969-09,2.234010725999468,2.00109950672231,11.63916229526507,177.3176654552981,170.32660284710263,4.104504223847605
1959-10,1969-10,2.230820784551909,2.0624340941870707,8.164464059212007,186.0531258437244,182.03621601070213,2.2066542147778367
1959-11,1969-11,2.253395842076709,2.08592515107608,8.028605001202216,190.99172444271352,189.45167905451623,0.8128961410545976
1959-12,1969-12,2.6838309253840524,2.176578701712346,23.305025601538954,202.37542652397943,200.05382752324357,1.1604871696174524
1960-01,1970-01,2.4096093512271386,2.051062724059622,17.48101718010131,196.2812233576583,191.77658426668108,2.3488994280517206
1960-02,1970-02,2.344974681299628,2.050611722588546,14.354885201743572,201.98784813966364,190.8861201542185,5.815890634937704
1960-03,1970-03,2.3820423033723768,2.1049621904984894,13.163187164339064,212.735612841522,201.92279926189735,5.354924564808683
1960-04,1970-04,1.9361195560602178,1.708188235836442,13.343454511742703,177.06551015759112,168.59834688516844,5.022091514449789
1960-05,1970-05,2.0497738929861304,1.5849391311040095,29.328240609362343,168.7837240689137,161.6032849421508,4.443250723110781
1960-06,1970-06,1.9622348870717585,1.5983723658982179,22.76456531260569,177.00338387804032,170.5868757524088,3.761431292606887
1960-07,1970-07,1.9747752361963467,1.5525627857247253,27.194549190133756,177.77429938372654,169.84541637490267,4.668293780341015
1960-08,1970-08,1.8134892621730812,1.4724831656843262,23.158573519601134,174.5927644929536,170.0402261976325,2.6773301807007766
1960-09,1970-09,1.6840526062602428,1.3873966885044435,21.382198776586534,168.33738995345809,165.03449820884293,2.001334133446142
1960-10,1970-10,1.6912788186167063,1.3920495043423204,21.49559432627779,171.6112236712013,172.25803824768204,-0.37549166532985234
1960-11,1970-11,1.5463924734106604,1.3026526474211788,18.711037548805187,160.91714247976716,163.48846759015785,-1.5727868444131654
1960-12,1970-12,1.4646755754730194,1.2967267263794178,12.951753494163754,160.10245427845257,162.76000212057528,-1.6328015528986994
1961-01,1971-01,1.4063661010141582,1.3641259586185954,3.0964986868469158,168.77673907077,169.5523994844215,-0.45747533860337475
1961-02,1971-02,1.4643332699258131,1.4480977411746525,1.1211624940448361,178.91065163746114,173.8460983899735,2.9132395229985564
1961-03,1971-03,1.5142713124566822,1.5608344505429161,-2.983220806667708,192.10544473383035,186.28720467970052,3.1232633846933533
1961-04,1971-04,1.4999118835647656,1.6166065229596114,-7.218493661723347,196.76340965138195,190.47770039977158,3.299971197897711
1961-05,1971-05,1.4626845229942893,1.6329515929913754,-10.426951461872601,195.32121541865763,189.94474979945517,2.8305418417087003
1961-06,1971-06,1.5182925074119915,1.783184742981827,-14.855007963273891,209.21869067172472,204.45683189058528,2.3290289383373297
1961-07,1971-07,1.5250392491663136,1.8257099754915125,-16.468701511271156,210.61857271509407,203.0912570603203,3.7063710982585985
1961-08,1971-08,1.433539070252189,1.6017023311983523,-10.499033289184744,181.31923097969405,177.7491797334143,2.0084769176623274
1961-09,1971-09,1.592577046427892,1.7097023324942344,-6.850624453174358,191.216459900526,188.52445049250866,1.4279364830315666
1961-10,1971-10,1.7137592045189582,1.6250574034040857,5.458379558104509,178.86498182960904,178.9691236974784,-0.05818985181231806
1961-11,1971-11,1.8424700930772833,1.7507128583120646,5.24113559397088,190.9938173233386,191.45092229768943,-0.23875830362419803
1961-12,1971-12,1.8942761412815858,1.9312344111629527,-1.913712269610568,211.24952083245626,211.04202925142604,0.09831765822485572
1962-01,1972-01,1.890294744365181,2.034253271060696,-7.076725830724739,221.4212697090879,219.2369840195015,0.9963125972359155
1962-02,1972-02,2.0107926115192165,2.158117934521624,-6.826564973385663,233.3065624799205,224.02936164485683,4.141064709977771
1962-03,1972-03,2.219775628303424,2.2766873175512985,-2.499758698049337,245.0283065896906,234.28791892217907,4.5842686711810465
1962-04,1972-04,2.42239665704212,2.365097524956595,2.422696378517264,255.39311133778457,242.3551640608986,5.379686183872612
1962-05,1972-05,2.6602612868303246,2.5464031385741066,4.471332387689975,276.61456312630366,262.6375617642851,5.321783094591304
1962-06,1972-06,2.5734615891421795,2.570850062824217,0.10158221032514625,280.5421615863804,267.3387432048685,4.938834612308263
1962-07,1972-07,2.7923993193420307,2.7124010914945824,2.9493509679782592,296.08708008438384,280.4774193513042,5.56538945958005
1962-08,1972-08,2.870053706147625,2.8048745754329847,2.3237805813323575,303.8878026207741,292.48226193462284,3.899566630369078
1962-09,1972-09,3.307482087084329,2.9924328497605526,10.528197394604376,320.86981506081065,311.6036327135992,2.9737080619108625
1962-10,1972-10,3.6029519181910565,3.1440065214612645,14.59746961709496,334.588400629408,327.3685400688883,2.205422842097282
1962-11,1972-11,3.3769541274222856,3.3498155724200527,0.8101507207045167,356.1982001628404,348.0982468734399,2.326915852680367
1962-12,1972-12,3.666453116309849,3.621029796113559,1.2544309976416868,378.45449953946945,374.501610432973,1.05550657096678
1963-01,1973-01,3.5415469635988397,3.6372072295705125,-2.630047174490202,372.70695301918994,364.6981814614615,2.1959998609356157
1963-02,1973-02,3.413052895348915,3.6352804899776805,-6.113079726349535,367.01789216776376,349.421137314155,5.035973206677546
1963-03,1973-03,3.272877921883012,3.7704417027744452,-13.196432145477955,372.6119753765771,355.0874778110196,4.9352620581242235
1963-04,1973-04,2.8697828038955904,3.3659433501888785,-14.740608937029387,323.39316007522484,307.90395015700886,5.030533031589113
1963-05,1973-05,2.9312493970091653,3.4261242952039277,-14.444160677051753,320.6109358933089,306.7445192169052,4.520510003505063
1963-06,1973-06,3.011485219945504,3.561089664934845,-15.433603101914507,326.91421698803276,313.0469125360529,4.429784769202216
1963-07,1973-07,3.634645056165194,3.8783672326443197,-6.284143864142355,350.34248390087225,332.98528645709297,5.212601922582505
1963-08,1973-08,3.614622589123755,3.773397751293569,-4.207750484702643,336.73484441050647,320.50123737401117,5.065068443886034
1963-09,1973-09,3.547208223219225,3.585403666280068,-1.0653038434713213,316.00059069425686,303.3276708809127,4.177963644576166
1963-10,1973-10,3.459244810834683,3.6702625245570255,-5.749390195128101,319.0472123934415,307.92440765322067,3.612186778239135
1963-11,1973-11,3.485240702697214,3.5182448244711293,-0.9380848525479379,300.5629806986314,290.97471649397283,3.2952224578788103
1963-12,1973-12,3.490962146388912,3.4124290441110707,2.3013841830167303,287.7201357768296,280.914264671355,2.422757389496355
1964-01,1974-01,3.3534545125700848,3.530049547565463,-5.002621992010536,294.70634803986667,283.3059748947001,4.024049669056184
1964-02,1974-02,3.5591676781138695,3.5783557856917687,-0.5362269356955496,294.76272389080617,277.6393908655772,6.167472479983749
1964-03,1974-03,3.654270682474615,3.5736143873385897,2.256994918696109,290.87233272197375,272.4360143859363,6.767210413642433
1964-04,1974-04,3.751176718821009,3.7234809607931614,0.7438136066619805,298.2989245899768,278.4432531090408,7.130958017201561
1964-05,1974-05,3.6385856306416198,3.8598130455213164,-5.731557779369522,305.15839656338244,287.14814766796314,6.2721104216367785
1964-06,1974-06,3.3861812242976215,3.779846706905604,-10.414853117952482,291.7575025558042,277.67244100064903,5.072545732085176
1964-07,1974-07,3.4313975603608284,3.766876352625104,-8.90602082095111,282.4275965595567,268.7909458521864,5.073329633234525
1964-08,1974-08,3.189129463760962,3.4624647074984045,-7.894239128141889,253.6483523675543,240.73663200907038,5.363421532788348
1964-09,1974-09,3.245072829292738,3.3648591904165763,-3.559921956467027,244.06438109875543,233.99153128191494,4.304792469050778
1964-10,1974-10,2.9721762857615346,3.0607553273592405,-2.8940255630994893,220.0586315291132,210.9969249919851,4.2947102368777745
1964-11,1974-11,3.2477115049077567,3.335321189244346,-2.626724065409669,238.2863980480759,230.2694265580567,3.4815614082392976
1964-12,1974-12,3.1539435288315314,3.2268660672982303,-2.2598563728972842,230.5961103804411,223.9160353013784,2.9832946399179106
1965-01,1975-01,3.1857245204343663,3.2898060959507336,-3.1637601877045674,235.62241911639003,225.29915746596544,4.582024081463354
1965-02,1975-02,3.522789286685847,3.5079010987957586,0.42441869000238164,252.06783936430327,236.12465752590313,6.752019041743296
1965-03,1975-03,3.9592944728409116,3.621420597900214,9.32987113224586,261.9002860133548,241.812307987717,8.307260367680769
1965-04,1975-04,3.8115651346206145,3.527287151257608,8.059394406311693,258.9334859543227,234.64935790310037,10.349113361414176
1965-05,1975-05,4.01937772428006,3.3908849995088324,18.534769679958618,251.718294087331,232.03335866181206,8.483666115530264
1965-06,1975-06,4.275537444227486,3.39192385063918,26.050513882314785,255.74111535238845,236.17121893873295,8.286317232724393
1965-07,1975-07,3.9491797302223843,3.143561381501,25.627568574363725,241.353291465531,221.67853115321887,8.875356675253943
1965-08,1975-08,3.234019337676612,2.8632218616013563,12.950357813623082,223.41279655600735,207.0329870647356,7.91169065543651
1965-09,1975-09,3.1758298331344887,2.703826427274765,17.456867833615487,211.69121280843535,204.5650983274658,3.483543644166587
1965-10,1975-10,3.479747017622414,2.9789154550922685,16.812547052116077,234.61912532650047,226.2231046069815,3.711389574511137
1965-11,1975-11,3.153143115150456,2.9255587593811474,7.779175688730655,230.95095782916817,224.2505477921112,2.9879124501709153
1965-12,1975-12,3.062468702171629,2.9306311753049807,4.498605214384521,229.44725455558788,227.4834168594065,0.8632882885678983
1966-01,1976-01,3.167113263238073,3.1366427782779414,0.9714362493283613,243.870216866957,238.5675038435048,2.222730647729243
1966-02,1976-02,3.070670885824029,3.119019435105812,-1.550120167178204,240.2446407744168,229.91206157011172,4.494144036525105
1966-03,1976-03,2.90130532481632,3.0994082250758814,-6.391636269685364,236.5129946494349,223.1497321493073,5.988473466410582
1966-04,1976-04,2.997373976623243,3.161848582492843,-5.201849537650094,237.69868523678466,220.53890336376202,7.780841208192135
1966-05,1976-05,3.077277680546841,3.183793192889467,-3.345553743268026,235.82784300579607,221.30366801139195,6.563006896775181
1966-06,1976-06,3.2457890159876914,3.316899803333343,-2.1438931400396433,243.4162178732302,226.86559862763852,7.295341094335206
1966-07,1976-07,3.096617745163442,3.173264116491789,-2.4153795119041033,230.71767075128125,211.6948121466006,8.985982420536187
1966-08,1976-08,3.238558070866142,3.2431486597726513,-0.14154728592771226,233.3645471916049,215.8982711961237,8.090049030367052
1966-09,1976-09,3.2962338699221387,3.330962057656771,-1.0425873106180705,235.62642257274283,226.8685083714695,3.860348121535373
1966-10,1976-10,3.2242925150240804,3.23223255962912,-0.24565202096568095,224.4358760898177,215.0124550346509,4.382732643859222
1966-11,1976-11,3.2416685248991164,3.1473743282172566,2.9959638367918595,215.53175397429857,207.51990831680587,3.860760021762144
1966-12,1976-12,3.436987810756836,3.5120239382389773,-2.136549431373358,236.20885433922155,231.68343311519763,1.9532778685016128
1967-01,1977-01,3.391727211214469,3.5294701676810134,-3.9026525207052964,232.44254475520415,225.14611748731204,3.2407519833440146
1967-02,1977-02,3.3978070938306955,3.6456979164283263,-6.799543689030829,235.45802954896502,222.9057765200932,5.631192347202507
1967-03,1977-03,3.460105250140838,3.6452571116404426,-5.079253831186758,231.10318303529297,215.97779561482102,7.003214093103738
1967-04,1977-04,3.5478069076841723,3.7108104796989916,-4.392667664020433,231.48451209388725,211.5867532249837,9.404066448217542
1967-05,1977-05,3.3375433284194593,3.6539818536567887,-8.6601011693763,225.66319832215467,208.5828227345387,8.188773823122531
1967-06,1977-06,3.3302078732147398,3.6256890306644944,-8.149655277954182,221.09468229157497,204.88367473061828,7.912298323558953
1967-07,1977-07,3.3177812548684917,3.562415207903653,-6.8670814253322,215.34447283775035,195.85870955099534,9.948887813784735
1967-08,1977-08,3.905219411922423,3.7901833801960825,3.035104642361386,228.04512248469374,209.14947751836092,9.0345169352259
1967-09,1977-09,3.976388123059725,3.7378636136801284,6.381305848255825,226.0381509419804,212.24944170763771,6.4964643126533606
1967-10,1977-10,3.691442898150503,3.5170147193224013,4.959552141473766,215.23270756150146,200.60278325000928,7.292981719629998
1967-11,1977-11,3.865189035990824,3.35494569529285,15.208691497268356,206.56956815658094,195.94403284373033,5.422739931725662
1967-12,1977-12,3.790972909378482,3.225253471861846,17.54030938815059,200.76283389930586,191.98334356445173,4.573047938352381
1968-01,1978-01,3.895496113397348,3.3071820056963337,17.788984902787153,207.98397374761203,196.72982378793634,5.7206120266782845
1968-02,1978-02,3.8692962504723027,3.28511004000737,17.782850600146794,209.5415761583023,193.70532925281518,8.175431706795422
1968-03,1978-03,4.002321566322594,3.348518943851648,19.525128375678456,215.57998789710206,197.6999376951456,9.044034313014105
1968-04,1978-04,3.80076507310775,3.313323519460663,14.711559278293219,215.94987103955995,193.04323222416173,11.866066762081061
1968-05,1978-05,3.7404228838710565,3.200997071226086,16.851805879296002,210.66835291626242,193.7752746127802,8.717870913737325
1968-06,1978-06,3.6202935087157853,3.1601143648828276,14.562104110748542,210.71701846325334,194.91233276827347,8.108612456949892
1968-07,1978-07,3.4943511107506695,3.12363417478172,11.868129083805258,210.28162906887619,192.20344420441623,9.405754896479923
1968-08,1978-08,3.301245338109001,3.073875465643756,7.396847237519011,207.19633876538364,192.9419839491261,7.387896882005762
1968-09,1978-09,3.1374761524287833,3.1425706392615615,-0.1621120864915615,211.75316431485996,204.19094812447253,3.7035021678716085
1968-10,1978-10,3.3822058225280616,3.1902699435127992,6.0162896060112825,214.3571665877839,206.887239387413,3.610627326503635
1968-11,1978-11,3.476287566774049,3.1736337585323016,9.536507085231992,214.29116389986174,207.94710144917875,3.0508059051900016
1968-12,1978-12,3.532411658073782,3.1277748363733875,12.936891012575735,213.03661970391659,206.92982958758867,2.951140552572218
1969-01,1979-01,3.3944794728617804,3.1534811141246784,7.642295926798237,217.90220243142542,207.65066014309946,4.936917745053759
1969-02,1979-02,3.4533647230088595,3.0263411340137036,14.110226510678036,210.65489854792884,197.1527553404403,6.848569366516455
1969-03,1979-03,3.33183235380387,2.9808579237929607,11.774275694573056,210.2959324794901,192.86605872236973,9.037294520655204
1969-04,1979-04,3.2668430501748094,2.9479878168382405,10.816029547861072,210.9872904588974,188.68676605491416,11.818806835394625
1969-05,1979-05,3.14116843252802,2.9348516299451215,7.029888682541552,209.7081830496027,194.1770680761015,7.9984290253132695
1969-06,1979-06,3.1478527267322045,2.927753167878641,7.5176951823790805,207.3900747908732,193.99904631512499,6.902625930436956
1969-07,1979-07,3.3843288182290863,2.939889660733133,15.117545513089814,207.42728562632456,190.60101601226054,8.8280062541648
1969-08,1979-08,3.346590820459756,2.957775352832067,13.145537481587265,209.01666129765366,193.16275037723506,8.207540475302233
1969-09,1979-09,3.257996676834561,2.990756080517688,8.935553054885537,210.92412546626625,203.6187137877094,3.587789915112327
1969-10,1979-10,3.024987091020044,2.9277227187852866,3.3221852469387025,204.7117518799016,199.2728689346903,2.7293645011924994
1969-11,1979-11,2.9300266647285156,2.9323973774090013,-0.08084554633520646,202.87736953996827,200.44714824879767,1.2124000328276985
1969-12,1979-12,2.797864592871471,3.0129789712550785,-7.139591096913622,204.66335729623495,202.91143538594005,0.8633923992320769
1970-01,1980-01,2.9472529099515334,3.1477295256370037,-6.368927636655819,209.00104773980192,203.98632740550602,2.458361007856724
1970-02,1980-02,2.842044456767873,3.169055986385944,-10.318894049928161,206.95375790562082,196.26273938972884,5.447299140496709
1970-03,1980-03,2.597796929172858,3.086492671714859,-15.833367984978274,198.78392177792023,184.71902371921217,7.614211993718545
1970-04,1980-04,3.247171667486473,3.243498244892984,0.11325495857053003,206.49083862983946,188.08674530161647,9.784896484178152
1970-05,1980-05,3.383626008074466,3.2001005403040184,5.734990681043173,203.950341646392,185.9795948661404,9.662751869733954
1970-06,1980-06,3.2134455196411778,3.1576115003119996,1.7682358746052618,202.00773562673217,184.69292074728705,9.374920711301527
1970-07,1980-07,3.1584644028233213,3.083826669658619,2.420295988067478,198.3092166217446,179.50807657064271,10.473701468080176
1970-08,1980-08,3.2426824749907373,3.0761632504009038,5.413211557225761,198.86738619276989,181.24680334852297,9.72187234130908
1970-09,1980-09,3.4261271206135255,3.1285599893941205,9.511312943595884,201.24251539911526,191.8171966050724,4.9136985426016855
1970-10,1980-10,3.3822486046731632,3.1182976122070767,8.464586299678656,200.9035998906937,191.70462821889552,4.798513086128753
1970-11,1980-11,3.5788632835460965,3.0862242816596326,15.962514610945423,197.76815976619523,192.89624388359096,2.525666536847848
1970-12,1980-12,3.5544199200861537,3.0052710745825397,18.27285565512242,193.53185257853352,187.47554865522667,3.2304500329504604
1971-01,1981-01,3.4528107001761152,3.0050372170417816,14.90076331151502,196.13856835124145,187.14798192297027,4.803998598270587
1971-02,1981-02,3.201247973051666,2.8855290803145865,10.94145593232625,190.81598696804497,178.33724533948674,6.997271716742848
1971-03,1981-03,3.0517663213082016,2.8898171198666165,5.604133227955277,193.57072122531778,179.53331395518475,7.818831480845412
1971-04,1981-04,3.109250540884376,2.958260247697603,5.1040233293973225,200.394154124219,184.477551970204,8.627934393115645
1971-05,1981-05,3.0694939197909075,2.840017721090608,8.080097423201194,194.80970691346334,179.6672938228718,8.428029814663951
1971-06,1981-06,2.9830777105806967,2.8768298281228257,3.6932279212079644,201.11811049402294,185.57259721311578,8.377052169536835
1971-07,1981-07,2.9411968034145004,2.7909617386614496,5.382913806088352,198.1438402598705,182.37901451347696,8.643991080031089
1971-08,1981-08,3.4025145185585046,2.7071788639362233,25.684880444555013,195.88985249264823,181.6268867285243,7.852893379955694
1971-09,1981-09,3.0703181303407803,2.4646872647187537,24.572320971161243,184.5682514433398,174.5903934827247,5.71500972165595
1971-10,1981-10,3.269515374419564,2.3507180104586474,39.08581802977085,182.35008440719645,174.88906118207765,4.26614630708726
1971-11,1981-11,3.0905551620945584,2.244752281256785,37.679118889868235,182.49479052390564,176.82449501577764,3.206736435255775
1971-12,1981-12,2.8307207027939305,2.153562952926964,31.443601355912243,183.5707899074188,178.37087401164044,2.915227009225174
1972-01,1982-01,2.772210747418169,2.103539166906944,31.78793107496276,187.34663763095398,181.65321044208264,3.1342287730645957
1972-02,1982-02,2.497868946849416,1.906740141123278,31.002064359850245,176.89635792638794,168.09637182702858,5.235083900808135
1972-03,1982-03,2.27771189790502,1.7519125890193632,30.01287348360082,168.70577388996762,160.43748865079624,5.153586801129695
1972-04,1982-04,2.2134240569258603,1.707819438899637,29.605273631970654,170.43326619878258,162.05747468911892,5.168408014336423
1972-05,1982-05,2.014317571264769,1.6435115239799452,22.561816079444075,167.72816698956703,160.13408802499404,4.742325046611984
1972-06,1982-06,1.944072546958795,1.5850439661946796,22.65101715923119,164.17001042954666,158.17091620778592,3.792792231082398
1972-07,1982-07,1.808368880763762,1.531881083525629,18.048907334360152,161.1490348002974,154.74205360547984,4.140426629694582
1972-08,1982-08,1.7516020045343,1.4991889703286947,16.836638956212703,160.36993305296872,155.83436247876423,2.910507350278757
1972-09,1982-09,1.5994727620740494,1.4307857857623532,11.789813540942905,154.8533405386694,153.08317414327055,1.1563428869995507
1972-10,1982-10,1.5996399286908962,1.4939253525753882,7.07629574217119,162.03092354504852,162.86484377805075,-0.5120320712913795
1972-11,1982-11,1.6216235089218232,1.619920369184359,0.10513725056260359,175.58530565520545,177.108902775381,-0.8602600413079586
1972-12,1982-12,1.5393168892114737,1.6572752727116988,-7.117609575337291,177.64610021146504,178.57171782306654,-0.5183450228768094
1973-01,1983-01,1.5688467525226322,1.702350041917239,-7.842293659196631,179.02439609568333,179.34710032216606,-0.17993278168593196
1973-02,1983-02,1.578805854740574,1.7195598006638066,-8.185463853533726,178.06135348222188,173.24497903101368,2.780094683347789
1973-03,1983-03,1.6199923955680302,1.8226853424534601,-11.120567119533165,186.1119595240813,180.07356567730426,3.3532927634686738
1973-04,1983-04,1.889701618920297,1.8802568748348307,0.5023113709554217,188.94553453046234,181.79472550182123,3.933452419426464
1973-05,1983-05,1.890912721400109,1.8743542499520558,0.883422728039629,187.64233722958213,177.72170008957005,5.582119198168911
1973-06,1983-06,1.897480706377591,1.9221479251046214,-1.283315316415512,192.24242440048135,183.49866525217843,4.765026021462648
1973-07,1983-07,1.8009176422980333,1.9697139667684964,-8.56958560066412,195.8271557795777,186.2327455565825,5.151838466603165
1973-08,1983-08,1.8822737802867213,2.0122826524576016,-6.460765937235524,197.40382360191234,191.30404930119258,3.1885233600654983
1973-09,1983-09,2.036369503587571,2.0909987379424324,-2.6125904986732507,201.08010607157556,197.44879057288344,1.8391176203997661
1973-10,1983-10,1.9909207550220973,2.1093432569369304,-5.614188279948307,199.06932386523127,197.5512208901157,0.7684604368808134
1973-11,1983-11,2.088878130995284,2.1519150574178743,-2.9293408308704083,197.30465852112687,197.22036046664368,0.04274307900244967
1973-12,1983-12,2.297255502925606,2.3094876031519185,-0.5296456326337795,208.29116120824068,206.5146565095375,0.8602317766347678
1974-01,1984-01,2.2913099170767888,2.4042077292317217,-4.695842658779325,213.3180674362343,209.61879478600153,1.7647619117404645
1974-02,1984-02,2.2357118339581596,2.3885773908901196,-6.399857819762477,208.58728304424372,199.6778407469013,4.461908374017054
1974-03,1984-03,2.4471019717250244,2.6126374379524364,-6.3359524679070915,225.92302201385058,215.95934823746447,4.613680240148832
1974-04,1984-04,2.3757612469847587,2.624327450354871,-9.471615416608936,225.55423260237393,213.70785641446983,5.543257223510301
1974-05,1984-05,2.082716975439273,2.380929600480062,-12.525050088867019,202.91728191881924,190.05307376435206,6.768745119280517
1974-06,1984-06,2.25467371444338,2.500814163957595,-9.842412645515907,210.72555205133224,201.10695542483313,4.782826434908771
1974-07,1984-07,2.22563785220438,2.412180827778664,-7.733374439679485,201.81158521862992,190.59405291367798,5.885562604638284
1974-08,1984-08,2.6007450217216093,2.56070512300564,1.5636278600080322,212.33602881589445,204.7709320497692,3.6944192666401365
1974-09,1984-09,2.6960000000000006,2.576920223522054,4.621011368182448,212.0294575103367,204.2999514231913,3.7834106338744844
1974-10,1984-10,3.1305726725181175,2.7269149650277527,14.802724421817715,222.25917415052936,216.0802288564533,2.859560695014296
1974-11,1984-11,2.909975582369402,2.7234227521605665,6.849940210745387,223.56951687834734,215.8740118681466,3.5648130794461164
1974-12,1984-12,3.0082904822344956,2.7277619351586324,10.284201984787543,223.86471325875235,217.78207717164088,2.7929920432880895
1975-01,1985-01,3.0302486652027905,2.803735467184126,8.078978943265213,230.4999548509725,221.50797051089188,4.059440533603054
1975-02,1985-02,2.883399362098942,2.841828084242255,1.4628357741693465,234.74884617240855,220.25524206294216,6.5803673836396515
1975-03,1985-03,2.8050934565894536,2.882696759970335,-2.6920383877518828,237.757705888729,225.52058873196958,5.426164070236261
1975-04,1985-04,2.770732066249855,2.841700919593146,-2.4974075510188376,233.05552195092906,220.42714235152013,5.7290492743721
1975-05,1985-05,2.8945511635240817,2.9088874849461552,-0.49284551211642436,237.4661997478485,222.1218169561494,6.908093496609724
1975-06,1985-06,2.8421150171868317,2.9239101203330757,-2.797456138526122,237.8538043221146,226.67582795162153,4.931260854544561
1975-07,1985-07,2.8230295589239884,2.761630445355382,2.223292174080349,224.10850699306542,212.1848379933227,5.619472678871595
1975-08,1985-08,3.1308658636595355,2.8539135587411826,9.70429899917895,231.02257982292647,223.2222197466888,3.494437106256476
1975-09,1985-09,3.2678398205018033,2.813723027680352,16.139356587482865,228.65765678348203,218.10127158571692,4.8401300556454085
1975-10,1985-10,2.973189646258659,2.8125328977977357,5.71217313001815,230.65678576530684,220.73683860516462,4.494015236797955
1975-11,1985-11,2.9477939936763384,2.7587580812267114,6.852210555757399,225.56955438193097,217.722327454381,3.6042361935498812
1975-12,1985-12,3.013127409570572,2.818025665958835,6.923348710713517,229.22681593952058,222.8898639194324,2.8430866745823735
1976-01,1986-01,2.796798701270814,2.7728490421606615,0.8637202655464638,226.19112811416093,216.52107784309095,4.466101114681176
1976-02,1986-02,2.946972839378149,2.8890744558912784,2.0040460836447727,235.01646157453635,221.24920765871502,6.222509929643594
1976-03,1986-03,3.4503990009746595,3.333703380697391,3.5004800052983898,270.9812995102278,257.13405442308095,5.385224107407804
1976-04,1986-04,3.398246925032639,3.301452189382738,2.9318836105270973,267.9520070070214,251.38356047400086,6.590902961903944
1976-05,1986-05,3.577833053615655,3.451925159516621,3.647468826255351,279.7374905666182,259.9194855701804,7.62467075254607
1976-06,1986-06,3.638441261878803,3.632521804555185,0.16295724133561507,293.5094932069407,277.89000874894134,5.620743447494991
1976-07,1986-07,3.772152362322618,3.5953076326365108,4.918764894575189,288.4902648907671,272.3257488607407,5.93572811151708
1976-08,1986-08,3.9115940010214985,3.7881549400193704,3.2585536483229705,302.4272884217927,290.2112735400553,4.209352287636525
1976-09,1986-09,3.6959444352434576,3.6187462815495284,2.1332845048444016,288.51370832817025,272.93540655148416,5.707688120613086
1976-10,1986-10,3.6396141420967774,3.4037018437404685,6.931050638003455,270.732551011105,257.8377417066717,5.001133355838583
1976-11,1986-11,4.012559357386943,3.6120032946095613,11.08958187760123,286.67912297781197,274.5976368589675,4.3997050582957
1976-12,1986-12,3.7710289830389603,3.729011026052223,1.1267855389320403,295.2378628511371,283.00997292333204,4.320656901768483
1977-01,1987-01,4.0399841208108045,3.980869504591066,1.4849674462215523,311.5442846490766,297.8694320063747,4.590888212527022
1977-02,1987-02,4.020712290145321,4.044991749500458,-0.6002350773184006,314.2492761900034,294.07229558912303,6.861231371849996
1977-03,1987-03,4.282112833220158,4.262070332717891,0.47025269265057457,328.67928123174414,311.3809505605752,5.555359324334708
1977-04,1987-04,4.564536531314657,4.570556843638891,-0.13171944973430216,351.16904889169234,327.2088440024616,7.322603080083767
1977-05,1987-05,4.928710700458005,4.832812078228496,1.984323426551704,369.97072137896316,340.70781098814456,8.588858091027696
1977-06,1987-06,4.8586676259513295,4.684028458024124,3.7283968168048576,357.2353901479715,334.5439848159636,6.782786826817611
1977-07,1987-07,4.99946918626254,4.702455336598764,6.316143980191491,357.932864203112,333.95896286747035,7.1786967865137274
1977-08,1987-08,4.964130555015201,4.942801967909749,0.43150802407063704,376.2076357185933,356.56681826462835,5.508313294421119
1977-09,1987-09,4.940919918394948,4.9140109811738375,0.547596196349609,371.98122508431715,350.1189020388754,6.244256713399121
1977-10,1987-10,4.481651150383593,4.269089759784474,4.979079910698592,322.113372124066,305.7107087204852,5.3654199658991875
1977-11,1987-11,4.595358616456919,4.202502448891115,9.348148450679993,317.53635200075723,302.87170386196345,4.841868009392303
1977-12,1987-12,4.431930286090101,3.931658840092423,12.724182497632942,298.4038978356142,283.25339123121046,5.348746766472745
1978-01,1988-01,4.621252936907116,4.230348469119294,9.240479138807277,323.1275370285878,305.8565921559335,5.646745996518887
1978-02,1988-02,4.833324397912176,4.447614766767418,8.672280567705215,341.42439959886786,317.0612554861393,7.684049593310727
1978-03,1988-03,4.820377549671792,4.568219891093444,5.519823138767332,351.19819895077615,331.29296064572225,6.008349306986971
1978-04,1988-04,4.957214980358426,4.725476976908658,4.904012961700377,362.90595895305165,337.78882924678965,7.435749063185071
1978-05,1988-05,5.012404543518282,4.67677126887189,7.176602304250657,358.7208202368491,329.6199811714527,8.828602854102918
1978-06,1988-06,5.009687649960131,4.6839666707479255,6.953955954605351,359.2715344572606,335.49447280069944,7.087169412381322
1978-07,1988-07,4.983027275616193,4.660663218796821,6.916699226823608,357.08143572428804,332.2850078201499,7.462397436106816
1978-08,1988-08,4.899541842049196,4.52360599949381,8.310534617680077,346.1952379952707,328.01640305509574,5.542050571514112
1978-09,1988-09,4.837478951416752,4.56072957204553,6.068094479171182,349.2717066940057,328.1177941471391,6.447048262606714
1978-10,1988-10,4.740449234532681,4.521374904402602,4.845303359311326,346.1624884972538,329.62945228159924,5.015642898781536
1978-11,1988-11,4.956723413596808,4.744242985616006,4.478700366423416,361.95667931317536,347.436443297087,4.179249556636844
1978-12,1988-12,5.0249506402192665,4.80576533825057,4.560882326569993,365.0210342499343,347.74093232478214,4.969245872100259
1979-01,1989-01,5.083279948750801,4.994518414097165,1.7771790449926828,378.02067758557956,358.33050050485485,5.49497657971707
1979-02,1989-02,5.266957357958661,5.023252430652619,4.851536542717194,378.7244991768089,352.12714298136876,7.5533388225194065
1979-03,1989-03,5.353576884138656,5.111130547463828,4.7434972443646695,384.44460599069066,361.7155603668206,6.283679253615793
1979-04,1989-04,5.41741789514618,5.217771124970808,3.8262845455201644,390.21488976199356,361.4688422648021,7.952565791585675
1979-05,1989-05,5.480408918544155,5.26048376364986,4.180702094624578,392.13028426701266,358.0962328221031,9.504163497251072
1979-06,1989-06,5.274102566565183,5.019509363976407,5.072073466301696,372.7390421150335,346.37092254966376,7.612682776969826
1979-07,1989-07,5.536132928503888,5.28267735835837,4.797862011097376,390.8888516215675,361.71155829612115,8.066453132680884
1979-08,1989-08,5.349674416147591,5.169975309861071,3.475821363087883,380.5755336351771,359.082945443381,5.985410464219609
1979-09,1989-09,5.4253122045607824,5.31909842378889,1.99683804113997,389.398878075186,364.72698854207977,6.764481463718108
1979-10,1989-10,5.516561583953148,5.2736985224423965,4.60517529542579,384.03027327691524,365.7925901858701,4.985798941902586
1979-11,1989-11,5.777936773955497,5.481136248601207,5.414945221075906,397.86890660459187,380.9425259397487,4.443289869800537
1979-12,1989-12,5.923745751179319,5.675843320789818,4.3676757158089385,410.4634757421148,388.8407177622491,5.560826578117428
1980-01,1990-01,5.494691319354152,5.391002577834291,1.9233665727816263,387.54360988579714,365.4934965386257,6.032970095499679
1980-02,1990-02,5.113459346715172,4.986014354002698,2.5560494548148016,356.3000396774097,330.6508572138199,7.757180090116456
1980-03,1990-03,4.572846424524,4.301594812202527,6.30583828007234,305.2357543545595,287.45136226845733,6.186922179026899
1980-04,1990-04,4.3091605054795235,4.20493151984318,2.4787320588809614,297.68188264447366,274.8948770511548,8.289352583707267
1980-05,1990-05,4.832591857870095,4.666556488064877,3.5579847844951162,329.6558970364036,301.7557550743379,9.245935327792655
1980-06,1990-06,4.648760679406756,4.463642142366505,4.147253098164039,314.1147984653432,291.4312531738114,7.78349783851191
1980-07,1990-07,4.550930182429251,4.289538117570299,6.093711203737051,301.67332462972985,278.61983335940016,8.27417452389052
1980-08,1990-08,3.7573140605836204,3.5496526046379824,5.850190964442747,249.5430697538868,235.26075781993546,6.070843291630812
1980-09,1990-09,2.9652538133473514,2.837981930629164,4.484591016757178,199.33617484816915,188.0311707940582,6.012303176313671
1980-10,1990-10,3.5232807747439074,3.3923745006044985,3.8588391144928735,236.97584872130025,230.92411184424537,2.620660453654433
1980-11,1990-11,3.152137536814149,3.0130131078372306,4.6174518330185155,208.9594653426707,202.53279823628978,3.1731488244600703
1980-12,1990-12,3.3765072991718967,3.184341759882399,6.03470210737036,219.64681612285804,210.8632138952961,4.1655450779211955
1981-01,1991-01,3.2110708421962473,3.0880260197808127,3.984578550415452,212.2088666964945,201.07154890986578,5.538982440335816
1981-02,1991-02,3.695390630137983,3.475661777006677,6.321928519769315,238.09061338365063,222.3527367139869,7.0778875503148875
1981-03,1991-03,3.5848007515362728,3.4439135418136804,4.090904374109128,234.3507537308664,219.88586250042164,6.5783634590955264
1981-04,1991-04,3.402476352553169,3.423249271913357,-0.6068187768452304,230.17227798723601,211.8151573081963,8.6665755710436
1981-05,1991-05,3.4205146365434125,3.3918208059928174,0.8459712995420476,224.9642062955182,206.41759161213798,8.98499713058838
1981-06,1991-06,2.9604317552641146,3.0707213985056834,-3.5916525444229297,200.98226420868218,186.2809196452404,7.8920291951744215
1981-07,1991-07,3.081240275616804,3.2032690091537637,-3.8095062633905163,206.1124086405536,192.17853795841563,7.250482197524599
1981-08,1991-08,2.8577915447978315,2.989810192234682,-4.415619686485028,188.93333136603704,179.14738880199468,5.462509182792741
1981-09,1991-09,3.207892160150225,3.2261668098048046,-0.5664508604775298,200.31370721634204,190.44190022793518,5.183631846033632
1981-10,1991-10,3.3857863522993608,3.4245394979039143,-1.1316308551346355,208.9224122392583,203.24108462459947,2.7953637548985943
1981-11,1991-11,3.005213707706512,3.0870144941445616,-2.6498348677406303,185.7789509638501,178.87977534066823,3.856878515216544
1981-12,1991-12,2.991961561292606,3.116220482830836,-3.987488119754312,186.17482029129167,178.83871892634033,4.102076669411225
1982-01,1992-01,2.781102487491823,2.975984272300433,-6.548481677894291,176.4840279446629,167.20347796649835,5.550452712487264
1982-02,1992-02,2.826890339947884,2.8784057271095724,-1.7897194504757574,169.27503378390998,158.95318112241654,6.493643341144684
1982-03,1992-03,2.6645552360174536,2.5954015741020378,2.664468674345377,151.809937417303,141.91895503901603,6.969458290872965
1982-04,1992-04,2.3530213238079773,2.304412527621055,2.1093790978954363,134.97061655560478,123.11802332466705,9.627017158716056
1982-05,1992-05,2.5045900363790246,2.401387886310479,4.297604341925232,140.97079606952212,129.723828951333,8.669931506884932
1982-06,1992-06,2.211258312112639,2.060588400171069,7.3119848645688545,121.25341051437213,111.88453437923975,8.373700786362459
1982-07,1992-07,2.233937276750612,2.020901836839485,10.541602567114072,119.73022696225202,112.26549161249176,6.649180654306841
1982-08,1992-08,2.5354705210167077,2.248552792375532,12.760106394391357,134.51527613370743,128.0522964072851,5.047140822735496
1982-09,1992-09,2.5176906057681316,2.120368237287159,18.73836635985997,128.10535981376879,120.79520210741882,6.051695414068936
1982-10,1992-10,2.309829663252585,1.9898032955988962,16.083316796264846,121.99185730959513,117.56059406582949,3.7693440382619237
1982-11,1992-11,2.239678454636875,2.0530253305843127,9.091613302181646,127.2766641332733,122.8509424259482,3.6025134361446387
1982-12,1992-12,2.1112194963744293,1.9376379022530417,8.958412400972904,120.62948999565342,117.45661716902684,2.7013146667255183
1983-01,1993-01,2.1008012616817244,1.9153773906368108,9.680800867304029,120.21617452106011,115.83550362720493,3.781803295778441
1983-02,1993-02,2.09674147895572,1.8716714262877991,12.025083543339466,118.6225746130931,113.13084544231799,4.854316388517721
1983-03,1993-03,2.192724120442992,2.015362912583143,8.800460043820134,128.88164583528666,121.95150152177794,5.682705195943116
1983-04,1993-04,2.422165769704604,2.2215965785589216,9.028155385249349,143.67612732512654,131.99322638281265,8.85113673063087
1983-05,1993-05,2.3849356605168275,2.1402924495494227,11.430363687864586,139.75945552232818,128.5442529648521,8.724779442720521
1983-06,1993-06,2.208331689390651,2.014869897739862,9.601701423392184,131.89522580594834,121.56211119504997,8.500275710347438
1983-07,1993-07,2.244817843866171,2.068336219175348,8.532540457140314,135.9579988902819,128.72072162825427,5.622464798580706
1983-08,1993-08,2.288128861093669,2.116190023269443,8.124924318402504,138.98629609956387,133.6657351005193,3.98049731671577
1983-09,1993-09,2.1383161448069092,1.9994817549984116,6.943518712357943,131.66747919436256,124.80574488479218,5.497931458126737
1983-10,1993-10,2.1057403233373835,1.9389882056037069,8.599955237054058,127.91451700489583,124.75646468812093,2.5313736844577273
1983-11,1993-11,1.7603130391492066,1.5899611550500508,10.714216731527216,105.5928759459642,102.92975292272908,2.587320913161384
1983-12,1993-12,1.7604160981299437,1.6591758187076275,6.1018415457124275,111.29061386270928,111.18722436827711,0.09298684720262518
1984-01,1994-01,1.9840056492188185,1.9026987154285337,4.273242691078005,128.3744516469548,127.04755762814632,1.044407341298248
1984-02,1994-02,1.9935996490773322,1.856405221406221,7.390327612157166,125.92995773943338,121.76996903302216,3.4162681812648588
1984-03,1994-03,1.7487185587102325,1.7446977669849066,0.2304577790727791,119.40540080182416,113.97019571675997,4.76897056364789
1984-04,1994-04,1.7962091134260945,1.7809421048260434,0.8572433971143711,122.46455203956398,115.1869635099768,6.318066131638966
1984-05,1994-05,2.1099978873451977,1.8751477919359578,12.524351222832086,129.36829396394035,121.01971010178775,6.898532359010545
1984-06,1994-06,1.9892069450961989,1.8074438532661037,10.056361723305752,126.2423498373195,114.99146519306774,9.784104085778722
1984-07,1994-07,2.0452457868680303,1.7584927037149376,16.30675421895735,124.07280821669139,117.39948306975771,5.6842883566773805
1984-08,1994-08,1.9489928383817385,1.742500373303163,11.850354137206809,124.10530399246555,118.48238321637797,4.745786355275072
1984-09,1994-09,1.8371154640724188,1.6267690832551196,12.930315862433407,116.79972696645747,110.64177397454651,5.565667261741147
1984-10,1994-10,1.776379632098107,1.6369137806995326,8.520048706473338,118.48644097893386,116.30735096456509,1.8735617278676342
1984-11,1994-11,1.6690687642730269,1.5436579516133782,8.12426175945089,112.32803059735689,110.78419029936832,1.393556511824201
1984-12,1994-12,1.7087190061164728,1.5810158088880784,8.077287811448741,115.44874576929209,117.60566284448618,-1.8340248445742335
1985-01,1995-01,1.555149554297341,1.4791292596667915,5.139530175183937,108.49639183414786,109.08703110226861,-0.5414385762932961
1985-02,1995-02,1.3839946631563829,1.3431288039202667,3.0425867658290695,98.7016721519281,97.7527629693876,0.9707236437272337
1985-03,1995-03,1.2829073919222687,1.260628822322065,1.7672584670217928,93.0512160184139,91.8863257312033,1.2677515157350827
1985-04,1995-04,1.3525155134798885,1.2896938105287035,4.871055628733423,96.60090465015622,94.60903673483492,2.1053675040620057
1985-05,1995-05,1.2099314961123653,1.1623317543102702,4.095194132448077,88.4029435162154,85.18644766792778,3.7758304710933555
1985-06,1995-06,1.1269523365936964,1.0708518108722485,5.238869202243035,82.94038026692363,78.49613615261482,5.661736146691543
1985-07,1995-07,1.3634009957244344,1.2010268689340788,13.519608177830689,95.13572876072271,93.9952126362077,1.2133768226358477
1985-08,1995-08,1.425082788619613,1.2675056750905103,12.432063747395095,102.95356159039035,99.32111985867682,3.657270212903452
1985-09,1995-09,1.4104660593223675,1.2163465412448549,15.959228023852745,101.37310208105033,96.26256035386635,5.308960938081597
1985-10,1995-10,1.3644020968401331,1.1653638692247035,17.079491897054133,99.50611410974108,97.86710137470072,1.6747330941836225
1985-11,1995-11,1.468622069422648,1.2089504626907415,21.479094036157576,105.26150006394136,104.21795289959664,1.0013122838346877
1985-12,1995-12,1.5186025110103203,1.2432649792132808,22.14632732366264,111.07522232892755,112.51022070169684,-1.2754382346951032
1986-01,1996-01,1.5979929823483796,1.2619605384608956,26.62780916250469,115.81280509504707,115.21934050661137,0.5150737591677501
1986-02,1996-02,1.4753772314441274,1.1751681173349349,25.54605674548178,111.40968095736274,108.42265270751062,2.7549853976642336
1986-03,1996-03,1.3497647179736803,1.2065735900438417,11.867583470365496,117.99802933884848,115.80354472736359,1.8950064237250874
1986-04,1996-04,1.3927711604688633,1.2116868316528988,14.944812808516028,121.13508970203873,119.75394366298305,1.1533198797549105
1986-05,1996-05,1.317047142993395,1.1700041135313317,12.567736109769289,120.2760856636964,116.46807816251112,3.2695718528744644
1986-06,1996-06,1.276226776759512,1.1637878606198324,9.661461503799718,123.09818357148163,117.92050019836354,4.390825483616756
1986-07,1996-07,1.181793052875294,1.0425024234051536,13.361180400441807,112.80289702830709,113.58127404275413,-0.6853040001594368
1986-08,1996-08,1.0881217329747785,0.9886546496499898,10.060852225800264,109.75872037619482,108.43167959788995,1.2238496933977938
1986-09,1996-09,1.2074459653311038,1.0288620030409426,17.357426142896905,117.22690609824558,114.71109728119126,2.1931695160123166
1986-10,1996-10,1.210295536003094,0.9468962260888181,27.817125325575986,111.10486481119018,111.09289009094373,0.010779015863793262
1986-11,1996-11,1.1624376486202512,0.9458650716520077,22.896772854714587,113.89357078757429,114.28026266097427,-0.338371530127779
1986-12,1996-12,1.0287296287480128,0.8531075279203378,20.586162362884973,104.75502201674419,107.84488258372404,-2.8650970662247977
1987-01,1997-01,0.9142924836519806,0.7973389640688742,14.667979975076694,99.14773436433369,101.14855469747283,-1.9781007638946857
1987-02,1997-02,0.9086929355330917,0.7955424880426438,14.223055234779958,100.46230094690684,101.01450235763252,-0.5466555770088033
1987-03,1997-03,0.8347780767470576,0.7577782557320676,10.161260293831308,97.55385172560034,98.45507269138875,-0.9153626533935144
1987-04,1997-04,0.822826404523347,0.7928605981217924,3.7794546068426804,103.94868223435722,106.16018702382539,-2.083177179192275
1987-05,1997-05,0.8101281305517958,0.8199592082870736,-1.1989715629653452,109.11539464722318,108.68430626920255,0.3966427102666037
1987-06,1997-06,0.8522761255919513,0.8351796150506823,2.047045956722915,112.2254206584921,110.18071365952625,1.8557757805819586
1987-07,1997-07,0.830257553668925,0.8150251483871869,1.8689491130280844,110.88139564214359,113.34673275857912,-2.1750403001792207
1987-08,1997-08,0.7003444590348846,0.7231530024511865,-3.1540411695713755,99.56986978745724,99.84072021918888,-0.27128252995073376
1987-09,1997-09,0.6877010697062151,0.7068001767321568,-2.7021933008343435,97.99747369430695,98.71684426343941,-0.7287211969749796
1987-10,1997-10,0.7229919209454496,0.646732835790795,11.79143549459778,90.45733909158558,92.78639131918037,-2.5101226532056486
1987-11,1997-11,0.7333019494172376,0.6423455477576404,14.160042359928582,91.71187150940663,93.80537059495497,-2.231747577212728
1987-12,1997-12,0.7076024856241884,0.5760981163502302,22.826731339980988,84.36253571943415,87.92826470983076,-4.055270511892573
1988-01,1998-01,0.7039304352832408,0.6094991953357816,15.493250962445625,92.25414533771539,95.58286819675492,-3.4825517604132106
1988-02,1998-02,0.6667906623707897,0.6019831714006274,10.765664897139127,93.68117906619307,95.21896795170385,-1.6150026812837948
1988-03,1998-03,0.6293604861490327,0.5795909860611205,8.587003815594851,92.31358383309556,94.30819898677348,-2.114996548664505
1988-04,1998-04,0.5701389364776417,0.5385797989866535,5.859695731322856,87.71604789372053,90.91328414183872,-3.516797658667803
1988-05,1998-05,0.5715779068961618,0.5307303695181302,7.696476351093029,88.31226814009763,90.03447793319984,-1.912833652881274
1988-06,1998-06,0.5700616505938191,0.5265132804280056,8.27108674835566,89.64385221271323,89.84244612297096,-0.22104686462555145
1988-07,1998-07,0.5868152451146708,0.5370367019256512,9.269113826025066,93.19587811220127,96.65004821272638,-3.5738938204381343
1988-08,1998-08,0.5155271423064063,0.4540859510651585,13.530740402147213,80.62939012233016,81.53822949309352,-1.1146174946567111
1988-09,1998-09,0.4801084527929172,0.42312987075106995,13.465979591728727,77.08056141044203,79.51039428930075,-3.055994000001694
1988-10,1998-10,0.4847490613789884,0.41935888126869914,15.592892634695698,78.51570185177073,82.78147758534415,-5.1530558018556665
1988-11,1998-11,0.5031863930031205,0.45070811976744724,11.643516265637865,86.7169541727902,90.70769743570224,-4.399564067581885
1988-12,1998-12,0.45897310918797035,0.41112185236428417,11.639190801584153,81.11073187099548,85.30987256756823,-4.922221274269156
1989-01,1999-01,0.4591087130675431,0.42162249622486403,8.890943243855398,85.52772168143697,90.14431101100527,-5.121331870853929
1989-02,1999-02,0.4491877594917714,0.41207590746337736,9.006071783435265,85.28677273428397,87.71079538682228,-2.763653712006464
1989-03,1999-03,0.4822541588151535,0.4511010023960214,6.906026866192305,94.61429304083687,97.65315465187314,-3.111892925394577
1989-04,1999-04,0.4953981138035823,0.47977920856123174,3.2554360346686906,100.32782318347896,103.62827918098887,-3.1848989712022546
1989-05,1999-05,0.4701831950797785,0.46839150579229205,0.38251959425603665,97.2711327269918,98.40879928488869,-1.1560618218736773
1989-06,1999-06,0.5320314707504303,0.5110793240134114,4.099588019426337,106.40904047987266,106.40493911961414,0.003854482970866435
1989-07,1999-07,0.5110123714484262,0.5221886193259236,-2.1402702900581327,108.90191024736701,111.12239448336878,-1.9982328911514746
1989-08,1999-08,0.5064174353493345,0.5150032496309064,-1.6671378846104812,106.78624478454803,106.50480896752804,0.26424705114094227
1989-09,1999-09,0.4940252705352562,0.5338563509877665,-7.46101088407265,108.31899808237536,110.39453271949665,-1.8801063657699957
1989-10,1999-10,0.5047078097432758,0.5733625818300948,-11.97405869557836,110.90572857442298,115.68469608817938,-4.131028282352645
1989-11,1999-11,0.4979563328994582,0.6109333049487233,-18.492521382304982,115.22664961842224,119.2494831961553,-3.3734599680535604
1989-12,1999-12,0.48654546332897086,0.6512463048709004,-25.290099968333635,118.07410655131473,122.8397491254304,-3.879560653652525
1990-01,2000-01,0.525416824083498,0.6985024749949044,-24.779532944771464,122.37898798642655,127.84009425177771,-4.27182590666404
1990-02,2000-02,0.5769983166623257,0.740191673796967,-22.04744567005288,125.49314015497725,127.66600945305844,-1.701995157043057
1990-03,2000-03,0.6783527265267866,0.769382598931869,-11.831548118122093,128.29952171851826,130.57810382208254,-1.744995551986972
1990-04,2000-04,0.6075315702658122,0.6869729505329679,-11.56397500156643,113.67271130666953,114.93291689032424,-1.0964705479956427
1990-05,2000-05,0.49296877829693214,0.6303626619652678,-21.79600600707945,103.64943471771679,104.03699672894962,-0.37252325943486486
1990-06,2000-06,0.5451133116094307,0.6844581659907053,-20.358417987399235,111.03499084917061,112.17068339123594,-1.0124682383401251
1990-07,2000-07,0.5067554548541903,0.6335127030047776,-20.008635588421875,100.70937330449448,102.7748465146428,-2.00970692751562
1990-08,2000-08,0.6490499596395001,0.6921607049677552,-6.228430047941458,108.49815528373732,109.33642188231427,-0.7666855967531361
1990-09,2000-09,0.7504591703004743,0.65466835848475,14.631959918978676,101.65759630691615,102.67590194823563,-0.9917669306989563
1990-10,2000-10,0.5771033694396704,0.5973806457564604,-3.3943644577090315,94.09186176589047,96.51145374332873,-2.507051633346169
1990-11,2000-11,0.6523603372667462,0.6018012377694553,8.401295365341156,95.22272851508941,99.23959634569056,-4.047646280834128
1990-12,2000-12,0.5780476176698865,0.5658294128376131,2.1593442396356854,89.94112499396384,93.36296486284628,-3.6650934060515894
1991-01,2001-01,0.5943187565094271,0.570024655513894,4.261938630291562,90.74234077602155,95.65724474248465,-5.138036308378247
1991-02,2001-02,0.4878425034893117,0.5331532718934797,-8.498638345263842,84.82717132594354,86.93687844222244,-2.426711372758794
1991-03,2001-03,0.4944348175341282,0.54770722935628,-9.72643941266995,86.10876148118129,89.66737233257496,-3.9686797536508944
1991-04,2001-04,0.5336519699363301,0.602942266723006,-11.492028442999846,92.8415074436942,95.60603731092452,-2.8915850347815075
1991-05,2001-05,0.5142433273541835,0.5950810059723233,-13.584315043975614,88.8067621809133,89.80547692814739,-1.1120866804517404
1991-06,2001-06,0.5568276275430467,0.5989272144640974,-7.029165799173132,87.31917636503238,89.25335883159599,-2.167069667611099
1991-07,2001-07,0.49172475980224495,0.5672702515917003,-13.317372377184011,80.26255069069452,82.37049755435139,-2.559104201435658
1991-08,2001-08,0.47965492277668176,0.5315004721929721,-9.754563190202925,72.95808377692792,74.98082354309017,-2.697676113146197
1991-09,2001-09,0.40870129500878893,0.493556296044272,-17.192567841920827,67.03947902714377,69.43021557966738,-3.4433661663924475
1991-10,2001-10,0.4109993228209346,0.5369610424395467,-23.458260406814034,71.72445915730643,76.33512508726105,-6.040031931150991
1991-11,2001-11,0.47151562434572575,0.5719335132522376,-17.55761580318952,74.623145466174,79.76595157616292,-6.447370097601635
1991-12,2001-12,0.45869846417711296,0.574613419255715,-20.17268500772994,74.06398874899564,77.64944915389044,-4.617496252663578
1992-01,2002-01,0.45396981798615543,0.5578952795163038,-18.628130644921736,70.74984882406449,75.24351934229013,-5.972169507095348
1992-02,2002-02,0.4961771532714335,0.6025852053754734,-17.6585902134349,75.50347542628643,78.38470628871268,-3.6757564056103975
1992-03,2002-03,0.5698836190520497,0.6385998637160601,-10.7604540132761,79.14519812105917,82.34164347705783,-3.881930480157658
1992-04,2002-04,0.6608436343312034,0.6676938043245354,-1.025944819161817,82.95033668454401,84.23282375958222,-1.5225502574847671
1992-05,2002-05,0.6411521848728047,0.6739397072925514,-4.865052773261502,85.25466166702823,83.82459206784469,1.7060263150771915
1992-06,2002-06,0.6658738581959448,0.6033478822256414,10.363171532094606,77.30331439580557,76.98798404667232,0.40958385004870035
1992-07,2002-07,0.6208526814110124,0.5515086432560489,12.573517931752365,72.2001065148859,72.32887714043555,-0.17803487436922616
1992-08,2002-08,0.5325970925391117,0.5260179372549979,1.250747325927093,70.67886790164191,71.75339605507635,-1.4975293331198736
1992-09,2002-09,0.5392980548396812,0.5070060842592157,6.369148533522462,69.40069354530436,72.1213676895811,-3.7723551721687287
1992-10,2002-10,0.5153142407290338,0.46129884305637836,11.709415379143673,64.33095326984997,68.71710176153576,-6.382906698985558
1992-11,2002-11,0.5211344942927505,0.4851773289901302,7.411138805158757,69.12954030461333,74.91958234017237,-7.7283426504826895
1992-12,2002-12,0.5068818519404784,0.4548082933745731,11.449562227533594,64.79986382015308,68.53587724945707,-5.45117911850117
1993-01,2003-01,0.489899423042356,0.44097667450240907,11.094180569788769,63.47391604286947,68.51901049485136,-7.363057953618557
1993-02,2003-02,0.49329719494967084,0.43571139007753573,13.21650206616991,64.16123981135104,68.05211683710638,-5.717495952504725
1993-03,2003-03,0.42883744947274155,0.4094101609800766,4.745189627477364,61.64968154848109,65.34218374788131,-5.65102356181958
1993-04,2003-04,0.37436553440431225,0.4011987607670883,-6.688262523909893,61.118184769527005,64.13168855354759,-4.698930984024252
1993-05,2003-05,0.40990495004220934,0.43361369625808405,-5.467711564572775,66.41980925355607,68.10670835306533,-2.4768472009605524
1993-06,2003-06,0.4636605410923941,0.46677247581983206,-0.6666919942038607,72.24851437986177,73.46986088160266,-1.6623775886946301
1993-07,2003-07,0.46924162444418926,0.4893675022028178,-4.1126306238225325,76.6319952174374,76.80060205637803,-0.21953843384827643
1993-08,2003-08,0.4919268926027032,0.5291557469705673,-7.035519236255194,83.45908956582623,84.04461265424729,-0.6966812861995741
1993-09,2003-09,0.5082660597412378,0.5235681112906041,-2.9226477356778746,82.95649305275313,84.56863612045925,-1.9063131932384292
1993-10,2003-10,0.5359389980292312,0.5422278199855124,-1.1598117478459957,86.22905879442207,90.07708840614055,-4.271929388268458
1993-11,2003-11,0.6156429082548788,0.518044890167102,18.83968357574095,82.9246140259093,87.44109525417848,-5.165170009753906
1993-12,2003-12,0.6129926440698985,0.5400028998587424,13.516546713036037,88.06036623612268,90.16933098234267,-2.3388936384955317
1994-01,2004-01,0.5330736087382942,0.5393813187084673,-1.1694342668887137,89.3335339901876,93.2862535065336,-4.237193978498832
1994-02,2004-02,0.5521733042625968,0.5561535410525505,-0.7156722912203262,91.95153566339404,95.58815682218592,-3.8044683355039077
1994-03,2004-03,0.6129886479223436,0.5985020129387507,2.4204822490839994,98.03499443833549,101.71786804480408,-3.620675184468458
1994-04,2004-04,0.5962809089872119,0.610315878467462,-2.2996238465059715,98.81181620804969,100.98011372763227,-2.1472520078864243
1994-05,2004-05,0.535738993658215,0.5912952321210833,-9.395685174659363,94.78340153737875,95.46698665783842,-0.7160434663238013
1994-06,2004-06,0.5744482760792156,0.6409534286083943,-10.375972662096745,100.52442629691357,101.80171495719618,-1.2546828516785347
1994-07,2004-07,0.5538443934024438,0.6314346541940494,-12.287931977797484,96.41198883779032,95.83258189749837,0.604603287128036
1994-08,2004-08,0.5372069653048474,0.6280451711779294,-14.463642113943898,94.77154037270478,95.28157548328912,-0.5352924823055605
1994-09,2004-09,0.5532444856088868,0.6194717061152324,-10.69091935153309,93.01525060828003,94.9955062230707,-2.084578201142062
1994-10,2004-10,0.5388512026253653,0.6207151190180048,-13.18864546462979,93.01168856392695,97.21930979462516,-4.3279686304981695
1994-11,2004-11,0.5713706815296176,0.6340908757815416,-9.891357319188499,94.58212776125771,99.95476230576124,-5.375066100471193
1994-12,2004-12,0.5825039319456514,0.6692738927844876,-12.964790913602375,100.14962364449816,102.44982496279583,-2.245197899686968
1995-01,2005-01,0.6106005312651811,0.663028904836042,-7.907403913834765,99.68152583633622,103.47696527284315,-3.6679075642576997
1995-02,2005-02,0.6884597409436107,0.678130621533369,1.523175488947226,103.17307750250195,106.45416724758083,-3.0821618635633374
1995-03,2005-03,0.7229855111075314,0.6652883820045344,8.672499124237486,102.85307654027366,105.03032479503615,-2.0729710766974496
1995-04,2005-04,0.6550284855787109,0.6136715709818922,6.7392586771856555,97.29657416742612,97.65236679348652,-0.36434613695829343
1995-05,2005-05,0.7305009655504803,0.6153147930170015,18.719877019159537,100.01577611028014,100.04902294831359,-0.03323054743935572
1995-06,2005-06,0.797939713722843,0.6135211089702567,30.059048019084035,103.01923100239524,102.76434949423619,0.24802522413023276
1995-07,2005-07,0.7135109335734968,0.6059415298665122,17.75243953499639,106.03340965854538,103.17871581518145,2.766746824487898
1995-08,2005-08,0.6851823844938683,0.6200789907702176,10.499209728551516,110.91235796264675,110.31888594196367,0.5379604911848856
1995-09,2005-09,0.7577878933024284,0.6717119193822186,12.814418121294446,121.62717096172906,123.26895461614083,-1.3318711589015098
1995-10,2005-10,0.7707039056021534,0.662606906281648,16.313895659058787,122.15847304984773,125.72125350410454,-2.8338728376904765
1995-11,2005-11,0.7934174543677532,0.714595649009079,11.030266622526375,133.77203989847436,139.39690183273498,-4.035141283850052
1995-12,2005-12,0.8109174734436774,0.7663867715299508,5.8104737148358065,145.14291457554245,146.35756705322098,-0.8299212006146806
1996-01,2006-01,0.7999821263322366,0.7938248308867351,0.7756491364251827,150.18850542692144,153.63870738702957,-2.245659325560956
1996-02,2006-02,0.8052239536465667,0.7814258878215128,3.045466780144568,146.3745966713795,149.27374920842837,-1.9421717163416563
1996-03,2006-03,0.7969252832621333,0.8285870217796267,-3.8211723917049523,154.29542227375637,156.01174878912514,-1.1001264511742992
1996-04,2006-04,0.7670250847273075,0.8335765719168382,-7.983848086864209,153.1089790051855,152.37849778417325,0.4793860233790248
1996-05,2006-05,0.7044632971385291,0.7714556012429403,-8.683883297557992,140.2909225849003,139.78818166989873,0.35964479185284226
1996-06,2006-06,0.6881786003572895,0.7788778986076241,-11.644867367847379,140.93048747388326,141.1050464768553,-0.12370854716431401
1996-07,2006-07,0.7469645282931333,0.7817912930231546,-4.454739396667828,140.80168899808993,137.75265557083068,2.2134117230803385
1996-08,2006-08,0.8003590041106962,0.817540286074444,-2.1015823019861934,147.2962697046233,146.61270826836093,0.4662361430573858
1996-09,2006-09,0.7481573917722809,0.8239556441982577,-9.199312239645085,147.37547051659112,148.8491645041803,-0.9900586224303454
1996-10,2006-10,0.80126555807779,0.8508448650413768,-5.827067777058959,150.11538510960864,154.60002620796,-2.9008022885577467
1996-11,2006-11,0.7742174729643069,0.8604921137132553,-10.026197727327224,149.16784009899558,154.90618456045613,-3.704399845456785
1996-12,2006-12,0.8897019061170839,0.9287982231782996,-4.209344514832313,158.12811626900572,159.34866750184838,-0.7659626227050187
1997-01,2007-01,0.948358456978474,0.9574121529794968,-0.9456424772599115,159.68605385076515,161.7437970778736,-1.2722238900560345
1997-02,2007-02,0.9486511828420539,0.9777570170359899,-2.9767962476166754,161.7657260904739,162.78512660489915,-0.6262246039833053
1997-03,2007-03,0.960243620649433,0.9681376180587922,-0.8153796797181978,158.90808259810328,158.701841424092,0.1299551234948515
1997-04,2007-04,0.908584458767947,0.9816465144699057,-7.442807021162046,159.98458823620788,157.31280781164617,1.6983870936692513
1997-05,2007-05,0.8907229676298695,1.0259173653946485,-13.177903242993905,164.4489195671005,162.68157162045452,1.0863848492743244
1997-06,2007-06,0.8802909590700492,1.0621269087703336,-17.119983327680032,166.97569673283502,166.39891640159857,0.3466250524398973
1997-07,2007-07,0.8483854800178836,1.0310831976309418,-17.71900832375426,158.90137111056544,155.0899188618717,2.4575757577695034
1997-08,2007-08,0.9089203057475223,1.0068351058649576,-9.725008548775039,152.78451156458468,152.25106425583064,0.3503734514838319
1997-09,2007-09,0.9383923375323059,1.0424141994620837,-9.97893754550313,154.87406269369964,156.03042111501728,-0.7411108763625163
1997-10,2007-10,1.0169324391485723,1.0654942689607778,-4.557680996216895,154.49206581460137,158.5258513260023,-2.544560068695423
1997-11,2007-11,0.9425598061102677,1.0151507188245095,-7.150752234929037,144.7202256034134,149.0651111341947,-2.9147568453290362
1997-12,2007-12,1.0032138957738321,1.0000391474398769,0.3174624055550801,141.3348190439976,142.2785115104876,-0.6632712533125029
1998-01,2008-01,0.8174215667466698,0.8955768041270978,-8.726804559951118,125.49472248941882,126.43670874083018,-0.7450259191278397
1998-02,2008-02,0.8081800558114556,0.9062829042411534,-10.824748869321454,125.7748472497735,127.97963550910278,-1.7227649153387814
1998-03,2008-03,0.7578756677640517,0.8451330255973288,-10.324689154302636,115.98898837204233,117.10485030643119,-0.9528742246533439
1998-04,2008-04,0.8854778962820131,0.9375425948926973,-5.553315539401494,128.52138499762302,128.42705633967017,0.07344920972365276
1998-05,2008-05,0.9149857250245362,0.965764171733895,-5.257851574488736,133.17346073238053,131.91327890684158,0.9553108193367743
1998-06,2008-06,0.8516203450730783,0.9060689476030491,-6.009322212620949,125.29226405161668,124.63558293500458,0.5268809285022158
1998-07,2008-07,0.8167064229313564,0.8922140508310594,-8.46294987501831,124.46764775862184,122.04163650467538,1.9878553938053045
1998-08,2008-08,0.9266353792097898,0.8664198288847106,6.949927542931578,121.81869604630016,122.27433144780147,-0.37263372950505635
1998-09,2008-09,0.8398875461626883,0.7335635036376299,14.494183802467496,104.98746933327912,105.42366511908729,-0.41375509504003594
1998-10,2008-10,0.6323103451580633,0.5460618752608524,15.794633136768654,80.09413136899231,82.69805379209048,-3.1487106451678293
1998-11,2008-11,0.5719189448860164,0.5291829404813033,8.075846958680067,79.85476767423424,85.29915639576271,-6.382699374268286
1998-12,2008-12,0.64004126520625,0.5409512766022512,18.31772895081962,83.55828883348207,87.69193790000242,-4.713830216905535
1999-01,2009-01,0.5513423108091798,0.47516157427910766,16.032596205964246,75.72008846637704,78.25791293555152,-3.242898224572488
1999-02,2009-02,0.52677215445372,0.4386414243819367,20.091748105177953,72.11326696464529,76.30227946911093,-5.490022753725798
1999-03,2009-03,0.512075516256972,0.45682448942750536,12.094585143346293,77.77612199879142,81.90305136714531,-5.038798066086914
1999-04,2009-04,0.5285898956562662,0.4870311796585318,8.533070927178033,85.20041864323825,88.23598647908709,-3.4402832188749843
1999-05,2009-05,0.5910319551380523,0.5219675634316248,13.231548576001618,92.4089219448509,93.7079162222306,-1.386216159474829
1999-06,2009-06,0.5680882888166053,0.5451669014614181,4.204471565266044,97.06709250608095,97.19823107905857,-0.13491868269799312
1999-07,2009-07,0.5798293122888657,0.5673120749734231,2.206411227194316,101.39947741287689,99.87951583452354,1.5217951004804275
1999-08,2009-08,0.601754589207963,0.5813885418258066,3.503001163077335,103.15373645071536,103.24777716662797,-0.09108255741026028
1999-09,2009-09,0.575573146058098,0.5631321969983971,2.2092412982268606,100.00600895670377,99.49056653465719,0.5180817036226415
1999-10,2009-10,0.559285211079206,0.5632636921147954,-0.7063265556230047,99.45430148595446,101.79719351468614,-2.301529097060695
1999-11,2009-11,0.503579813376599,0.5347361805971513,-5.826493203762539,93.03418617200447,98.57458582884256,-5.620515278104254
1999-12,2009-12,0.5570006665138579,0.6160888285512713,-9.590851075218943,105.5491574198295,111.11119238828306,-5.005827809872454
2000-01,2010-01,0.5219138471931504,0.6124993688599736,-14.789488164767794,102.49072239130768,104.97429631556228,-2.3658876614792934
2000-02,2010-02,0.5073283325450713,0.6259438635738498,-18.949867221565007,102.2417292324761,107.78377190892144,-5.141815486962564
2000-03,2010-03,0.5452999706942705,0.7109584450449267,-23.300725310350302,112.51382248681676,118.4788524158622,-5.034679022808319
2000-04,2010-04,0.6151988739102133,0.734446432578684,-16.236386124143266,112.63705131585671,115.95600677400512,-2.862254013814869
2000-05,2010-05,0.5981160205602957,0.6619788188770457,-9.647257056514935,99.84956408827063,100.21014004601336,-0.3598198321818291
2000-06,2010-06,0.5388899578141467,0.6469004456589387,-16.696616700390653,96.2895008238579,96.21021789774956,0.08240593134567487
2000-07,2010-07,0.6064095415098022,0.673198418184771,-9.921127987059153,98.34541248654101,97.60063693758654,0.763084721906826
2000-08,2010-08,0.5233333689178626,0.6380963172343976,-17.985207752637457,91.35487887841762,91.19970152418756,0.17015116457250734
2000-09,2010-09,0.5949828732109586,0.7040999007757915,-15.49737863115811,97.50635092230013,98.06407477218707,-0.5687341171398241
2000-10,2010-10,0.6329231890836061,0.7213136298885058,-12.254092691768804,96.16723346906038,98.12767511445715,-1.9978478478269168
2000-11,2010-11,0.6783652398776395,0.8018212152166114,-15.396945478128854,104.24020805595686,109.57002505355096,-4.864302070743554
2000-12,2010-12,0.7419955040335304,0.8468657043608508,-12.383333011043163,107.63313071279268,111.73897069615569,-3.674492397578777
2001-01,2011-01,0.7395444087679823,0.866648318747352,-14.666146259082913,107.9860641178599,108.48358215316638,-0.45861136351862397
2001-02,2011-02,0.8246250642292413,0.9239381816779473,-10.748892016600642,112.32953251990308,116.32859448736107,-3.4377291198962157
2001-03,2011-03,0.7504096248374962,0.8620465413168407,-12.95021917364354,103.3026473534057,106.15051524397431,-2.6828582829043435
2001-04,2011-04,0.7068690829548913,0.8817193920304335,-19.830607181372628,104.55685928843243,106.3157398101513,-1.654393342754057
2001-05,2011-05,0.730932564427762,0.8800711097307259,-16.946192603526733,103.18927154976113,102.90293238761899,0.27826142122320263
2001-06,2011-06,0.7568858166172543,0.8990365689327949,-15.811453863804593,104.7642514007034,103.92440834768404,0.8081287797276904
2001-07,2011-07,0.8290380810014863,0.9145501512847525,-9.350178354149252,105.188580790242,103.54941571418581,1.5829785853940237
2001-08,2011-08,0.8358791843196115,0.8455348757095905,-1.1419625218741847,95.95371689802536,94.42347301834654,1.6206180844264173
2001-09,2011-09,0.890084381278978,0.829164703687992,7.347114188535175,93.38184097308576,92.97476384125248,0.43783615576409307
2001-10,2011-10,0.8670745894886718,0.8598178679828665,0.8439835662905626,96.58762754255658,97.20777211886583,-0.6379578122117091
2001-11,2011-11,0.7884699516893761,0.8203873298893143,-3.8905254916899445,90.761542739409,94.50042309902199,-3.9564694389730093
2001-12,2011-12,0.8020160074061286,0.8329961990024147,-3.719127606270911,91.19676795911666,94.90939788068681,-3.9117621694717775
2002-01,2012-01,0.8804446978335235,0.8831235413669448,-0.30333734839350646,95.14724026828591,95.74696970632846,-0.6263691058651877
2002-02,2012-02,0.9183411520585427,0.9916075504557219,-7.388648701142653,105.23156660571198,108.04945454613303,-2.6079612824125187
2002-03,2012-03,0.9146135942689937,1.0494671810324447,-12.849719286198624,109.21588150199341,110.740885172752,-1.377091819683074
2002-04,2012-04,0.8284408842605724,1.0184567658587242,-18.657235924780537,103.2021774660907,103.7336728784403,-0.5123653656536664
2002-05,2012-05,0.7261941395989355,0.9427805411469499,-22.973151448854022,92.75329519716091,92.53179491186492,0.23937748695674888
2002-06,2012-06,0.8479491312239688,1.0192828983586888,-16.809245736449817,98.08043017433873,98.82027407702014,-0.7486762302488459
2002-07,2012-07,0.8802503355962881,0.9955623606818365,-11.582601918233825,94.83270565271327,93.32717253714137,1.6131776787438268
2002-08,2012-08,0.9189764327965654,1.0146016586764186,-9.4249033659771,96.53425730039085,94.66879198663274,1.9705177119208495
2002-09,2012-09,0.9453144899070581,1.012693068787098,-6.653405751136344,96.94589647864059,95.7656722514748,1.2324084397033142
2002-10,2012-10,1.0333094920652557,1.0128447898643258,2.0205171024941793,97.63626881185792,97.21832841170355,0.4298987721579106
2002-11,2012-11,1.0250066192396339,1.0550190644625677,-2.844730131793616,103.26261017108027,105.4091432004756,-2.0363822000837972
2002-12,2012-12,1.2117077264700227,1.1527949953646774,5.110425647424721,113.61129955293538,116.35331986406601,-2.356632637843159
2003-01,2013-01,1.335580351897016,1.2139866567686366,10.016065205529912,121.51011309989596,118.43562936624005,2.5959111714167094
2003-02,2013-02,1.3821959478849797,1.2336642757134713,12.039877874035643,125.7512166513665,124.27426855022514,1.1884584945631493
2003-03,2013-03,1.5550433917701758,1.2931861897527437,20.248994622150974,134.4636584957904,131.23875923814785,2.457276551807852
2003-04,2013-04,1.7699037977786918,1.3994980181197034,26.467045673751464,149.70979517924468,143.5728159216359,4.274471610947872
2003-05,2013-05,1.6350553325950115,1.3418028793772632,21.855106865909256,148.0123521505635,140.01957930990122,5.708325135709846
2003-06,2013-06,1.50579702326626,1.2984759474923353,15.966493347397837,146.33711538202627,142.4974639109535,2.6945402154470166
2003-07,2013-07,1.4292606771157383,1.268269504458827,12.693766749962698,145.7353579026744,140.64137115762952,3.621968915060969
2003-08,2013-08,1.2944163270830618,1.224181995575016,5.737245912937627,142.3351950275816,138.33881838589897,2.8888324248474095
2003-09,2013-09,1.414593333039764,1.3139768691332334,7.657399933752429,153.35981470705244,152.2558628307141,0.7250636237014829
2003-10,2013-10,1.3568651813185928,1.2958291092296799,4.710194550668523,151.5924373008461,151.08290012279022,0.33725668334521064
2003-11,2013-11,1.5505926893234738,1.4140399981361262,9.656918571422324,165.31559106973256,170.09158878022183,-2.8078976419347867
2003-12,2013-12,1.5258836113234127,1.4610200192907272,4.439610079003198,171.38679262212895,175.47609506709503,-2.3304042886311604
2004-01,2014-01,1.3830739427705565,1.3293202117536171,4.043700723246224,156.4214389922561,152.80657071040997,2.3656497656091124
2004-02,2014-02,1.3440660682200198,1.316689882362464,2.0791673289412893,155.26981395893583,154.9815703185498,0.1859857528824671
2004-03,2014-03,1.265671053204375,1.3088557666818734,-3.299424931058492,154.78753569293806,152.83570180490273,1.277079808569126
2004-04,2014-04,1.2161507729690804,1.263031821911753,-3.7117868393618414,149.06414149689195,145.08861388072532,2.7400686448316502
2004-05,2014-05,1.302233728508406,1.2991076061627527,0.2406361359770015,152.2639550806667,146.08627335786733,4.228790002511684
2004-06,2014-06,1.2785450890346213,1.345736707112245,-4.9929245239811575,157.46302483352392,154.20857552916192,2.1104204439957197
2004-07,2014-07,1.3792224464893366,1.389051241591436,-0.707590534301572,161.9394810519867,157.28761920999847,2.9575511825742584
2004-08,2014-08,1.391886148356899,1.3661334834156924,1.8850767698642468,159.5312362504389,154.87924088203272,3.0036274338079094
2004-09,2014-09,1.494287005119383,1.4194167037830456,5.27472314062476,166.8662480923659,165.41679965529596,0.8762401642943063
2004-10,2014-10,1.523825085271951,1.4148919326422789,7.699044012940415,168.8432351161283,167.05756187162024,1.068896986465262
2004-11,2014-11,1.6019313255499228,1.4769212808359988,8.464232070863176,179.04682724904262,182.93155688434888,-2.1235973177455736
2004-12,2014-12,1.518942862415091,1.4405105062068744,5.444761136435106,178.35209560418951,180.74538969250912,-1.3241245557583325
2005-01,2015-01,1.5520746707600113,1.4221865465355767,9.132987830663986,180.1119662047973,174.7755575078236,3.0532923327879047
2005-02,2015-02,1.6011055653033066,1.46911727214835,8.984190415374037,190.9744023676824,189.2561343537942,0.9079061134557698
2005-03,2015-03,1.6459912845628784,1.4635252303413853,12.467571480057815,194.51588886603136,190.6030267007228,2.0528856404008478
2005-04,2015-04,1.7731117550345625,1.4433269168787426,22.84893562915005,197.0294324872997,190.1159968621429,3.636430252720846
2005-05,2015-05,1.8235255516073567,1.4661609555085306,24.374172205047984,206.74416466311638,195.52458175528974,5.738195579862482
2005-06,2015-06,1.7468674491821052,1.4022989700500743,24.571684533129677,202.64183524839027,196.08579105453146,3.3434570442870903
2005-07,2015-07,1.7299102490840028,1.3890691303260154,24.53737624116603,205.38208243235954,198.1583231733283,3.645448317965738
2005-08,2015-08,1.5217567828832892,1.244263394719188,22.30182044588136,187.80338560953018,181.64264138247233,3.391683902066589
2005-09,2015-09,1.2809610808660488,1.1183547708637458,14.539778810682424,172.38741706309514,172.0764399887603,0.18072030915745607
2005-10,2015-10,1.4024988057178553,1.208821732055183,16.021971522086332,188.88292947521606,190.52564905357414,-0.8622039009016369
2005-11,2015-11,1.3278154133733189,1.2303090632854108,7.92535412423343,195.04229659924212,201.90142896880235,-3.397267867093745
2005-12,2015-12,1.1813793064923472,1.1766512908559306,0.4018196107172356,187.67664757522252,193.34900285521007,-2.933739091602827
2006-01,2016-01,1.0521615248693381,1.0771077639775848,-2.316039299180639,172.5674268501567,171.2287799641564,0.7817884857209911
2006-02,2016-02,0.9889746831771818,0.9820156864729651,0.7086441489759565,157.8270011190985,160.78347424122325,-1.8387916644276192
2006-03,2016-03,0.982356623754518,1.0200153022240206,-3.691971913302905,165.04617268186962,166.44515527214543,-0.8405066449596599
2006-04,2016-04,0.9857934027870199,1.0133043467847234,-2.7149734514608004,164.15155925949674,162.53027818308624,0.9975255654113724
2006-05,2016-05,1.114282814163789,1.0454828527150126,6.580687695652765,169.76990295991408,164.05499717874952,3.483530449814798
2006-06,2016-06,1.004562346261056,0.9335369913715685,7.608199305004049,153.32436515392504,149.69248948125454,2.4262243785619697
2006-07,2016-07,1.0719721598441077,0.9801451594760543,9.368714366465912,163.09773092484687,159.44141924648943,2.293200659926975
2006-08,2016-08,1.0462580448504288,0.9895046710733542,5.735533690357619,166.15585349071563,161.50164681307444,2.8818323339006247
2006-09,2016-09,1.019981919172002,0.9616706531888479,6.063538051181783,161.80562239001912,162.2500320011404,-0.27390417471113704
2006-10,2016-10,1.0625407408446292,1.0151503867412288,4.668308727688109,171.37662256394736,173.71738233212722,-1.3474528206420922
2006-11,2016-11,1.1249913206872417,1.064739109062235,5.658870902006563,179.99981869614143,186.40041588175455,-3.4337891121838604
2006-12,2016-12,1.1096341946948272,1.1153115750688558,-0.509039850472115,187.79243302232405,192.60244930448306,-2.4973806405519383
2007-01,2017-01,1.0953736376386236,1.1225923930990909,-2.424633876711535,186.96572184322523,184.80481649766335,1.1692905988677005
2007-02,2017-02,1.0860520150964663,1.1527324857998003,-5.784557260661305,187.63239974913154,190.65615706315202,-1.585974122524092
2007-03,2017-03,1.093801644526584,1.1664156444459564,-6.225396604129385,185.48901648849025,186.78326767006027,-0.6929160185034422
2007-04,2017-04,1.1032349237747847,1.2193302268715192,-9.52123555524449,188.21380300465015,186.06728363394438,1.1536253600222812
2007-05,2017-05,1.0992864635050277,1.27228125862856,-13.597213190895374,192.55768874366206,185.7802228016634,3.6481094918451973
2007-06,2017-06,1.1044785746892223,1.3201087392075193,-16.33427293631454,196.2081471423661,191.3167700861651,2.556690170965159
2007-07,2017-07,1.15515723040729,1.3445978415633302,-14.089016455342696,195.0440286496773,190.48742780415162,2.3920743211518047
2007-08,2017-08,1.1857162946184736,1.3532487541528235,-12.38001949162928,192.16054967795122,186.04982776190604,3.2844544870341164
2007-09,2017-09,1.2127163077597645,1.4295376903225785,-15.167237914090103,198.91304704128987,198.47135906237318,0.22254494603317632
2007-10,2017-10,1.3150971792302732,1.5994132275694932,-17.776272162715166,214.85822492997136,216.6828673704741,-0.8420797004606073
2007-11,2017-11,1.449233993190342,1.75889789810302,-17.60556455531911,221.49601943749127,227.46132258985878,-2.622557138262882
2007-12,2017-12,1.4871483650797175,1.8638743319381266,-20.211983200963736,221.43567283869316,223.98645749827315,-1.138812001435241
2008-01,2018-01,1.6993445635708597,1.9826868777070419,-14.290825108191807,224.18390267506166,218.24797016899842,2.719811094447655
2008-02,2018-02,1.6223044588628113,1.9890221513537576,-18.437084385478208,213.51844074597406,212.0484290040337,0.6932434014460087
2008-03,2018-03,1.7128443164925424,2.03848252720318,-15.974540196693109,206.97335069514241,204.66294656052645,1.1288824740597114
2008-04,2018-04,1.6222300521516622,2.2161858900733673,-26.800813080803533,216.0049147932899,208.81494567082848,3.443225339720435
2008-05,2018-05,1.5484017201193425,2.2659296916024436,-31.6659415401222,212.83226214765781,202.52188102205142,5.090996130182979
2008-06,2018-06,1.6544678660493215,2.3419712947808313,-29.3557581283612,213.26573622093304,206.3940433270646,3.3294046587280413
2008-07,2018-07,1.6860312735248544,2.4174575764004826,-30.25601400479171,214.9867903540992,207.67526388530717,3.520653510680005
2008-08,2018-08,1.7490535743107674,2.492374024476418,-29.823792210392764,217.25990220199571,208.1868438800414,4.358132412623661
2008-09,2018-09,2.1421261010350037,2.6669724049532033,-19.679480107984425,228.39344283040805,225.68562119684924,1.1998201831374011
2008-10,2018-10,2.5557317377445203,2.4418002468522597,4.665880881907936,206.5275761695898,203.3299187062201,1.5726448344229205
2008-11,2018-11,2.625746128823451,2.4582190426176207,6.814977969881797,208.9982597631089,204.68333337396768,2.108098553025628
2008-12,2018-12,2.2591155768458027,2.183798008015327,3.4489256128100276,185.69647993035176,179.45752703859233,3.4765623903965537
2009-01,2019-01,2.5986189728610656,2.235328242517042,16.25223192880827,191.42901687223554,180.59956357428425,5.9963895170194625
2009-02,2019-02,2.8255778616937217,2.252967952883974,25.41580354379931,195.41990450048527,185.73659829621803,5.213461586511903
2009-03,2019-03,2.614924662711649,2.175098686929778,20.220966451995757,191.97071744051277,180.56927184157223,6.314167124151626
2009-04,2019-04,2.521304311381858,2.221626624287953,13.48911125828598,199.80742048415138,186.529896736452,7.118174609006078
2009-05,2019-05,2.16342242058283,2.016985751567367,7.260173697393224,183.5203515042097,171.02495035709134,7.306186098010037
2009-06,2019-06,2.136471174199975,2.0783535181117223,2.7963315952646672,188.32948167697688,182.45769802389813,3.218161643313988
2009-07,2019-07,2.0780035976259144,2.113398268021021,-1.6747752153809636,189.3539734745115,184.37574277352445,2.7000464519359113
2009-08,2019-08,1.973248587328318,2.047468828172246,-3.624975375580375,181.12724060231284,176.06810563743255,2.87339660216388
2009-09,2019-09,2.146979788280736,2.1841205350369637,-1.7004897925928297,189.30310005275595,191.29225062498162,-1.0398490088996293
2009-10,2019-10,2.2847667204132844,2.317072235994014,-1.3942386033066745,198.28528319515283,198.1620456723844,0.06219027581708669
2009-11,2019-11,2.4925135492293125,2.37164466241272,5.0964163701332055,200.15284575401358,197.65372897405337,1.2643914146888147
2009-12,2019-12,2.2430905594684085,2.3960174319709755,-6.382544236198173,201.75367673535033,193.92223984489024,4.038441850054997
2010-01,2020-01,2.2754548913320596,2.3559858204898485,-3.41814150396903,196.68423655267975,187.10764910202326,5.1182233845686875
2010-02,2020-02,2.087981173273237,2.1459388384074347,-2.700806942718348,178.0430082556828,169.68773922441932,4.9239085095083235
2010-03,2020-03,1.7057810952989825,1.9127141474944485,-10.8188174624283,158.32504137870058,149.39869525002985,5.974848785480913
2010-04,2020-04,1.8262602420098755,2.062563896194888,-11.456791938468246,168.25674248691118,160.18374201937573,5.039837605091613
2010-05,2020-05,2.2395907336697816,2.254802256492633,-0.6746277984710392,181.39456796657305,170.88166706329096,6.152152588368853
2010-06,2020-06,2.3754657537750568,2.298554333474914,3.3460779751883996,183.53320883612443,175.9842546623134,4.289562261292246
2010-07,2020-07,2.276325584809118,2.2304169150993873,2.0582999258542234,177.4326885203434,169.9129275342556,4.425655596200451
2010-08,2020-08,2.6223484427803077,2.3712251548357806,10.590444666648224,187.75752928609668,180.45387388088884,4.047380778330489
2010-09,2020-09,2.474570808006959,2.3726669646172205,4.294907161830808,186.50005462779177,184.3531155562869,1.1645797604377117
2010-10,2020-10,2.496849208634657,2.3670979460837387,5.4814488249455895,183.36564982368404,181.05886946052274,1.2740499098633062
2010-11,2020-11,2.6601100528930144,2.728885310620034,-2.520269263767383,209.22764354442785,203.6305547807868,2.7486487819406324
2010-12,2020-12,2.682997814040974,2.8742058028579853,-6.652550371545507,215.50278303245548,204.2873090208407,5.490049316020218
2011-01,2021-01,2.702051783956116,2.944437313834322,-8.23198132761621,215.52774626498936,202.6977229006161,6.329633693351311
2011-02,2021-02,2.7264462179819633,3.1215328851120194,-12.6568157911903,223.89436741464277,211.08706449520656,6.067308269250682
2011-03,2021-03,2.991132843333231,3.165669163726849,-5.51341000485791,223.80001039194312,209.57250610414468,6.788821946294932
2011-04,2021-04,2.925217315380914,3.1179251210792875,-6.180642517536372,219.02535812039585,204.95858038838685,6.863229490247802
2011-05,2021-05,2.9771904107087783,3.1314934444778357,-4.927458303997401,217.45767157125175,202.27681434380608,7.504991255024929
2011-06,2021-06,2.9330955604522777,3.1574034641312965,-7.104188812966072,214.9686604385089,203.6642472844598,5.550514292407982
2011-07,2021-07,2.774687964950783,3.0128488904137303,-7.9048413686038765,201.87794839493768,191.55232082953873,5.390499849170527
2011-08,2021-08,3.1366736644631046,3.1330031118566524,0.11715764317505872,206.01425758041873,197.12906152311928,4.507298918103664
2011-09,2021-09,3.3852503767115802,3.288614932106685,2.9384846386679486,213.77128855431974,207.30421234212614,3.1196067552745177
2011-10,2021-10,3.2144455236143514,3.220790210549578,-0.19699162380848456,207.36705178390662,199.59443832344527,3.894203428587395
2011-11,2021-11,3.2985235831887896,3.103145430792468,6.296132641982766,197.5484655374197,188.73566276223193,4.669389264439161
2011-12,2021-12,3.40514703708303,3.1808727824887546,7.050714377165379,202.05694054808356,185.77416442130266,8.764822696149754
2012-01,2022-01,3.0675318744312703,2.9334847262066726,4.56955330385973,187.2411793307229,170.78369924790402,9.636446660480003
2012-02,2022-02,2.7281873120482474,2.8291932989751056,-3.5701338244880088,181.91510455220342,168.93790901025335,7.681636180996199
2012-03,2022-03,2.7590880601692263,2.9293935642987954,-5.813677827558649,188.9807261071162,178.07303927871502,6.125400494416655
2012-04,2022-04,2.8198939384868433,2.7854693275156595,1.2358639397364035,180.67036152062022,170.61207114118966,5.895415436992635
2012-05,2022-05,3.1933351516435615,2.755517287210114,15.888772190455969,181.7276206164012,169.01077762156063,7.5242793233668115
2012-06,2022-06,2.9303524678075847,2.568157980590408,14.1032790799696,173.69832541451066,161.23345468739473,7.73094563487664
2012-07,2022-07,3.197406343371984,2.617382248099126,22.160465697897248,180.93525214958106,170.78893284366853,5.940852921190132
2012-08,2022-08,3.1778072401189603,2.5467141766799015,24.78067893201119,180.60156010942157,170.49920053421656,5.92516536356289
2012-09,2022-09,2.9240971977957555,2.2683350770120487,28.90940264643378,164.7405587078811,158.43100627631267,3.9825237369029987
2012-10,2022-10,3.0898929134246305,2.312512331918616,33.61627831238621,173.175627573321,166.01953057283887,4.310394672115092
2012-11,2022-11,2.9609316526237004,2.24611347611046,31.824668883206808,173.4518220178768,164.30888377472752,5.564481988499481
2012-12,2022-12,2.510249942761934,2.004213898727886,25.248604670152176,159.99752006190062,146.41671069137476,9.275450395243645
2013-01,2023-01,2.453357046538812,2.0196006462446388,21.477335190039916,165.9736367489477,153.8610360588496,7.872428914013829
2013-02,2023-02,2.3743148409600527,1.976371170914854,20.135067536984575,165.23339671810317,157.27308909470898,5.061455630594591
2013-03,2023-03,2.2617908986272686,1.97458235101422,14.545280801559258,167.41692161778704,162.63162413928458,2.942415107657115
2013-04,2023-04,2.0818650502205487,2.0001835869112403,4.083698308685957,170.98404079562096,167.7943262486241,1.9009668671815527
2013-05,2023-05,2.242389219531106,2.1352383515966116,5.018215781595203,181.86297464839186,177.46815928489414,2.4763965441499947
2013-06,2023-06,2.4265747968169205,2.2825431156696188,6.310140656644192,194.07689471151397,186.73042698961493,3.93426386922342
2013-07,2023-07,2.42694200896672,2.2615940929974956,7.311122560904559,192.5526859252546,186.67085203461733,3.1509117928847807
2013-08,2023-08,2.436304509868652,2.1990427665735544,10.789319193859415,187.9402591553512,181.1424553215825,3.7527391475955074
2013-09,2023-09,2.203795016533156,2.1215217040360015,3.8780330335832502,182.148753334464,177.7611898099174,2.468234786928636
2013-10,2023-10,2.153753435595068,2.0361166184544532,5.777508816263621,175.27214295949545,171.71388443305563,2.0722019877356335
2013-11,2023-11,2.13811569116587,2.1847687383682315,-2.1353769112059884,188.9468777016644,181.70065406566607,3.9880008540748246
2013-12,2023-12,2.0541116705777496,2.164950641980143,-5.119699694447355,187.6813385599219,174.1199400316664,7.788538478585028
2014-01,2024-01,2.4329771035359475,2.335221189136095,4.186152252070685,202.36832589117947,190.59041783990867,6.179695802526619
2014-02,2024-02,2.6390408508281418,2.4863579005048875,6.140827524961301,216.88028615250926,205.87631499571944,5.344942742451275
2014-03,2024-03,2.722545375823705,2.515028703324341,8.251065772134925,221.8538116097455,213.85711439710084,3.739271071335959
2014-04,2024-04,2.6849388043017006,2.3434729507958463,14.570932145382432,209.42293394085928,203.65607578735694,2.831665164521624
2014-05,2024-05,2.6303239801043987,2.288576730505687,14.932741605006129,208.18283510858322,200.87196590062663,3.63956671364154
2014-06,2024-06,2.610659473291958,2.2886804065016713,14.06832801450173,212.42999935562779,202.58442669219934,4.859984957475283
2014-07,2024-07,2.5031941447188584,2.2069705541474995,13.422181370506902,208.25615087552362,200.94571585764507,3.638014867188022
2014-08,2024-08,2.5055933415410068,2.1316190833598916,17.544141028783212,204.35203741137767,196.7906982551521,3.8423254875704416
2014-09,2024-09,2.3445452814229677,2.0538679572966507,14.152678271923257,199.024416123277,193.85923548412393,2.6643975079413185
2014-10,2024-10,2.381005327237635,2.1027239892316576,13.234325543014425,203.73597398540355,200.83853973909956,1.4426684490277175
2014-11,2024-11,2.1883366695590167,2.028606936310671,7.873863112133406,197.83360852429885,191.11588834639176,3.5149982746235375
2014-12,2024-12,2.2861191798413483,2.0960921493683693,9.065776546619908,205.32523304184477,192.68880083578463,6.557948438751926
2015-01,2025-01,2.2389734525491405,2.063455501661784,8.506020640910595,202.3920013343428,192.53963358817504,5.117059569792826
2015-02,2025-02,1.9765729649099844,1.9389856531578316,1.9385038610749028,188.86709750794003,181.34756201638913,4.146477299138618
2015-03,2025-03,1.8544061302681991,1.886029006756899,-1.6766908873303454,180.11336225707763,177.45022136640316,1.500781948970098
2015-04,2025-04,1.8465861441669342,1.9315304743623176,-4.397773233343738,181.4121234580407,180.76404674940855,0.3585208011693597
2015-05,2025-05,1.8462686893788158,2.0621555596650314,-10.468990531504009,190.182172602285,187.4433357666097,1.461154553440891
2015-06,2025-06,2.000787221414795,2.230843395574224,-10.312520126506342,201.91482658347687,196.38273706411263,2.816993795925238
2015-07,2025-07,1.995110088587745,2.3135335648734308,-13.763512279239665,203.804281581816,198.8771333327144,2.4774835429967057
2015-08,2025-08,2.26137557118718,2.448319479468415,-7.635601066320996,210.95046211934527,205.09774367354822,2.853624004324873
2015-09,2025-09,2.5840949152152466,2.598730522725148,-0.5631829611387973,220.55757476581834,213.79172753734773,3.1646908448731637
2015-10,2025-10,2.7464793455989853,3.045598009695884,-9.821344220236305,255.42002556790257,247.16879874340586,3.338296284339104
2015-11,2025-11,2.544827767810256,2.9411127696250605,-13.473981885615483,243.2314755019903,231.2741070492425,5.1702149476689385
2015-12,2025-12,2.6447539654644316,2.962817106992067,-10.735159479706857,242.09818041783808,224.56788387007967,7.806234910197718
2016-01,2026-01,3.0438370161488275,3.1374233448163436,-2.9829040706967236,254.7039021997438,238.53513619852725,6.77835821543693
2016-02,2026-02,3.6720004542402824,3.440255279264492,6.736278449235789,278.85068135465696,260.16640846352,7.1816623066297325
2016-03,2026-03,3.0470031333035386,2.942127972487377,3.564602280963891,239.6371474840849,226.58294623224506,5.7613344114871845
2016-04,2026-04,3.5572268173922437,3.3822792674531663,5.172475011822764,275.84188344727977,268.7892420953235,2.6238555148182297
2016-05,2026-05,3.8485394238925728,3.740458991467601,2.8894965209220302,305.75793358466404,293.15248150217093,4.299964311371451
2016-06,2026-06,4.49811760717826,3.909317644269848,15.061451037918516,319.9562020624023,303.72879284842753,5.3427299604331235
