depart,fin,A_tout_d_un_coup,A_dca,A_ecart_pct,B_salaire_immediat,B_salaire_accumule,B_ecart_pct
1934-01,1944-01,1.9343505168199768,2.0437851580530877,-5.3545080705722725,172.31129514940213,167.4732488889137,2.8888471995294873
1934-02,1944-02,1.7908930193150094,2.052196445497461,-12.732866132565125,170.96316572589052,163.21825640525321,4.745124406553836
1934-03,1944-03,1.9421492879973614,2.1499228018968255,-9.664231372221854,175.69046166859843,168.90257176721957,4.018819743451796
1934-04,1944-04,1.878828835391018,2.156640331796112,-12.881679541517443,172.46567217813575,168.9446347212349,2.0841368905918145
1934-05,1944-05,2.1295068006242244,2.228347257215148,-4.43559486838907,175.3710223277516,174.82374313544108,0.31304626162049765
1934-06,1944-06,2.201565081062322,2.335256369027063,-5.72490839712132,183.20559349536177,183.5674366792113,-0.19711730489644363
1934-07,1944-07,2.371340371042025,2.393673907689197,-0.9330233569171509,187.50261503524354,185.49294529233944,1.0834211186505405
1934-08,1944-08,2.431813968155281,2.33856825043175,3.9872993959580105,184.1705332155622,172.76621590173576,6.601011230293352
1934-09,1944-09,2.451289407359129,2.2624971449727616,8.344419916986912,180.50381948039464,168.76399864061062,6.956353804335014
1934-10,1944-10,2.491848531285782,2.2708332745141964,9.732782201672997,184.21568504074997,172.50059423354512,6.791333594679694
1934-11,1944-11,2.4074547367092727,2.205728670212764,9.145552180588478,182.20486873213292,169.71072654477322,7.36202268515036
1934-12,1944-12,2.444148404000484,2.1960224832116158,11.29887889062009,185.49833479613656,174.2055810290225,6.482429380510313
1935-01,1945-01,2.5167237645444565,2.2029181630255783,14.244995878007781,190.2868945614072,182.5268672248442,4.251443885794548
1935-02,1945-02,2.6809385414319764,2.2079295865196964,21.4231902049862,195.82126026030326,184.25775495350476,6.275722457226518
1935-03,1945-03,2.858964824519963,2.123590049596879,34.62884821214338,194.7554243642025,184.0189894131432,5.834416863878533
1935-04,1945-04,2.7256693601409387,2.0734701047113293,31.454480773447635,198.49318021907627,190.0597373600956,4.437259030302831
1935-05,1945-05,2.622399883339823,2.061560535971749,27.20460241560232,204.95467444684513,203.07806669856922,0.9240819448322668
1935-06,1945-06,2.5724652095209377,2.0322648014551135,26.581201803969524,207.77988223361348,209.3568424192796,-0.7532403371407037
1935-07,1945-07,2.3948030637398623,1.9270951007206767,24.27010285295608,202.7152065041951,202.5061747061518,0.10322243178342294
1935-08,1945-08,2.2517852156755733,1.8724404884840105,20.25937430453093,202.7468395445954,192.70194930389408,5.212656268910054
1935-09,1945-09,2.356162086489657,1.9447168165540152,21.157078831904762,215.965198149574,206.02271758727647,4.8259146752035464
1935-10,1945-10,2.390952792606808,1.970413360288804,21.34270101865152,224.29624949648735,213.6287259169085,4.9934874318952716
1935-11,1945-11,2.2577716502482317,1.9755493883415987,14.28576089122977,230.94339679714165,218.46505413579195,5.7118254957122305
1935-12,1945-12,2.296585600599159,1.9626201806974055,17.016304182864417,234.33595030391692,225.24804476248897,4.034621277627792
1936-01,1946-01,2.2634673524536097,1.9944060840146862,13.490796613361233,243.06497344486473,238.146931703349,2.065129164730095
1936-02,1946-02,2.1471501838222715,1.9592946289566382,9.587917615313945,243.22535846550204,233.74752509642053,4.054731003107692
1936-03,1946-03,2.040402988381793,1.8673400024041433,9.267888320007955,235.60314091387977,227.86263699454176,3.3970044503274233
1936-04,1946-04,2.1693198666692313,1.9556003145841125,10.928590596518163,250.44110542910653,245.21692839766186,2.1304308253028648
1936-05,1946-05,2.2955766758362817,1.9367964128336888,18.524417983492047,250.56311849943472,252.4885164438354,-0.7625685205485344
1936-06,1946-06,2.187533571195432,1.8983561952219592,15.2330409172585,248.42332020244908,252.54575077021062,-1.6323500020051895
1936-07,1946-07,2.006516048460803,1.8325266472422033,9.494508659966217,240.9410466277163,243.13387633170072,-0.9019021689074758
1936-08,1946-08,1.929433100390467,1.7863426659272197,8.010245581240415,236.0427027670504,227.0380485050096,3.9661432615961223
1936-09,1946-09,1.6275187173530241,1.5161044639628176,7.348718774891694,201.20781086303583,194.40883548874396,3.49725636553464
1936-10,1946-10,1.512852994439669,1.4969936904451824,1.0594102096562752,196.8326119956598,191.18277158771085,2.9552037356864513
1936-11,1946-11,1.4669439358692355,1.5364878452218904,-4.526160722254968,196.30127277848987,189.829822599,3.4090798225947294
1936-12,1946-12,1.5380541589639194,1.649036777575013,-6.730148176215867,202.48878555788778,198.99614565912492,1.7551294208208779
1937-01,1947-01,1.500271117222615,1.725190602420814,-13.0373701828997,203.81199391943474,202.98345879728768,0.40817864029722983
1937-02,1947-02,1.514283497311269,1.8607507138570367,-18.619754595047123,211.9965452867899,206.8988332089807,2.463867001444231
1937-03,1947-03,1.4552806666257352,1.8590970701590144,-21.72110375596147,203.71898888834596,199.72019544969112,2.002197839658204
1937-04,1947-04,1.4910503097496517,1.8740023165944255,-20.434980440189754,196.57465735151027,195.18873178750758,0.7100438387557473
1937-05,1947-05,1.533273544360721,1.9237751724890182,-20.298714408662345,193.427375903911,196.75322494522612,-1.690365706707475
1937-06,1947-06,1.6482803695525936,2.068919004399762,-20.331324423654983,200.47176467911407,204.6327636763178,-2.033398231275163
1937-07,1947-07,1.6532044865589912,2.270809229384212,-27.197561769321332,213.21013170294137,214.40197615666435,-0.5558924759406558
1937-08,1947-08,1.6046553536119494,2.2712495090382308,-29.349226175883825,209.254679456838,200.38935970701246,4.424047146409094
1937-09,1947-09,1.8207710038950675,2.257160125634918,-19.33354735376154,204.14007047745028,196.6292394927571,3.8197935383714077
1937-10,1947-10,2.1837856660660693,2.347729275425601,-6.983071305349375,209.49208218097357,200.21105843750658,4.635619938228319
1937-11,1947-11,2.363211590330856,2.3089995439570647,2.347858686922244,206.80646897565367,193.2800510322901,6.998351806676517
1937-12,1947-12,2.3607910536190677,2.2449292966099614,5.161042585353037,203.1560698440323,191.740429587984,5.953694940904453
1938-01,1948-01,2.2671523464166503,2.1896724491429103,3.538424082746605,200.0536062951326,192.1511780729226,4.112609821840896
1938-02,1948-02,2.206219639036384,2.0656673348997305,6.804208100791609,189.94703269683149,180.08121652183632,5.478537054306742
1938-03,1948-03,2.3927237160500967,2.075522619233161,15.282950610971003,192.36615373414153,184.01934197263262,4.535833935733913
1938-04,1948-04,2.681242531125851,2.1997214774431075,21.89009193302278,206.60965782551682,199.2420566197946,3.69781427210496
1938-05,1948-05,2.7811920597196687,2.2857251057049837,21.67657662673608,215.8512772567815,212.65915798390864,1.5010495212787411
1938-06,1948-06,2.8261756791248005,2.3532332201542725,20.09756002592564,223.88991521461523,222.46674687180672,0.6397218293611173
1938-07,1948-07,2.3002267248882995,2.2730735512578946,1.1945576338864505,217.7252968471546,214.22368963660955,1.6345564846188987
1938-08,1948-08,2.2199889782784474,2.216209186837734,0.17055210596372827,211.04666219067693,203.01199947346478,3.957727985562909
1938-09,1948-09,2.2993445793798233,2.204747985904013,4.290585322250462,208.41159370359446,202.84902012582768,2.7422235386280525
1938-10,1948-10,2.1266069670806274,2.2515670793983507,-5.549917364714463,213.7378260446966,205.6112514683229,3.952397798437457
1938-11,1948-11,2.0096304235439386,2.131666271303956,-5.724904005980591,201.78805170744067,191.77806630389244,5.219567386651169
1938-12,1948-12,2.0598639775690493,2.1263021712194514,-3.124588525077754,200.48296579149087,192.86921458193703,3.9476238994685664
1939-01,1949-01,2.1181889913592142,2.157728023060693,-1.8324381608296192,202.690659402386,197.6636686545419,2.5432042125201004
1939-02,1949-02,2.0572687977733133,2.081082600348528,-1.1442987688824346,194.8832794503519,186.72108937329304,4.371327365566624
1939-03,1949-03,2.0825458383873534,2.1067851207765558,-1.1505341551048986,196.7349318235098,190.3458804386549,3.356548284696914
1939-04,1949-04,2.382960342711569,2.110812096413097,12.893058873451292,196.47616979292118,191.1939824672807,2.7627372250297766
1939-05,1949-05,2.2851214171402168,2.0756378063102683,10.092493506963752,194.75109754447294,190.0316064600262,2.4835295414078917
1939-06,1949-06,2.1267884787535714,1.9757307747124642,7.645662353115457,183.97593332000412,181.84626608956438,1.1711360789727898
1939-07,1949-07,2.1975964886372195,2.122794704093355,3.5237408685646843,194.30903284309505,190.73292063693,1.8749318126220826
1939-08,1949-08,2.313863386995811,2.2327929943797713,3.6308960490338382,201.17227971343775,192.66653466360265,4.414749590366696
1939-09,1949-09,2.122440256978156,2.28859429389656,-7.260091374059585,203.60548931621167,196.72954880591385,3.4951234077608584
1939-10,1949-10,2.1593485605753524,2.3857540496912506,-9.489892268869804,208.88099271390894,201.70977153020382,3.555217543157707
1939-11,1949-11,2.232934815477209,2.457466608818301,-9.136717973517461,211.80316530133,201.86135923251007,4.925066444920079
1939-12,1949-12,2.3517982020898733,2.554566080740449,-7.937468526623615,217.43238883501925,209.40783905613196,3.8320197634704067
1940-01,1950-01,2.4172970523907504,2.6434579329106036,-8.555493836470351,221.77437080730587,215.87661535892488,2.7320029261044043
1940-02,1950-02,2.4840075352801683,2.7304376197539058,-9.025296263532589,225.92692080085303,215.49779398964418,4.839551541632026
1940-03,1950-03,2.521898684973871,2.802038213218849,-9.997705488932883,227.54025155148648,219.11977620782946,3.8428641583087453
1940-04,1950-04,2.570798965737684,2.9288928162933545,-12.226253161727318,233.68256790607822,226.39383325254562,3.2194934591711633
1940-05,1950-05,3.0826716307144726,3.0866074588545147,-0.1275130768167987,241.20845121523521,234.1949573042639,2.9947245626896324
1940-06,1950-06,3.4267350075245235,3.166695653732602,8.211693898825146,244.31288977073592,235.38101364028108,3.794645962441523
1940-07,1950-07,3.0777306351497713,2.935062201266817,4.860831699627233,225.669338092392,213.08972057566086,5.903437051185456
1940-08,1950-08,3.197743016618868,3.1062620279616313,2.9450506053176673,238.47913559076875,221.89526092963524,7.473739903977661
1940-09,1950-09,3.178365465384141,3.2164262820230047,-1.1833262540972944,246.03563888542658,231.87586216125504,6.106619547283576
1940-10,1950-10,3.2809766865812895,3.3609919370095818,-2.380703433031295,255.42033222778693,242.59995154132787,5.28457677134988
1940-11,1950-11,3.202672452884729,3.379964641796826,-5.245385904920196,254.14083997444968,238.54483532529466,6.53797623741772
1940-12,1950-12,3.329044525573113,3.412529493742934,-2.4464248095993013,252.47812577268272,241.34652192129784,4.612290975966449
1941-01,1951-01,3.570218024124042,3.722640909519989,-4.094482629419149,270.2102670617383,260.4061098433091,3.764948996138595
1941-02,1951-02,3.950297637316872,3.9146236573817936,0.9113003715646606,279.1895499797654,262.96837502009464,6.168488875679912
1941-03,1951-03,3.861058258025072,3.8921408441258354,-0.7985986978779169,273.18387879381237,257.72880498956516,5.996642014800391
1941-04,1951-04,4.038339501837278,4.010173134141581,0.7023728590642486,275.54403145378944,263.19313994346305,4.692710270860223
1941-05,1951-05,4.129370731722581,4.0835319306553535,1.1225282879047116,274.23233832362786,262.0190510092413,4.661221108672664
1941-06,1951-06,3.9211666859219543,4.072049283620268,-3.7053234671111657,268.01241848575023,253.3749168200126,5.777012914082391
1941-07,1951-07,3.796778986891432,4.197056257321817,-9.537095666327955,271.3512084689254,252.66333365630803,7.396354089920321
1941-08,1951-08,3.9819813635992274,4.438556388084394,-10.286565823763627,281.8753353605515,260.4589773101961,8.222545550752658
1941-09,1951-09,4.0714292783660735,4.612220882957478,-11.725188760791404,287.62527057032435,269.11646657765976,6.877618537445929
1941-10,1951-10,4.2167546997476695,4.644568346627574,-9.21105288913534,284.5976009382641,268.8620511924332,5.852648105614744
1941-11,1951-11,4.296501648168644,4.53104863938774,-5.176439493061569,275.00347262324635,254.9181328887825,7.879133393475324
1941-12,1951-12,4.729178117746908,4.662992806657144,1.4193740765646279,281.4877040782097,265.09481806775415,6.183782138761296
1942-01,1952-01,4.7856510269739445,4.782005943774741,0.07622498261319333,288.4106128908543,270.9752940217667,6.434283587376455
1942-02,1952-02,4.842308666687897,4.648619296074507,4.16659997898623,280.8368946394158,258.38476338404126,8.689417658116149
1942-03,1952-03,5.122972037923018,4.5834312839083555,11.7715466992796,279.0744751445934,256.2887146638091,8.890660874659995
1942-04,1952-04,5.317743171756492,4.460105364561775,19.22909297186488,275.51926660531535,254.34468984865126,8.32514992519171
1942-05,1952-05,5.244823139549629,4.320966197086737,21.38079541297433,272.4581438033018,249.993072449793,8.986277552959221
1942-06,1952-06,5.12134562530003,4.2924014181943635,19.311898546859794,276.92582669037,252.4482306114431,9.696085419034572
1942-07,1952-07,5.072198036214589,4.281378656395498,18.471138464657155,281.98934618159643,256.04643247391374,10.132112936322901
1942-08,1952-08,5.11521499970173,4.173848633960445,22.55391721879598,280.3642522209575,255.03712191880814,9.930762279466254
1942-09,1952-09,4.976431883598204,3.9974084974800133,24.491452067892784,273.18630795632595,252.68398837379394,8.113818257531635
1942-10,1952-10,4.535101707552823,3.8043701312655074,19.20768881770818,264.8612620222958,249.37557934894247,6.209783136657809
1942-11,1952-11,4.602451271649171,3.8432152996175684,19.755228704130957,270.8981824536169,254.0308520498287,6.639874750520325
1942-12,1952-12,4.759928659973916,3.9333468094040946,21.014720812148504,279.3363199517508,267.43077451781073,4.451823263574006
1943-01,1953-01,4.513449774310286,3.8870413437754467,16.11530146284512,278.3014650535906,265.2164655143708,4.933705572858127
1943-02,1953-02,4.207817631311249,3.7856128701293805,11.152877371938953,272.6625541221358,256.18628991806236,6.43136063578702
1943-03,1953-03,4.084126077989435,3.7733303517493924,8.23664236278574,272.03362463009256,257.3543506373006,5.703915226783951
1943-04,1953-04,3.7591512237499667,3.562114239167184,5.531461692504558,256.9225974908886,244.89466644432065,4.9114712138096595
1943-05,1953-05,3.638143399934624,3.5707495124272857,1.8873877115375137,256.71491229169,243.50536986569782,5.424743788310593
1943-06,1953-06,3.44992460362406,3.440293455838801,0.2799513445259416,246.18375064183033,231.78483837967784,6.212189012365932
1943-07,1953-07,3.4310366405236903,3.478894103402591,-1.3756516138876629,248.39818248639742,232.50337576225036,6.836376750245776
1943-08,1953-08,3.626394132815489,3.4819353835987763,4.1488061466381065,248.17804855657832,232.0441925656576,6.952923842882042
1943-09,1953-09,3.3908149392490667,3.301400267955886,2.708386261461815,235.46715638435586,220.98567777033543,6.553129940425673
1943-10,1953-10,3.5277525095599738,3.3894909575526873,4.0791243799958465,241.2812563441379,231.16483572866386,4.3762800616216735
1943-11,1953-11,3.7824317505437532,3.4433803484492813,9.846469683407566,245.2278374804883,232.1309198943692,5.6420392389255225
1943-12,1953-12,3.784942500682247,3.4553090968056894,9.539910747240876,246.9067310530704,236.09269626973935,4.580419027861771
1944-01,1954-01,3.761500037922831,3.505591380427727,7.300013884216017,251.5092419259506,238.829847631768,5.30896553337501
1944-02,1954-02,3.871599264914769,3.546437002635656,9.16870261723124,255.41043126556303,239.1074256061475,6.818276604370066
1944-03,1954-03,3.8469183880089504,3.5729248602019643,7.668605932885431,259.0658252566221,243.44113337364988,6.418262873838332
1944-04,1954-04,4.071225484808465,3.6737883208558095,10.818183554464355,267.6165900587924,254.37715465932223,5.2046479634545895
1944-05,1954-05,4.1594619071916314,3.762759360713581,10.542862523178155,276.2396404474023,259.67575337634275,6.378680664518499
1944-06,1954-06,4.004250915262391,3.7307407249510547,7.331256993607482,276.41486803914984,258.09968552157255,7.0961661501313555
1944-07,1954-07,4.060146648239713,3.827485045774463,6.078707027793828,285.6025891199316,267.16097341074766,6.902810494267375
1944-08,1954-08,4.20169313579216,3.86333618724839,8.758154407078944,289.31243477763894,271.1249039286302,6.7081741977477405
1944-09,1954-09,4.370336965110083,3.9059846904576485,11.888225670388607,293.95481257686964,275.5333081969387,6.685763148012613
1944-10,1954-10,4.36325307481589,3.922079812349913,11.248451932997439,298.47917227663595,285.41412499644485,4.577575577366333
1944-11,1954-11,4.5641952707394875,3.995263564733436,14.240154542695628,307.8301986701942,291.3288486893942,5.664166132202464
1944-12,1954-12,4.669137258519949,4.081354527524458,14.401658249277594,319.3549524316745,304.6087169710326,4.841041847809047
1945-01,1955-01,4.614209873992408,4.059976339853677,13.65115182318295,322.53655996026475,305.6306712979223,5.531476468166052
1945-02,1955-02,4.612921113430361,4.097610796652413,12.575872681684075,330.7425813907935,309.56297302799555,6.841777023792361
1945-03,1955-03,4.5783536996646275,3.980094142271609,15.0312916229556,325.7069708061921,307.17905517131436,6.0316337728640645
1945-04,1955-04,4.6187337639199,4.037597218983641,14.393128224973006,334.39842994130333,319.27069600356083,4.738215604219986
1945-05,1955-05,4.4307751419906305,3.932404293576678,12.673438721140862,330.52176364284423,312.03843003448594,5.923415781291919
1945-06,1955-06,4.602411907003718,4.080551665449896,12.788962972149642,347.1934555024689,326.7676884582384,6.25085275126307
1945-07,1955-07,5.039736888129449,4.302087860947593,17.146303167768817,369.86757460664154,348.6434957227724,6.087616474780222
1945-08,1955-08,4.989463747754766,4.200458589025729,18.783786151122193,364.74475794449705,342.1606966172868,6.600425341216476
1945-09,1955-09,4.879523515021818,4.318569595714973,12.98934535785743,378.1426280791919,354.69589283062163,6.610376867196166
1945-10,1955-10,4.448245491351796,4.118694489284599,8.001346128599064,356.5844131759655,344.6710708342908,3.4564381376243514
1945-11,1955-11,4.596858326952966,4.440103319782404,3.5304360254897027,378.09395382301335,363.3052368596423,4.070603851241605
1945-12,1955-12,4.561433454369126,4.539798646214581,0.4765587604327992,379.134916404317,367.3871675696206,3.1976481139532886
1946-01,1956-01,4.269106417108288,4.468871445352596,-4.470144883045435,366.6263297763,352.37465647570053,4.044466035990935
1946-02,1956-02,4.284649454340914,4.560789470649834,-6.054653872667681,366.8275660360458,348.98352875263157,5.113145983477785
1946-03,1956-03,4.719893238704738,4.926730427459444,-4.198264788385542,389.76060947420797,372.954176307454,4.506299763995436
1946-04,1956-04,4.486373330929437,5.043170712645255,-11.040621336091261,391.78060951496474,376.5918804870214,4.033206719247584
1946-05,1956-05,4.336744005587359,4.981431856357643,-12.941818122985849,377.2883034073203,360.3218264410696,4.7087008671747865
1946-06,1956-06,4.340261665499147,5.057533337974825,-14.182243092497204,372.9873525446598,354.6385971325828,5.173930745394095
1946-07,1956-07,4.709795278401852,5.423119567612137,-13.153394099410743,390.90647877733846,371.18957300022794,5.3118156358067825
1946-08,1956-08,4.7739275065056255,5.443696439602238,-12.303568733629678,386.1030592459481,361.54180473271697,6.79347566220978
1946-09,1956-09,5.406201048480431,5.310886148767839,1.7947080212725952,370.5283631857194,345.1768869193343,7.344488355707757
1946-10,1956-10,5.456272927539094,5.239853788227031,4.130251492862569,362.60910769530943,340.6303595395024,6.452374998376542
1946-11,1956-11,5.417581150997096,5.161503009048296,4.961309554598459,355.5795988216498,331.0328193938134,7.415210211720535
1946-12,1956-12,5.334004254091626,5.216327702574699,2.25592712395819,357.4930636623108,336.6441080740584,6.1931740637105825
1947-01,1957-01,5.186816362669842,5.101317585906517,1.67601360478975,346.578943386964,325.6097002106617,6.4399933917004715
1947-02,1957-02,4.775535900646716,4.887879614280557,-2.298414087483147,328.7088335286666,306.5031039279984,7.244862879393432
1947-03,1957-03,5.037827282527116,4.9940656633971106,0.8762724016776025,330.19686323831974,313.3040698369794,5.391820607415054
1947-04,1957-04,5.346988972479391,5.1298601947451585,4.232645130497925,334.78278062288,317.2479161985461,5.527180330905601
1947-05,1957-05,5.645915955995134,5.29774266372448,6.572106543693024,344.18255627159465,322.06543024697754,6.867277250978621
1947-06,1957-06,5.53866620685474,5.326902655942207,3.9753598777764187,346.1718065979534,321.83184017816905,7.562945420909717
1947-07,1957-07,5.311544659835286,5.373864932167696,-1.1596918255121103,349.5722491215332,327.7748895257133,6.650100508724277
1947-08,1957-08,5.114623953289954,5.05679849853661,1.1435190619139224,327.29542799267995,306.0495433094549,6.941975620510155
1947-09,1957-09,5.032229045961756,4.834746135223303,4.084659364008836,311.1014749762537,289.2095708759023,7.569564186292133
1947-10,1957-10,4.596056514476845,4.5124771119353255,1.852184520126543,288.96835870713886,270.202307388708,6.9451854426373805
1947-11,1957-11,4.546176599355238,4.395011663262689,3.439466096441013,280.2401216852367,261.1293963851369,7.318488674447687
1947-12,1957-12,4.6120755849751545,4.388349713342973,5.09817781732238,277.57968571967535,261.45105741298346,6.168890065422605
1948-01,1958-01,4.760501000680023,4.465446420103709,6.607504666229125,280.3437313064057,262.35950880081015,6.854801103949937
1948-02,1958-02,5.016937239437981,4.462011847685597,12.436663341452547,278.5207646659332,257.3699198721805,8.21807179497005
1948-03,1958-03,5.041391266006157,4.528332165450302,11.329979378949462,281.1402202490335,262.550689189412,7.080358888797456
1948-04,1958-04,4.701509478657635,4.529287991526266,3.802396479393111,279.5756040323087,261.5011827244544,6.9117933309309265
1948-05,1958-05,4.622286326712807,4.680987136466097,-1.2540262991964979,285.68200828450784,267.3071969391704,6.874042882399034
1948-06,1958-06,4.540323230530863,4.821182336794566,-5.825523422340351,289.76741802121086,270.7948425196692,7.006254375086041
1948-07,1958-07,4.772995475112461,5.021699703807448,-4.952590623975772,295.01645194728775,279.8196550780908,5.430925452665525
1948-08,1958-08,5.093075676165752,5.244129765130862,-2.880441478956053,303.05133692977,284.52917182896056,6.5097596080389675
1948-09,1958-09,5.27860197258091,5.388864468268051,-2.0461174397020665,307.7588320120308,284.55951084854104,8.15271332675216
1948-10,1958-10,5.337992367284019,5.602244627440891,-4.7168997023534605,316.7123802716881,293.628273574474,7.861677084498875
1948-11,1958-11,5.811442027897596,5.766943227636641,0.7716184901509937,322.7681321907752,299.28235495245855,7.847364486973318
1948-12,1958-12,5.94592183641842,5.835553629213576,1.8913065360641301,324.8356579198936,300.9958465237474,7.920312413435693
1949-01,1959-01,6.099031191804371,6.009975125037132,1.4818042490099215,333.50337470281096,306.1593412909551,8.9313078923402
1949-02,1959-02,6.228634861906855,5.857909558282785,6.328627984702906,324.25320022806153,293.57673302116706,10.449216084396816
1949-03,1959-03,6.30880283347361,5.9155619270317565,6.647566390014448,327.9802029277843,297.9760495125274,10.069317136173206
1949-04,1959-04,6.404066948727082,5.923438079425973,8.11401862999952,328.92290470831455,299.8280896803405,9.70383230570333
1949-05,1959-05,6.52863648555403,5.907330884128731,10.517535137477507,329.23345430164915,300.43072185355516,9.587146171467076
1949-06,1959-06,6.8238471157096825,5.734700364287808,18.992217243021294,321.7454244370326,293.1975162306793,9.736749674200063
1949-07,1959-07,6.69292426526176,5.797284488814163,15.449298342624562,329.28046636854015,302.41979419574,8.88191602809394
1949-08,1959-08,6.404339389772015,5.664354972296887,13.063877901265531,322.5598916604143,297.4724704912706,8.43352701771436
1949-09,1959-09,6.053732251013938,5.339006173953644,13.386874893441547,305.413499767244,279.574854475338,9.24212062647618
1949-10,1959-10,5.878737932865609,5.22638791773929,12.481852196851428,300.89356640367396,278.053946874154,8.21409650403455
1949-11,1959-11,5.804085594511016,5.136453965732027,12.997909320965562,297.99835718977766,277.53465641548877,7.3733857380511525
1949-12,1959-12,5.815622331301273,5.193526092291324,11.978301985106366,303.35079166232293,283.07491319445035,7.162725315028062
1950-01,1960-01,5.582417875596105,5.012604227037698,11.36761696614439,294.1150484816081,272.5000992160628,7.932088585555719
1950-02,1960-02,5.248563578796175,4.716429173998645,11.282569612857785,279.0979346376177,255.4167280787176,9.271595770971475
1950-03,1960-03,5.1215855239360115,4.548860137483749,12.59052529957696,271.901154128915,250.81219138717938,8.40826860333137
1950-04,1960-04,5.032113741966576,4.511801730147447,11.53224460956368,272.0232769437217,251.8297994931715,8.01870052360416
1950-05,1960-05,4.812119761666499,4.383264807267349,9.78391617335368,266.31879110844096,247.48486999862791,7.610130312175234
1950-06,1960-06,4.8978123242828655,4.468183542570527,9.615289470968658,272.97698905125236,254.2178018984833,7.3791791970021725
1950-07,1960-07,5.13448236180073,4.294633136701736,19.555785054646012,263.16986717869577,246.329587812214,6.836482582563219
1950-08,1960-08,4.885721835872013,4.245397360362244,15.082792519924038,262.8972572714091,242.12240075084569,8.580311634172855
1950-09,1960-09,4.564365555097292,4.031000001701311,13.2315939759581,251.9644599492136,232.31906729801076,8.456211915659262
1950-10,1960-10,4.2847865868181385,3.872870175472696,10.635946796103667,244.24196473517443,229.00674735815244,6.652737333190917
1950-11,1960-11,4.419021768644331,3.9336026799089625,12.340318233325043,249.48911619837017,237.4582448716403,5.066520782730977
1950-12,1960-12,4.52821694155085,3.9697678602582624,14.067550067178392,252.6909636551876,239.55106643419546,5.485217584953506
1951-01,1961-01,4.419507401323827,4.101316143128575,7.75827190811309,262.68343375734406,245.51465770983359,6.992973946102121
1951-02,1961-02,4.421979058954745,4.211773166181798,4.99091200971562,270.6032247497358,251.6416122693939,7.535165710209557
1951-03,1961-03,4.623312671596901,4.304441821012862,7.407948901235395,276.25632580150494,259.76646050093285,6.347957803626025
1951-04,1961-04,4.668104296895033,4.371139509076922,6.7937613796458685,280.5911872239218,262.66987754794457,6.822750230545971
1951-05,1961-05,4.697315969751533,4.373366901816123,7.407315123752456,280.42160483650514,263.27022506799193,6.514743459532402
1951-06,1961-06,4.7001568990996905,4.275025598532373,9.944532278666717,273.7351117113259,256.9035587232036,6.551700985293518
1951-07,1961-07,4.590482312126795,4.207351176643779,9.106231436298629,269.96179805500003,253.52324930227405,6.484039944252373
1951-08,1961-08,4.54148082072318,4.297985657408096,5.665332151478708,276.59949191714105,254.85388634383202,8.532577582109656
1951-09,1961-09,4.379789068005242,4.2200848326895715,3.784384476789926,271.58107835212894,251.63871378446564,7.924998609214162
1951-10,1961-10,4.438037721013825,4.237168381444825,4.740650393990387,271.81000422319767,257.51417197667683,5.551473977834354
1951-11,1961-11,4.75776492489023,4.4037426183903685,8.039123472417241,281.18541235380775,270.09596799657913,4.105742280969205
1951-12,1961-12,4.645967166054812,4.396592196605982,5.672005914975209,280.66066048397715,265.7482300237909,5.611488158867983
1952-01,1962-01,4.318381600975858,4.186541627879787,3.149137995382567,267.3569786475852,249.91128049601642,6.980756577671521
1952-02,1962-02,4.460236833829762,4.219779504933821,5.698338707384942,269.0825262003377,251.79610760707618,6.865244565351558
1952-03,1962-03,4.442126250751643,4.184892846721149,6.146714227869299,266.530141110284,251.2310606303383,6.089645301643953
1952-04,1962-04,4.3024589192418174,4.013732907825188,7.193453526858451,255.34230483433691,239.2074664809052,6.745123214922599
1952-05,1962-05,3.9749410608417706,3.695202594553821,7.570314729163763,233.93264720440257,219.80473738720391,6.427481948358182
1952-06,1962-06,3.4105399241543117,3.2454984580033583,5.085242476204632,204.6011260886002,192.61209816380313,6.224441786933466
1952-07,1962-07,3.3891438682018196,3.323134532910481,1.986357598153754,207.68684993733936,197.67412641569933,5.065267621612635
1952-08,1962-08,3.461155838403812,3.416983778865634,1.2927207852547085,211.5059256376389,197.24577676305728,7.229634574996102
1952-09,1962-09,3.479225921056945,3.390491632401564,2.617151088278269,207.8064093492966,194.43910764737848,6.874800992277819
1952-10,1962-10,3.4354246307674168,3.2963375208082457,4.219443824583458,199.46729606846154,190.62970239811787,4.6360003499805735
1952-11,1962-11,3.5527569667098673,3.520698941565764,0.9105585474981304,211.22472864858952,204.2616297778345,3.4089118344588165
1952-12,1962-12,3.5568870988299155,3.67215423348913,-3.138951343819041,218.32530947912167,207.67003832485528,5.130865887162073
1953-01,1963-01,3.668139616344912,3.8210314607742304,-4.001323883324925,224.7176306883099,211.30123242954923,6.349417892408127
1953-02,1963-02,3.7557477812714675,3.8721107953514,-3.0051571411549016,225.59426523371553,211.79578469788305,6.5149929945562235
1953-03,1963-03,3.7161457395827524,3.8472875355674443,-3.4086819550738223,222.59906971296877,209.6392894749722,6.181942454801037
1953-04,1963-04,4.083842052626603,4.011631282862738,1.8000350648461172,230.83372920639263,215.70028071658865,7.01596142551526
1953-05,1963-05,4.135099187975565,4.04592757333801,2.20398445155523,232.92342711448183,215.15266493374972,8.259605887849041
1953-06,1963-06,4.277006220689594,3.9885739944406664,7.231462338443473,230.29066910532086,213.091666927906,8.071175389150099
1953-07,1963-07,4.145431365262705,3.860140349052587,7.390690244724851,224.24070550936796,208.649687127138,7.472342085387251
1953-08,1963-08,4.233052784703666,3.8894284951081968,8.834827276749069,227.79788018625882,208.08662539503678,9.47261975814242
1953-09,1963-09,4.542095829238852,3.9090665167902796,16.193874157156827,231.06375080186535,212.07929833376636,8.951582081444664
1953-10,1963-10,4.409689386927512,3.813583911443063,15.631109458369874,228.665074913648,212.8692296343233,7.420445550754118
1953-11,1963-11,4.280220262047526,3.692858952943159,15.905327460076645,224.57081591385037,213.9405900292199,4.968774687953603
1953-12,1963-12,4.303584000413384,3.667975280458542,17.328598786941196,226.59279389518122,213.18748459662177,6.288037650954981
1954-01,1964-01,4.316363069968841,3.668671904113357,17.65464949670985,230.7293411387679,214.95626396501623,7.3378076464515996
1954-02,1964-02,4.266053704849769,3.6060562941748553,18.30247108845913,230.78260926257704,215.87831000736034,6.904028132658868
1954-03,1964-03,4.24477362892125,3.5619288578861776,19.17064596961955,232.23259735305646,219.228423274944,5.931792002081493
1954-04,1964-04,4.1328696887059495,3.51212383710583,17.674372556055594,232.86886463450406,218.8148923335462,6.42276773353021
1954-05,1964-05,4.00627906275819,3.4504671227477925,16.108309983483473,232.54359114464302,217.09032202671273,7.118359295643217
1954-06,1964-06,3.944136041552515,3.349640331896714,17.748046081089885,228.73635804856323,215.3564007037288,6.212936927396728
1954-07,1964-07,3.925404235175652,3.379452378231385,16.155039214666722,234.74061764487573,222.28429190902324,5.603781368838523
1954-08,1964-08,3.786638910499228,3.2336201652673577,17.102155385221195,228.97857367178992,212.99147074553372,7.505982690431945
1954-09,1964-09,3.7581072209509814,3.1991047739241676,17.473714883714674,230.64221510374864,216.0631204550636,6.747609040348546
1954-10,1964-10,3.7308627376289234,3.160624889062061,18.041933749882123,232.3784054186711,221.0175100565563,5.140269365629746
1954-11,1964-11,3.610349982798942,3.1077625689232695,16.172001648433575,231.8037305695029,226.16700365030587,2.492285270716321
1954-12,1964-12,3.388570817231154,2.97752648557737,13.804892538985381,225.7821261120696,217.68339996095,3.720415131595889
1955-01,1965-01,3.4102058864094262,2.9870532114565225,14.166224871051746,229.69870934840168,219.90317152937104,4.454477737135454
1955-02,1965-02,3.3204466082456237,2.953013747917389,12.442639679119916,229.5083690281094,219.98467977370098,4.329251138854517
1955-03,1965-03,3.346194978750982,2.907685535354928,15.081047728998232,227.9539450977636,220.81543932948387,3.2327928653703486
1955-04,1965-04,3.273686864850309,2.8797662110285525,13.678910889126005,229.12624021405844,219.3531999803016,4.455389861937031
1955-05,1965-05,3.333067759244344,2.8631579218475904,16.41229195955498,230.787294597952,219.46865712457543,5.157291078220738
1955-06,1965-06,2.998607368427561,2.676722748958641,12.025325357067596,218.1612482605413,208.27305095754826,4.747708480541024
1955-07,1965-07,2.7884887314681803,2.637767760414678,5.713959102669741,216.38858770553512,209.57212541248063,3.25256151295803
1955-08,1965-08,2.8560665321835867,2.656950014428147,7.494176280101961,219.1500899018821,209.48061810731028,4.615926705743467
1955-09,1965-09,2.8227706034749853,2.7141482074328347,4.002080495998062,225.11165048711544,215.39119437224406,4.512931061644165
1955-10,1965-10,3.036746789599002,2.7609995406846046,9.987225454084081,228.86818731714672,222.75819553600888,2.742880802403591
1955-11,1965-11,2.8668622249738385,2.759847144217627,3.8775727482019073,229.27622626909098,226.49311933545096,1.2287821112649588
1955-12,1965-12,2.8258517492211888,2.7412152160613523,3.087555207775483,226.93225269976713,222.5566298556139,1.9660716676883405
1956-01,1966-01,2.952196802000902,2.781703343829064,6.129102822918231,229.56861039560283,223.02700634758196,2.9330995179238206
1956-02,1966-02,2.9117334148316787,2.7549017305571195,5.692823178953943,226.64077530130186,218.69613117194092,3.632731903754971
1956-03,1966-03,2.6110250355392073,2.6461955651959848,-1.3290978988611757,216.05329022447407,210.71572165576964,2.5330661266101506
1956-04,1966-04,2.6582523187505362,2.7433760343992297,-3.102881798970536,221.56715247661933,215.29648247074527,2.9125742947175626
1956-05,1966-05,2.598840825134685,2.6121449689011165,-0.5093187370848073,208.90011697096014,200.88261942227038,3.9911355057733466
1956-06,1966-06,2.591022023432899,2.5890623635832126,0.07568994386732975,206.14469204963675,198.11165126876568,4.054804818103874
1956-07,1966-07,2.4506079159175935,2.576992990217633,-4.904362362637471,204.59526529956494,199.26270631846555,2.676145014600362
1956-08,1966-08,2.3158097089055016,2.422676081398586,-4.4110879417025295,191.42826244814472,185.0214631079983,3.462733043250621
1956-09,1966-09,2.312554494554361,2.3484176907015293,-1.527121699396461,183.9855593718732,178.20440419524897,3.2441146461734682
1956-10,1966-10,2.3217637437368466,2.3405851416808545,-0.8041321637414001,181.6406770224522,178.45779982657484,1.7835461375016681
1956-11,1966-11,2.4628684797308895,2.482038990293064,-0.7723694364652589,189.90347837587987,188.94039936329844,0.5097263559444398
1956-12,1966-12,2.436552441357549,2.5192173108671403,-3.281371128762889,189.78816539557087,186.2403209569885,1.9049819181753413
1957-01,1967-01,2.5853854580399367,2.646683830067524,-2.316044377163984,196.13301489108986,190.69619916956634,2.851035178047323
1957-02,1967-02,2.793484590882647,2.759683287295806,1.224825462488588,201.80621031805447,193.37429375522152,4.360412337694841
1957-03,1967-03,2.82138099742975,2.835442961755412,-0.49593536231660185,205.28244440523233,197.07471182035502,4.164782233632858
1957-04,1967-04,2.8034715226513836,2.8925975268757207,-3.0811754278377457,207.51496404119817,198.73829552775555,4.416193914784228
1957-05,1967-05,2.746882430864769,2.956471294398032,-7.089156046615264,209.94437888065335,199.46906873750174,5.251596254724067
1957-06,1967-06,2.6675100678299906,2.931405056597355,-9.002337912102876,206.13253586110298,196.7885308286619,4.748246756604257
1957-07,1967-07,2.6588851782007987,2.991955388892828,-11.132191740842835,208.54006429774188,202.70673931447996,2.8777163517055504
1957-08,1967-08,2.856784119944874,3.0466592693312498,-6.232241041777343,210.71313525931748,203.6420353045828,3.4723184455304645
1957-09,1967-09,3.0168068239584067,3.073858932199372,-1.8560418516065047,212.31187125382453,203.8447807748455,4.153695005971847
1957-10,1967-10,3.2089015658266655,3.037496643126061,5.64296665441586,210.4999234148028,204.07036782190858,3.150656149404929
1957-11,1967-11,3.1735023275451364,2.8881107547216773,9.8816007092831,202.28862882266412,197.10939066542568,2.6275958439898606
1957-12,1967-12,3.2618117293453532,2.9032007597309337,12.352262185535356,206.34217824050637,197.99191120659563,4.217478877305059
1958-01,1968-01,3.187095678669678,2.8260027660775693,12.777514478278373,204.04646018933786,193.95759359740345,5.2015837095173545
1958-02,1968-02,3.0302221533413958,2.632512075727286,15.107625954735049,193.26802266044038,181.84232309224979,6.283300484670051
1958-03,1968-03,2.912587300752394,2.5242209833372224,15.385591038931935,188.2577220180213,178.3932250154541,5.5296365664742275
1958-04,1968-04,3.1079981047918355,2.6468189431048645,17.423902866056352,200.6247152587974,190.79205958954108,5.153597948682842
1958-05,1968-05,3.0780944099161407,2.6413523021203087,16.534791949004422,203.59647055050453,191.4527527196084,6.34293195495661
1958-06,1968-06,3.0843619222182723,2.650159908536147,16.383992991651695,207.44669933773537,197.3925778421191,5.093464812875537
1958-07,1968-07,2.9939672923167344,2.5910384174597096,15.550864554608257,205.46507477789922,200.42380475574674,2.515305019928249
1958-08,1968-08,2.821699391953835,2.4800915056418726,13.774003319427951,199.53839269752774,194.65454568956858,2.50898174027121
1958-09,1968-09,2.837188050277468,2.5133967218335487,12.882619191438671,204.6542095292459,199.71794770569022,2.4716165373529053
1958-10,1968-10,2.792551535054854,2.541336626607582,9.885148855018766,208.33014238251104,205.75631804091825,1.2509090199995354
1958-11,1968-11,2.750917244800299,2.555821442068833,7.633389387857381,210.2280524740513,209.30318352908108,0.44188001796050536
1958-12,1968-12,2.7272992982197173,2.5637764037565014,6.378204207809168,211.15892127461782,206.82273811109368,2.09656984678106
1959-01,1969-01,2.511741246014809,2.435801032692137,3.1176689845943795,201.08713199905998,194.6690453492086,3.2969220341828143
1959-02,1969-02,2.537848983943676,2.416615506505452,5.016663888478234,199.10091004463715,191.51814848599446,3.959291387571673
1959-03,1969-03,2.4213292389936605,2.362023611513349,2.5107974023305557,193.78373485156854,186.78073185620835,3.749317676274755
1959-04,1969-04,2.4293499692708136,2.415064755951515,0.5915043596282477,196.73882791549275,190.71198917386928,3.1601782183336535
1959-05,1969-05,2.4710760209022657,2.500131852840871,-1.1621719832731747,202.1732661149145,193.05183461157418,4.724861341873754
1959-06,1969-06,2.3625512098946206,2.380140825621634,-0.7390157564487576,190.72624232475985,183.85270076159142,3.738613321803519
1959-07,1969-07,2.171392971717221,2.2753558296316068,-4.5690813085361714,181.4013798961704,179.38792436221186,1.122403049768872
1959-08,1969-08,2.1721456289352767,2.275614869245997,-4.546869582769242,179.71988556940414,178.63441620446258,0.6076485080563243
1959-09,1969-09,2.269847492773057,2.291841913920215,-0.9596831707094577,179.67100959341784,178.00694208013914,0.934832930577234
1959-10,1969-10,2.2963347586945724,2.32270777501571,-1.135442719261548,180.80371193765203,179.85306980737906,0.5285659740426496
1959-11,1969-11,2.303809252644496,2.349167267833749,-1.9308124972760687,181.29842149372683,181.3926247651032,-0.051933352581645664
1959-12,1969-12,2.1147358130379788,2.2279026244825837,-5.079522336434572,170.9459276843207,167.75318256549053,1.903239670331569
1960-01,1970-01,2.1338800862312612,2.212755223197548,-3.564566750962539,168.83134979596892,164.68128018400967,2.520061543924168
1960-02,1970-02,2.142916182820414,2.1289360297498527,0.6566732337281111,162.33822395564766,156.72317210886874,3.5827834335042663
1960-03,1970-03,2.2097473509659973,2.1457634317606664,2.9818720115306396,164.43949588340743,158.32309858264142,3.8632374906264033
1960-04,1970-04,2.115510981729096,2.0545179935470674,2.9687249453934195,158.74520069023367,153.17437161292605,3.6369198180131512
1960-05,1970-05,1.890398221509439,1.7943014411060052,5.355665341504712,139.97722309206188,133.40674474329415,4.9251470466585845
1960-06,1970-06,1.8129903710672581,1.7579607148229357,3.130312058757534,138.71195241330204,134.60611224468443,3.050262800216763
1960-07,1970-07,1.86339332318975,1.7432216583736928,6.89365372663906,138.62006743935947,138.95618034514706,-0.24188409968720626
1960-08,1970-08,1.895804265909879,1.7718347018665461,6.996677732563694,142.2422363381417,142.706463417759,-0.3253020700669462
1960-09,1970-09,2.0720252451109626,1.850891552240192,11.947414887875274,150.28186542245174,150.09487309038548,0.12458275770264038
1960-10,1970-10,2.159726623288822,1.8594513483787902,16.14859540002669,152.92191677895863,151.82992924498362,0.7192175741668416
1960-11,1970-11,2.090147515744237,1.8207565697401995,14.795549854447398,152.07347772572894,151.1716500547899,0.5965587268592865
1960-12,1970-12,2.1810488495977114,1.9055045764828256,14.460436176095914,161.78875403592073,158.28629381583934,2.212737524928321
1961-01,1971-01,2.1538092482175344,1.9398824043694143,11.02782536540714,167.20828651829092,162.37127531048645,2.978982088152682
1961-02,1971-02,2.1491977327128433,1.9902048933479712,7.988767382508555,172.9460311454386,166.9347450987383,3.600979558296724
1961-03,1971-03,2.1374408049607756,2.0206056869047155,5.782182976780348,176.66037092541399,170.47741217743643,3.6268492517602224
1961-04,1971-04,2.153112008344416,2.073894657215154,3.8197384256554168,181.97091152124943,176.27942451695375,3.2286734653755866
1961-05,1971-05,2.1026879929770663,2.040494435882355,3.047965042248091,178.8140764303368,171.00341167393023,4.567549079839384
1961-06,1971-06,2.0917211709380426,2.012850686797474,3.9183474789207917,174.87488612519513,170.84604824609593,2.3581686087909004
1961-07,1971-07,2.0825956640391463,2.0299555007247068,2.5931683377121706,172.97812966228472,174.90681328207663,-1.1026921042129323
1961-08,1971-08,1.9751521645833425,2.019649172683425,-2.2032048289337913,169.287197242471,171.3097201525086,-1.1806235561164002
1961-09,1971-09,2.0352652209154964,2.091677857853703,-2.6970040690726726,172.4964791479801,174.67166956726112,-1.2453023576576183
1961-10,1971-10,1.9708052919540426,2.074335323122972,-4.990997839879707,168.26476319609938,168.60643438091927,-0.20264421466145155
1961-11,1971-11,1.7987579457979694,2.011575479812313,-10.579644470223915,159.97970780966196,160.65863935707398,-0.42259261632551226
1961-12,1971-12,1.9053983863961559,2.1794430102172737,-12.574066976580301,170.58308461959717,169.64164983368707,0.5549549811812549
1962-01,1972-01,2.0615379236498685,2.293641285808956,-10.119427287742855,177.18175048856492,173.74240478423073,1.979566075769168
1962-02,1972-02,2.0651116420084596,2.3459034125654967,-11.969451472427039,179.79577718177077,173.47963824855583,3.640853184259818
1962-03,1972-03,2.1119911579649426,2.412293906826833,-12.448845806559007,183.4127180662199,176.91736257155154,3.6714064692443094
1962-04,1972-04,2.20345194190957,2.4484672129412006,-10.006883887871542,184.59570743038228,178.39659936598156,3.4749025970406633
1962-05,1972-05,2.355587123815055,2.4210667671376296,-2.7045781723727402,181.96933610420615,172.43730949682032,5.527821464624272
1962-06,1972-06,2.6727553881322357,2.406954989485855,11.043014921652428,181.5458858619287,174.2191162582198,4.205491200431455
1962-07,1972-07,2.5889192715711635,2.342481870602822,10.520354674289223,178.96728744565647,175.00086781152925,2.266514265745778
1962-08,1972-08,2.6080159388110467,2.385460456229473,9.329665557875199,184.0902682772791,181.45636250692007,1.451536740828585
1962-09,1972-09,2.591807071257587,2.3128827559970153,12.059595953895897,180.2738334888464,178.7303457933314,0.8635845741046033
1962-10,1972-10,2.6791325492343177,2.27269424484175,17.88354528177496,179.4310713265199,176.18772529144343,1.8408467614366764
1962-11,1972-11,2.6304660924419325,2.332096274777349,12.794060900983585,187.0945479726303,183.68854558818074,1.8542268781884808
1962-12,1972-12,2.5723166941926374,2.3414518813505687,9.859899948441564,189.75424797928494,186.56456939064248,1.7096915020148762
1963-01,1973-01,2.4943238354785606,2.3253473445330393,7.266720446852393,190.04462143750973,185.58368376366843,2.4037337676312553
1963-02,1973-02,2.373505831465908,2.212850055178225,7.260129348201283,182.28165445294,176.1795428143602,3.4635755894823594
1963-03,1973-03,2.3441042557290284,2.1492422636472717,9.066543840947695,178.47518220357136,173.4872450754604,2.8751030808872313
1963-04,1973-04,2.1964569789334933,2.0774937430076514,5.726286123664326,174.24017872473917,170.02055500589384,2.48183151660637
1963-05,1973-05,2.0925078106192587,1.994772495867981,4.899572004011921,168.59909322981608,162.47318955767838,3.7704089448942435
1963-06,1973-06,2.0464246997239846,1.9284286866963414,6.118764662736176,164.1757253017969,161.01923770606788,1.960317065648387
1963-07,1973-07,2.096831170269854,1.9255250359437077,8.896593455207324,165.10572181756643,164.97319039794732,0.08033512554337374
1963-08,1973-08,2.0018787419328445,1.8603555761009534,7.6073180659637085,161.32880374486632,161.68046557783427,-0.2175042184045739
1963-09,1973-09,1.984419561110626,1.8700964865067649,6.113217977186314,163.52805748914332,165.35860074627615,-1.107014239883164
1963-10,1973-10,2.0581800703470416,1.9227866623216388,7.041520033321036,169.43258799337374,169.454096337569,-0.012692726030316681
1963-11,1973-11,1.9230373324746506,1.7643928002768852,8.991452026604808,156.8406242463768,155.86687895534592,0.6247288054762601
1963-12,1973-12,1.7502892740790559,1.6179441112250514,8.179835257337608,145.31162426157243,144.8496362598351,0.31894315627316594
1964-01,1974-01,1.7226816861618892,1.6242152056081862,6.0624035665786336,147.02203999325917,146.32332421380428,0.4775149711839122
1964-02,1974-02,1.6555809078865438,1.5645457335094044,5.818633001730156,142.68411560624048,140.45170153928316,1.5894532016993201
1964-03,1974-03,1.696188108894809,1.6166772998143295,4.918162028353534,148.52836027416944,147.21673921355767,0.8909456000849802
1964-04,1974-04,1.5876099680939524,1.522849785825973,4.252565346282933,140.71415826534908,139.44567954519363,0.9096579573441455
1964-05,1974-05,1.5260334222475591,1.4665407884404034,4.056664108907837,136.33770587087463,133.82883359840204,1.87468739360106
1964-06,1974-06,1.5384074631916036,1.4576978159206933,5.536788653273339,136.43517126084245,136.58743486101804,-0.111477018607542
1964-07,1974-07,1.3118976114725267,1.283071503732444,2.2466485816439397,120.4805505602943,122.53985180339177,-1.6805155325318122
1964-08,1974-08,1.278189884220439,1.2299585535765123,3.9213785296811965,115.6483762124205,119.44073653968618,-3.175097908078961
1964-09,1974-09,1.1280451455646658,1.0993783118198348,2.6075495065368326,103.82128116208746,108.04421146036839,-3.9085206335463307
1964-10,1974-10,1.1325270807742287,1.1165351775338872,1.4322793909335774,106.15837703516262,110.24755023458651,-3.7090830505738137
1964-11,1974-11,1.1639981665033374,1.1486599957884551,1.3353099064230989,109.99528814142825,112.89406744696089,-2.5676985257835017
1964-12,1974-12,1.1096090325906918,1.0694264758079899,3.7573931160010288,103.14098139964722,105.39397691235425,-2.13768905843702
1965-01,1975-01,1.1723425214041185,1.150517846611979,1.8969436116448302,111.92882213841534,114.30551159717591,-2.079243096462624
1965-02,1975-02,1.2865102239788657,1.263446834904964,1.8254340773774302,123.83759096999734,123.8787798776385,-0.03324936496940101
1965-03,1975-03,1.3459895426644453,1.3159525511076484,2.282528464382283,129.69907095833864,129.07413902899833,0.48416509615447634
1965-04,1975-04,1.3450458428287255,1.3298182528081874,1.1450880590924362,131.27831500736235,129.74794314340593,1.1794960497099716
1965-05,1975-05,1.4108798963152622,1.4111407511190521,-0.018485385216393535,139.72405936104838,136.5722502435179,2.3077961386083645
1965-06,1975-06,1.520230773278393,1.4523898688075256,4.670984418706237,143.34748916602874,142.2741780531956,0.7543962843572505
1965-07,1975-07,1.5252039090478546,1.4540659012200479,4.89235101160943,143.44427008800758,143.44378457307639,0.0003384705253406395
1965-08,1975-08,1.3890459927420222,1.3482622857407147,3.024908983410568,132.92008837163266,135.15489617179648,-1.6535159757165907
1965-09,1975-09,1.329374695833544,1.3423512246254137,-0.9667014529294193,131.40097466833288,135.94212874066358,-3.3405053417942643
1965-10,1975-10,1.3614303102383014,1.4234581947931235,-4.357548734603823,137.5862212458854,142.93584994871588,-3.742678064845084
1965-11,1975-11,1.3744005502617291,1.4708818519913909,-6.559418868282185,140.02521782529578,143.705416741415,-2.5609326353657313
1965-12,1975-12,1.3610303628378706,1.4657046513597485,-7.141567601956544,138.0021510261634,141.0721679004367,-2.1762030880818406
1966-01,1976-01,1.4619687102754404,1.6174405672172538,-9.612214513037532,150.77978677035827,154.3852052898612,-2.335339395205449
1966-02,1976-02,1.5296123953625802,1.6938855110905255,-9.698005836426693,156.59873541919566,156.32109627654245,0.1776082366784726
1966-03,1976-03,1.6038058952112586,1.7107674270168325,-6.252254404451052,157.32186474194194,155.74318068841916,1.013645699634913
1966-04,1976-04,1.5692664368575382,1.7240034047091353,-8.975444446857317,158.4378406093302,155.0125717583889,2.209671649264755
1966-05,1976-05,1.6456648634949693,1.7134969274550471,-3.958691893356625,157.266518842087,152.70452054812594,2.9874677433162855
1966-06,1976-06,1.6698334488874267,1.7154983948037044,-2.6619054879094106,158.03436234453855,155.1051106718401,1.888559093901132
1966-07,1976-07,1.7140329351808983,1.7475219360324128,-1.916370842677273,161.56271979014136,159.65790320363686,1.1930612567766063
1966-08,1976-08,1.8087868579033846,1.721270282232306,5.08441797749386,159.95079511291982,160.62401708261436,-0.4191290828869487
1966-09,1976-09,1.914630959061921,1.7344785634412379,10.386544948889863,163.02555597179136,165.80457761248687,-1.6760825790893108
1966-10,1976-10,1.8657648165744507,1.6457560248813634,13.368250722882635,157.08070624189196,159.90464610439497,-1.766014891561929
1966-11,1976-11,1.765199432739226,1.6041509428118428,10.039484790944208,155.65070373694243,157.0593463094121,-0.8968855439488332
1966-12,1976-12,1.8191269871766198,1.6404823472688688,10.889763014223508,160.75875650546197,163.09576814393768,-1.4329075886341913
1967-01,1977-01,1.7376341412268823,1.6048113820210363,8.27653397114958,159.08629609203666,161.74319786564655,-1.642666775895496
1967-02,1977-02,1.635520228985745,1.5467434820052288,5.73959082506843,154.60394110942693,154.13436670240668,0.30465263332666304
1967-03,1977-03,1.5927334550169934,1.5370317972681213,3.6239756293835024,153.89092852339732,153.2028436580582,0.4491332203172993
1967-04,1977-04,1.5430513852110284,1.5160774533877324,1.7791922017586614,151.47551483128547,149.43703523183123,1.364106023845979
1967-05,1977-05,1.5129877772352647,1.5079927515183982,0.3312367192638721,151.03701268478318,148.33196108860463,1.8236471602790294
1967-06,1977-06,1.5419671629398284,1.512213363399689,1.9675662350482126,151.8855895988946,151.10513593102553,0.5164971151115028
1967-07,1977-07,1.5312834858929185,1.516712448300508,0.9606987539884315,153.29043963614313,153.18068717942697,0.07164901707721327
1967-08,1977-08,1.4722437091450071,1.473107063749493,-0.05860772958947713,149.5898013116286,152.053901756321,-1.6205440414421846
1967-09,1977-09,1.4313174112338887,1.448329706916437,-1.1746148408961599,147.3708608919481,152.06278493771606,-3.0855176351595404
1967-10,1977-10,1.3985668962947277,1.4071427147962043,-0.6094490922136986,143.71723014321415,148.43547640824792,-3.1786513434679087
1967-11,1977-11,1.4542673854251524,1.4085342116088502,3.246862833673392,144.73204176423422,147.9895686273357,-2.2011868088517184
1967-12,1977-12,1.4093204690068577,1.3894348619904515,1.4312010991230473,144.1693773095985,147.32433531044646,-2.1415049958988353
1968-01,1978-01,1.3618199636502284,1.3272592134299523,2.6039186521043423,138.8916099508538,142.42217658997174,-2.4789444478736766
1968-02,1978-02,1.4085886648272534,1.303840741367885,8.033797390736176,137.18883569055853,137.961709865326,-0.5602091881304672
1968-03,1978-03,1.4347457518725015,1.2919687043435077,11.051122759319743,137.1491755409727,136.92652112523928,0.16260868523034766
1968-04,1978-04,1.3970385278524218,1.338453333092981,4.377081614347977,143.32243114360298,141.30773000130148,1.4257543747132173
1968-05,1978-05,1.4372060385537815,1.4018394728735817,2.5228684428255654,150.79717446877288,148.58714569019224,1.487362024699368
1968-06,1978-06,1.4055817205224113,1.4001860414993985,0.3853544359887273,151.3774438351084,150.83357390417717,0.36057617468956416
1968-07,1978-07,1.4040477437725334,1.3980447659893294,0.4293838029539865,150.88254431033315,151.30011664736577,-0.27598943496247585
1968-08,1978-08,1.5366837221121619,1.5053546101486186,2.0811781989660494,161.5105065039981,164.70541209406596,-1.939769646575551
1968-09,1978-09,1.4905695314070628,1.514226844232842,-1.5623361133691116,161.62195286719637,166.1317785861239,-2.714607498522381
1968-10,1978-10,1.4108964900105458,1.478368240941545,-4.563934009298498,156.6645585237975,161.7834838469142,-3.164059273170583
1968-11,1978-11,1.3107750920248595,1.4051512014825238,-6.7164380145062985,147.75928867843328,151.7492590537504,-2.629317863030778
1968-12,1978-12,1.3190306677184298,1.4397755125335494,-8.386366052485982,150.28585828085704,155.06573646895336,-3.0824850782257274
1969-01,1979-01,1.4313143054669952,1.516313449385413,-5.605644660928732,156.24903622092017,161.64208797870222,-3.3364155494530756
1969-02,1979-02,1.4196128715432048,1.5126517680528804,-6.150714822449677,154.17644373443773,155.15919495817644,-0.6333825230297352
1969-03,1979-03,1.4812361120050965,1.5652426790964347,-5.366999521111482,157.36217784196614,157.22827853429408,0.08516235687390239
1969-04,1979-04,1.4835489585370238,1.6154217896634444,-8.163368351859045,160.70065962212337,157.81725134565713,1.8270551868571738
1969-05,1979-05,1.4061065223784057,1.6036064255510265,-12.315983524745256,157.19026395375653,154.4090761392978,1.801181565227239
1969-06,1979-06,1.5154833721962113,1.6842802918679851,-10.0219019652938,160.58074562145922,160.37976298321678,0.12531670736006806
1969-07,1979-07,1.6045542703727014,1.7439089712512885,-7.990938929489966,162.34697524976582,162.03006555371076,0.19558697021573312
1969-08,1979-08,1.689868575261673,1.8617688147901585,-9.233167843552081,169.8601646826043,171.60553764735158,-1.0170842903298394
1969-09,1979-09,1.7052465223274944,1.9147435116130114,-10.941255996686117,171.78371990893888,174.38913620695374,-1.4940244298950578
1969-10,1979-10,1.6262381684533194,1.8645761224035313,-12.782420148284556,165.34916532191812,168.76711825021385,-2.0252481429636537
1969-11,1979-11,1.605040745737216,1.869899159906649,-14.164315373169934,164.19793259105128,167.4974169617565,-1.9698717929832688
1969-12,1979-12,1.764491339974253,1.9639314021600618,-10.155144011977779,170.80365214563196,175.60471462199,-2.73401684384893
1970-01,1980-01,1.8338037320487,2.0217344730902718,-9.295520432726011,175.67821460788616,179.816571675699,-2.301432526072411
1970-02,1980-02,1.9776864818016824,2.096482843886025,-5.666460015677622,182.53688176310845,181.24070746339578,0.7151673141501336
1970-03,1980-03,1.768566223792203,1.8895517480841668,-6.402869062180061,165.62880621860754,162.4050619564022,1.9850023289734509
1970-04,1980-04,1.7974635127495415,1.8440994242283197,-2.5289260907553013,162.9506049450512,158.65305790059796,2.7087703832004317
1970-05,1980-05,2.1261557999030747,1.9024675389055437,11.757796462914417,170.32551938519725,165.7017047481806,2.790444820132376
1970-06,1980-06,2.278284459683356,1.976794287495967,15.251469214294966,180.8170914749251,175.87356404410093,2.8108416735016295
1970-07,1980-07,2.3791336190178956,2.0183390761001894,17.875814187516447,188.4665713316536,182.81452854163325,3.0916814079867683
1970-08,1980-08,2.384929592169289,2.0324313359185235,17.34367356088118,193.64990048578576,190.47096027567585,1.66898943834215
1970-09,1980-09,2.3068032054273613,2.041513911757119,12.99473357210237,197.72285707816076,196.57033706838578,0.5863143071144217
1970-10,1980-10,2.325685739433802,2.0679580259412056,12.462908350148695,202.95031653450738,204.90203366853768,-0.9525123294713222
1970-11,1980-11,2.4280733553883502,2.129427912758602,14.024679625940607,210.93286467836128,213.6927690718179,-1.2915291450638966
1970-12,1980-12,2.23774520401537,2.078454881978266,7.663881637184833,206.90077696754628,211.52410729831044,-2.1857226534675367
1971-01,1981-01,2.1496780948923533,2.055960746858641,4.558323799562114,205.68870754777083,211.722538779697,-2.8498766672189424
1971-02,1981-02,2.000700481644266,1.9720558774088008,1.4525249798247541,198.2644486997377,198.75303451256903,-0.24582558652730402
1971-03,1981-03,2.0262837581619983,2.0364556810556067,-0.49949149339384435,205.4421024731374,204.61481728682904,0.4043134301210838
1971-04,1981-04,1.9798159846898296,2.045222509061265,-3.198015085481154,207.06522753573236,204.94705200883266,1.033523295962513
1971-05,1981-05,1.9696688007414054,1.9984317627118358,-1.4392766621863284,202.75713854354976,201.18514986752615,0.7813641698001694
1971-06,1981-06,2.0188292692731453,2.000146563091593,0.9340668592143109,203.52265812157646,201.44971600054367,1.0290121833813837
1971-07,1981-07,1.987386096537701,1.9402579863006895,2.428961023212506,198.42637037998136,194.88085244967198,1.8193259551884555
1971-08,1981-08,2.034259533629809,1.9367390475838397,5.035293018314979,199.0290830776857,197.9677640068123,0.5361070153001579
1971-09,1981-09,1.820166616708897,1.7512228270423331,3.9368941862757856,181.56145688827746,181.78367195807664,-0.12224149034156806
1971-10,1981-10,1.8868274249082484,1.7622614820486466,7.068527805237657,183.8678077557705,188.30479259319907,-2.3562782318631292
1971-11,1981-11,2.0331988603504145,1.7929358254365035,13.400537348034591,188.55509444838665,192.72249606654063,-2.1623846220397147
1971-12,1981-12,1.9197188265819989,1.7765047145967208,8.061566671259236,189.73813279992896,193.94926253363664,-2.171253284851926
1972-01,1982-01,1.7501317228824975,1.6643271868231482,5.155508889038352,179.7511646108951,186.2317803458614,-3.4798656399733674
1972-02,1982-02,1.6815793739247669,1.6117284954805595,4.333910993078294,175.5789543180948,178.12004839851957,-1.4266187906817884
1972-03,1982-03,1.5937152668735044,1.5540083848405208,2.555126627393234,170.10106265312453,171.8174114854354,-0.9989376614816248
1972-04,1982-04,1.6600185760885655,1.6305873172545484,1.8049483472967864,178.78206122676684,180.00461142349994,-0.6791771538878999
1972-05,1982-05,1.682565344459162,1.6357653908339436,2.861043147597031,179.14053928320368,180.1701675063462,-0.5714754209274142
1972-06,1982-06,1.5857359910480149,1.5481408779463726,2.4284038770110206,169.05596770868135,169.1710247887689,-0.06801228533740433
1972-07,1982-07,1.597664672263551,1.554206751234268,2.7961480024952357,168.88274702605207,168.0992181402727,0.4661109637794647
1972-08,1982-08,1.5516523244953853,1.566883543769346,-0.9720709196626043,169.62293722158967,170.65342234270122,-0.6038467362477817
1972-09,1982-09,1.7606695103574383,1.7645303885960868,-0.21880485955927398,189.52449221999174,192.2205381963174,-1.4025795586796952
1972-10,1982-10,1.9090467744683355,1.9250765801011933,-0.8326840500036181,205.52954964806662,211.25682420673266,-2.711048308224784
1972-11,1982-11,1.8953414702542128,2.009416524402814,-5.677023790898872,213.82911039821298,218.0787190926719,-1.9486581323201246
1972-12,1982-12,1.8776075063074635,2.0554533031517024,-8.652388092278295,215.82094113880308,220.4019310220171,-2.0784708473159386
1973-01,1983-01,1.9322070487970717,2.173313890785666,-11.093972343839976,223.38319130483146,231.46275083860178,-3.4906521695165393
1973-02,1983-02,2.041242452018441,2.2555062956361533,-9.499589694440669,227.19093606780984,229.91899598361164,-1.1865308928176832
1973-03,1983-03,2.1490664637448313,2.3788327909605487,-9.658784261290599,234.8934808729279,235.5756312871795,-0.2895674779790802
1973-04,1983-04,2.27643590164353,2.503450586338056,-9.068071322573768,243.55685822671134,242.8151286980842,0.3054708875036338
1973-05,1983-05,2.439824627684274,2.6486825718830964,-7.885352001630519,253.00021716827095,251.21265100913524,0.7115748955934142
1973-06,1983-06,2.5329877749865015,2.7302743605510855,-7.225888665810243,255.9727914631705,251.83533289649782,1.642922190101559
1973-07,1983-07,2.5204135622880575,2.7778083862729237,-9.26611155963214,256.24412441145347,250.35452765640062,2.3525025930971166
1973-08,1983-08,2.5006307589480157,2.7713399029422696,-9.768168231794593,248.5945804414074,246.4525738790848,0.8691353994028539
1973-09,1983-09,2.532949594256495,2.9339913709794505,-13.668812413346544,255.28476923782026,255.67443159241654,-0.15240567942963468
1973-10,1983-10,2.4457432468496783,3.0644983170417186,-20.191072279307008,255.39973940530396,260.10135629237516,-1.8076095234913714
1973-11,1983-11,2.5956688508757106,3.1383763347389375,-17.292619685407217,251.0590922268925,254.9553090317258,-1.5281959883990726
1973-12,1983-12,2.781594416996214,3.216726076348191,-13.527159261442701,249.14756724573346,251.76959501810637,-1.041439405018052
1974-01,1984-01,2.778182889270353,3.3545657092177477,-17.182039939286252,251.26805569290505,256.2620868881589,-1.9487983009493615
1974-02,1984-02,2.702993326421326,3.2445062206101065,-16.69014812635966,236.73925104902182,236.2800056768297,0.19436488960486997
1974-03,1984-03,2.5961810554774365,3.282971516375232,-20.919781285708172,236.0797011638568,233.64872328273262,1.040441328747388
1974-04,1984-04,2.7414051600699687,3.3193274304651412,-17.410824406502968,235.67820048404886,233.4957855312517,0.9346699546767923
1974-05,1984-05,2.810537249196899,3.315522080520167,-15.230929520579206,233.35129402775925,228.86443850252246,1.9604861089798975
1974-06,1984-06,2.7460479276807486,3.2372115754471116,-15.1724296147843,227.2665183512271,220.10223395296453,3.254980319642531
1974-07,1984-07,3.069322207706805,3.185984232503361,-3.661726370343321,223.47459884789092,215.40541349941054,3.7460457550211324
1974-08,1984-08,3.482955918083683,3.4190919466226712,1.867863528036895,241.7919343217825,232.90291898145355,3.816618262752125
1974-09,1984-09,3.9248950794501316,3.4158771743252108,14.901528338046145,242.67880982100135,234.43038295502174,3.5184973730824742
1974-10,1984-10,3.8180393975011335,3.3221179745847227,14.927869109717662,238.7711786972815,231.2731482112327,3.242067029416007
1974-11,1984-11,3.727674027063755,3.279231496976868,13.675232459199904,238.9932313251437,233.16801883897412,2.498289651889385
1974-12,1984-12,3.9414852828454294,3.1783578478144103,24.01011690850927,234.59976435801985,230.09266998602084,1.9588170158887808
1975-01,1985-01,3.798683940267741,3.230955428597953,17.571536476321793,242.5456701450189,238.4493448226243,1.7179016891162968
1975-02,1985-02,3.6265677958096774,3.3224610558536334,9.153056569926,253.6270548420212,247.69651497829108,2.394276667255446
1975-03,1985-03,3.4382060577660964,3.2341394540129644,6.309765137057499,249.8049162722767,246.31202100253947,1.4180774675634833
1975-04,1985-04,3.422540791009383,3.2064038053535295,6.740791203371921,249.90457109220173,249.48637092043666,0.16762445588598407
1975-05,1985-05,3.294987394181668,3.2343266149568084,1.8755304100810388,254.2552784242658,251.8754405119211,0.9448471464736041
1975-06,1985-06,3.2827007362846468,3.273995452798886,0.26589174026856455,258.28995869820056,254.84568126969708,1.3515149290909356
1975-07,1985-07,3.342080794983334,3.308987686442003,1.000097663612487,261.76407040345805,257.8904812048329,1.5020287606305693
1975-08,1985-08,3.5272312481091226,3.2039309028818748,10.09074025087262,254.6385928930418,250.24252931057876,1.7567212074519167
1975-09,1985-09,3.4905585176057286,3.081671206598055,13.268362638175656,247.3627957254741,240.73098166700385,2.75486520785424
1975-10,1985-10,3.3750445972904606,3.0577868266245094,10.375405110112656,248.53667508678035,241.59419155781498,2.873613593191049
1975-11,1985-11,3.519936656832118,3.203944709734576,9.862590516542324,261.9686796940333,257.7655907652729,1.6305857256905254
1975-12,1985-12,3.750608230057712,3.3282072774498515,12.69154585021861,273.18748449339046,269.64104452979615,1.31524485442438
1976-01,1986-01,3.4495799472026296,3.2951007520385702,4.688147853096392,272.4741760949676,267.36390764163644,1.9113531435143383
1976-02,1986-02,3.499924516959068,3.4519608133235766,1.3894625758891888,285.41288545272755,281.0562246590621,1.5501029372149144
1976-03,1986-03,3.686776851896505,3.6525678506563417,0.9365740114592569,300.4091202716703,299.34689475421067,0.35484768209532724
1976-04,1986-04,3.746766390403266,3.742562329579396,0.11233108372419309,305.8870305122684,308.04513820001716,-0.7005816421447597
1976-05,1986-05,3.7796433264311005,3.7570129526393745,0.6023501669278897,304.63402916852976,303.79404905475394,0.2764965661405716
1976-06,1986-06,3.8632379956233804,3.8684934071681396,-0.1358516350324135,311.3150212054936,308.54645284038907,0.897293856279302
1976-07,1986-07,3.6950289367000186,3.792974420176571,-2.5822869501975876,302.89212005160215,299.5443421353422,1.1176234851891564
1976-08,1986-08,3.8005783439241108,3.878054467094604,-1.9978090516231894,307.04866167004235,303.94202428693313,1.0221151189597988
1976-09,1986-09,3.6189693648836005,3.7867494791042158,-4.430715978082212,296.7795172806604,289.5104788794756,2.5108032114481427
1976-10,1986-10,3.731525310302732,3.7991107056808584,-1.7789793615928362,293.8978926661581,287.0130148021337,2.3988033674259723
1976-11,1986-11,3.8773848925676115,3.9481966370084165,-1.7935212187014993,301.45483131332634,296.535826623266,1.6588230656896963
1976-12,1986-12,3.799588776294212,4.027724880007313,-5.6641431703917,303.6816467492083,298.7900289939402,1.6371422338753217
1977-01,1987-01,4.074915991279827,4.321958516162132,-5.715985564379666,320.9630507801036,314.7516462300424,1.9734303615115856
1977-02,1987-02,4.443336348837393,4.640829161411574,-4.25555015505269,338.4316805379994,331.89989336744077,1.9679991771878624
1977-03,1987-03,4.640156683943939,4.8811385605414275,-4.937001349348257,349.6507923621977,345.44605775444023,1.217189923975459
1977-04,1987-04,4.655854260086037,4.875592381643385,-4.50690099493678,343.05327981775577,342.55852185708494,0.14443020071099877
1977-05,1987-05,4.6607530340196925,4.894405084019738,-4.7738600706124785,339.98987526353426,335.3774048436645,1.3753074456580805
1977-06,1987-06,4.8268338676537565,5.103142455789379,-5.414479225876945,351.46451441286297,344.4372321462727,2.0402214426127996
1977-07,1987-07,4.914378200761159,5.251435682683883,-6.418387318998098,358.49575152997903,350.58619334703747,2.256095172325301
1977-08,1987-08,5.342456411822972,5.58383807442708,-4.322862865769517,377.47054145868833,370.2358219873151,1.9540841381958662
1977-09,1987-09,5.242023038274014,5.3686061769658115,-2.3578399033050146,361.82512084338623,347.29962587388917,4.182410197807562
1977-10,1987-10,4.724309999667549,4.685204309634098,0.8346634948883436,315.20028157143406,303.0442606928501,4.0113021282078165
1977-11,1987-11,4.1026691625509075,4.069858901961008,0.8061768572392047,273.1584243195224,265.2484697967836,2.982092424057692
1977-12,1987-12,4.051024429417792,3.9998389548917856,1.2796883850387797,266.45593031186894,260.84738305103156,2.150125945384751
1978-01,1988-01,4.3711475587706135,4.146060901005024,5.428927918329118,274.5947570575484,268.14234616238474,2.4063378975792693
1978-02,1988-02,4.5608605726934375,4.233373951919778,7.735830202884597,280.25567419786205,271.57856887645886,3.195062613850941
1978-03,1988-03,4.695673663499071,4.319504171649939,8.708626659467832,285.6419224927135,278.4137081830179,2.5962135114927953
1978-04,1988-04,4.439620202445743,4.224993212173576,5.079936925194506,279.4563894997635,275.74801034703137,1.344843485204139
1978-05,1988-05,4.115912314852218,4.087484778728017,0.6954774797484964,269.9849611386304,265.28239822938093,1.7726629963527918
1978-06,1988-06,4.333592826849658,4.31174267961501,0.5067590730298166,282.8844915787468,278.83914660512494,1.450780861609302
1978-07,1988-07,4.322951972599614,4.271295187473854,1.2093939392728181,278.6994982799267,273.45770876332995,1.9168556411526705
1978-08,1988-08,3.9585524710418762,4.166553264031387,-4.992154901393442,270.6507779459828,266.27719079366494,1.6424941014594463
1978-09,1988-09,4.018755625968121,4.220922458154936,-4.789636251104845,272.8575924599934,265.06368467465484,2.9403906441974437
1978-10,1988-10,4.2905878804192366,4.350919633735245,-1.3866437074181004,280.1046271594739,271.89776777836045,3.01836217640572
1978-11,1988-11,4.4457039252207045,4.234212478306376,4.994823665507742,271.2291946269336,263.8778347876074,2.7858951644207597
1978-12,1988-12,4.46337086592853,4.283528055136605,4.198473979323336,274.02106739933106,266.1269058019093,2.9663147262899425
1979-01,1989-01,4.434475921292661,4.3749859910605124,1.3597741879335157,280.06662780220597,271.7475670508554,3.0613193124903626
1979-02,1989-02,4.629680889583945,4.463754664794887,3.717189613884875,285.76733501355324,276.10558812744097,3.4992942198811106
1979-03,1989-03,4.516442109158478,4.382815237896193,3.0488821455870285,281.6906162876449,272.3731329139499,3.420852590713719
1979-04,1989-04,4.566361606107329,4.508075811682456,1.2929195705588814,288.09659881920135,283.17233129684485,1.7389649263417795
1979-05,1989-05,4.845966118476119,4.676567524383984,3.6222847891937526,296.2478772745801,290.13590767394305,2.1065884776681143
1979-06,1989-06,4.8921338847810985,4.791267989481143,2.105202537645545,302.33572037630313,295.3076759411069,2.3799057754928965
1979-07,1989-07,4.958506353607361,4.862456287547721,1.975340453046659,306.80462447572626,298.86677156232685,2.6559837588850277
1979-08,1989-08,4.943157495035233,5.010579780322658,-1.3455984784875308,317.06126384641857,310.05190812784775,2.260703944992515
1979-09,1989-09,4.890344871171404,4.958272070289676,-1.3699772452039682,314.5582749834523,305.47355980448003,2.973977579200948
1979-10,1989-10,5.0743590598999555,4.888157240750316,3.8092436470201996,311.56220738389464,302.9855808349648,2.8307045257052854
1979-11,1989-11,4.99841773089681,4.691867296576532,6.533655257981308,301.9207383447211,291.98377811828146,3.4032576365986333
1979-12,1989-12,4.918578631753687,4.693197961694904,4.80228347276852,306.0855556676805,294.8345236647581,3.8160497159808404
1980-01,1990-01,4.655519581748804,4.488968093092952,3.710239975020535,295.49116138817885,285.962241644237,3.332230048677798
1980-02,1990-02,4.34672963149507,4.288922074289246,1.3478341691578466,284.4668569473541,275.4650346404139,3.267863857455078
1980-03,1990-03,4.89390294550304,4.33702639549251,12.840054434284621,288.73689901072345,281.68921568072534,2.5019357993407043
1980-04,1990-04,4.9611011207447575,4.234493042215974,17.159269628851213,285.4094321350465,277.54652837817656,2.8330038220316434
1980-05,1990-05,4.905080156483688,4.289005893399143,14.364033960239952,292.2947819346252,281.9560188506995,3.6667999236434934
1980-06,1990-06,4.735537624546923,4.347881758936825,8.915970743990309,297.5388530593923,288.37987572884776,3.176011262018985
1980-07,1990-07,4.518938790120115,4.3011006408813035,5.064707093070386,294.3065001829496,287.4990930929847,2.367801239554934
1980-08,1990-08,4.0226514868123635,3.9360245300047736,2.2008744139479397,267.9319011009039,264.8051510796714,1.180773866552065
1980-09,1990-09,3.741851946668032,3.7463864353776546,-0.12103633161818506,253.41249520592132,250.37252112882024,1.2141803994284883
1980-10,1990-10,3.5376076905481515,3.6766518649801307,-3.781815073555539,244.87209480103746,243.35321752419728,0.6241451386148844
1980-11,1990-11,3.4824740396201936,3.8021269954551395,-8.407214072992353,249.57099347345167,247.11963063380458,0.9919741435999718
1980-12,1990-12,3.6881129334464355,3.9897855189217237,-7.561122873512705,258.4265040033041,255.06088816798896,1.3195342725766945
1981-01,1991-01,3.6624014332935553,3.967621617724723,-7.692774509233569,253.9872281092778,249.6914562075101,1.720432075255962
1981-02,1991-02,4.2168534252670895,4.453645457748028,-5.316813714234703,280.4959582892147,274.9121140660989,2.0311379300561594
1981-03,1991-03,4.172259757868792,4.6169351867959545,-9.631398556317116,285.72099041777255,278.5672739168651,2.56803909530392
1981-04,1991-04,4.211932281111008,4.7749806404573265,-11.791636484884094,288.9322868061521,281.16807331129155,2.761413628304976
1981-05,1991-05,4.27342292340317,4.7910285482502335,-10.803643093216431,285.20988876312043,273.9595248917371,4.1065788370852285
1981-06,1991-06,4.251700836790774,4.82801547211097,-11.9368845988435,282.91543780038967,271.13885771698534,4.343376003928112
1981-07,1991-07,4.372976138166216,4.91152664581543,-10.965032799079966,281.84914049890057,272.09900409007713,3.583304702429446
1981-08,1991-08,4.4542936558626005,5.077738418390505,-12.278000778258258,285.9390040469522,277.95190973441817,2.8735525941036677
1981-09,1991-09,4.842779654921018,5.096418898940533,-4.9768131122863934,281.6311142365951,273.4378340470038,2.9963959516234873
1981-10,1991-10,4.769052038220775,5.058930461983567,-5.730033767831877,278.29132971668975,267.20085074874265,4.150615140958447
1981-11,1991-11,4.628772591326485,4.995356078544262,-7.338485614515111,274.5640660223213,263.88865064252457,4.045424217299187
1981-12,1991-12,4.617459714743573,4.972467961137558,-7.139477803950889,273.4673552356201,264.1718873561798,3.518719562656325
1982-01,1992-01,5.207313632544624,5.257546653509236,-0.9554460335807535,289.707836147738,279.5911301639224,3.6183930362469807
1982-02,1992-02,5.276950287731332,5.10590870688182,3.349875422155124,283.78739129552514,269.4947209988906,5.303506593249141
1982-03,1992-03,5.370858409377851,4.922417427365508,9.110177847154866,276.6829971439375,260.24946681772053,6.3145298728804145
1982-04,1992-04,5.105692230544538,4.778159637760406,6.854785474217673,273.03186920074234,255.13876356320858,7.0130878537007835
1982-05,1992-05,5.181667218333048,4.728795131709069,9.576902234297101,274.4885128266296,256.4462305989236,7.035502992408471
1982-06,1992-06,5.397143435222442,4.507613381750238,19.733947393838225,266.7141363145947,249.00656143447316,7.1112884648950825
1982-07,1992-07,5.486934402376252,4.407515071469724,24.490428583981803,267.33409101681264,248.9783731409213,7.372414577350472
1982-08,1992-08,5.494947278786774,4.269672959418344,28.697146854436095,265.3236754403408,249.73026778402152,6.244100002249309
1982-09,1992-09,4.920511633749373,4.12090910050111,19.403546978287633,261.8168812484085,247.19764499753745,5.913986863028842
1982-10,1992-10,4.46569858986755,3.94971915241068,13.063699406119689,254.84720786219737,244.42159992749194,4.265420051991398
1982-11,1992-11,4.39119215721821,3.964390128681427,10.765893736062226,258.31168105299304,252.79647206336975,2.181679571952566
1982-12,1992-12,4.474177192473935,4.018594455809556,11.336867695264875,263.25978428564054,260.87919294462466,0.9125263360965752
1983-01,1993-01,4.311304883661997,3.9551973413635744,9.003534123929512,260.1579809740529,257.39715587602683,1.0725934747141563
1983-02,1993-02,4.2941704813911885,3.962101396626344,8.381135451192524,261.27699060895054,254.78785312293536,2.5468786704224033
1983-03,1993-03,4.223242445874256,4.010386052248279,5.30762851388451,263.53146579478096,253.8705670457616,3.8054426164644495
1983-04,1993-04,3.9987237782796976,3.9329230919088856,1.673073305353534,256.81619126976483,245.7645559665991,4.496838553346039
1983-05,1993-05,3.8570565575794142,3.9504367384189862,-2.363793854269991,255.65758398176416,245.46169662644118,4.153759016356728
1983-06,1993-06,3.8233743006773837,3.987339427925106,-4.112143704130178,254.9883425819789,245.10641742195682,4.031687649781168
1983-07,1993-07,3.7987683206691245,4.004063347456692,-5.127167304132874,252.31879832935357,240.66044456074445,4.844316559743778
1983-08,1993-08,3.961030130433235,4.094169770161021,-3.2519325578076796,253.9177352332631,243.42288353104865,4.311366109043657
1983-09,1993-09,3.885889168518817,4.131097927383359,-5.935680130920007,254.3570976308126,241.333844451265,5.396364197967896
1983-10,1993-10,3.9087779395527718,4.171244786321148,-6.292290676133172,254.5951594340675,245.9360280618963,3.520887704176423
1983-11,1993-11,3.95416166011439,4.163897986202883,-5.037018841082485,251.70627479189528,247.956152532619,1.512413473500307
1983-12,1993-12,3.994313790271577,4.184166119421986,-4.537399417990507,250.9598873289258,249.37447341051123,0.635756297239265
1984-01,1994-01,4.000574030957828,4.242099965781507,-5.693546516393411,252.27187884269202,249.20888210257345,1.2290881104542128
1984-02,1994-02,4.212882990438588,4.212844229944133,0.0009200552486543501,249.08450987583768,241.85448440659604,2.98941137559674
1984-03,1994-03,4.1345759830543,4.090189554948788,1.0851924466876772,242.372743324978,228.98836752716528,5.845002496131113
1984-04,1994-04,3.9759921730154724,3.895375839687547,2.0695392856980854,231.23421643264547,216.81921756414818,6.6483953915351
1984-05,1994-05,4.028181746086672,3.876262741509375,3.9192132914638522,230.67559418390036,217.5915961711329,6.013098962919994
1984-06,1994-06,4.14944873760341,3.849041101161138,7.8047396363641885,230.1717793976476,217.14140806658992,6.000868948524873
1984-07,1994-07,4.1657316772717685,3.7448936648169275,11.2376491863732,225.8456159654746,210.14409889947325,7.471785859431868
1984-08,1994-08,3.932085459721375,3.7628238543025767,4.498260135808829,229.5442852405075,214.62145838285653,6.953091722557669
1984-09,1994-09,3.9091956312216163,3.731271260264498,4.768465183753645,228.46548899577775,214.90377368696437,6.310598960708713
1984-10,1994-10,3.907921956227365,3.664413157484203,6.645233173170406,224.55856404856567,216.1661722788629,3.8823797827516993
1984-11,1994-11,3.8439984962193963,3.5979233744834533,6.839365270564479,220.83411348327928,217.27784190803857,1.636739183347502
1984-12,1994-12,3.8316362906713715,3.4966503028387597,9.580197011998969,215.75706512257437,214.9732599588157,0.3646058881503933
1985-01,1995-01,3.7493526809680344,3.5010237051427606,7.093038972015409,218.14499189359037,215.54484245927887,1.2063148459712014
1985-02,1995-02,3.6795194683481474,3.5623437955751442,3.2892859167200417,223.62180045083025,218.29543242234706,2.439981436798
1985-03,1995-03,3.7917021877407717,3.5817263259581393,5.86242059480806,226.59397829492292,215.87419123019967,4.965756676902666
1985-04,1995-04,3.873928744438766,3.607089606214891,7.397629872130729,231.00152917880922,217.03464654031055,6.435323972988138
1985-05,1995-05,3.8970031811105295,3.6328431712344518,7.271439955562831,235.76713823036746,222.6391382461032,5.8965373688038225
1985-06,1995-06,3.922363049404637,3.6599036627608594,7.17121025108598,240.2737050123231,227.237554290059,5.736794150505609
1985-07,1995-07,3.9722333189942356,3.698284527967119,7.407455779982985,245.7742671231488,228.78989746664405,7.423566269564397
1985-08,1995-08,4.067659616988393,3.637774623430575,11.817251975671272,244.05045076573685,228.22295873204376,6.93510071100083
1985-09,1995-09,4.299913688916502,3.678054333382415,16.90729116995431,249.94423677835218,233.8453367010011,6.8844221161166175
1985-10,1995-10,4.2752192953575525,3.6159830914430504,18.231174959709694,248.89760480468595,237.3911232528088,4.84705636597178
1985-11,1995-11,4.112037414970829,3.6089390697931782,13.940339125938262,251.41756588062844,246.23728761058953,2.1037749076538104
1985-12,1995-12,4.037633157756431,3.648641955166657,10.661259925461941,256.7233776058319,257.5728452115259,-0.3297970346976431
1986-01,1996-01,4.014015046627016,3.584895832527354,11.97020036694154,254.10173961723626,253.88618484651158,0.08490212685459131
1986-02,1996-02,4.021874122601848,3.706543158828156,8.50741378857669,265.91645331716904,261.6990741862489,1.6115376579126428
1986-03,1996-03,3.7800842466779354,3.6126429382332814,4.634870129914881,262.3704413738679,252.53827763229225,3.893336025634797
1986-04,1996-04,3.68646326119068,3.5430084462455986,4.048954924087056,260.10375485815354,248.44004266459464,4.694779500301993
1986-05,1996-05,3.754797632136032,3.5587550072492107,5.508741806825168,263.4808960374362,253.43163319265963,3.9652756517325027
1986-06,1996-06,3.6872677397555402,3.5368657739721794,4.2524080752560645,264.0615876008301,253.49463786712136,4.168510159669636
1986-07,1996-07,3.624466138502859,3.348303634670273,8.247833349790623,252.29170886575253,238.23917286352193,5.898499324576134
1986-08,1996-08,3.6526404062409967,3.3715026022755588,8.338650065869357,257.3505889580781,243.0983699820104,5.862737367232196
1986-09,1996-09,3.8204013414456917,3.3515001954569126,13.99078378764209,259.8565031575994,245.310262698778,5.929731719656206
1986-10,1996-10,3.981375389801462,3.3979353688319103,17.170427263603827,267.62723742249,255.7357281000638,4.649920998826307
1986-11,1996-11,4.039807578779087,3.50893802986,15.129065956752363,278.0185027816246,272.22130848065837,2.1295887281278514
1986-12,1996-12,4.019536048694782,3.544276850469669,13.409200755921024,278.2760573210704,280.3596945903971,-0.7432014335622905
1987-01,1997-01,3.89082293771072,3.663931682103984,6.192562397245505,284.2247577185085,284.99897679598536,-0.27165679195791936
1987-02,1997-02,3.814047566876321,3.834685861218178,-0.5382003921254874,293.60500207020266,291.3501908798252,0.7739178696153592
1987-03,1997-03,3.6313374001171117,3.830263076324396,-5.193525150710476,288.9789515991642,281.222785326776,2.758014882533666
1987-04,1997-04,3.5379328768915754,3.720564916005681,-4.908717983347954,276.5977754311342,268.07248962577467,3.18021659636194
1987-05,1997-05,3.8573331014049552,4.086529034941192,-5.608572252308363,299.32321371313816,291.72754354541024,2.6036863284887524
1987-06,1997-06,3.8882280921246153,4.338005553930895,-10.368300736699442,312.288734410962,301.93746506421724,3.428282523516324
1987-07,1997-07,3.9867531483019185,4.614138451353577,-13.59701945804449,327.1491542550211,311.3902329957945,5.0608270874826555
1987-08,1997-08,3.758047060633391,4.668055819303185,-19.494384683806842,325.29145522189066,309.7724388005956,5.009811873962389
1987-09,1997-09,3.921659098221734,4.7880907173648914,-18.095555625144776,326.37967575189504,312.59089337459517,4.411127345535304
1987-10,1997-10,4.522202487288199,4.91550673800847,-8.001296136552938,328.7817475354972,316.50898857140896,3.8775388400444477
1987-11,1997-11,5.09717835152266,4.850217979787594,5.091737583016465,321.5140271854029,310.7502430988314,3.4638055240871157
1987-12,1997-12,5.30217270814667,4.924236485056509,7.675021787379155,325.78116301211867,317.5816112083912,2.5818723485054207
1988-01,1998-01,5.098187538356954,4.8677417134898056,4.7341424099911045,322.242571246856,311.3898260317411,3.4852600527830457
1988-02,1998-02,5.249779799148131,5.113386342923932,2.6673802266661273,338.51386716965624,326.20530195823466,3.773257251654827
1988-03,1998-03,5.355536207802511,5.3181737497073005,0.702543012951895,352.02420021723293,333.4982759139286,5.555028508778759
1988-04,1998-04,5.587315395209492,5.446165566039175,2.591728574145624,359.51208940389955,341.1073305790721,5.395591702348668
1988-05,1998-05,5.699513119425931,5.361792847069122,6.298644539044718,354.14000582543514,337.89709827069504,4.80705742602372
1988-06,1998-06,5.383138577935422,5.26901286629234,2.165978989597517,349.85006799345166,329.877696327016,6.054477731842933
1988-07,1998-07,5.6408460078648375,5.4150613241812815,4.16956836066289,360.90297149086683,338.7461879304398,6.540821520617923
1988-08,1998-08,5.339277241743753,4.9423296745264205,8.0315882055231,331.42877665771096,311.2112645865094,6.496394691260132
1988-09,1998-09,4.981633693324044,4.586820387473565,8.607559758143136,311.0686215226102,294.6918910217033,5.557238254547281
1988-10,1998-10,4.861017025062583,4.538069922209001,7.116397684246789,311.05171029087757,298.9005050840823,4.065300994850141
1988-11,1998-11,5.505567462755903,4.931432374336049,11.64235955881181,340.9033918884398,331.38182511934457,2.8732917883067755
1988-12,1998-12,5.6010609081994405,5.021907792352161,11.532531854313778,350.2043532769674,340.37304302072255,2.888392737860368
1989-01,1999-01,5.684047951775735,5.157941965597113,10.199920621202985,363.05028181909313,349.50414547974003,3.875815641831437
1989-02,1999-02,5.498704802314059,5.062341366965813,8.619794749435993,358.1291603249153,344.72088983556733,3.8896019605147103
1989-03,1999-03,5.668472117815248,5.141199180013556,10.255835639503497,363.9708466694554,344.9277078727624,5.520907239994077
1989-04,1999-04,5.705856521504661,5.275716470097834,8.15320637196506,374.5728049001514,354.4468044455092,5.6781441396056564
1989-05,1999-05,5.474753784518018,5.203709695009808,5.208670456158093,369.5014024007912,353.0501099289787,4.659761322584477
1989-06,1999-06,5.2624781650888925,5.109117419918087,3.001707194532721,362.7935354935777,343.4751893690921,5.624378913647354
1989-07,1999-07,5.350589518546869,5.27791118345379,1.3770283842768016,374.7466511146935,354.29648544473616,5.772048696527987
1989-08,1999-08,4.917822804353355,5.030252039178272,-2.2350616619059793,356.41730122031737,337.28500138578823,5.672443113663839
1989-09,1999-09,4.866051833511838,5.006502183136315,-2.8053588011519137,350.3928743269689,336.9261866093994,3.9969252176832226
1989-10,1999-10,4.790348532503049,4.970913890782294,-3.6324378624637332,342.11773366927645,333.5214363221967,2.5774347345923987
1989-11,1999-11,5.225359254622131,5.366480738435547,-2.6296839715212683,362.36912010748676,357.20559787170606,1.445532283521267
1989-12,1999-12,5.228857187165563,5.537519871094457,-5.5740239514100125,368.20341231918763,359.5599952786471,2.4038872939249556
1990-01,2000-01,5.340636895362388,5.5407127180548175,-3.611012389082513,363.5421660012903,351.2919678437512,3.4871842452679713
1990-02,2000-02,5.343214031474901,5.405623785524213,-1.154533806374769,350.3007274772207,336.064153212356,4.236266834406677
1990-03,2000-03,5.407288054575012,5.557550483527778,-2.7037528385596032,359.5920228629759,336.6580597548851,6.812242405480706
1990-04,2000-04,5.473433149930642,5.5743159101703394,-1.809778309400023,360.2445183188733,337.1214278391689,6.858979753353367
1990-05,2000-05,5.1207057460611844,5.346976774791017,-4.231756341202287,345.67107119562866,326.3943537878034,5.905959212872136
1990-06,2000-06,5.120252443992106,5.4621924295615605,-6.260123384135364,352.35484217700184,331.3215803829671,6.348292124443833
1990-07,2000-07,5.1549294406103385,5.466420058325802,-5.698256160190951,351.19346051421957,330.6972088876579,6.197890721697785
1990-08,2000-08,5.647202257611012,5.472942712262948,3.1840191741384194,350.2974001038087,329.697531798119,6.248111168239934
1990-09,2000-09,5.839628346347804,5.322266503780526,9.720705308533217,341.91612116292316,322.4547203750048,6.035390260463669
1990-10,2000-10,5.66619918135751,4.939822117566012,14.704518634557706,319.50003977154967,303.758390433366,5.182292846536796
1990-11,2000-11,5.459388776199274,4.786438320605956,14.05952423321153,312.40104416332105,300.44651071679226,3.9789223772338733
1990-12,2000-12,5.046556305944644,4.530176092050114,11.39867862533448,297.7172687044482,285.311671394766,4.34808616452198
1991-01,2001-01,5.104439461326333,4.4704424844342245,14.181973688279005,295.0050978532082,282.509227231454,4.423172561197997
1991-02,2001-02,4.475853789564808,4.269835643162948,4.824966664273012,284.68445539575293,269.8389083196172,5.501633240582038
1991-03,2001-03,3.9491872807849915,3.8276042793361036,3.1764778324988363,255.6733386906647,240.94336674098156,6.11345817439255
1991-04,2001-04,3.8792384209762987,3.803700010623502,1.9859192402613912,253.85645098965065,241.1024525199172,5.2898667501857455
1991-05,2001-05,4.153499400927423,4.028688892046458,3.0980428676776084,268.2411301362259,257.77086985287536,4.061847752357162
1991-06,2001-06,4.040232356657192,3.8889847080732514,3.889129424190374,258.75398596102565,246.10137340149168,5.141219808998132
1991-07,2001-07,3.9022636891466878,3.748141536663403,4.111961914343398,248.9114735649267,237.18196207380063,4.945364052379486
1991-08,2001-08,3.7226708648069984,3.6320187266949775,2.4959160437620254,240.97654052840355,229.73461482283173,4.893440073992084
1991-09,2001-09,3.313988391116263,3.1933988080077826,3.776214320807325,211.45696399187258,202.57127398939906,4.386451162339311
1991-10,2001-10,3.4133262688738735,3.2623752142792206,4.627029225024426,215.802153824936,208.8430447747629,3.3322196856871766
1991-11,2001-11,3.5852608797374335,3.3975567938367033,5.524678387753013,224.17167698536733,218.27527454462333,2.701360680015341
1991-12,2001-12,3.6041396088616575,3.4107926391676857,5.668681451744684,224.83498239112916,216.37791196269168,3.9084721502884445
1992-01,2002-01,3.3471003674533306,3.358878915127123,-0.35066901699690733,221.5692315746484,212.45122993591988,4.291809297352023
1992-02,2002-02,3.254406899088685,3.2251650482646363,0.9066776548314337,211.87206543342964,202.6465475887418,4.552516662366446
1992-03,2002-03,3.450246973387146,3.3555626329028576,2.8217128047578033,219.9837663008888,208.5382678827164,5.488440339693157
1992-04,2002-04,3.32024062333095,3.2020078657948945,3.692456811210998,209.89007491778054,199.366289623491,5.278618222852005
1992-05,2002-05,3.1612377438848913,3.0813295031451333,2.593303983173345,201.71720156294475,194.35792782996577,3.7864541030799836
1992-06,2002-06,3.0141491286978765,2.8736444643927146,4.889424076156712,187.7419302634,179.37110605504373,4.666762887545284
1992-07,2002-07,2.6393712537008365,2.5380726442881696,3.9911627289563656,165.74503826789876,158.4835785019223,4.581837332685157
1992-08,2002-08,2.644492561680211,2.5445889774219927,3.9261187226957928,165.9732765227095,160.2101295631775,3.5972425559142707
1992-09,2002-09,2.5091494758139006,2.401239450150296,4.493930234939714,156.50926331865227,151.64739579954966,3.2060342965131605
1992-10,2002-10,2.5044810094519425,2.344861463635322,6.807205811176442,152.8825356674678,150.13456242153197,1.830340197229452
1992-11,2002-11,2.5987948313962135,2.4695716736739692,5.2326141856818165,161.40905232021024,158.9760510593103,1.530419987594378
1992-12,2002-12,2.490446364468293,2.4194519333894,2.9343187231430923,158.15744057082668,153.33967655846718,3.1418900316530385
1993-01,2003-01,2.481359470675986,2.395060087980948,3.6032241165101286,156.31910861604425,151.49315901529508,3.1855891263459224
1993-02,2003-02,2.282819813044966,2.2209851262798987,2.7841107999061254,144.9058816687365,139.77211488628285,3.672954928549532
1993-03,2003-03,2.26399456847575,2.2328417867006065,1.3952077554575393,145.50222018823592,139.79278506874573,4.084213013341476
1993-04,2003-04,2.4160740189259933,2.3400374818571246,3.249372612977286,151.86221799264806,146.13887768256276,3.9163707843147044
1993-05,2003-05,2.5261035631189177,2.457119530927278,2.8075163346085175,158.43792686272053,153.35919595639098,3.311657233631915
1993-06,2003-06,2.6472830137231917,2.5889175834969578,2.254433690677682,165.86213096916816,158.21183348669132,4.835477419026546
1993-07,2003-07,2.661465861156114,2.595728457064518,2.532522379707536,165.1953446732895,156.9628351677891,5.244878188330415
1993-08,2003-08,2.6110515938382144,2.584375402210671,1.0322103980994646,163.26380477681036,156.5621874907922,4.280482658951268
1993-09,2003-09,2.657612542715097,2.6563924735546975,0.04592955192224135,166.76479504019542,160.98543869728476,3.589987013532392
1993-10,2003-10,2.6782907148347332,2.70180873942575,-0.8704548270879964,168.4588729144536,165.00218778120907,2.0949329095127256
1993-11,2003-11,2.710556789039786,2.729963809337384,-0.7108892883934792,168.80317298681146,165.8638043963865,1.7721579467695925
1993-12,2003-12,2.76908375659786,2.8103124561038917,-1.4670503778497768,172.21555368854177,165.9165881283242,3.7964652186228465
1994-01,2004-01,2.856179837605729,2.9509443216982385,-3.2113274179966123,178.86069762661504,172.09367265355473,3.932175348877087
1994-02,2004-02,2.889426230437479,2.982965484596831,-3.135780639848551,178.93069408433712,171.1913180517984,4.520892835346335
1994-03,2004-03,2.8853046650097496,2.9269643184175416,-1.423305817076559,174.2729334706364,165.9125770653207,5.039013047229179
1994-04,2004-04,3.0141201131774316,2.936535951755906,2.642030020954911,174.05904828850151,165.84477494637372,4.952988928824498
1994-05,2004-05,2.9060962551001204,2.8270958954800567,2.7943997140800647,167.63570595124395,159.61918272834632,5.022280584245853
1994-06,2004-06,2.956402205380136,2.8684689030659016,3.06551352954354,170.4680476381805,160.3218239580799,6.328660334324532
1994-07,2004-07,2.905314460513716,2.761721024894381,5.199418562735758,164.7413551366092,154.28417873517688,6.77786697713294
1994-08,2004-08,2.779364478766116,2.6732196860943915,3.9706722655032944,160.57886694129388,152.05015935429904,5.609140840899562
1994-09,2004-09,2.8335698412874986,2.7023332244074494,4.8564187308479,163.2205647643891,156.9199092202268,4.015204683377527
1994-10,2004-10,2.849099421581012,2.6540129323449055,7.350623158559411,161.5536934894766,157.82729362155808,2.3610617545364088
1994-11,2004-11,2.9961697541263246,2.723765931443016,10.000999701872072,167.32983726002547,163.8727260585104,2.109631837259296
1994-12,2004-12,3.1097644844700087,2.7334069916651456,13.76880552191726,169.84415620229333,161.90528436338482,4.903405018634399
1995-01,2005-01,2.9944588902230875,2.623588442540966,14.135999445207602,165.47435250871575,156.84554146360048,5.501470404957476
1995-02,2005-02,2.9328492941460587,2.5995054786691334,12.823354988564484,166.2313651992965,157.5768021016978,5.492282482045274
1995-03,2005-03,2.8524415565159456,2.5234243900349576,13.038518918192366,163.8815939663015,155.50971628250932,5.383507785830743
1995-04,2005-04,2.6970175458050947,2.401489258946741,12.306042417527529,158.12863892667443,150.90463326334842,4.787133109902042
1995-05,2005-05,2.6445311779822966,2.378678217607421,11.176499553700992,158.52395758809413,152.14438779140502,4.193102282179284
1995-06,2005-06,2.618979614809193,2.3782019509230836,10.124357344533031,160.3030809890581,152.23738391652296,5.298105409481968
1995-07,2005-07,2.5749792648017142,2.3728494386384242,8.518442968689799,161.55475803312913,153.01167255112466,5.583290045502931
1995-08,2005-08,2.5697807112436015,2.346149200597834,9.531853753750319,160.47770858712838,154.29293119641983,4.008464511465615
1995-09,2005-09,2.484604451518214,2.314268241903225,7.360262156771702,159.35432519724327,155.5715411535992,2.431539866220933
1995-10,2005-10,2.3975418460578366,2.2201281436154834,7.991146950348305,153.72955538258955,153.3862313708227,0.2238297457982652
1995-11,2005-11,2.4351097456541324,2.2679185192562783,7.372012044448639,158.36937323216793,158.4869607456197,-0.07419380931944497
1995-12,2005-12,2.4058031344375026,2.2722416215121752,5.877962610175325,160.30178189464775,155.23540435627987,3.263674004893913
1996-01,2006-01,2.4371239821943624,2.2658156308023476,7.560560050128751,161.2285760873854,155.11230194148928,3.943126411858211
1996-02,2006-02,2.300863777047663,2.2210548078018015,3.5932913031015756,159.76680700788654,152.91109543604944,4.4834624670544665
1996-03,2006-03,2.339750622229863,2.2133637773306236,5.710170474175991,160.82289631277058,155.06645306190924,3.7122428076452607
1996-04,2006-04,2.3538075649468366,2.1908541869061935,7.4378924446248496,160.75860980806925,155.10184971650153,3.647126131575651
1996-05,2006-05,2.2815809341261026,2.1399617281415835,6.61783825954243,158.15311152460194,152.99071247957946,3.3743218534991293
1996-06,2006-06,2.1918381473423434,2.039797951161236,7.453689033002142,152.62914115380497,146.17556252418547,4.414950432328069
1996-07,2006-07,2.287128780631242,2.0066427122418284,13.977877909119819,152.52992859970496,145.8404051862476,4.58687933903803
1996-08,2006-08,2.2697281377095035,1.9893070969297924,14.0964178538598,154.7111208648835,148.96503298535046,3.8573400511367817
1996-09,2006-09,2.2810124717887623,1.9803932977876482,15.179771328096493,157.32744615315485,154.26114038706453,1.9877370012930662
1996-10,2006-10,2.2699946045377137,1.993226364345678,13.885439463514793,161.69150288590632,162.31740228073033,-0.38560215111225205
1996-11,2006-11,2.2040942722281898,1.9788588555654147,11.38208599513375,163.6351235319551,165.17498766149473,-0.9322622942738779
1996-12,2006-12,2.2248001200776595,1.9775464436339214,12.503052822839745,165.92301253845068,162.27291775533192,2.2493554892642154
1997-01,2007-01,2.1695536937567046,1.9454562623362193,11.51901668307751,165.84125556770445,160.74302112899608,3.1716676735950244
1997-02,2007-02,2.1120829645008823,1.9358085115727666,9.10598604532944,167.3019005849341,161.598134476972,3.5295989810915085
1997-03,2007-03,2.072773155110931,1.8468459565429798,12.233137136724338,162.08041166389626,158.3843143011693,2.3336258890503503
1997-04,2007-04,2.2355670224938335,1.8730416635681806,19.354900960133214,167.74033785222755,163.77800109854363,2.4193339319728446
1997-05,2007-05,2.1163330747524265,1.8730218608183797,12.990302944341337,172.15435042490827,166.77068089815293,3.2281870516815525
1997-06,2007-06,2.0160585533706277,1.8326924405993732,10.005285595617197,171.63006796255613,166.03828471142617,3.3677674163211435
1997-07,2007-07,1.9176669119734595,1.80501101864395,6.241285630164439,171.59692626599514,166.57317018186893,3.015945532309394
1997-08,2007-08,1.8307555291320228,1.6957020245636971,7.964459711196881,163.51136497183936,160.55003312071446,1.8444915853105703
1997-09,2007-09,1.8648363814312525,1.723997019407336,8.169350668154474,167.68513718068166,167.85431301258774,-0.10078730112427214
1997-10,2007-10,1.889551636139707,1.7603578247505105,7.339065363458519,171.81327308062865,175.6097319566221,-2.1618727126872628
1997-11,2007-11,1.8197143673358418,1.6616075943552984,9.515289501423396,162.71091023132294,166.75757198073802,-2.426673464568374
1997-12,2007-12,1.7949726759311198,1.6518361745962655,8.665296446231352,163.89807113462743,162.28530786684757,0.9937826713821263
1998-01,2008-01,1.6719207419031996,1.5129842215977727,10.504836602828771,152.28263177439874,149.2872600847973,2.0064482983343845
1998-02,2008-02,1.5467590221805807,1.4553598704750477,6.280175340804139,149.24131259043685,146.15107426082636,2.1144136950341785
1998-03,2008-03,1.4301620316462873,1.392283879325967,2.7205768078459647,144.7906269223946,144.41148254396592,0.2625444817473399
1998-04,2008-04,1.4417539221345907,1.4290436770772226,0.8894231338935743,150.4880864128097,150.65021709879377,-0.1076206122409662
1998-05,2008-05,1.4819891516600971,1.4424421438997308,2.7416702935099124,153.8926730735004,152.15438009057337,1.1424534619984383
1998-06,2008-06,1.417405968641705,1.358862808282624,4.308246572225349,146.89721844860492,144.1626216088884,1.8968834009799318
1998-07,2008-07,1.2743149301453496,1.2560769111406642,1.4519826646700373,137.57650342628563,135.53896471435317,1.5032863178692235
1998-08,2008-08,1.3987112857934636,1.2626942376129806,10.771970294060429,140.2004238219374,140.73123094741516,-0.3771779170155254
1998-09,2008-09,1.3994580985177114,1.178668734216961,18.73209646537626,133.02519816155095,134.48618883808055,-1.08634997329623
1998-10,2008-10,1.1026071607049504,0.9188797963802435,19.994711500728023,105.84245588909484,108.87668270218622,-2.786847227326894
1998-11,2008-11,0.9080547961057331,0.8216772546029627,10.512344234782113,96.63917217195493,101.64019459394791,-4.920319605813472
1998-12,2008-12,0.8691793225920451,0.8045490962431254,8.033099117345754,96.3899812762826,99.55104192538728,-3.175316488876001
1999-01,2009-01,0.8183151201249693,0.7829579943470281,4.515839423471046,95.45990952751909,97.48477193987478,-2.0771063747315854
1999-02,2009-02,0.7639432001664914,0.7218563242245393,5.83036741932883,89.22774205735813,91.0465210686537,-1.997637021104981
1999-03,2009-03,0.6999962772044968,0.6740817557535492,3.844418162894492,84.37211474793881,87.85499287616378,-3.9643485409352475
1999-04,2009-04,0.7541534908927046,0.7493016694197929,0.6475124333659377,95.1000175195589,99.78867865546658,-4.698590260019264
1999-05,2009-05,0.8051332482110629,0.7927493994833902,1.5621391496156045,101.69051370847397,103.70192722669093,-1.9396105472755942
1999-06,2009-06,0.8332877949351893,0.8107362790047536,2.7816093240726314,104.80309296848458,104.744499514326,0.05593940916255313
1999-07,2009-07,0.8073760966269748,0.8138558852845224,-0.7961837930657967,106.3056228543345,105.76779794360377,0.5084958949580276
1999-08,2009-08,0.9071358895104024,0.8747911951069429,3.697418833702981,115.14135539720685,116.55888091511999,-1.2161454423583518
1999-09,2009-09,0.9458599280449609,0.897881979377642,5.343458246102051,119.43530660732783,119.86944986989373,-0.3621800742700576
1999-10,2009-10,0.9810348389860655,0.9107258998234393,7.720098788917373,122.35617275778161,123.98111078495441,-1.3106335448076933
1999-11,2009-11,0.9350945279639818,0.9240186040102355,1.1986689343349788,124.93332789123244,128.82351601883866,-3.019781052271031
1999-12,2009-12,0.9297575173405612,0.9449604672789432,-1.6088450749859984,127.77576126785226,130.00546970570304,-1.715088175057733
2000-01,2010-01,0.9434829910707498,0.9632430448216668,-2.0514089208477304,129.5792018536755,130.52036220962827,-0.7210831628257197
2000-02,2010-02,0.9394023268062421,0.9399436118161357,-0.05758696618488601,125.87662760937008,126.6956140468682,-0.6464205123905553
2000-03,2010-03,0.9574837904736242,1.000435163810113,-4.2932690583276205,133.42008136813536,137.38327693729084,-2.8847729196068816
2000-04,2010-04,0.9826302344554816,1.0588641493169062,-7.199593537150594,138.91890594460145,144.34042991191095,-3.7560674930912863
2000-05,2010-05,0.9518534629928637,1.0134113807982594,-6.074326672442432,130.76394419963378,132.06997404310994,-0.9888923299476438
2000-06,2010-06,0.8899741070210774,0.9853285474723621,-9.677425940402829,126.17713262146043,125.44323115303072,0.5850466874010918
2000-07,2010-07,0.88107914164166,0.9956689372799388,-11.508825006766388,126.08727352968265,125.64627340141088,0.35098544217293526
2000-08,2010-08,0.8804276046340827,1.0190502072582321,-13.603118044312602,127.29713215013344,129.26515523345103,-1.5224699028623556
2000-09,2010-09,0.9200545486362812,1.0711968110181245,-14.109663212887025,131.71312766594608,132.5877018710381,-0.6596194011588508
2000-10,2010-10,1.0151098113495078,1.1505127882361172,-11.768924106806278,137.8270572067625,139.48630250095684,-1.1895399508370708
2000-11,2010-11,1.0485065350774543,1.2014823311410072,-12.732255156701056,141.24596675279923,144.25529676568493,-2.0861140494367936
2000-12,2010-12,1.1248005545434168,1.26272968655085,-10.923092525383405,146.44240447970242,147.27968811986,-0.5684990583875837
2001-01,2011-01,1.1584969425579763,1.3189614195481538,-12.165971999783665,151.38569357092453,149.99191502983214,0.9292357796853112
2001-02,2011-02,1.2211108625711016,1.3741379006329768,-11.136221334946484,155.99445243506347,154.3162847555654,1.0874857972094532
2001-03,2011-03,1.3281474275498302,1.3743727092933327,-3.363373081474408,154.04271663234292,155.56643378307896,-0.9794639586973575
2001-04,2011-04,1.3516153443132048,1.4050327720101254,-3.8018634697394527,157.13152212816354,159.17870784865113,-1.286092686739282
2001-05,2011-05,1.2729866535636134,1.4193092785606645,-10.30942495813444,157.81643090264242,155.47579363493008,1.5054673225906479
2001-06,2011-06,1.2564051283564242,1.3825272538352986,-9.122577882569505,151.7762334338198,148.40578684391505,2.271101863062519
2001-07,2011-07,1.3307990540146204,1.446097482477383,-7.973074419937365,156.22231933223313,153.60739425473275,1.7023432304072106
2001-08,2011-08,1.2173136519020502,1.3258095573231923,-8.183370290390357,139.68053849301037,139.74071935944866,-0.04306609176920606
2001-09,2011-09,1.3607797409538334,1.342205196864332,1.3838825935777344,138.3652636946779,138.48737703889734,-0.08817651603375554
2001-10,2011-10,1.3586410919030467,1.40436775419663,-3.256031915923707,142.17479158841084,141.73630183190355,0.30937011255403046
2001-11,2011-11,1.3161804962509887,1.4570928234072396,-9.67078588903788,144.32629445461762,145.78745657302028,-1.0022550312281497
2001-12,2011-12,1.3173678268969173,1.504656500001262,-12.447271061812948,146.25318990452672,146.30622488868917,-0.03624930121927106
2002-01,2012-01,1.3845206896397566,1.6058599044480184,-13.78322070282605,152.91828700323194,150.90890099812714,1.3315225224055816
2002-02,2012-02,1.4922108227878652,1.7029473817479426,-12.37481329245609,158.88614725126814,156.1420473010889,1.7574381773589831
2002-03,2012-03,1.4629266374194834,1.789426702060314,-18.24607089325896,162.96475273311577,162.7473081332147,0.13360872286938275
2002-04,2012-04,1.515651244547333,1.8299290614029187,-17.174316943993674,162.44288533341356,163.3949810313588,-0.5826958037116969
2002-05,2012-05,1.511449426549956,1.800783767108268,-16.06713398038513,156.92528760879412,152.87367016774746,2.6503042915113184
2002-06,2012-06,1.588078474882894,1.7959704673361883,-11.57546831834284,154.61444989863827,149.53327783977403,3.3980209169953035
2002-07,2012-07,1.8315716156322919,1.8487864683514994,-0.9311433750679443,158.52972109835972,153.5077699879014,3.2714637903046295
2002-08,2012-08,1.8723588628209429,1.8939762710401065,-1.1413769300970156,163.04458221540241,158.43719373714282,2.908022017799383
2002-09,2012-09,2.0253484069048024,1.935222895156969,4.657112727085799,167.0757920165783,162.88621764718997,2.5720864723269177
2002-10,2012-10,2.0490084852461448,1.9026105287732833,7.694583534510979,165.69519496763493,159.8772094999817,3.639033659549784
2002-11,2012-11,1.867204267321889,1.8164912266212998,2.7918131371829524,159.97964112586288,156.83503363735394,2.0050414856798815
2002-12,2012-12,1.9278259851344388,1.8321010394646502,5.224872624806753,162.57924512829126,160.09017365300488,1.5547934132930763
2003-01,2013-01,2.014626218244799,1.879399428054042,7.195212905367998,168.55464765249843,163.62424681949614,3.0132458537403206
2003-02,2013-02,2.2029668625123056,1.8845749769731812,16.894625548435016,171.451470308228,165.67145544594507,3.4888417239557823
2003-03,2013-03,2.2337501249139695,1.8826538271047382,18.649009858024137,174.88612997281615,170.54449576790577,2.5457486536645035
2003-04,2013-04,2.152496223226537,1.8607342355561174,15.679938708883956,176.1805312762085,173.87885917537068,1.3237216483669378
2003-05,2013-05,2.1374583862229777,1.9029093849650363,12.325810315042984,183.0378802038745,176.26099031818956,3.8448041585668946
2003-06,2013-06,1.9995531676490412,1.8525885112786538,7.932935753172332,179.87075857720828,173.13614381243326,3.8897798093914693
2003-07,2013-07,2.0524123638492506,1.888527128739849,8.67793915244186,184.6959963603311,179.84284135499558,2.6985533417789753
2003-08,2013-08,2.0610376690198478,1.8733163134090833,10.020803975658922,184.11079042681712,179.72898229235457,2.4380086497874487
2003-09,2013-09,2.021719557949055,1.8774224604668555,7.68591515871806,185.23600164359115,181.39972792438917,2.1148177911275656
2003-10,2013-10,2.023473427438986,1.8997754413626284,6.511189869242351,188.11690086069962,182.6371871702241,3.0003274663709334
2003-11,2013-11,2.0764174161884337,1.958526359380268,6.019375549557049,194.31700526332736,191.88597571624985,1.2669136126302272
2003-12,2013-12,2.0453243930878733,1.9683705575257082,3.9095197430151662,196.18283147319298,194.4374134330813,0.8976760229904901
2004-01,2014-01,1.9680059652800341,1.9685608726596373,-0.028188479579671633,197.02978086561959,192.7557401447,2.2173351194164637
2004-02,2014-02,1.944325751233677,1.9574718456154243,-0.6715853620675838,195.81052997288484,191.3905911314606,2.3093814671319546
2004-03,2014-03,2.0290194826106336,2.0013428342099044,1.3829039146936228,200.17468104135148,197.3242532246384,1.4445400249244011
2004-04,2014-04,2.0136237819850047,1.9939399197948586,0.9871843175782047,199.55079986166476,198.0460543817455,0.7597957377220688
2004-05,2014-05,2.098283171493152,2.0186395968682014,3.945408320956001,201.58223658920608,194.74384412024781,3.5114806836902046
2004-06,2014-06,2.1051959853595834,2.0700733233745785,1.6966868558911274,206.89544673425377,198.69021183490023,4.12966236412875
2004-07,2014-07,2.1856205192750844,2.089311157035589,4.609622741695585,208.87176534373043,203.29413521926287,2.7436256921292035
2004-08,2014-08,2.206914593078292,2.061693381753687,7.043783164355855,206.80267260194935,200.97167680200425,2.9014017759774857
2004-09,2014-09,2.185347732363036,2.0762083069346104,5.256670299598354,209.25455187013995,203.64154297300507,2.7563181928350167
2004-10,2014-10,2.1253443145043946,2.0042538787337274,6.0416715195368065,202.56523320809546,195.75707548590455,3.4778603558986765
2004-11,2014-11,2.144258423687425,2.105235752320537,1.8536010194523111,212.93609235082718,209.84743624563708,1.471857917565722
2004-12,2014-12,2.1005723107591616,2.1069658238703792,-0.3034464555041083,213.13708987334562,211.28868546276257,0.8748241329320061
2005-01,2015-01,2.1056654750325143,2.0732640727829748,1.5628208039146108,209.68674356922375,205.4916194324437,2.0415061929857536
2005-02,2015-02,2.129401337716398,2.116293606245742,0.6193720678440817,214.48240916585587,209.7651443654542,2.2488315752702936
2005-03,2015-03,2.136039554314296,2.104822603289604,1.4831155355279568,213.47502678572678,210.7790501605515,1.2790534083542804
2005-04,2015-04,2.2079818130995936,2.1077881526343614,4.753497657722772,214.20683066802076,212.90654313500653,0.6107315979432926
2005-05,2015-05,2.2001945696819476,2.1071135688483382,4.417464830074813,215.08652958972624,206.99340796849728,3.90984510118344
2005-06,2015-06,2.1438533003121925,2.08057613376474,3.0413290588388264,212.95747616545606,203.8077839235018,4.48937330351844
2005-07,2015-07,2.104103938176514,2.070049472563288,1.6451039487021202,211.64711356207232,206.01372661687998,2.734471647934722
2005-08,2015-08,2.0467431900694546,2.012975268689679,1.6775129781776421,205.4407605852759,199.9183436307211,2.762336289037859
2005-09,2015-09,1.9490408191953286,1.9127929016502088,1.8950257246274749,195.18392700026777,190.342459564066,2.5435562024836766
2005-10,2015-10,2.087965045556407,1.9816481246511575,5.365075644999551,202.62267985480318,196.51786611212594,3.1064929939723873
2005-11,2015-11,2.0672866320378933,2.015079807320853,2.59080680216095,207.44709274544613,204.0759533941691,1.6519042519261173
2005-12,2015-12,2.0015596124670587,1.9722574005639364,1.4857194550135233,204.10592377450052,202.5593418682775,0.7635204044199373
2006-01,2016-01,1.8459812635293273,1.8262962420615694,1.0778657380106749,190.06717804926168,186.82176007952413,1.7371734258129656
2006-02,2016-02,1.8361263319987382,1.798147342192042,2.1121177845413674,188.18199463924918,185.4370010966474,1.4802836145797693
2006-03,2016-03,1.9243453007971687,1.8909382606788658,1.7666912142498825,199.26751442204034,198.17473956374064,0.5514198533603798
2006-04,2016-04,1.9631436453000708,1.9285316732878912,1.7947318414102353,203.9603608505789,203.6215461571173,0.16639432312341995
2006-05,2016-05,1.9726737384775346,1.901749048477991,3.7294452733553918,202.38093998544343,194.8478523818645,3.866138380019457
2006-06,2016-06,2.049143969464846,1.8946325872907157,8.155216120032982,203.55783669038996,194.43927033108395,4.689673204275691
2006-07,2016-07,2.1015659357760974,1.9233776187247402,9.264343897767802,209.18783183477132,202.4862180397422,3.309664163767323
2006-08,2016-08,2.07910624139392,1.9128210539711767,8.693190984986355,210.58328817860271,203.4892953285048,3.4861749551226673
2006-09,2016-09,2.0188710780247647,1.8817365888426398,7.287655987306341,208.58667531118437,202.38082743570791,3.0664208433715867
2006-10,2016-10,1.9385453978398453,1.849028363656343,4.841301298725775,206.51934109190773,199.81734912482224,3.3540590926861347
2006-11,2016-11,1.923318736483286,1.8491656344718779,4.010084366108524,208.05193650997379,205.05004719930992,1.4639788440263146
2006-12,2016-12,1.9571533547052251,1.9103030873142406,2.452504406348055,215.3036186623545,214.29745132167002,0.46951904209731055
2007-01,2017-01,1.9716230130065522,1.9269089220877587,2.3205087903348742,217.42978670542945,214.1089424222106,1.5510068125367482
2007-02,2017-02,1.9906418853555157,1.9780190145450798,0.6381572026161297,222.03688698489808,219.17171668379783,1.3072719164918034
2007-03,2017-03,2.0768337102650722,2.019368984289621,2.8456773587451245,224.91470381422852,224.20722021615083,0.3155489807133094
2007-04,2017-04,1.9904241506715674,2.0231989286307597,-1.6199483647103996,223.49535730075354,222.83492702927703,0.29637646139275553
2007-05,2017-05,1.9577035082814047,2.0634523473193767,-5.124850068641029,226.27274785900158,218.01699011797842,3.7867497099907776
2007-06,2017-06,1.9856264952520932,2.10695343220317,-5.758406194303467,229.3197985675286,219.5558400783071,4.447141322106973
2007-07,2017-07,1.9937774478663275,2.142519798237772,-6.942402609011378,230.59232459244873,223.50993611985433,3.1687130315300793
2007-08,2017-08,2.0863588894979257,2.176366207322916,-4.135669701272637,230.16997329024076,222.4467583585013,3.4719386286998555
2007-09,2017-09,2.0575772567235715,2.229768998056323,-7.722402701035403,232.87343036517686,224.76393633588484,3.6080049858057572
2007-10,2017-10,2.0524353948247507,2.323981408692537,-11.684517477295875,238.15751422429855,229.6499757865664,3.7045675309101522
2007-11,2017-11,2.190321206469981,2.45583549876498,-10.811566671648976,240.87598510370506,237.20814942138801,1.5462519695313315
2007-12,2017-12,2.225903358663976,2.64143308527958,-15.73122290817458,246.59891812666538,243.9542633858355,1.084078098953789
2008-01,2018-01,2.5000027004821335,2.8932804565751153,-13.59279758722456,257.30553836926174,251.75356344030405,2.2053212884409312
2008-02,2018-02,2.466407540836805,2.9202689021047377,-15.541766066159845,248.42395733005924,241.4506754809675,2.8880771756802925
2008-03,2018-03,2.5345717506665344,3.053803923737581,-17.002799984471594,247.11974398357412,242.93209771092552,1.7237929084330528
2008-04,2018-04,2.3909357100774136,3.1466650241844487,-24.016833959086725,241.50120274223005,236.97091716482473,1.9117474969530868
2008-05,2018-05,2.3769305130058123,3.3222282818231976,-28.453727096038616,244.8228090560266,233.26588150660098,4.954401164363431
2008-06,2018-06,2.534800335407449,3.4924499300345517,-27.420567619064716,248.5922945031119,236.05430487417007,5.311485268453486
2008-07,2018-07,2.7415392332872144,3.6316015617095445,-24.508810046973906,250.96619933257034,240.30112078420876,4.438214234522375
2008-08,2018-08,2.750702761853029,3.787738605483114,-27.37875950914026,255.33601576890572,242.04049401947844,5.493098088106407
2008-09,2018-09,2.9394244686331708,3.9026008928884623,-24.68037215925527,257.84823407242675,244.92955361140906,5.274447395398307
2008-10,2018-10,3.5415239410848898,3.781694223950785,-6.3508646824170345,246.06236940154434,232.2836336081471,5.931858211173591
2008-11,2018-11,3.794639880235012,3.66874702467193,3.431494587020212,238.46851311350045,223.675131182878,6.613780375310152
2008-12,2018-12,3.59630001706374,3.4019549976931587,5.71274515689848,222.56787493075709,207.70898826628132,7.153704222672719
2009-01,2019-01,3.6994266492987644,3.390613826407314,9.107873638876418,223.79231387826076,208.028103917042,7.577923205753612
2009-02,2019-02,4.1965347153935175,3.5063442628191956,19.68404699712487,233.9829791088886,216.30477607717043,8.172821401507635
2009-03,2019-03,4.5365232004755915,3.474945023506309,30.549495597433165,235.28498421760818,217.77708555387383,8.039366776906952
2009-04,2019-04,4.189514245202627,3.4637691821926393,20.95246608062307,240.3795761607093,220.31157072875232,9.10892031933479
2009-05,2019-05,3.8679952914956033,3.304858636006987,17.03965940791381,233.55939215632316,213.63317326624053,9.32730557966741
2009-06,2019-06,3.813175052812742,3.280805782834245,16.226784065181388,233.93458525747434,217.6912281304881,7.461649817717819
2009-07,2019-07,3.9094101433286186,3.352434054404188,16.614080393101705,239.96975956855977,227.78439717763467,5.349515832474916
2009-08,2019-08,3.5026489780533607,3.1995759684234253,9.472286722395683,229.63240813024572,216.49014954020268,6.070603497644367
2009-09,2019-09,3.4837453404453442,3.271223101525835,6.496721022188301,234.1397170472473,225.84789200381763,3.6714201624204357
2009-10,2019-10,3.4024892629431216,3.2462564866883583,4.812705862750333,231.68088131859304,223.51065325826508,3.65540878755668
2009-11,2019-11,3.4806170132508383,3.3588246679712093,3.626040574282019,239.4460719378913,230.03687983133216,4.090297222540218
2009-12,2019-12,3.489067390619146,3.409264113117037,2.3407772133308358,242.81905238386358,231.61177536438396,4.838820047835535
2010-01,2020-01,3.557635769533851,3.486638060357037,2.036279876137881,248.37519883798697,235.80200717473951,5.332096962995814
2010-02,2020-02,3.668392873388183,3.4491909463145785,6.355169385673443,246.12044170810216,231.59521764184137,6.271815201609154
2010-03,2020-03,2.8076363602138223,2.7492751778839937,2.1227843178196037,197.39926512960625,184.08922439698338,7.230211749885007
2010-04,2020-04,2.8138524466162083,2.835339365235474,-0.7578252847867284,204.0386805057141,191.09162075057276,6.775315267245974
2010-05,2020-05,3.16572739208419,2.972936334899405,6.484870023000622,214.13074467487672,199.78835223090803,7.178793099705971
2010-06,2020-06,3.4956220559350037,3.117209393771538,12.139468812058896,225.76047730218477,210.7943391005795,7.099876716548947
2010-07,2020-07,3.6228533073175746,3.1729546034180816,14.179172415982165,231.02485458820436,217.67965208511384,6.130661444585761
2010-08,2020-08,3.803462825972991,3.2957631717804214,15.404615797023503,241.8612426205613,225.01908929112855,7.484766462476644
2010-09,2020-09,3.656300656943679,3.243553319147696,12.725159637716077,237.55725618938317,226.36324918403537,4.945152115327245
2010-10,2020-10,3.556558552077896,3.2802206150045463,8.424370477074362,238.9542418866455,229.0812608133477,4.3098161055356465
2010-11,2020-11,3.607285619184722,3.3950239277158847,6.252141251082244,245.7440262744264,236.0066171229685,4.1259051420513115
2010-12,2020-12,3.6262417844730734,3.5265748475822156,2.826168199979895,253.49347451019074,241.8178117222701,4.8282889935875595
2011-01,2021-01,3.602796324524865,3.618441174862918,-0.4323643685777423,257.87850668769676,245.51033996750368,5.0377376047909594
2011-02,2021-02,3.5796983056285128,3.6981633306300714,-3.2033475650026344,261.6347711427434,247.3899870754895,5.758027734124571
2011-03,2021-03,3.649630908755287,3.715586421320763,-1.7751037141004233,261.1816455042589,244.94021754611856,6.630772243468885
2011-04,2021-04,3.785255701473565,3.9135892295791757,-3.279177261007804,274.0999093735849,257.62457948232054,6.3950923954424255
2011-05,2021-05,3.7889880298592127,3.924660226853603,-3.456915736707189,273.3776947725973,256.17013746390546,6.717237801036191
2011-06,2021-06,4.004171754484347,3.988544282144229,0.3918089216178089,275.4879241417486,258.254606531043,6.672995243797941
2011-07,2021-07,4.002834375537762,4.094757761233703,-2.2449041202438735,280.84658411287063,263.5361802241927,6.568511342143535
2011-08,2021-08,4.56505283880199,4.168865481534466,9.503481439312278,283.91754281364257,263.1314549221421,7.899507072482415
2011-09,2021-09,4.5974294586878655,4.0998505567267,12.136513150333705,280.11802464420083,260.65348652848166,7.4675916961472355
2011-10,2021-10,4.482787037071078,4.040280480287033,10.952372216312266,277.77292941678303,259.8384649323451,6.90215918921302
2011-11,2021-11,4.613850611885558,4.162734896903664,10.837003223948848,287.30645931122797,270.9746517531045,6.027061000895384
2011-12,2021-12,4.555176692142401,4.120616886730803,10.545989043799885,284.44746840270057,266.6692861207643,6.666752868526893
2012-01,2022-01,4.2580194166327745,3.9827985993628054,6.910236869973807,275.13113942996006,258.257808381816,6.5335221242170505
2012-02,2022-02,3.9691691331533785,3.819111098733818,3.9291350929620883,263.9844097919432,248.47399954382502,6.242266907843019
2012-03,2022-03,3.823445870117531,3.7443471364222685,2.112483987551461,258.6880321843622,243.47077036176896,6.250139102933061
2012-04,2022-04,3.829407616301806,3.7096451704641864,3.228407039874215,256.17059681064706,242.97703894567522,5.429960757700103
2012-05,2022-05,3.640431593292951,3.37770789252845,7.778165226947276,233.39960591671684,220.4721915350603,5.863512441931151
2012-06,2022-06,3.558762837628987,3.20554239092812,11.019053989131521,222.9872619583606,210.27981740244752,6.043111846341742
2012-07,2022-07,3.473768417832182,3.1609972282920773,9.894699898522163,221.4548369223783,208.77727227288844,6.072291543745845
2012-08,2022-08,3.576513607887885,3.302510728928063,8.296805111326888,233.1016593523945,217.65428847920836,7.097204921216971
2012-09,2022-09,3.218936930907648,3.0131771101728706,6.8286666601875545,213.7508984058732,200.4769407797253,6.621189237286229
2012-10,2022-10,3.126159257717707,2.8778274357115805,8.629142210701147,204.99558225333513,194.59233528593506,5.3461750958039955
2012-11,2022-11,3.387426432558401,2.980154921664705,13.666118762248614,213.5936854941171,204.19391045233942,4.603357181884049
2012-12,2022-12,3.315590542553116,2.9143969183380296,13.7659226061724,211.23154714884595,198.17620259656815,6.587745844971549
2013-01,2023-01,3.223596766402604,2.890330564804706,11.530383605807938,211.79350691517257,199.21774913185953,6.3125689543803265
2013-02,2023-02,3.249214295845276,2.9247022004969225,11.095560269117911,216.16691183506194,204.90272051873092,5.497336144593223
2013-03,2023-03,3.0813010906265736,2.800414983222665,10.03016014007574,208.38889042065466,197.57719457282826,5.472137546644396
2013-04,2023-04,3.1584643758740985,2.8630973379861597,10.316346355716055,214.55281914712796,206.11668121554328,4.092894316866436
2013-05,2023-05,3.042538524338672,2.8380848744830933,7.203930076010012,213.96189358033212,204.19166681219852,4.78483129143541
2013-06,2023-06,3.2289455506147577,2.9386123769010033,9.87994115848425,222.39351513685182,212.82299437269378,4.496939248678289
2013-07,2023-07,3.2483340094060726,3.0008562453245418,8.246905011431704,228.69908958592114,217.09918155555545,5.3431376144535525
2013-08,2023-08,3.20777861971423,2.9251731299455255,9.661154304872465,224.19244123197058,210.73360031834414,6.386661117778503
2013-09,2023-09,3.139703088516394,2.853631399540606,10.024829731753071,219.86870192515798,207.39164494619814,6.01618111578055
2013-10,2023-10,2.98120267275463,2.7238555544150196,9.447898877107619,211.11724736901738,202.01164869511572,4.507462184838751
2013-11,2023-11,3.002484273970019,2.8155553300550005,6.63915007883602,218.76125551341698,211.7039588960906,3.333568561554534
2013-12,2023-12,3.1105284715461305,2.9231794361703254,6.409084336651327,227.97791021431036,216.1802188582552,5.457340832738566
2014-01,2024-01,3.1703681234237213,2.9717592044687646,6.683210357565295,232.4449691892789,220.3224793555996,5.502157505278271
2014-02,2024-02,3.307748760654696,3.0638104320144928,7.961926302333611,239.94514903700036,228.85684602703634,4.845082505704945
2014-03,2024-03,3.3257243816732016,3.1232870232663448,6.4815483463043,245.4376313802235,233.09866446735168,5.293452427566381
2014-04,2024-04,3.2855001624230558,3.058496697912074,7.4220601469326075,240.6600994955303,232.2352567208989,3.627719104148075
2014-05,2024-05,3.31732785862243,3.0997739756707903,7.018378909531986,244.37529449271514,233.8742367993623,4.490044665484705
2014-06,2024-06,3.328681137154421,3.174769152789331,4.847974040249947,250.6539166026045,240.64457084879757,4.159389808173164
2014-07,2024-07,3.3576393147615455,3.2246497800207843,4.124154367545119,254.2363491231021,242.28104936139047,4.934475805360616
2014-08,2024-08,3.339278594362993,3.172282871429711,5.264212861888273,249.4357478272769,235.0017882363607,6.142063726084834
2014-09,2024-09,3.3702248523177794,3.24234684396505,3.943995337536066,253.82449288682935,239.62232243751146,5.926897922050456
2014-10,2024-10,3.570934858966775,3.3460164604372555,6.721975255917512,259.381599999406,248.83284097256046,4.239295338033289
2014-11,2024-11,3.462005159375559,3.410146798390512,1.5207075838941098,263.1859162128707,253.97844506022372,3.625296292551017
2014-12,2024-12,3.490758436876718,3.4495259490888763,1.195308816236973,264.55913904490967,251.37840079201104,5.243385355054553
2015-01,2025-01,3.5151243469788955,3.4293875150102666,2.5000625211750727,260.97315369218984,247.69725840587824,5.359726373942197
2015-02,2025-02,3.4558442122927104,3.4776611735487113,-0.6273457984332098,261.28848076816786,249.10565338287498,4.8906266155942735
2015-03,2025-03,3.2546213868657103,3.2964576298991743,-1.2691272793560415,243.90104471739306,232.06732837170657,5.099259955598834
2015-04,2025-04,3.051358500736348,3.119902064714845,-2.1969780639496506,228.54762197367936,221.7550598988712,3.063092259498301
2015-05,2025-05,3.2737659054596033,3.377177377545646,-3.0620681274726724,245.3869054601791,236.5829594684849,3.721293372723644
2015-06,2025-06,3.415629271771221,3.5088689906687387,-2.6572584825900636,252.54652061405946,243.36819687106075,3.771373524150934
2015-07,2025-07,3.573090848819421,3.6640243019147603,-2.48179175688924,261.4563078859169,248.99005884043237,5.006725611271756
2015-08,2025-08,3.731013874718491,3.7196014293885904,0.3068190381832592,263.77430641224765,247.25259455525716,6.682118699991291
2015-09,2025-09,4.017781677731366,3.799900883334523,5.733854673747363,268.4404017303277,250.7924998711229,7.036853920381869
2015-10,2025-10,3.944028414554756,3.851470491596094,2.4031840088252876,271.80187768023416,256.18779376408276,6.094780585264736
2015-11,2025-11,3.838328844316849,3.8339046390801874,0.11539685133439281,269.32852483551153,257.1988179928568,4.716081876780476
2015-12,2025-12,3.949470669556133,3.882306224487963,1.7300140994681135,271.18543397780377,255.76235036445232,6.030240022182354
2016-01,2026-01,4.271333618071503,3.894312659356831,9.681322268996716,271.47477206037405,255.00571276617714,6.45830993962786
2016-02,2026-02,4.277167924635926,3.816427705421294,12.072551998303126,267.094798989956,249.00732088613753,7.263833866189517
2016-03,2026-03,3.8855441630933854,3.6190130753340277,7.364745089647329,254.91286169587102,237.2045863462573,7.465401753979672
2016-04,2026-04,3.954163980167892,3.7323310846940787,5.9435481590453865,263.7418005177649,254.73141382336516,3.5372106483292587
2016-05,2026-05,4.22975055670215,3.9322306304981223,7.566187087209042,278.1164026927958,267.74660970331894,3.8729875985982876
2016-06,2026-06,4.210058557821478,3.901298094093546,7.914300734808921,276.5270165163553,265.3731642006204,4.203082233025879
