mois,us_tr_usd,us_ipc,jp_prix_jpy,usd_par_eur,jpy_par_usd,cash_usd_pct,cash_eur_pct,cash_jpy_pct,us_tr_eur,jp_prix_eur
1871-02,1.0183933933933933,12.84464132,,,,,,,,
1871-03,1.0481908297186076,13.0349719,,,,,,,,
1871-04,1.082675777478692,12.55922645,,,,,,,,
1871-05,1.115034230743702,12.27381157,,,,,,,,
1871-06,1.1108279973629815,12.08348099,,,,,,,,
1871-07,1.0950797442883335,12.08348099,,,,,,,,
1871-08,1.1139870407894357,11.8932314,,,,,,,,
1871-09,1.130654209458171,12.17864628,,,,,,,,
1871-10,1.077314117620785,12.36889587,,,,,,,,
1871-11,1.0941349262837092,12.36889587,,,,,,,,
1871-12,1.1228245274398554,12.65439174,,,,,,,,
1872-01,1.1564480685366962,12.65439174,,,,,,,,
1872-02,1.166495603453149,12.65439174,,,,,,,,
1872-03,1.210119670590485,12.84464132,,,,,,,,
1872-04,1.2492024541977005,13.13013719,,,,,,,,
1872-05,1.2547631736165632,13.13013719,,,,,,,,
1872-06,1.248303646339258,13.0349719,,,,,,,,
1872-07,1.2467483362405865,12.84464132,,,,,,,,
1872-08,1.237921276533184,12.93980661,,,,,,,,
1872-09,1.221751339223971,13.0349719,,,,,,,,
1872-10,1.2327203626113132,12.74947603,,,,,,,,
1872-11,1.2338923150687255,13.13013719,,,,,,,,
1872-12,1.2700366354091226,12.93980661,,,,,,,,
1873-01,1.2863713439431075,12.93980661,,,,,,,,
1873-02,1.3028390788582305,13.22522149,,,,,,,,
1873-03,1.2992025134682135,13.22522149,,,,,,,,
1873-04,1.2879732679995546,13.22522149,,,,,,,,
1873-05,1.2971837249838438,12.93980661,,,,,,,,
1873-06,1.28594574716839,12.55922645,,,,,,,,
1873-07,1.29019565153696,12.55922645,,,,,,,,
1873-08,1.297118230485515,12.55922645,,,,,,,,
1873-09,1.2049562837772259,12.55922645,,,,,,,,
1873-10,1.1070590548392614,12.27381157,,,,,,,,
1873-11,1.0746377251206691,11.8932314,,,,,,,,
1873-12,1.1830324956619247,12.17864628,,,,,,,,
1874-01,1.2546300505464416,12.36889587,,,,,,,,
1874-02,1.2997267315478425,12.36889587,,,,,,,,
1874-03,1.288218734445596,12.36889587,,,,,,,,
1874-04,1.2603027893545442,12.17864628,,,,,,,,
1874-05,1.234959744133828,12.08348099,,,,,,,,
1874-06,1.2370271990626234,11.79806612,,,,,,,,
1874-07,1.2446546089223145,11.8932314,,,,,,,,
1874-08,1.255119754176706,11.79806612,,,,,,,,
1874-09,1.2824965273382787,11.79806612,,,,,,,,
1874-10,1.2874400712211906,11.60773554,,,,,,,,
1874-11,1.3066237808917052,11.51265124,,,,,,,,
1874-12,1.3059089976417644,11.51265124,,,,,,,,
1875-01,1.3137593132938878,11.51265124,,,,,,,,
1875-02,1.3187027908861284,11.51265124,,,,,,,,
1875-03,1.3439924829298884,11.51265124,,,,,,,,
1875-04,1.3693692473134593,11.60773554,,,,,,,,
1875-05,1.324153067417849,11.32232066,,,,,,,,
1875-06,1.3052683340738025,11.13207107,,,,,,,,
1875-07,1.3160089838928077,11.13207107,,,,,,,,
1875-08,1.3297486372933591,11.22715537,,,,,,,,
1875-09,1.325414139184268,11.13207107,,,,,,,,
1875-10,1.3118920841792414,11.13207107,,,,,,,,
1875-11,1.340939307167125,11.03690579,,,,,,,,
1875-12,1.3486105846680811,10.9417405,,,,,,,,
1876-01,1.3841003368961886,10.84657521,,,,,,,,
1876-02,1.4104789307608019,10.84657521,,,,,,,,
1876-03,1.4151597236726188,10.84657521,,,,,,,,
1876-04,1.3696612403172908,10.75149091,,,,,,,,
1876-05,1.327056570399587,10.37091074,,,,,,,,
1876-06,1.3254691821574824,10.08541488,,,,,,,,
1876-07,1.3174844280481,10.08541488,,,,,,,,
1876-08,1.2708904665683503,10.18058017,,,,,,,,
1876-09,1.2013633799749162,10.27574545,,,,,,,,
1876-10,1.2029912436334187,10.46599504,,,,,,,,
1876-11,1.1882406698014012,10.56116033,,,,,,,,
1876-12,1.1898910040650141,10.75149091,,,,,,,,
1877-01,1.1879743267493414,10.9417405,,,,,,,,
1877-02,1.1255554784966877,10.65632562,,,,,,,,
1877-03,1.0759192682111864,10.18058017,,,,,,,,
1877-04,1.0053028739697862,10.46599504,,,,,,,,
1877-05,1.0125462977385822,10.65632562,,,,,,,,
1877-06,0.9472531336978998,10.08541488,,,,,,,,
1877-07,0.9957087747678307,10.18058017,,,,,,,,
1877-08,1.0721832846708323,9.8,,,,,,,,
1877-09,1.145346611268248,9.704834711,,,,,,,,
1877-10,1.1762279603575612,9.704834711,,,,,,,,
1877-11,1.1643590739902068,9.514585124,,,,,,,,
1877-12,1.1664425385909052,9.514585124,,,,,,,,
1878-01,1.172101280342223,9.229089256,,,,,,,,
1878-02,1.1525151674089147,9.134004959,,,,,,,,
1878-03,1.1799236452502038,8.94367438,,,,,,,,
1878-04,1.2183652419950195,8.848509091,,,,,,,,
1878-05,1.2276889679960723,8.563094215,,,,,,,,
1878-06,1.2590857043283075,8.372844628,,,,,,,,
1878-07,1.290599770270953,8.467928926,,,,,,,,
1878-08,1.2851388272774935,8.563094215,,,,,,,,
1878-09,1.3168792729511947,8.563094215,,,,,,,,
1878-10,1.30757943660836,8.467928926,,,,,,,,
1878-11,1.3094831921099355,8.372844628,,,,,,,,
1878-12,1.3075963287207282,8.18251405,,,,,,,,
1879-01,1.362606969438914,8.277679339,,,,,,,,
1879-02,1.4179010273956845,8.372844628,,,,,,,,
1879-03,1.4008620101077984,8.277679339,,,,,,,,
1879-04,1.4528890017023728,8.18251405,,,,,,,,
1879-05,1.524451171518761,8.18251405,,,,,,,,
1879-06,1.538315680904401,8.087381157,,,,,,,,
1879-07,1.5755984706707646,8.18251405,,,,,,,,
1879-08,1.5935807032166007,8.18251405,,,,,,,,
1879-09,1.6586747552828807,8.467928926,,,,,,,,
1879-10,1.84592092379642,8.94367438,,,,,,,,
1879-11,1.9510457259790783,9.419419835,,,,,,,,
1879-12,1.953684056913465,9.704834711,,,,,,,,
1880-01,2.0359148306504227,9.990330579,,,,,,,,
1880-02,2.0787447414713465,9.990330579,,,,,,,,
1880-03,2.12588294354157,10.08541488,,,,,,,,
1880-04,2.085103427957911,9.704834711,,,,,,,,
1880-05,1.927613714408001,9.419419835,,,,,,,,
1880-06,1.9434414300923435,9.229089256,,,,,,,,
1880-07,2.0406473123386117,9.229089256,,,,,,,,
1880-08,2.122110278899035,9.229089256,,,,,,,,
1880-09,2.126369491886549,9.324254545,,,,,,,,
1880-10,2.1964958988744416,9.324254545,,,,,,,,
1880-11,2.320641187717955,9.419419835,,,,,,,,
1880-12,2.4247460062994795,9.514585124,,,,,,,,
1881-01,2.579233605017048,9.419419835,,,,,,,,
1881-02,2.5802752987185893,9.514585124,,,,,,,,
1881-03,2.6191327670880007,9.514585124,,,,,,,,
1881-04,2.620531876472129,9.609669421,,,,,,,,
1881-05,2.7485039918223553,9.514585124,,,,,,,,
1881-06,2.7925505301528415,9.514585124,,,,,,,,
1881-07,2.705371742705694,9.609669421,,,,,,,,
1881-08,2.652116393439834,9.8,,,,,,,,
1881-09,2.684376680214875,10.18058017,,,,,,,,
1881-10,2.652522076942992,10.27574545,,,,,,,,
1881-11,2.6810959936255077,10.18058017,,,,,,,,
1881-12,2.614682199491542,10.18058017,,,,,,,,
1882-01,2.5871286987758797,10.18058017,,,,,,,,
1882-02,2.5419704838760753,10.27574545,,,,,,,,
1882-03,2.549287612499783,10.27574545,,,,,,,,
1882-04,2.5610490317039343,10.37091074,,,,,,,,
1882-05,2.541848548767284,10.46599504,,,,,,,,
1882-06,2.5403646908870927,10.56116033,,,,,,,,
1882-07,2.6954104231947555,10.46599504,,,,,,,,
1882-08,2.788252337771463,10.56116033,,,,,,,,
1882-09,2.8273540426161548,10.27574545,,,,,,,,
1882-10,2.76240947860307,10.18058017,,,,,,,,
1882-11,2.6562213053454005,10.08541488,,,,,,,,
1882-12,2.682128225707346,9.990330579,,,,,,,,
1883-01,2.680627948503469,9.990330579,,,,,,,,
1883-02,2.633017197088784,10.08541488,,,,,,,,
1883-03,2.6779245106394844,9.990330579,,,,,,,,
1883-04,2.746359065561377,9.895165289,,,,,,,,
1883-05,2.7122128238007486,9.8,,,,,,,,
1883-06,2.7484461695837603,9.514585124,,,,,,,,
1883-07,2.7187657844019153,9.324254545,,,,,,,,
1883-08,2.6083188899055525,9.324254545,,,,,,,,
1883-09,2.649943113506651,9.229089256,,,,,,,,
1883-10,2.5911739561807354,9.229089256,,,,,,,,
1883-11,2.642917163496538,9.134004959,,,,,,,,
1883-12,2.598142467961111,9.229089256,,,,,,,,
1884-01,2.5336065227948543,9.229089256,,,,,,,,
1884-02,2.615398482403806,9.229089256,,,,,,,,
1884-03,2.6188807642177836,9.229089256,,,,,,,,
1884-04,2.5136025810436387,9.038839669,,,,,,,,
1884-05,2.3232485173345983,8.848509091,,,,,,,,
1884-06,2.241643372281268,8.848509091,,,,,,,,
1884-07,2.2549751190188823,8.753424793,,,,,,,,
1884-08,2.4098866851641874,8.753424793,,,,,,,,
1884-09,2.3469703397445527,8.658259504,,,,,,,,
1884-10,2.283621741267824,8.563094215,,,,,,,,
1884-11,2.2506918128928977,8.372844628,,,,,,,,
1884-12,2.2588839861582164,8.277679339,,,,,,,,
1885-01,2.220030140635933,8.277679339,,,,,,,,
1885-02,2.3011127273172174,8.372844628,,,,,,,,
1885-03,2.319213585441137,8.18251405,,,,,,,,
1885-04,2.32656923431277,8.277679339,,,,,,,,
1885-05,2.3124075085386924,8.087381157,,,,,,,,
1885-06,2.3139687404599663,7.897091074,,,,,,,,
1885-07,2.412142003378861,7.992232066,,,,,,,,
1885-08,2.559218666301623,7.992232066,,,,,,,,
1885-09,2.5382767230396897,7.897091074,,,,,,,,
1885-10,2.69711007131635,7.897091074,,,,,,,,
1885-11,2.883760686651451,7.992232066,,,,,,,,
1885-12,2.872753966473392,8.18251405,,,,,,,,
1886-01,2.8837247560601007,7.992232066,,,,,,,,
1886-02,2.9501197457561186,7.992232066,,,,,,,,
1886-03,2.899791445062009,7.897091074,,,,,,,,
1886-04,2.871543155567482,7.801941983,,,,,,,,
1886-05,2.826287373706544,7.611651901,,,,,,,,
1886-06,2.966569565728167,7.51650281,,,,,,,,
1886-07,3.022524718346497,7.611651901,,,,,,,,
1886-08,3.0559208756081526,7.706792893,,,,,,,,
1886-09,3.146261180822825,7.706792893,,,,,,,,
1886-10,3.236828012423855,7.706792893,,,,,,,,
1886-11,3.327616741497991,7.706792893,,,,,,,,
1886-12,3.251945549045964,7.801941983,,,,,,,,
1887-01,3.228041250720752,7.992232066,,,,,,,,
1887-02,3.215748082875265,8.087381157,,,,,,,,
1887-03,3.302212428515149,8.087381157,,,,,,,,
1887-04,3.3890872116874315,8.087381157,,,,,,,,
1887-05,3.4588410540831536,8.087381157,,,,,,,,
1887-06,3.370660148678915,7.992232066,,,,,,,,
1887-07,3.299947855711065,7.897091074,,,,,,,,
1887-08,3.229108187967715,7.992232066,,,,,,,,
1887-09,3.199606779063881,7.897091074,,,,,,,,
1887-10,3.1046989881421445,7.992232066,,,,,,,,
1887-11,3.1767190488045762,8.087381157,,,,,,,,
1887-12,3.1712247234057,8.277679339,,,,,,,,
1888-01,3.2077459594280966,8.372844628,,,,,,,,
1888-02,3.2020422931191956,8.277679339,,,,,,,,
1888-03,3.0931344468175563,8.277679339,,,,,,,,
1888-04,3.117657279464323,8.18251405,,,,,,,,
1888-05,3.1727613624577313,8.087381157,,,,,,,,
1888-06,3.086845194035278,7.992232066,,,,,,,,
1888-07,3.179178422785006,8.087381157,,,,,,,,
1888-08,3.2594155669281553,8.087381157,,,,,,,,
1888-09,3.3522830422080925,8.087381157,,,,,,,,
1888-10,3.3457041348126806,8.18251405,,,,,,,,
1888-11,3.288988717212733,8.277679339,,,,,,,,
1888-12,3.2382520910089103,8.277679339,,,,,,,,
1889-01,3.3132862980204205,7.992232066,,,,,,,,
1889-02,3.363254322772532,7.897091074,,,,,,,,
1889-03,3.3054814399481764,7.801941983,,,,,,,,
1889-04,3.3111444918049915,7.801941983,,,,,,,,
1889-05,3.412662818260622,7.611651901,,,,,,,,
1889-06,3.4824235478632235,7.611651901,,,,,,,,
1889-07,3.423642899006962,7.611651901,,,,,,,,
1889-08,3.4808812558389444,7.611651901,,,,,,,,
1889-09,3.5771672713344898,7.706792893,,,,,,,,
1889-10,3.5241438964625726,7.706792893,,,,,,,,
1889-11,3.503521128475865,7.706792893,,,,,,,,
1889-12,3.4958810512486598,7.801941983,,,,,,,,
1890-01,3.547355490286469,7.611651901,,,,,,,,
1890-02,3.5198821670965184,7.611651901,,,,,,,,
1890-03,3.505546807393431,7.611651901,,,,,,,,
1890-04,3.5907510700731327,7.611651901,,,,,,,,
1890-05,3.756187653078976,7.706792893,,,,,,,,
1890-06,3.741706502577782,7.706792893,,,,,,,,
1890-07,3.7271777736251206,7.706792893,,,,,,,,
1890-08,3.6520511458173943,7.992232066,,,,,,,,
1890-09,3.603672156516671,8.087381157,,,,,,,,
1890-10,3.4535191499951434,8.087381157,,,,,,,,
1890-11,3.2144467941391803,7.897091074,,,,,,,,
1890-12,3.1518867892992457,7.897091074,,,,,,,,
1891-01,3.3288949242055446,7.801941983,,,,,,,,
1891-02,3.3827716671248496,7.897091074,,,,,,,,
1891-03,3.3332957549866284,7.992232066,,,,,,,,
1891-04,3.456879485334366,8.087381157,,,,,,,,
1891-05,3.4557202366806656,7.992232066,,,,,,,,
1891-06,3.3987066704862707,7.801941983,,,,,,,,
1891-07,3.3554928743323216,7.706792893,,,,,,,,
1891-08,3.4809428175725587,7.706792893,,,,,,,,
1891-09,3.7763169376573162,7.611651901,,,,,,,,
1891-10,3.7893061453853436,7.611651901,,,,,,,,
1891-11,3.745464892296145,7.51650281,,,,,,,,
1891-12,3.8726917949868396,7.51650281,,,,,,,,
1892-01,3.9575008819389765,7.326212727,,,,,,,,
1892-02,3.978048523390423,7.326212727,,,,,,,,
1892-03,4.034800574335531,7.135922645,,,,,,,,
1892-04,4.041229983255507,7.040773554,,,,,,,,
1892-05,4.055033286744095,7.040773554,,,,,,,,
1892-06,4.0471464775388775,7.040773554,,,,,,,,
1892-07,4.061251830108759,7.231071736,,,,,,,,
1892-08,4.134150323021948,7.326212727,,,,,,,,
1892-09,4.045570144837388,7.326212727,,,,,,,,
1892-10,4.141338682618232,7.326212727,,,,,,,,
1892-11,4.141233729193062,7.51650281,,,,,,,,
1892-12,4.111494169198856,7.611651901,,,,,,,,
1893-01,4.201086437785997,7.897091074,,,,,,,,
1893-02,4.141283984825058,7.992232066,,,,,,,,
1893-03,4.006153612815681,7.801941983,,,,,,,,
1893-04,4.0214501786348595,7.706792893,,,,,,,,
1893-05,3.6809143833762596,7.611651901,,,,,,,,
1893-06,3.5215221713550604,7.421361818,,,,,,,,
1893-07,3.2086974379047155,7.231071736,,,,,,,,
1893-08,3.147715554580263,6.945632562,,,,,,,,
1893-09,3.3873624036345507,7.231071736,,,,,,,,
1893-10,3.504169562949813,7.326212727,,,,,,,,
1893-11,3.5748499608750897,7.135922645,,,,,,,,
1893-12,3.465987826763831,7.040773554,,,,,,,,
1894-01,3.411410962515111,6.850483471,,,,,,,,
1894-02,3.474802401176198,6.755342479,,,,,,,,
1894-03,3.5938024834082594,6.565052397,,,,,,,,
1894-04,3.6573315084614135,6.565052397,,,,,,,,
1894-05,3.536840975340749,6.565052397,,,,,,,,
1894-06,3.5040180193195942,6.565052397,,,,,,,,
1894-07,3.446606756341764,6.565052397,,,,,,,,
1894-08,3.5914520947901423,6.755342479,,,,,,,,
1894-09,3.6633897217832936,6.850483471,,,,,,,,
1894-10,3.5636754699253044,6.660193388,,,,,,,,
1894-11,3.5782709380077757,6.660193388,,,,,,,,
1894-12,3.55971999420474,6.565052397,,,,,,,,
1895-01,3.5326978561867173,6.565052397,,,,,,,,
1895-02,3.4971422912929793,6.565052397,,,,,,,,
1895-03,3.51140072744483,6.565052397,,,,,,,,
1895-04,3.6764463388046225,6.850483471,,,,,,,,
1895-05,3.892497152730904,6.945632562,,,,,,,,
1895-06,3.9825621627723997,7.040773554,,,,,,,,
1895-07,4.01351175489905,6.945632562,,,,,,,,
1895-08,4.086972341698201,6.850483471,,,,,,,,
1895-09,4.126434235394139,6.850483471,,,,,,,,
1895-10,4.080297219141901,6.850483471,,,,,,,,
1895-11,3.956578312407814,6.850483471,,,,,,,,
1895-12,3.73748673918988,6.755342479,,,,,,,,
1896-01,3.7078694638723797,6.660193388,,,,,,,,
1896-02,3.8777990084081244,6.565052397,,,,,,,,
1896-03,3.830415790187407,6.565052397,,,,,,,,
1896-04,3.879002894588433,6.469903306,,,,,,,,
1896-05,3.8750390567889106,6.374754215,,,,,,,,
1896-06,3.818161116087937,6.279613223,,,,,,,,
1896-07,3.584254556047966,6.279613223,,,,,,,,
1896-08,3.3937523135857384,6.279613223,,,,,,,,
1896-09,3.5854488435471374,6.279613223,,,,,,,,
1896-10,3.6794588353572664,6.469903306,,,,,,,,
1896-11,3.944260214305092,6.660193388,,,,,,,,
1896-12,3.813685389858919,6.660193388,,,,,,,,
1897-01,3.827241143614341,6.469903306,,,,,,,,
1897-02,3.8045679140905593,6.469903306,,,,,,,,
1897-03,3.827322506878183,6.469903306,,,,,,,,
1897-04,3.722276662417325,6.374754215,,,,,,,,
1897-05,3.7543652543347155,6.279613223,,,,,,,,
1897-06,3.9430037046137874,6.279613223,,,,,,,,
1897-07,4.132304819238103,6.279613223,,,,,,,,
1897-08,4.414895171226359,6.565052397,,,,,,,,
1897-09,4.64261081690014,6.755342479,,,,,,,,
1897-10,4.507434397532565,6.660193388,,,,,,,,
1897-11,4.362485781014402,6.660193388,,,,,,,,
1897-12,4.470375214308306,6.660193388,,,,,,,,
1898-01,4.606972626777793,6.660193388,,,,,,,,
1898-02,4.611952499852845,6.755342479,,,,,,,,
1898-03,4.418209457636235,6.755342479,,,,,,,,
1898-04,4.356980042338921,6.755342479,,,,,,,,
1898-05,4.657956473673576,7.231071736,,,,,,,,
1898-06,4.8548276661782594,6.755342479,,,,,,,,
1898-07,4.889343955761414,6.660193388,,,,,,,,
1898-08,5.087716895488853,6.660193388,,,,,,,,
1898-09,5.093750715336444,6.660193388,,,,,,,,
1898-10,5.003100997679007,6.660193388,,,,,,,,
1898-11,5.184305544007565,6.660193388,,,,,,,,
1898-12,5.522129965421593,6.755342479,,,,,,,,
1899-01,5.9587528904751625,6.755342479,,,,,,,,
1899-02,6.200639382192819,6.945632562,,,,,,,,
1899-03,6.305662097560785,6.945632562,,,,,,,,
1899-04,6.401174815244281,7.040773554,,,,,,,,
1899-05,6.15126886740325,7.040773554,,,,,,,,
1899-06,6.029514686251615,7.135922645,,,,,,,,
1899-07,6.2551496551119214,7.231071736,,,,,,,,
1899-08,6.431673364925172,7.326212727,,,,,,,,
1899-09,6.3790331811348615,7.611651901,,,,,,,,
1899-10,6.366373587550636,7.706792893,,,,,,,,
1899-11,6.504378625939022,7.801941983,,,,,,,,
1899-12,6.078976153886508,7.897091074,,,,,,,,
1900-01,6.178062455398155,7.897091074,,,,,,,,
1900-02,6.30846008509201,7.992232066,,,,,,,,
1900-03,6.37893503169479,7.992232066,,,,,,,,
1900-04,6.480834952328891,7.992232066,,,,,,,,
1900-05,6.1952539957347454,7.801941983,,,,,,,,
1900-06,6.032423437485923,7.706792893,,,,,,,,
1900-07,6.054942082997015,7.801941983,,,,,,,,
1900-08,6.16085190612111,7.706792893,,,,,,,,
1900-09,6.039631440375671,7.801941983,,,,,,,,
1900-10,6.283039000580465,7.706792893,,,,,,,,
1900-11,6.799873843494271,7.706792893,,,,,,,,
1900-12,7.23535959118719,7.611651901,,,,,,,,
1901-01,7.472474717430646,7.706792893,,,,,,,,
1901-02,7.689435431379808,7.611651901,,,,,,,,
1901-03,7.992151711293323,7.611651901,,,,,,,,
1901-04,8.689797737338942,7.51650281,,,,,,,,
1901-05,8.279532174017014,7.51650281,,,,,,,,
1901-06,9.131941965542051,7.51650281,,,,,,,,
1901-07,8.54747082109452,7.611651901,,,,,,,,
1901-08,8.694177253335939,7.706792893,,,,,,,,
1901-09,8.679308480048206,7.801941983,,,,,,,,
1901-10,8.61029893668549,7.801941983,,,,,,,,
1901-11,8.824222956727477,7.897091074,,,,,,,,
1901-12,8.711371920564709,7.992232066,,,,,,,,
1902-01,8.926946415638806,7.897091074,,,,,,,,
1902-02,9.033375332418853,7.897091074,,,,,,,,
1902-03,9.074047580939359,7.897091074,,,,,,,,
1902-04,9.413706518488892,7.992232066,,,,,,,,
1902-05,9.421495768575928,8.087381157,,,,,,,,
1902-06,9.395974577319443,8.18251405,,,,,,,,
1902-07,9.638582886411585,8.18251405,,,,,,,,
1902-08,9.926871779778704,8.087381157,,,,,,,,
1902-09,9.980038066443715,8.18251405,,,,,,,,
1902-10,9.695137111584607,8.753424793,,,,,,,,
1902-11,9.352847109399256,8.467928926,,,,,,,,
1902-12,9.168400792011225,8.563094215,,,,,,,,
1903-01,9.666844792419147,8.658259504,,,,,,,,
1903-02,9.641449328410692,8.658259504,,,,,,,,
1903-03,9.295132901384445,8.372844628,,,,,,,,
1903-04,8.947782911269075,8.372844628,,,,,,,,
1903-05,8.807148779210987,8.18251405,,,,,,,,
1903-06,8.353271594317437,8.18251405,,,,,,,,
1903-07,8.002474906646606,8.18251405,,,,,,,,
1903-08,7.778882642436202,8.18251405,,,,,,,,
1903-09,7.624888924967159,8.277679339,,,,,,,,
1903-10,7.411452924186232,8.18251405,,,,,,,,
1903-11,7.469495492813746,8.087381157,,,,,,,,
1903-12,7.849115553024424,8.087381157,,,,,,,,
1904-01,8.015048085904,8.277679339,,,,,,,,
1904-02,7.8333996595359645,8.467928926,,,,,,,,
1904-03,7.843442479612293,8.372844628,,,,,,,,
1904-04,8.071069751265341,8.277679339,,,,,,,,
1904-05,7.934657732765981,8.087381157,,,,,,,,
1904-06,7.980434604301169,8.087381157,,,,,,,,
1904-07,8.3447947694722,8.087381157,,,,,,,,
1904-08,8.661037465056193,8.18251405,,,,,,,,
1904-09,9.07699789490435,8.277679339,,,,,,,,
1904-10,9.642935900038944,8.277679339,,,,,,,,
1904-11,10.1980061016914,8.467928926,,,,,,,,
1904-12,10.330110015901395,8.467928926,,,,,,,,
1905-01,10.588018429298401,8.467928926,,,,,,,,
1905-02,11.085527602884643,8.467928926,,,,,,,,
1905-03,11.433524989282015,8.372844628,,,,,,,,
1905-04,11.327896484477717,8.372844628,,,,,,,,
1905-05,10.803981272070622,8.277679339,,,,,,,,
1905-06,10.964981777301478,8.277679339,,,,,,,,
1905-07,11.34341177338883,8.277679339,,,,,,,,
1905-08,11.799887117704468,8.372844628,,,,,,,,
1905-09,11.87310199701269,8.277679339,,,,,,,,
1905-10,12.0753499343345,8.277679339,,,,,,,,
1905-11,12.046139886460939,8.372844628,,,,,,,,
1905-12,12.379317224888831,8.467928926,,,,,,,,
1906-01,12.84384439937064,8.467928926,,,,,,,,
1906-02,12.789807860496897,8.467928926,,,,,,,,
1906-03,12.514381088331008,8.467928926,,,,,,,,
1906-04,12.382746642207499,8.467928926,,,,,,,,
1906-05,12.093772116467472,8.563094215,,,,,,,,
1906-06,12.291931690452802,8.563094215,,,,,,,,
1906-07,12.015561484380365,8.277679339,,,,,,,,
1906-08,12.945761781893095,8.467928926,,,,,,,,
1906-09,13.387321359628526,8.563094215,,,,,,,,
1906-10,13.030092545980148,8.753424793,,,,,,,,
1906-11,13.341917525356454,8.848509091,,,,,,,,
1906-12,13.265780365930116,8.94367438,,,,,,,,
1907-01,12.933607831987489,8.848509091,,,,,,,,
1907-02,12.573593101427118,9.038839669,,,,,,,,
1907-03,11.3843520692457,8.94367438,,,,,,,,
1907-04,11.485845499419923,8.94367438,,,,,,,,
1907-05,11.136375986921184,9.134004959,,,,,,,,
1907-06,10.827032209506706,9.229089256,,,,,,,,
1907-07,11.290046651348845,9.229089256,,,,,,,,
1907-08,10.49330547012707,9.229089256,,,,,,,,
1907-09,10.431757751012778,9.229089256,,,,,,,,
1907-10,9.34812682588604,9.324254545,,,,,,,,
1907-11,8.850299183312217,8.94367438,,,,,,,,
1907-12,9.35535625670657,8.753424793,,,,,,,,
1908-01,9.805882399525414,8.658259504,,,,,,,,
1908-02,9.499693125135366,8.563094215,,,,,,,,
1908-03,9.939893551514746,8.563094215,,,,,,,,
1908-04,10.526677636269197,8.658259504,,,,,,,,
1908-05,11.145010900325051,8.658259504,,,,,,,,
1908-06,11.210741633026835,8.658259504,,,,,,,,
1908-07,11.67256109120149,8.753424793,,,,,,,,
1908-08,12.22441629691588,8.753424793,,,,,,,,
1908-09,12.141785557217194,8.753424793,,,,,,,,
1908-10,12.340767675279013,8.848509091,,,,,,,,
1908-11,13.226569674284606,8.94367438,,,,,,,,
1908-12,13.576082651710019,9.038839669,,,,,,,,
1909-01,13.671714101396715,8.94367438,,,,,,,,
1909-02,13.330512281388257,9.038839669,,,,,,,,
1909-03,13.56404871813606,9.038839669,,,,,,,,
1909-04,14.224675167895578,9.229089256,,,,,,,,
1909-05,14.750812630047168,9.324254545,,,,,,,,
1909-06,15.064822660074132,9.419419835,,,,,,,,
1909-07,15.33426008780316,9.419419835,,,,,,,,
1909-08,15.75935899652498,9.514585124,,,,,,,,
1909-09,15.830312233657336,9.609669421,,,,,,,,
1909-10,15.948547629167635,9.8,,,,,,,,
1909-11,15.927332267259496,9.895165289,,,,,,,,
1909-12,16.172448382701933,9.990330579,,,,,,,,
1910-01,15.88491638172307,9.895165289,,,,,,,,
1910-02,15.376036992014267,9.895165289,,,,,,,,
1910-03,15.814683794920025,10.08541488,,,,,,,,
1910-04,15.493150314149814,10.18058017,,,,,,,,
1910-05,15.298224061697695,9.990330579,,,,,,,,
1910-06,14.622792533869077,9.895165289,,,,,,,,
1910-07,13.944881478899187,9.895165289,,,,,,,,
1910-08,14.345689222023411,9.8,,,,,,,,
1910-09,14.505423473483324,9.704834711,,,,,,,,
1910-10,15.235985626538952,9.419419835,,,,,,,,
1910-11,15.28332562122084,9.229089256,,,,,,,,
1910-12,14.920804918605057,9.229089256,,,,,,,,
1911-01,15.348095004211519,9.229089256,,,,,,,,
1911-02,15.677850011943141,8.94367438,,,,,,,,
1911-03,15.56008602722989,9.038839669,,,,,,,,
1911-04,15.5586947462904,8.753424793,,,,,,,,
1911-05,15.959677629927732,8.753424793,,,,,,,,
1911-06,16.345482073337553,8.753424793,,,,,,,,
1911-07,16.344073465782113,8.848509091,,,,,,,,
1911-08,15.629833495185022,9.134004959,,,,,,,,
1911-09,14.844364763556767,9.229089256,,,,,,,,
1911-10,14.997031721428794,9.229089256,,,,,,,,
1911-11,15.666337322910756,9.134004959,,,,,,,,
1911-12,15.803079517478608,9.038839669,,,,,,,,
1912-01,15.888484378244494,9.134004959,,,,,,,,
1912-02,15.817593050376283,9.229089256,,,,,,,,
1912-03,16.34141959013916,9.419419835,,,,,,,,
1912-04,16.920295343416015,9.704834711,,,,,,,,
1912-05,16.972373624704147,9.704834711,,,,,,,,
1912-06,17.042501299301698,9.609669421,,,,,,,,
1912-07,17.13082699758044,9.609669421,,,,,,,,
1912-08,17.59477945242367,9.704834711,,,,,,,,
1912-09,17.755825790004252,9.8,,,,,,,,
1912-10,17.79158655137814,9.8,,,,,,,,
1912-11,17.664899847682353,9.8,,,,,,,,
1912-12,17.102092144416005,9.704834711,,,,,,,,
1913-01,17.02916211394941,9.8,,,,,,,,
1913-02,16.498145230826257,9.8,,,,,,,,
1913-03,16.25904167675631,9.8,,,,,,,,
1913-04,16.314470227927067,9.8,,,,,,,,
1913-05,15.943264989521447,9.7,,,,,,,,
1913-06,15.216028340876605,9.8,,,,,,,,
1913-07,15.49711260825733,9.9,,,,,,,,
1913-08,15.986693322491458,9.9,,,,,,,,
1913-09,16.213723286834533,10.0,,,,,,,,
1913-10,15.77654200242985,10.0,,,,,,,,
1913-11,15.451843196084441,10.1,,,,,,,,
1913-12,15.509427704889719,10.0,,,,,,,,
1914-01,16.22236626076851,10.0,,,,,,,,
1914-02,16.511474540405864,9.9,,,,,,,,
1914-03,16.275387713987914,9.9,,,,,,,,
1914-04,15.959139194705697,9.8,,,,,,,,
1914-05,16.131931598753464,9.9,,,,,,,,
1914-06,16.126995267174898,9.9,,,,,,,,
1914-07,15.307917145517951,10.0,,,,,,,,
1914-08,15.381001819389782,10.2,,,,,,,,
1914-09,15.453600949071145,10.2,,,,,,,,
1914-10,15.525704338915988,10.1,,,,,,,,
1914-11,15.597301825287941,10.2,,,,,,,,
1914-12,14.99818671611347,10.1,,,,,,,,
1915-01,15.335016741592808,10.1,,,,,,,,
1915-02,15.202048342194617,10.0,,,,,,,,
1915-03,15.665954571245893,9.9,,,,,,,,
1915-04,16.918558356333193,10.0,,,,,,,,
1915-05,16.597126532032586,10.1,,,,,,,,
1915-06,16.85895751139012,10.1,,,,,,,,
1915-07,16.87045543224677,10.1,,,,,,,,
1915-08,17.661446708739764,10.1,,,,,,,,
1915-09,18.39249311816589,10.1,,,,,,,,
1915-10,19.487742013115334,10.2,,,,,,,,
1915-11,20.246285669227593,10.3,,,,,,,,
1915-12,20.365780131863097,10.3,,,,,,,,
1916-01,20.12245059287551,10.4,,,,,,,,
1916-02,19.92325702381438,10.4,,,,,,,,
1916-03,19.941754612989573,10.5,,,,,,,,
1916-04,19.810060019412152,10.6,,,,,,,,
1916-05,20.335015689276066,10.7,,,,,,,,
1916-06,20.62293055542682,10.8,,,,,,,,
1916-07,20.42937025101504,10.8,,,,,,,,
1916-08,20.679609747399585,10.9,,,,,,,,
1916-09,21.622329412183593,11.1,,,,,,,,
1916-10,22.392643511756937,11.3,,,,,,,,
1916-11,23.011395481605852,11.5,,,,,,,,
1916-12,22.19251134595615,11.6,,,,,,,,
1917-01,21.779383405152004,11.7,,,,,,,,
1917-02,20.660771970646532,12.0,,,,,,,,
1917-03,21.414386784359902,12.0,,,,,,,,
1917-04,21.208005919244247,12.6,,,,,,,,
1917-05,20.609425177841217,12.8,,,,,,,,
1917-06,21.149278912983124,13.0,,,,,,,,
1917-07,20.688354086230962,12.8,,,,,,,,
1917-08,20.20325258678581,13.0,,,,,,,,
1917-09,19.36194383188961,13.3,,,,,,,,
1917-10,18.445569895420757,13.5,,,,,,,,
1917-11,17.04437907810455,13.5,,,,,,,,
1917-12,16.602532603423576,13.7,,,,,,,,
1918-01,17.74192209581539,14.0,,,,,,,,
1918-02,18.420675703503196,14.1,,,,,,,,
1918-03,18.185148894373615,14.0,,,,,,,,
1918-04,18.145597860835025,14.2,,,,,,,,
1918-05,18.858670361145233,14.5,,,,,,,,
1918-06,19.017093331248937,14.7,,,,,,,,
1918-07,19.30213701205289,15.1,,,,,,,,
1918-08,19.61270179975236,15.4,,,,,,,,
1918-09,19.638576076533038,15.7,,,,,,,,
1918-10,20.600102292481772,16.0,,,,,,,,
1918-11,21.250953700789616,16.3,,,,,,,,
1918-12,20.954336791194226,16.5,,,,,,,,
1919-01,20.946976248840357,16.5,,,,,,,,
1919-02,21.1522877474662,16.2,,,,,,,,
1919-03,21.921787217128674,16.4,,,,,,,,
1919-04,22.77595849717047,16.7,,,,,,,,
1919-05,24.475626842192227,16.9,,,,,,,,
1919-06,25.25555437906253,16.9,,,,,,,,
1919-07,26.20314040280175,17.4,,,,,,,,
1919-08,24.56447976388942,17.7,,,,,,,,
1919-09,25.07681671499647,17.8,,,,,,,,
1919-10,26.481577682418955,18.1,,,,,,,,
1919-11,25.82287057545931,18.5,,,,,,,,
1919-12,25.188304205677895,18.9,,,,,,,,
1920-01,25.058479958384616,19.3,,,,,,,,
1920-02,23.111386875698997,19.5,,,,,,,,
1920-03,24.862573751620015,19.7,,,,,,,,
1920-04,24.786891541824374,20.3,,,,,,,,
1920-05,23.355808829870384,20.6,,,,,,,,
1920-06,23.075693670206924,20.9,,,,,,,,
1920-07,23.1724008333892,20.8,,,,,,,,
1920-08,22.39039333665937,20.3,,,,,,,,
1920-09,23.3122785009045,20.0,,,,,,,,
1920-10,23.468607026684072,19.9,,,,,,,,
1920-11,22.404304705274075,19.8,,,,,,,,
1920-12,20.524799196910507,19.4,,,,,,,,
1921-01,21.55601212572445,19.0,,,,,,,,
1921-02,21.531176729663045,18.4,,,,,,,,
1921-03,21.108660425212328,18.3,,,,,,,,
1921-04,21.32682927139491,18.1,,,,,,,,
1921-05,22.100788444615866,17.7,,,,,,,,
1921-06,20.456938835936864,17.6,,,,,,,,
1921-07,20.519610984431694,17.7,,,,,,,,
1921-08,20.393052434294177,17.7,,,,,,,,
1921-09,21.023419074462765,17.5,,,,,,,,
1921-10,21.433789217591745,17.5,,,,,,,,
1921-11,22.7092063118057,17.4,,,,,,,,
1921-12,23.63665973294413,17.3,,,,,,,,
1922-01,23.72940640736364,16.9,,,,,,,,
1922-02,24.376357792326043,16.9,,,,,,,,
1922-03,25.419950187758232,16.7,,,,,,,,
1922-04,27.094004982261477,16.7,,,,,,,,
1922-05,28.282269057853792,16.7,,,,,,,,
1922-06,28.151025624847925,16.7,,,,,,,,
1922-07,28.486727993541873,16.8,,,,,,,,
1922-08,29.695517049695567,16.6,,,,,,,,
1922-09,30.60843840482376,16.6,,,,,,,,
1922-10,31.425367265376348,16.7,,,,,,,,
1922-11,30.00732302003753,16.8,,,,,,,,
1922-12,30.08404628912285,16.9,,,,,,,,
1923-01,30.641326406268647,16.8,,,,,,,,
1923-02,32.096875481708,16.8,,,,,,,,
1923-03,32.76411925631427,16.8,,,,,,,,
1923-04,31.767153085977867,16.9,,,,,,,,
1923-05,30.416845444227103,16.9,,,,,,,,
1923-06,29.411136598320326,17.0,,,,,,,,
1923-07,28.5770275954525,17.2,,,,,,,,
1923-08,28.87346402831558,17.1,,,,,,,,
1923-09,29.207647639754423,17.2,,,,,,,,
1923-10,28.934893605098107,17.3,,,,,,,,
1923-11,29.958334844972082,17.3,,,,,,,,
1923-12,31.13263878035038,17.3,,,,,,,,
1924-01,32.31352465112513,17.3,,,,,,,,
1924-02,32.62254026578146,17.2,,,,,,,,
1924-03,32.16127642605954,17.1,,,,,,,,
1924-04,31.58727157582317,17.0,,,,,,,,
1924-05,31.642487365254244,17.0,,,,,,,,
1924-06,32.4083326910957,17.0,,,,,,,,
1924-07,34.07997802458378,17.1,,,,,,,,
1924-08,35.4208156981922,17.0,,,,,,,,
1924-09,35.25173882097474,17.1,,,,,,,,
1924-10,34.96804171927405,17.2,,,,,,,,
1924-11,37.09634942826122,17.2,,,,,,,,
1924-12,39.27377173650718,17.3,,,,,,,,
1925-01,41.075816797599444,17.3,,,,,,,,
1925-02,41.60586177758926,17.2,,,,,,,,
1925-03,40.69683023804845,17.3,,,,,,,,
1925-04,40.45094539510393,17.2,,,,,,,,
1925-05,41.93663884027365,17.3,,,,,,,,
1925-06,42.87701822991379,17.5,,,,,,,,
1925-07,44.25966973135248,17.7,,,,,,,,
1925-08,45.05159218533696,17.7,,,,,,,,
1925-09,46.288842392945384,17.7,,,,,,,,
1925-10,48.0153572304471,17.7,,,,,,,,
1925-11,49.71002877474963,18.0,,,,,,,,
1925-12,50.72369167798678,17.9,,,,,,,,
1926-01,51.7032573529479,17.9,,,,,,,,
1926-02,51.99447135187261,17.9,,,,,,,,
1926-03,48.67813100765541,17.8,,,,,,,,
1926-04,47.53433919100644,17.9,,,,,,,,
1926-05,48.08555947888124,17.8,,,,,,,,
1926-06,50.59694845252955,17.7,,,,,,,,
1926-07,52.954970977954524,17.5,,,,,,,,
1926-08,55.28381478879167,17.4,,,,,,,,
1926-09,56.36094323051309,17.5,,,,,,,,
1926-10,55.32956335720696,17.6,,,,,,,,
1926-11,56.29368737307995,17.7,,,,,,,,
1926-12,57.81946396412439,17.7,,,,,,,,
1927-01,57.68255884590442,17.5,,,,,,,,
1927-02,59.05406212473244,17.4,,,,,,,,
1927-03,60.21770671149968,17.3,,,,,,,,
1927-04,61.953144549657885,17.3,,,,,,,,
1927-05,64.35224846359615,17.4,,,,,,,,
1927-06,65.4503225445226,17.6,,,,,,,,
1927-07,67.17071951057845,17.3,,,,,,,,
1927-08,71.0188764830655,17.2,,,,,,,,
1927-09,75.32741406134257,17.3,,,,,,,,
1927-10,74.45166987769848,17.4,,,,,,,,
1927-11,76.43172870193885,17.3,,,,,,,,
1927-12,78.51127505241658,17.3,,,,,,,,
1928-01,79.11708441847824,17.3,,,,,,,,
1928-02,78.46390586500053,17.1,,,,,,,,
1928-03,82.9752784356643,17.1,,,,,,,,
1928-04,88.5057133522938,17.1,,,,,,,,
1928-05,91.54840139212375,17.2,,,,,,,,
1928-06,87.37150557860811,17.1,,,,,,,,
1928-07,88.32725583263068,17.1,,,,,,,,
1928-08,91.50172787995923,17.1,,,,,,,,
1928-09,98.25179215017361,17.3,,,,,,,,
1928-10,100.57105888764387,17.2,,,,,,,,
1928-11,107.69612264409243,17.2,,,,,,,,
1928-12,108.44725561859046,17.1,,,,,,,,
1929-01,116.79355628498882,17.1,,,,,,,,
1929-02,117.74491168111555,17.1,,,,,,,,
1929-03,120.16357466616184,17.0,,,,,,,,
1929-04,119.8052418147193,16.9,,,,,,,,
1929-05,121.9615466021282,17.0,,,,,,,,
1929-06,124.65094287852611,17.1,,,,,,,,
1929-07,136.12296082094753,17.3,,,,,,,,
1929-08,144.2363290089236,17.3,,,,,,,,
1929-09,150.36198041256947,17.3,,,,,,,,
1929-10,134.84138940991951,17.3,,,,,,,,
1929-11,99.52922848191986,17.3,,,,,,,,
1929-12,103.88584882484808,17.2,,,,,,,,
1930-01,105.78346463352253,17.1,,,,,,,,
1930-02,112.80471419364643,17.0,,,,,,,,
1930-03,117.45499522505445,16.9,,,,,,,,
1930-04,125.31039086609293,17.0,,,,,,,,
1930-05,118.2287459766723,16.9,,,,,,,,
1930-06,106.67872594104396,16.8,,,,,,,,
1930-07,104.8015207581858,16.6,,,,,,,,
1930-08,103.86294335263024,16.5,,,,,,,,
1930-09,104.21993579260493,16.6,,,,,,,,
1930-10,90.28478246722678,16.5,,,,,,,,
1930-11,84.14622337358453,16.4,,,,,,,,
1930-12,78.93982347170912,16.1,,,,,,,,
1931-01,81.74194968990459,15.9,,,,,,,,
1931-02,88.38893938587658,15.7,,,,,,,,
1931-03,90.48732021432038,15.6,,,,,,,,
1931-04,82.26564642913132,15.5,,,,,,,,
1931-05,74.7243262654327,15.3,,,,,,,,
1931-06,72.71672922340954,15.1,,,,,,,,
1931-07,75.51578154926642,15.1,,,,,,,,
1931-08,73.63328852317174,15.1,,,,,,,,
1931-09,63.04739968153111,15.0,,,,,,,,
1931-10,55.00290500238573,14.9,,,,,,,,
1931-11,56.126797694601144,14.7,,,,,,,,
1931-12,45.96203115671139,14.6,,,,,,,,
1932-01,45.559636478328144,14.3,,,,,,,,
1932-02,45.52610714746608,14.1,,,,,,,,
1932-03,46.033182054940895,14.0,,,,,,,,
1932-04,35.329863482850435,13.9,,,,,,,,
1932-05,31.31995210641911,13.7,,,,,,,,
1932-06,27.42627384999495,13.6,,,,,,,,
1932-07,29.109654840861253,13.6,,,,,,,,
1932-08,44.045396523821914,13.5,,,,,,,,
1932-09,48.5981190064746,13.4,,,,,,,,
1932-10,42.162153219930104,13.3,,,,,,,,
1932-11,42.007548788705805,13.2,,,,,,,,
1932-12,40.88536131515409,13.1,,,,,,,,
1933-01,42.75128048074672,12.9,,,,,,,,
1933-02,37.9324654853264,12.7,,,,,,,,
1933-03,38.0563782059118,12.6,,,,,,,,
1933-04,42.33237575713784,12.6,,,,,,,,
1933-05,54.740758999448374,12.6,,,,,,,,
1933-06,64.36307768490195,12.7,,,,,,,,
1933-07,69.80668254684686,13.1,,,,,,,,
1933-08,66.5639559755849,13.2,,,,,,,,
1933-09,66.23903819610395,13.2,,,,,,,,
1933-10,60.025215378558286,13.2,,,,,,,,
1933-11,61.703931044250076,13.2,,,,,,,,
1933-12,63.1340153356642,13.2,,,,,,,,
1934-01,66.97609272496463,13.2,,,,0.72,,,,
1934-02,72.16647514164937,13.3,,,,0.62,,,,
1934-03,68.70398249047372,13.3,,,,0.24,,,,
1934-04,70.09176242232856,13.3,,,,0.15,,,,
1934-05,63.20464768944228,13.3,,,,0.16,,,,
1934-06,64.28114546906623,13.4,,,,0.15,,,,
1934-07,61.481940859782,13.4,,,,0.15,,,,
1934-08,59.32147065179741,13.4,,,,0.19,,,,
1934-09,58.13042372502026,13.6,,,,0.21,,,,
1934-10,58.83321487446604,13.5,,,,0.27,,,,
1934-11,60.722670412129055,13.5,,,,0.25,,,,
1934-12,61.36619871269238,13.4,,,,0.23,,,,
1935-01,61.61471193642088,13.6,,,,0.2,,,,
1935-02,60.001151715623685,13.7,,,,0.19,,,,
1935-03,56.44317696188542,13.7,,,,0.15,,,,
1935-04,60.92119640655335,13.8,,,,0.15,,,,
1935-05,65.95490741457641,13.8,,,,0.15,,,,
1935-06,68.70584714263738,13.7,,,,0.15,,,,
1935-07,72.55301249647412,13.7,,,,0.15,,,,
1935-08,77.70779616993254,13.7,,,,0.16,,,,
1935-09,79.59866309520501,13.7,,,,0.2,,,,
1935-10,81.98113815339482,13.7,,,,0.2,,,,
1935-11,89.94770568927422,13.8,,,,0.16,,,,
1935-12,90.21787070508428,13.8,,,,0.15,,,,
1936-01,95.47596746396955,13.8,,,,0.2,,,,
1936-02,101.24083783470464,13.8,,,,0.2,,,,
1936-03,103.68778133792601,13.7,,,,0.2,,,,
1936-04,104.12776071456143,13.7,,,,0.2,,,,
1936-05,98.91048696585587,13.7,,,,0.2,,,,
1936-06,103.44417678124138,13.8,,,,0.2,,,,
1936-07,109.90503669933457,13.9,,,,0.15,,,,
1936-08,112.44194066342052,14.0,,,,0.2,,,,
1936-09,114.07743833007498,14.0,,,,0.16,,,,
1936-10,120.43086872041637,14.0,,,,0.13,,,,
1936-11,124.18814366810967,14.0,,,,0.11,,,,
1936-12,122.47125688928786,14.0,,,,0.12,,,,
1937-01,126.71276339253647,14.1,,,,0.17,,,,
1937-02,130.90290499041362,14.1,,,,0.15,,,,
1937-03,131.21010396678537,14.2,,,,0.38,,,,
1937-04,123.84812190341961,14.3,,,,0.56,,,,
1937-05,118.80609812810401,14.4,,,,0.41,,,,
1937-06,114.85808009800087,14.4,,,,0.36,,,,
1937-07,122.18766757451986,14.5,,,,0.28,,,,
1937-08,123.92875765062081,14.5,,,,0.29,,,,
1937-09,106.85832393799299,14.6,,,,0.31,,,,
1937-10,91.80000062731548,14.6,,,,0.2,,,,
1937-11,84.2185266341394,14.5,,,,0.09,,,,
1937-12,83.36631535272251,14.4,,,,0.11,,,,
1938-01,86.0602961942621,14.2,,,,0.1,,,,
1938-02,84.50463332480174,14.1,,,,0.08,,,,
1938-03,79.41445387181324,14.1,,,,0.08,,,,
1938-04,76.67145026360602,14.2,,,,0.09,,,,
1938-05,77.85584780258586,14.1,,,,0.05,,,,
1938-06,80.13119405600146,14.1,,,,0.05,,,,
1938-07,96.52979111977672,14.1,,,,0.07,,,,
1938-08,97.53311932388522,14.1,,,,0.06,,,,
1938-09,93.53196373829934,14.1,,,,0.08,,,,
1938-10,104.36442450316763,14.0,,,,0.05,,,,
1938-11,104.8172563603789,14.0,,,,0.04,,,,
1938-12,102.11061335948925,14.0,,,,0.03,,,,
1939-01,100.92598339513432,14.0,,,,0.03,,,,
1939-02,100.46620969505868,13.9,,,,0.03,,,,
1939-03,100.73628015122819,13.9,,,,0.03,,,,
1939-04,88.40735531446057,13.8,,,,0.03,,,,
1939-05,92.03090519219843,13.8,,,,0.03,,,,
1939-06,94.03187396789701,13.8,,,,0.03,,,,
1939-07,96.70557117170863,13.8,,,,0.04,,,,
1939-08,95.68015627670543,13.8,,,,0.05,,,,
1939-09,106.26522267011335,14.1,,,,0.14,,,,
1939-10,107.74921886245245,14.0,,,,0.05,,,,
1939-11,106.24574138995312,14.0,,,,0.05,,,,
1939-12,104.1633136778901,14.0,,,,0.04,,,,
1940-01,104.01127411520723,13.9,,,,0.01,,,,
1940-02,103.77637987378009,14.0,,,,0.02,,,,
1940-03,103.6277639451556,14.0,,,,0.02,,,,
1940-04,105.10376091133321,14.0,,,,0.02,,,,
1940-05,91.08659469655824,14.0,,,,0.06,,,,
1940-06,83.71845254522196,14.1,,,,0.1,,,,
1940-07,86.9626269924054,14.0,,,,0.05,,,,
1940-08,89.27186122890537,14.0,,,,0.04,,,,
1940-09,93.52394416162204,14.0,,,,0.05,,,,
1940-10,94.89498348101866,14.0,,,,0.02,,,,
1940-11,97.59974108722665,14.0,,,,0.02,,,,
1940-12,94.09604667812994,14.1,,,,0.02,,,,
1941-01,94.77617507794537,14.1,,,,0.02,,,,
1941-02,89.35362060278061,14.1,,,,0.04,,,,
1941-03,90.40767409826334,14.2,,,,0.11,,,,
1941-04,88.10836086140446,14.3,,,,0.1,,,,
1941-05,86.71199186466241,14.4,,,,0.11,,,,
1941-06,90.27518347097806,14.7,,,,0.12,,,,
1941-07,95.4343523969288,14.7,,,,0.12,,,,
1941-08,95.50928216092454,14.9,,,,0.13,,,,
1941-09,96.33559491876474,15.1,,,,0.1,,,,
1941-10,93.02980777668041,15.3,,,,0.09,,,,
1941-11,89.23374602901042,15.4,,,,0.28,,,,
1941-12,83.98796995953552,15.5,,,,0.33,,,,
1942-01,86.17981708275663,15.7,,,,0.27,,,,
1942-02,84.03792131222221,15.8,,,,0.25,,,,
1942-03,80.03033257912489,16.0,,,,0.25,,,,
1942-04,77.25829579459938,16.1,,,,0.32,,,,
1942-05,78.69539207054058,16.3,,,,0.37,,,,
1942-06,83.21070145163716,16.3,,,,0.37,,,,
1942-07,86.84568968768875,16.4,,,,0.38,,,,
1942-08,86.87361047640749,16.5,,,,0.38,,,,
1942-09,88.30633397087675,16.5,,,,0.38,,,,
1942-10,95.3345550597647,16.7,,,,0.38,,,,
1942-11,97.38036096233478,16.8,,,,0.38,,,,
1942-12,98.40009547082806,16.9,,,,0.38,,,,
1943-01,104.79989159607538,16.9,,,,0.38,,,,
1943-02,111.54246803754735,16.9,,,,0.38,,,,
1943-03,116.02051379989042,17.2,,,,0.38,,,,
1943-04,120.41364225828735,17.4,,,,0.38,,,,
1943-05,125.66770488304799,17.5,,,,0.38,,,,
1943-06,128.40688740467874,17.5,,,,0.38,,,,
1943-07,131.58463331334622,17.4,,,,0.38,,,,
1943-08,125.6150833305627,17.3,,,,0.38,,,,
1943-09,128.82500879897572,17.4,,,,0.38,,,,
1943-10,128.18333078548574,17.4,,,,0.38,,,,
1943-11,122.79440411288073,17.4,,,,0.38,,,,
1943-12,124.97103337083925,17.4,,,,0.38,,,,
1944-01,129.55523957711802,17.4,,,,0.38,,,,
1944-02,129.24243655975002,17.4,,,,0.38,,,,
1944-03,133.43339067645672,17.4,,,,0.38,,,,
1944-04,131.6904243624475,17.5,,,,0.38,,,,
1944-05,134.5947270857255,17.5,,,,0.38,,,,
1944-06,141.5191252353837,17.6,,,,0.38,,,,
1944-07,145.79460845081928,17.7,,,,0.38,,,,
1944-08,144.2587809425545,17.7,,,,0.38,,,,
1944-09,142.49449192243998,17.7,,,,0.38,,,,
1944-10,146.60346007575902,17.7,,,,0.38,,,,
1944-11,146.1870805093161,17.7,,,,0.38,,,,
1944-12,149.98809664320365,17.8,,,,0.38,,,,
1945-01,155.06720977595145,17.8,,,,0.38,,,,
1945-02,160.8594001647229,17.8,,,,0.38,,,,
1945-03,161.36905751818597,17.8,,,,0.38,,,,
1945-04,166.05103842847072,17.8,,,,0.38,,,,
1945-05,172.96014150967403,17.9,,,,0.38,,,,
1945-06,176.7434014650982,18.1,,,,0.38,,,,
1945-07,173.75017661011276,18.1,,,,0.38,,,,
1945-08,174.98126655818504,18.1,,,,0.38,,,,
1945-09,187.5473521201855,18.1,,,,0.38,,,,
1945-10,196.0130312089439,18.1,,,,0.38,,,,
1945-11,203.08137991011486,18.1,,,,0.38,,,,
1945-12,207.19306277801329,18.2,,,,0.38,,,,
1946-01,216.10673529861813,18.2,,,,0.38,,,,
1946-02,217.37928356710685,18.1,,,,0.38,,,,
1946-03,211.56485890058215,18.3,,,,0.38,,,,
1946-04,225.88641998987808,18.4,,,,0.38,,,,
1946-05,227.05660687442733,18.5,,,,0.38,,,,
1946-06,226.28760945364053,18.7,,,,0.38,,,,
1946-07,220.5262199438883,19.8,,,,0.38,,,,
1946-08,216.9492021881444,20.2,,,,0.38,,,,
1946-09,185.66316610988233,20.4,,,,0.38,,,,
1946-10,182.19420036665258,20.8,,,,0.38,,,,
1946-11,182.17704426079092,21.3,,,,0.38,,,,
1946-12,188.36742601210779,21.5,,,,0.38,,,,
1947-01,190.10349910128554,21.5,,,,0.38,,,,
1947-02,198.2241087770883,21.5,,,,0.38,,,,
1947-03,190.94752756881545,21.9,,,,0.38,,,,
1947-04,184.6637805260064,21.9,,,,0.38,,,,
1947-05,182.16224716854563,21.9,,,,0.38,,,,
1947-06,189.3183187100343,22.0,,,,0.38,,,,
1947-07,202.00120023637476,22.2,,,,0.66,,,,
1947-08,198.8629444305465,22.5,,,,0.75,,,,
1947-09,194.56453775112382,23.0,,,,0.8,,,,
1947-10,200.47152551478774,23.0,,,,0.85,,,,
1947-11,199.02619826238606,23.1,,,,0.92,,,,
1947-12,196.81045145789324,23.4,,,,0.95,,,,
1948-01,195.11180245013318,23.7,,,,0.97,,,,
1948-02,186.4357816307461,23.5,,,,1.0,,,,
1948-03,190.01684717625395,23.4,,,,1.0,,,,
1948-04,205.57475336988077,23.8,,,,1.0,,,,
1948-05,216.53206571129482,23.9,,,,1.0,,,,
1948-06,226.4648317803011,24.1,,,,1.0,,,,
1948-07,222.04040528159567,24.4,,,,1.0,,,,
1948-08,216.52244991614182,24.5,,,,1.06,,,,
1948-09,215.06221382040874,24.5,,,,1.09,,,,
1948-10,221.94211226379645,24.4,,,,1.12,,,,
1948-11,210.64394729422185,24.2,,,,1.14,,,,
1948-12,210.33397418669276,24.1,,,,1.16,,,,
1949-01,213.78030696967636,24.0,,,,1.17,,,,
1949-02,206.68599843619498,23.8,,,,1.17,,,,
1949-03,209.78792100356284,23.8,,,,1.17,,,,
1949-04,210.67122171837045,23.9,,,,1.17,,,,
1949-05,210.30179249349345,23.8,1.0,,,1.17,,,,
1949-06,199.98590619053118,23.9,0.8323136188533876,,,1.17,,,,
1949-07,212.51982363860364,23.7,0.8191139814185361,,,1.02,,,,
1949-08,221.39081047070616,23.8,0.9924087922048493,,,1.04,,,,
1949-09,225.54158651179634,23.9,0.9250509857239971,,,1.07,,,,
1949-10,232.6681206537553,23.7,0.801835486063902,,,1.05,,,,
1949-11,237.23981494581426,23.8,0.6958984817584409,,,1.08,,,,
1949-12,244.97109383138547,23.6,0.6226489916156809,,,1.1,,,,
1950-01,251.4261463340968,23.5,0.5242465443009291,,,1.07,,,,
1950-02,257.78130959056693,23.5,0.6086562429186494,,,1.12,,,,
1950-03,261.33872162007066,23.6,0.5529685021527305,,,1.12,,,,
1950-04,270.2006398459962,23.6,0.5625991389077725,,,1.15,,,,
1950-05,280.7900614094674,23.7,0.5337638794470881,,,1.16,,,,
1950-06,286.88095211249265,23.8,0.4881599818717426,,,1.15,,,,
1950-07,267.64754120762854,24.1,0.5528552005438477,,,1.16,,,,
1950-08,285.4684708253008,24.3,0.6489349648765012,,,1.2,,,,
1950-09,297.25327430981423,24.4,0.5867890324042601,,,1.3,,,,
1950-10,311.3482284747388,24.6,0.6014049399501472,,,1.31,,,,
1950-11,312.58000218874264,24.7,0.6217425787446181,,,1.36,,,,
1950-12,313.24992907190057,25.0,0.5773283480625424,,,1.34,,,,
1951-01,338.3716085208163,25.4,0.6539202356673465,,,1.34,,,,
1951-02,352.97339635287244,25.7,0.6902334013142987,,,1.36,,,,
1951-03,349.0692966659391,25.8,0.6986177203716292,,,1.4,,,,
1951-04,355.81147410874325,25.8,0.6844550192612734,,,1.47,,,,
1951-05,358.0659612953035,25.9,0.7207681849082257,,,1.55,,,,
1951-06,353.98404199189144,25.9,0.7405959664627236,,,1.45,,,,
1951-07,362.34314380825117,25.9,0.7698277815544979,,,1.56,,,,
1951-08,380.31618161554167,25.9,0.8231361885338772,,,1.62,,,,
1951-09,392.2235617010727,26.1,0.8667573079537729,,,1.63,,,,
1951-10,392.2838791589393,26.2,0.9352481305234533,,,1.54,,,,
1951-11,383.3929368859055,26.4,0.8914004078857919,,,1.56,,,,
1951-12,397.1940696866201,26.5,0.9407432585542714,,,1.73,,,,
1952-01,412.42653012652096,26.5,1.0704736007251303,,,1.57,,,,
1952-02,406.9375547006091,26.3,1.0276455925674144,,,1.54,,,,
1952-03,409.9931559885364,26.3,0.9942782687514161,,,1.59,,,,
1952-04,410.8397749232741,26.4,1.1484251076365284,,,1.57,,,,
1952-05,412.7434133075016,26.4,1.2607070020394289,,,1.67,,,,
1952-06,426.15076185748893,26.5,1.3944595513256288,,,1.7,,,,
1952-07,440.49853668759647,26.7,1.4344550192612735,,,1.81,,,,
1952-08,444.377195387165,26.7,1.4390437344210287,,,1.83,,,,
1952-09,439.45045589634225,26.7,1.523340131429866,,,1.71,,,,
1952-10,432.3519034403274,26.7,1.7744731475186948,,,1.74,,,,
1952-11,448.188366144753,26.7,1.9909925220938136,,,1.85,,,,
1952-12,468.377434575764,26.7,2.0615794244278267,,,2.09,,,,
1953-01,473.00904707204893,26.6,2.5608429639700883,,,1.96,,,,
1953-02,469.35036364836327,26.5,2.2666553365057784,,,1.97,,,,
1953-03,473.8424059918656,26.6,1.7394629503738952,,,2.01,,,,
1953-04,452.65309065143157,26.6,1.9225583503285746,,,2.19,,,,
1953-05,457.1971311051932,26.7,1.8898141853614319,,,2.16,,,,
1953-06,442.9940801321856,26.8,1.9616474053931563,,,2.11,,,,
1953-07,451.4716982279651,26.8,2.187457511896669,,,2.04,,,,
1953-08,455.52980118308125,26.9,2.3196804894629506,,,2.04,,,,
1953-09,436.82176438445936,26.9,2.5542148198504417,,,1.79,,,,
1953-10,452.1990668622536,27.0,2.422841604350782,,,1.38,,,,
1953-11,464.4614529056605,26.9,2.3966689326988444,,,1.44,,,,
1953-12,473.0081755594688,26.9,2.1411171538635845,,,1.6,,,,
1954-01,487.32203858243093,26.9,2.012179922954906,,,1.18,,,,
1954-02,500.37492238052187,26.9,2.000963063675504,,,0.97,,,,
1954-03,513.3073641676434,26.9,1.8297643326535236,,,1.03,,,,
1954-04,536.1414117696377,26.8,1.9580217539089053,,,0.97,,,,
1954-05,559.841640221929,26.9,1.8457965103104463,,,0.76,,,,
1954-06,566.6780867509182,26.9,1.9719578518014953,,,0.64,,,,
1954-07,591.9474908330152,26.9,1.8650577838205302,,,0.72,,,,
1954-08,606.1311296640761,26.9,1.9545660548379784,,,0.92,,,,
1954-09,622.7489453732196,26.8,1.9903127124405164,,,1.01,,,,
1954-10,639.6679979542041,26.8,1.8640380693405847,,,0.98,,,,
1954-11,667.2263815038333,26.8,1.851631543167913,,,0.93,,,,
1954-12,700.315010371273,26.7,2.017278495354634,,,1.15,,,,
1955-01,715.5126504806472,26.7,2.092963970088375,,,1.22,,,,
1955-02,742.0317233135936,26.7,2.0790278721957853,,,1.17,,,,
1955-03,738.8046214997808,26.7,1.9912757761160207,,,1.28,,,,
1955-04,766.9455377235386,26.7,1.9611941989576251,,,1.59,,,,
1955-05,766.3474955562455,26.7,1.9823815998187173,,,1.45,,,,
1955-06,813.4459353873065,26.7,1.9967709041468389,,,1.41,,,,
1955-07,875.6551743809919,26.8,2.0716632676184,,,1.6,,,,
1955-08,873.0626860282778,26.8,2.1930659415363696,,,1.9,,,,
1955-09,915.1417148505222,26.9,2.200430546113755,,,2.07,,,,
1955-10,871.9140823213835,26.9,2.3179809653297077,,,2.23,,,,
1955-11,933.5363322889104,26.9,2.227962837072286,,,2.24,,,,
1955-12,945.0973680688323,26.8,2.4115680942669386,,,2.54,,,,
1956-01,922.5826504436528,26.8,2.398934964876501,,,2.41,,,,
1956-02,931.3940287208233,26.8,2.489179696351688,,,2.32,,,,
1956-03,998.5635470723794,26.8,2.575118966689327,,,2.25,,,,
1956-04,1013.4108104617153,26.9,2.681509177430319,,,2.6,,,,
1956-05,984.6863787916784,27.0,2.7669952413324266,,,2.61,,,,
1956-06,982.1474366890785,27.2,2.848572399728076,,,2.49,,,,
1956-07,1038.6333494555336,27.4,2.8344663494221614,,,2.31,,,,
1956-08,1035.699763840433,27.3,2.7967935644686155,,,2.6,,,,
1956-09,1003.7324032874425,27.4,2.7790052118740087,,,2.84,,,,
1956-10,994.1012830151997,27.5,2.8787672784953546,,,2.9,,,,
1956-11,986.9589211316244,27.5,3.1530704736007253,,,2.99,,,,
1956-12,1004.7526516808725,27.6,3.110922275096306,,,3.21,,,,
1957-01,986.0319397393396,27.6,3.216519374575119,,,3.11,,,,
1957-02,946.626347838685,27.7,3.238386585089508,,,3.1,,,,
1957-03,961.9606639172772,27.8,3.295830500793111,,,3.08,,,,
1957-04,987.3951980889107,27.9,3.340641287106277,,,3.07,,,,
1957-05,1028.4727378688212,28.0,2.948334466349422,,,3.06,,,,
1957-06,1048.5709741778223,28.1,2.9610242465443006,,,3.29,,,,
1957-07,1072.9383963958348,28.3,2.754135508724224,,,3.16,,,,
1957-08,1017.1091790062421,28.3,2.99960344436891,,,3.37,,,,
1957-09,979.093318185328,28.3,2.99881033310673,,,3.53,,,,
1957-10,921.3784608093513,28.3,2.8937797416723314,,,3.58,,,,
1957-11,904.8082451990958,28.4,2.7741898934964873,,,3.31,,,,
1957-12,907.7046780368872,28.4,2.6712553818264215,,,3.04,,,,
1958-01,928.829930808342,28.6,2.9611375481531836,,,2.44,,,,
1958-02,935.3366156270176,28.6,2.9920688873782004,,,1.53,,,,
1958-03,957.9492737483932,28.8,3.0023793337865397,,,1.3,,,,
1958-04,966.5116515412002,28.9,3.1530138227962836,,,1.13,,,,
1958-05,1000.873206632197,28.9,3.1722750963063677,,,0.91,,,,
1958-06,1028.223536630365,28.9,3.3107863131656465,,,0.83,,,,
1958-07,1059.7978497011932,29.0,3.2381599818717426,,,0.91,,,,
1958-08,1102.7652230117192,28.9,3.344833446634942,,,1.69,,,,
1958-09,1135.2278261000272,28.9,3.32087015635622,,,2.44,,,,
1958-10,1184.7253012430383,28.9,3.4427826875141627,,,2.63,,,,
1958-11,1224.1450882278868,29.0,3.534953546340358,,,2.67,,,,
1958-12,1250.629370057325,28.9,3.76433265352368,,,2.77,,,,
1959-01,1303.8527604015696,29.0,3.9062429186494443,,,2.82,,,,
1959-02,1287.3716153277096,28.9,4.057273963290279,,,2.7,,,,
1959-03,1323.510630455815,28.9,4.332936777702243,,,2.8,,,,
1959-04,1349.1526080545711,29.0,4.224337185588035,,,2.95,,,,
1959-05,1372.983955450434,29.0,4.510480398821663,,,2.84,,,,
1959-06,1364.6732491408436,29.1,4.589111715386358,,,3.21,,,,
1959-07,1422.37908447996,29.2,4.843133922501699,,,3.2,,,,
1959-08,1417.8618880310942,29.2,4.993938363924768,,,3.38,,,,
1959-09,1365.3683762113121,29.3,5.112621799229549,,,4.04,,,,
1959-10,1367.7949066557835,29.4,5.409811919329255,,,4.05,,,,
1959-11,1376.9601923714597,29.4,5.534387038295943,,,4.15,,,,
1959-12,1424.659363809105,29.4,4.956265578971221,,,4.49,,,,
1960-01,1403.5658136877043,29.3,5.398991615680942,,,4.35,,,,
1960-02,1352.9815928114308,29.4,5.750396555631089,,,3.96,,,,
1960-03,1338.468613493297,29.4,6.002096079764333,,,3.31,,,,
1960-04,1359.680352857199,29.5,6.186494448221164,,,3.23,,,,
1960-05,1351.195403388048,29.5,5.599762066621346,,,3.29,,,,
1960-06,1405.0890628585692,29.6,6.172841604350782,,,2.46,,,,
1960-07,1374.2315795099028,29.6,6.194029005211873,,,2.3,,,,
1960-08,1394.7195413641648,29.6,6.660718332200317,,,2.3,,,,
1960-09,1356.7726063996029,29.6,6.948051212327215,,,2.48,,,,
1960-10,1334.0607131981499,29.8,7.081690460004531,,,2.3,,,,
1960-11,1381.2978341149465,29.8,7.291921595286653,,,2.37,,,,
1960-12,1418.4636357629824,29.8,7.685871289372309,,,2.25,,,,
1961-01,1495.4358282555963,29.8,8.462780421481984,,,2.24,,,,
1961-02,1560.8409670405351,29.8,8.636585089508271,,,2.42,,,,
1961-03,1613.856502541054,29.8,8.991049172898254,,,2.39,,,,
1961-04,1660.96507117158,29.8,9.322173124858372,,,2.29,,,,
1961-05,1681.9489582168635,29.8,9.5135395422615,,,2.29,,,,
1961-06,1663.7805371393831,29.8,9.840527985497394,,,2.33,,,,
1961-07,1663.3297925721931,30.0,9.887038295943801,,,2.24,,,,
1961-08,1727.198644617656,29.9,9.077554951280307,,,2.39,,,,
1961-09,1717.8564677524378,30.0,8.637718105597099,,,2.28,,,,
1961-10,1740.970653053002,30.0,7.531781101291638,,,2.3,,,,
1961-11,1824.093467566415,30.0,7.510650351234987,,,2.48,,,,
1961-12,1845.3506063157236,30.0,8.115794244278268,,,2.6,,,,
1962-01,1781.0151394526836,30.0,8.560729662361206,,,2.72,,,,
1962-02,1815.0378705442702,30.1,8.51393609789259,,,2.73,,,,
1962-03,1821.2413608451905,30.1,8.135112168592794,,,2.72,,,,
1962-04,1767.6212539979413,30.2,7.8088601858146385,,,2.73,,,,
1962-05,1640.6307411479738,30.2,7.744618173578064,,,2.69,,,,
1962-06,1453.4041870237422,30.2,8.168536143213233,,,2.73,,,,
1962-07,1492.9129145666418,30.3,7.990029458418309,,,2.92,,,,
1962-08,1538.0587242677975,30.3,8.027249036936324,,,2.82,,,,
1962-09,1528.9474171748461,30.4,7.400407885791977,,,2.78,,,,
1962-10,1485.3123782380767,30.4,7.135282121006118,,,2.74,,,,
1962-11,1592.304340219084,30.4,8.16802628597326,,,2.83,,,,
1962-12,1665.9656544255881,30.4,8.046850215273057,,,2.87,,,,
1963-01,1735.0632244545375,30.4,8.26234987536823,,,2.91,,,,
1963-02,1762.7615869112967,30.4,8.500509857239972,,,2.92,,,,
1963-03,1760.8674382603122,30.5,9.05925674144573,,,2.89,,,,
1963-04,1848.5637268537184,30.5,9.022037162927713,,,2.9,,,,
1963-05,1890.5554855778423,30.5,8.80778382053025,,,2.93,,,,
1963-06,1894.6884364540226,30.6,8.794640833899841,,,2.99,,,,
1963-07,1871.5449383626255,30.7,7.8573532744164964,,,3.18,,,,
1963-08,1928.2816934135499,30.7,7.651540901880807,,,3.32,,,,
1963-09,1984.0863141314094,30.7,7.374121912531158,,,3.38,,,,
1963-10,1994.0574259210034,30.8,7.696578291411737,,,3.45,,,,
1963-11,1987.9973216668407,30.8,7.252492635395423,,,3.52,,,,
1963-12,2035.6304164024548,30.9,6.989009743938364,,,3.52,,,,
1964-01,2103.4588505191355,30.9,7.517335146159075,,,3.52,,,,
1964-02,2134.6262914353415,30.9,7.141230455472467,,,3.53,,,,
1964-03,2178.873562949889,30.9,6.923691366417403,,,3.54,,,,
1964-04,2215.8025895627507,30.9,6.980738726489916,,,3.47,,,,
1964-05,2242.8818416813174,30.9,7.430772716972581,,,3.48,,,,
1964-06,2235.055465912319,31.0,7.700600498527078,,,3.48,,,,
1964-07,2323.6331875175183,31.1,7.4167799682755495,,,3.46,,,,
1964-08,2295.1997204508434,31.0,7.229265805574438,,,3.5,,,,
1964-09,2340.3573084467052,31.1,6.89570586902334,,,3.53,,,,
1964-10,2386.5134980210346,31.1,6.851348289145706,,,3.57,,,,
1964-11,2408.920754985365,31.2,6.850838431905732,,,3.64,,,,
1964-12,2373.0670070130286,31.2,6.891853614321323,,,3.84,,,,
1965-01,2440.0454524695133,31.2,7.037559483344663,,,3.81,,,,
1965-02,2463.8767188872775,31.2,6.872139134375708,,,3.93,,,,
1965-03,2472.184314740586,31.3,6.417233174711081,,,3.93,,,,
1965-04,2510.739532901105,31.4,6.665760253795604,,,3.93,,,,
1965-05,2554.28812981617,31.4,6.212440516655335,,,3.89,,,,
1965-06,2439.204975669827,31.6,6.0056084296397,,,3.8,,,,
1965-07,2441.7545864132003,31.6,6.215726263312939,,,3.84,,,,
1965-08,2493.525118063671,31.6,7.112961704056197,,,3.84,,,,
1965-09,2583.2351306937417,31.6,6.9325855427147065,,,3.92,,,,
1965-10,2647.7822902956214,31.7,7.0852028098799,,,4.03,,,,
1965-11,2676.3200466797025,31.7,7.77906186267845,,,4.09,,,,
1965-12,2670.7050507416516,31.8,8.032121006118286,,,4.38,,,,
1966-01,2723.645550221268,31.8,8.329820983457966,,,4.59,,,,
1966-02,2711.971115801117,32.0,8.539598912304555,,,4.65,,,,
1966-03,2607.274420982816,32.1,8.975073646045773,,,4.59,,,,
1966-04,2693.9016367567147,32.3,8.80172218445502,,,4.62,,,,
1966-05,2559.0431611578506,32.3,8.577781554498074,,,4.64,,,,
1966-06,2544.7656387195707,32.4,8.468728755948334,,,4.5,,,,
1966-07,2545.2831079117345,32.5,8.491955585769318,,,4.8,,,,
1966-08,2398.48356861281,32.7,8.28823929299796,,,4.96,,,,
1966-09,2321.185880552225,32.7,8.30177883525946,,,5.37,,,,
1966-10,2308.068316506972,32.9,8.163494221617947,,,5.35,,,,
1966-11,2430.7500176442827,32.9,7.875651484251076,,,5.32,,,,
1966-12,2448.1325264135007,32.9,8.226263312939043,,,4.96,,,,
1967-01,2549.2726381649995,32.9,8.288635848629049,,,4.72,,,,
1967-02,2644.386116010883,32.9,8.468275549512802,,,4.56,,,,
1967-03,2714.0575374511113,33.0,8.245977792884657,,,4.26,,,,
1967-04,2768.1343194449832,33.1,8.142080217539089,,,3.84,,,,
1967-05,2825.093694275252,33.2,8.531271244051664,,,3.6,,,,
1967-06,2797.0736304536426,33.3,8.464649898028552,,,3.54,,,,
1967-07,2852.8199992994187,33.4,8.363528212100611,,,4.21,,,,
1967-08,2905.6613508352,33.5,7.606390210740993,,,4.27,,,,
1967-09,2953.7354035935773,33.6,7.500056650804441,,,4.42,,,,
1967-10,2956.6127856100898,33.7,7.795433945162021,,,4.56,,,,
1967-11,2871.411072121361,33.8,7.235837298889644,,,4.73,,,,
1967-12,2960.7617656023663,33.9,7.270960797643326,,,4.97,,,,
1968-01,2960.269858698323,34.1,7.433718558803535,,,5.0,,,,
1968-02,2834.2777335043547,34.2,7.646555631089961,,,4.98,,,,
1968-03,2790.110889484549,34.3,7.711024246544301,,,5.17,,,,
1968-04,3003.9163812492775,34.4,8.248753682302288,,,5.38,,,,
1968-05,3080.782222369408,34.5,8.28427373668706,,,5.66,,,,
1968-06,3171.413523911303,34.7,8.67397462043961,,,5.52,,,,
1968-07,3173.0000984729786,34.9,9.080953999546793,,,5.31,,,,
1968-08,3111.671959240003,35.0,9.58480625424881,,,5.09,,,,
1968-09,3220.854822553464,35.1,10.422671651937456,,,5.19,,,,
1968-10,3308.406458604571,35.3,9.887208248357126,,,5.35,,,,
1968-11,3367.5218333436774,35.4,9.724733741219124,,,5.45,,,,
1968-12,3410.84060329031,35.5,9.62542488103331,,,5.96,,,,
1969-01,3274.9407570308867,35.6,10.368570133695897,,,6.14,,,,
1969-02,3267.154745917357,35.8,9.962270564242012,,,6.12,,,,
1969-03,3204.6549876415984,36.1,10.429526399274868,,,6.02,,,,
1969-04,3277.5638469190103,36.3,10.791638341264445,,,6.11,,,,
1969-05,3392.747729397112,36.4,11.276512576478586,,,6.04,,,,
1969-06,3224.110435868523,36.6,11.242975300249263,,,6.44,,,,
1969-07,3088.5439471573604,36.8,10.568717425787446,,,7.0,,,,
1969-08,3079.8025025206603,37.0,10.895026059370043,,,6.98,,,,
1969-09,3099.1779854548663,37.1,11.421651937457511,,,7.09,,,,
1969-10,3140.9149869190737,37.3,12.068320870156356,,,7.0,,,,
1969-11,3172.253631708514,37.5,12.471164740539313,,,7.24,,,,
1969-12,3012.778178027017,37.7,13.30177883525946,,,7.82,,,,
1970-01,2995.041139543169,37.8,13.009460684341716,,,7.87,,,,
1970-02,2899.326150293755,38.0,13.48453433038749,,,7.13,,,,
1970-03,2957.677473017944,38.2,14.297246770904145,,,6.63,,,,
1970-04,2876.4187181106972,38.5,11.977792884658962,,,6.51,,,,
1970-05,2554.297387476495,38.6,11.478246091094494,,,6.84,,,,
1970-06,2547.412941454503,38.8,12.112565148425107,,,6.68,,,,
1970-07,2560.733949775257,39.0,12.231815091774301,,,6.45,,,,
1970-08,2644.1152562660536,39.0,12.079141173804668,,,6.41,,,,
1970-09,2811.267092334977,39.2,11.700883752549286,,,6.12,,,,
1970-10,2881.206439377718,39.4,11.977113075005663,,,5.91,,,,
1970-11,2887.1162364782504,39.6,11.276172671651937,,,5.28,,,,
1970-12,3093.7384809770397,39.8,11.257307953772944,,,4.87,,,,
1971-01,3220.8835170127513,39.8,11.901767505098572,,358.02,4.44,,,,
1971-02,3354.55586748884,39.9,12.64683888511217,,357.545,3.7,,,,
1971-03,3449.522741882532,40.0,13.614887831407206,,357.5187,3.38,,,,
1971-04,3576.243840180166,40.1,13.982438250623158,,357.5032,3.86,,,,
1971-05,3536.613879242884,40.3,13.915307047360072,,357.413,4.14,,,,
1971-06,3480.164973329116,40.6,14.940799909358711,,357.4118,4.75,,,,
1971-07,3464.0434138779824,40.7,15.078121459324722,,357.4043,5.4,,,,
1971-08,3411.480141581979,40.8,13.013029685021527,,355.78,4.94,,,,
1971-09,3496.2935233412795,40.8,13.756231588488555,,338.021,4.69,,,,
1971-10,3431.114176173542,40.9,12.90765918876048,,331.1105,4.46,,,,
1971-11,3281.1026186632594,40.9,13.838148651710855,,328.752,4.22,,,,
1971-12,3516.1280676091483,41.1,15.373555404486742,,320.0727,4.01,,,,
1972-01,3671.6302525762667,41.1,16.182302288692497,,312.72,3.38,,,,
1972-02,3748.2558371472155,41.3,17.11975980058917,,305.187,3.2,,,,
1972-03,3846.4456506250817,41.4,18.0581237253569,,302.5365,3.73,,,,
1972-04,3894.868484682393,41.5,18.916156809426692,,303.5605,3.71,,,,
1972-05,3864.6486487833176,41.6,20.6027079084523,,304.3795,3.69,,,,
1972-06,3884.593872001659,41.7,21.021414004078856,,302.4145,3.91,,,,
1972-07,3865.0310152990533,41.9,22.31135282121006,,301.0305,3.98,,,,
1972-08,4011.2816677178007,42.0,23.03863584862905,,301.1609,4.02,,,,
1972-09,3962.7367274147896,42.1,24.476716519374573,,301.119,4.66,,,,
1972-10,3979.3487383182655,42.3,25.708078404713344,,301.011,4.74,,,,
1972-11,4188.502575794423,42.4,27.583050079311125,,300.9885,4.78,,,,
1972-12,4285.391264830502,42.5,29.50339904826648,,301.2405,5.07,,,,
1973-01,4327.809556819241,42.6,29.261500113301604,,301.7882,5.41,,,,
1973-02,4183.924906018061,42.9,29.012689780194876,,278.4206,5.6,,,,
1973-03,4127.65685580067,43.3,29.649841377747563,,261.9014,6.09,,,,
1973-04,4060.2906988511577,43.6,25.891287106276906,,265.4914,6.26,,,,
1973-05,3956.0021199807197,43.9,25.81781101291638,,264.6505,6.36,,,,
1973-06,3877.337214640929,44.2,26.484930886018578,,264.4981,7.19,,,,
1973-07,3924.313763319525,44.3,28.558690233401315,,264.5538,8.01,,,,
1973-08,3860.186130502852,45.1,27.657432585542715,,265.22,8.67,,,,
1973-09,3937.2596926942506,45.2,26.157545887151596,,265.4747,8.29,,,,
1973-10,4104.129253158132,45.6,26.62434851574892,,266.3348,7.22,,,,
1973-11,3822.9930664249505,45.9,25.27668252889191,,278.2625,7.83,,,,
1973-12,3562.9420838182987,46.2,24.398368456832088,,280.1775,7.45,,,,
1974-01,3623.5900393844536,46.6,25.209041468388847,,298.1336,7.77,,,,
1974-02,3534.0465335730073,47.2,25.41683661907999,,291.0872,7.12,,,,
1974-03,3695.779428260867,47.8,25.30104237480172,,282.1648,7.96,,,,
1974-04,3517.8302785182154,48.0,26.185984590981192,,277.7741,8.33,,,,
1974-05,3422.7126525578487,48.6,27.03750283254022,,278.9664,8.23,,,,
1974-06,3438.4260094066985,49.0,26.075628823929296,,282.97,7.9,,,,
1974-07,3048.368828642526,49.4,25.44992068887378,,290.98,7.55,,,,
1974-08,2933.7010649458475,50.0,23.055064581917062,,302.2836,8.96,,,,
1974-09,2640.0287006800927,50.6,22.37706775436211,,299.084,8.06,,,,
1974-10,2702.7911651420554,51.1,20.36341491049173,,299.3645,7.46,,,,
1974-11,2803.9793420548003,51.5,22.249546793564466,,300.075,7.47,,,,
1974-12,2633.176585924615,51.9,21.736517108542937,,300.4114,7.15,,,,
1975-01,2860.5690380887627,52.1,22.419725810106502,,299.6845,6.26,,,,
1975-02,3169.8025894719835,52.5,24.209098119193293,,291.6583,5.5,,,,
1975-03,3327.5342351798963,52.7,25.407715839564922,,287.9486,5.49,,,,
1975-04,3377.059771154368,52.9,25.40697937910718,,292.1968,5.61,,,,
1975-05,3603.793771754343,53.2,24.970145026059367,,291.4305,5.23,,,,
1975-06,3708.1544663470445,53.6,25.67720371629277,,293.4662,5.34,,,,
1975-07,3724.1736401329413,54.2,24.54702016768638,,296.3741,6.13,,,,
1975-08,3463.62107304792,54.3,23.003455699070926,,297.9762,6.44,,,,
1975-09,3434.087416132518,54.6,22.016711987310217,,299.909,6.42,,,,
1975-10,3604.7710649206483,54.9,24.654713346929526,,302.3364,5.96,,,,
1975-11,3678.33574483308,55.3,24.528495354634035,,302.5453,5.48,,,,
1975-12,3634.910664243844,55.5,24.598119193292547,,305.67,5.44,,,,
1976-01,3981.884572304429,55.6,26.381486517108538,,304.6357,4.87,,,,
1976-02,4148.264634594676,55.8,26.222297756628144,,301.5944,4.88,,,,
1976-03,4181.562086805761,55.9,26.039428959891225,,300.5183,5.0,,,,
1976-04,4227.4494227579,56.1,26.382053025152956,,299.1086,4.86,,,,
1976-05,4211.327414484569,56.5,26.39621572626331,,299.004,5.2,,,,
1976-06,4249.334783113316,56.8,27.48770677543621,,299.1909,5.41,,,,
1976-07,4362.699076320309,57.1,26.29634035803308,,294.641,5.23,,,,
1976-08,4338.345557804061,57.4,26.84194425560843,,290.6259,5.14,,,,
1976-09,4444.214348642697,57.6,27.364604577384995,,287.361,5.08,,,,
1976-10,4306.312659188932,57.9,26.32149331520508,,291.189,4.92,,,,
1976-11,4290.758552276551,58.0,25.53025152957172,,295.1653,4.75,,,,
1976-12,4453.463946983678,58.2,28.273566734647634,,294.7017,4.35,,,,
1977-01,4429.703171371028,58.5,28.112791751642874,,291.0524,4.62,,,,
1977-02,4324.946985984844,59.1,28.773566734647627,,285.0221,4.67,,,,
1977-03,4322.770238739422,59.5,28.53195105370496,,280.2265,4.6,,,,
1977-04,4271.373496069768,60.0,28.886528438703827,,275.2071,4.54,,,,
1977-05,4274.332228982876,60.3,28.473487423521416,,277.4262,4.96,,,,
1977-06,4312.995690484408,60.7,28.18904373442103,,272.8609,5.02,,,,
1977-07,4368.476153152247,61.0,27.7483571266712,,264.8632,5.19,,,,
1977-08,4277.841644672907,61.2,29.704622705642418,,266.6774,5.49,,,,
1977-09,4227.732911341444,61.4,29.823136188533876,,266.77,5.81,,,,
1977-10,4135.0207671160115,61.6,28.7763992748697,,254.7445,6.16,,,,
1977-11,4175.799472334766,61.9,27.967878993881712,,244.7026,6.1,,,,
1977-12,4172.662160116299,62.1,27.564015409018808,,241.0229,6.07,,,,
1978-01,4031.354591367417,62.5,28.958021753908906,,241.081,6.44,,,,
1978-02,3992.331488386513,62.9,29.58678903240426,,240.3722,6.45,,,,
1978-03,4003.099745941163,63.4,30.861998640380694,,231.8574,6.29,,,,
1978-04,4196.5869190522635,63.9,31.351574892363473,,221.857,6.29,,,,
1978-05,4427.718813458452,64.5,30.986687060956267,,226.1786,6.41,,,,
1978-06,4457.680877427292,65.2,31.402334013142987,,214.1064,6.73,,,,
1978-07,4455.043629251012,65.7,31.732041694992066,,199.6955,7.01,,,,
1978-08,4781.655648316972,66.0,31.641796963516878,,188.7096,7.08,,,,
1978-09,4800.908063583695,66.5,32.70088375254928,,189.9195,7.85,,,,
1978-10,4667.81905997341,67.1,33.44057330614095,,183.631,7.99,,,,
1978-11,4414.063740996782,67.4,33.805970994788126,,192.1425,8.64,,,,
1978-12,4499.003358439149,67.7,34.000963063675506,,195.955,9.08,,,,
1979-01,4687.469555095219,68.3,35.19589848175844,,197.755,9.35,,,,
1979-02,4638.094930627749,69.1,34.40335372762293,,200.5072,9.32,,,,
1979-03,4746.850694211982,69.8,34.749433491955585,,206.3236,9.48,,,,
1979-04,4862.426431635299,70.6,35.254588715159755,,216.2852,9.46,,,,
1979-05,4770.564711089805,71.5,35.42142533423974,,218.4141,9.61,,,,
1979-06,4886.085755683026,72.3,35.39123045547247,,218.5967,9.06,,,,
1979-07,4955.736379645102,73.1,35.768014955812376,,216.51,9.24,,,,
1979-08,5204.4614670219225,73.8,36.46119419895762,,217.9257,9.52,,,,
1979-09,5284.8624817708405,74.6,37.2117040561976,,222.4137,10.26,,,,
1979-10,5107.875835594856,75.2,36.50651484251076,,230.4845,11.7,,,,
1979-11,5091.596334705026,75.9,36.54084523000226,,244.9842,11.79,,,,
1979-12,5316.02100439208,76.7,37.21657602537956,,240.3745,12.04,,,,
1980-01,5492.317619333654,77.8,38.342170858826194,,237.8886,12.0,,,,
1980-02,5733.958133770072,78.9,38.32364604577385,,244.35,12.86,,,,
1980-03,5230.848479650611,80.1,37.141343757081344,,248.4786,15.2,,,,
1980-04,5170.2576931937865,81.0,38.893949694085656,,250.275,13.2,,,,
1980-05,5430.834205060421,81.8,38.83809200090641,,228.6286,8.58,,,,
1980-06,5803.731316912062,82.7,38.92306820756854,,217.9176,7.07,,,,
1980-07,6092.328229270796,82.7,38.6337525492862,,221.1364,8.06,,,,
1980-08,6306.028719775194,83.3,39.16881939723544,,223.9138,9.13,,,,
1980-09,6485.039939910783,84.0,40.08871515975527,,214.4167,10.27,,,,
1980-10,6700.7807284256005,84.8,40.509573985950595,,209.3227,11.62,,,,
1980-11,7010.1300077019305,85.5,40.355880353501014,,213.1059,13.73,,,,
1980-12,6922.998448284166,86.3,40.01319963743485,,209.4886,15.49,,,,
1981-01,6923.8627427221545,87.0,41.094550192612736,,202.3667,15.02,,,,
1981-02,6711.46153978752,87.9,40.48566734647632,,205.7167,14.79,,,,
1981-03,6989.711905287018,88.5,41.549456152277365,,208.7918,13.36,,,,
1981-04,7080.304719937233,89.1,43.47490369363244,,214.9759,13.69,,,,
1981-05,6965.9580182137415,89.8,42.7129503738953,,220.6285,16.3,,,,
1981-06,7025.858910056014,90.6,44.56956718785406,,224.1805,14.73,,,,
1981-07,6884.391718544095,91.6,44.347722637661455,,232.3261,14.95,,,,
1981-08,6939.836001801911,92.3,44.27702243371856,,233.3262,15.51,,,,
1981-09,6363.836753401326,93.2,42.236007251302965,,229.481,14.7,,,,
1981-10,6473.920325595711,93.4,42.20179016542035,,231.519,13.54,,,,
1981-11,6671.1341049589,93.7,42.76756174937684,,223.1267,10.86,,,,
1981-12,6749.977248062665,94.0,43.51824155903014,,218.9545,10.85,,,,
1982-01,6425.836579728801,94.3,44.86075232268298,,224.805,12.28,,,,
1982-02,6302.989703939868,94.6,42.762916383412644,,235.3056,13.48,,,,
1982-03,6130.139156600382,94.5,41.131203263086334,,241.2283,12.68,,,,
1982-04,6465.554035994695,94.9,41.86947654656696,,244.1068,12.7,,,,
1982-05,6502.523884953737,95.8,41.500396555631085,,236.9635,12.09,,,,
1982-06,6159.940313437596,97.0,40.86715386358486,,251.1977,12.47,,,,
1982-07,6175.023510346221,97.5,40.34715612961704,,255.031,11.35,,,,
1982-08,6224.114523920051,97.7,40.35452073419442,,259.0455,8.68,,,,
1982-09,6977.069733532835,97.9,39.149841377747556,,263.2857,7.92,,,,
1982-10,7596.762873371125,98.2,41.12366870609562,,271.615,7.71,,,,
1982-11,7938.642630169759,98.0,44.729322456378874,,264.0879,8.07,,,,
1982-12,8046.282806310186,97.6,45.415080444142305,,241.9413,7.94,,,,
1983-01,8362.224131537469,97.8,45.906809426693854,,232.731,7.86,,,,
1983-02,8540.405134221332,97.9,45.805404486743704,,236.1211,8.11,,,,
1983-03,8870.608922647656,97.9,48.03251756174938,,238.2543,8.35,,,,
1983-04,9242.991517974073,98.6,48.926807160661674,,237.7467,8.21,,,,
1983-05,9651.95139950016,99.2,48.819227283027416,,234.7557,8.19,,,,
1983-06,9821.247764185686,99.5,50.2546453659642,,240.0314,8.79,,,,
1983-07,9890.893631744215,99.9,51.43184908225697,,240.516,9.08,,,,
1983-08,9652.90017319995,100.2,52.05886018581464,,244.4613,9.34,,,,
1983-09,9972.880341092354,100.7,53.26642873328801,,242.3462,9.0,,,,
1983-10,10037.646405109715,101.0,53.0069680489463,,232.8855,8.64,,,,
1983-11,9923.224019633062,101.2,52.79990935871289,,235.03,8.76,,,,
1983-12,9910.659808429835,101.3,56.049286199864035,,234.4624,9.0,,,,
1984-01,10066.995845148374,101.9,57.76172671651938,,233.8,8.9,,,,
1984-02,9552.504195510259,102.4,56.82472241105824,,233.5963,9.09,,,,
1984-03,9594.912536874095,102.6,61.91423068207568,,225.2664,9.52,,,,
1984-04,9643.798077780213,103.1,62.21164740539316,,225.2,9.69,,,,
1984-05,9619.661403311358,103.4,56.31146612281894,,230.4777,9.83,,,,
1984-06,9442.082617614853,103.7,58.79203489689553,,233.5657,9.87,,,,
1984-07,9356.426143033685,104.1,56.64230682075685,,243.0676,10.12,,,,
1984-08,10217.951486041542,104.5,59.960344436891006,,242.2609,10.47,,,,
1984-09,10361.83565690642,105.0,60.32857466576026,,245.4568,10.37,,,,
1984-10,10319.36315173036,105.3,63.74915023793338,,246.7545,9.74,,,,
1984-11,10452.320965800996,105.3,64.745637888058,,243.6305,8.61,,,,
1984-12,10378.626760555044,105.3,65.38975753455699,,247.964,8.06,,,,
1985-01,10866.397665014923,105.5,67.93734421028778,,254.1829,7.76,,,,
1985-02,11495.50399005322,106.0,69.80449807387264,,260.4778,8.27,,,,
1985-03,11440.748364819594,106.4,71.27101744844776,,257.9205,8.52,,,,
1985-04,11558.124820452635,106.9,70.3959324722411,,251.8455,7.95,,,,
1985-05,11874.455049160968,107.3,72.2773623385452,,251.7295,7.48,,,,
1985-06,12172.761396934646,107.6,72.9775662814412,,248.84,6.95,,,,
1985-07,12446.489199871476,107.8,69.29696351688193,,241.1364,7.08,,,,
1985-08,12216.992480463874,108.0,72.02073419442556,,237.4609,7.14,,,,
1985-09,11986.883080584008,108.3,71.94708814865172,,236.5275,7.1,,,,
1985-10,12166.263107129413,108.7,73.30313845456605,,214.6805,7.16,,,,
1985-11,12947.50882437383,109.0,72.30495128030817,,204.0737,7.24,,,,
1985-12,13633.125852837507,109.3,74.11726716519374,,202.7881,7.1,,,,
1986-01,13735.829172696878,109.6,73.78370722864264,,199.8905,7.07,,,,
1986-02,14518.613097452157,109.3,77.2763992748697,,184.8516,7.06,,,,
1986-03,15416.486306403523,108.8,89.8464196691593,,178.6938,6.56,,,,
1986-04,15839.265414318988,108.6,89.65273056877407,,175.0918,6.06,,,,
1986-05,15917.315557572943,108.9,94.44125311579424,,167.0314,6.15,,,,
1986-06,16416.1915902474,109.5,100.01240652617265,,167.5419,6.21,,,,
1986-07,16120.299329117986,109.5,99.19380240199409,,158.6059,5.83,,,,
1986-08,16488.222175449482,109.7,104.99478812599139,,154.1771,5.53,,,,
1986-09,16083.475578714044,110.2,101.13805801042373,,154.7314,5.21,,,,
1986-10,16069.114681840565,110.3,95.80007931112621,,156.4723,5.18,,,,
1986-11,16636.922388252377,110.4,102.44164967142532,,162.8494,5.35,,,,
1986-12,16921.331628590106,110.5,106.62043961024246,,162.0523,5.53,,,,
1987-01,18050.668289642763,111.2,113.5752322682982,,154.8295,5.43,,,,
1987-02,19217.194149621184,111.6,115.69023340131429,,153.4068,5.59,,,,
1987-03,20058.331216440667,112.1,122.17703376387944,,151.4332,5.59,,,,
1987-04,19886.89248809502,112.7,131.85361432132336,,142.8986,5.64,,,,
1987-05,19921.60690464009,113.1,140.33758214366642,,140.479,5.66,,,,
1987-06,20818.11366987484,113.5,136.96119419895763,,144.5495,5.67,,,,
1987-07,21468.343977596374,113.8,138.7270564242012,,150.2939,5.69,,,,
1987-08,22854.1825233461,114.4,147.4576251982778,,147.3343,6.04,,,,
1987-09,22161.87332092112,115.0,147.35372762293224,,143.291,6.4,,,,
1987-10,19535.119958919153,115.3,128.96578291411737,,143.32,6.13,,,,
1987-11,17131.923724144195,115.4,128.5224337185588,,135.3974,5.69,,,,
1987-12,16903.55634633834,115.4,122.1617946974847,,128.2418,5.77,,,,
1988-01,17621.64578059439,115.7,133.82234307727168,,127.6853,5.81,,,,
1988-02,18208.467278504555,116.0,143.00254928619987,,129.1665,5.66,,,,
1988-03,18797.25004937574,116.5,148.76648538409245,,127.1139,5.7,,,,
1988-04,18631.252067143978,117.1,155.41649671425333,,124.8976,5.91,,,,
1988-05,18224.102391016495,117.5,155.31781101291637,,124.7871,6.26,,,,
1988-06,19317.773874803806,118.0,157.31588488556537,,127.4655,6.46,,,,
1988-07,19258.939645088005,118.5,158.12162927713572,,133.0215,6.73,,,,
1988-08,18928.434782316494,119.0,155.03030818037615,,133.7661,7.06,,,,
1988-09,19293.676290282696,119.8,158.1898368456832,,134.3176,7.24,,,,
1988-10,20027.687886711825,120.2,158.52334013142988,,128.6805,7.35,,,,
1988-11,19623.620499523782,120.3,167.56684794924087,,123.202,7.76,,,,
1988-12,20080.72051577191,120.5,170.85316111488783,,123.6076,8.07,,,,
1989-01,20786.47087386217,121.1,178.91060503059143,,127.3625,8.27,,,,
1989-02,21472.89946440346,121.6,181.20099705415814,,127.7374,8.53,,,,
1989-03,21438.87636122715,122.3,186.03376387944706,,130.5504,8.82,,,,
1989-04,22203.597369940897,123.1,190.988839791525,,132.0365,8.65,,,,
1989-05,23117.994955939015,123.8,194.12389530931338,,137.8636,8.43,,,,
1989-06,23903.38568932319,124.1,186.65697937910718,,143.9809,8.15,,,,
1989-07,24573.05032527338,124.4,198.01648538409245,,140.424,7.88,,,,
1989-08,25726.47270833148,124.6,195.05551778835257,,141.4852,7.9,,,,
1989-09,25844.800132574208,125.0,201.8851121685928,,145.07,7.75,,,,
1989-10,25919.196023194814,125.6,201.39043734421028,,142.2067,7.64,,,,
1989-11,25449.925397958807,125.9,211.13069340584636,,143.5343,7.69,,,,
1989-12,26147.267318156653,126.1,220.4615341037843,,143.685,7.63,,,,
1990-01,25569.592225991793,127.4,210.678393383186,,144.9819,7.64,,,,
1990-02,24923.965725810547,128.0,195.9664060729662,,145.6932,7.74,,,,
1990-03,25599.264782042224,128.7,169.8416610015862,,153.3082,7.9,,,,
1990-04,25650.1712362429,128.9,167.6002719238613,,158.4586,7.77,,,,
1990-05,26638.677092394733,129.2,187.68864717878995,,154.0441,7.74,,,,
1990-06,27483.78801399833,129.9,180.94402900521186,,153.6957,7.73,,,,
1990-07,27530.858357395595,130.4,175.8195105370496,,149.0395,7.62,,,,
1990-08,25366.95580548515,131.6,147.16955585769315,,147.4609,7.45,,,,
1990-09,24266.0593233751,132.7,118.87321549966009,,138.4405,7.36,,,,
1990-10,23704.73343755525,133.5,142.72660321776567,,129.5909,7.17,,,,
1990-11,24412.59576618448,133.8,127.20728529345116,,129.2155,7.06,,,,
1990-12,25532.800115346436,133.8,135.10486063902107,,133.889,6.74,,,,
1991-01,25357.964832873462,134.6,131.95751189666893,,133.6986,6.22,,,,
1991-02,28301.24958260134,134.8,149.61035576705189,,130.5358,5.94,,,,
1991-03,29162.893701525427,135.0,148.9465216406073,,137.3867,5.91,,,,
1991-04,29821.764010006267,135.2,147.9223317471108,,137.1127,5.65,,,,
1991-05,29768.484678498713,135.6,146.1002719238613,,138.2218,5.46,,,,
1991-06,29871.85020705907,136.0,131.9451620213007,,139.7475,5.57,,,,
1991-07,30105.280710982435,136.2,136.64598912304555,,137.83,5.58,,,,
1991-08,30912.067475553125,136.6,126.53450033990481,,136.8164,5.33,,,,
1991-09,30818.659156610564,137.2,135.48855653750283,,134.2995,5.22,,,,
1991-10,30874.462924061132,137.4,142.8862451846816,,130.7723,4.99,,,,
1991-11,30879.1626980971,137.8,128.52566281441196,,129.6321,4.56,,,,
1991-12,31167.748018365037,137.9,130.20490595966461,,128.0395,4.07,,,,
1992-01,33461.3464221257,138.1,124.76234987536822,,125.4614,3.8,,,,
1992-02,33260.56333177311,138.6,120.8860752322683,,127.6989,3.84,,,,
1992-03,32924.10943988361,139.3,109.59636301835486,,132.8627,4.04,,,,
1992-04,33011.12900774399,139.5,98.51977113075004,,133.5395,3.75,,,,
1992-05,33693.914851092435,139.7,103.94147971901201,,130.771,3.63,,,,
1992-06,33246.08142403179,140.2,90.36783367323815,,126.8355,3.66,,,,
1992-07,33881.94893440085,140.5,90.13301608882846,,125.8817,3.21,,,,
1992-08,34201.18116607172,140.9,102.31769771130749,,126.231,3.13,,,,
1992-09,34330.75279332895,141.3,98.56718785406753,,122.5967,2.91,,,,
1992-10,33924.85325117159,141.8,94.98866983911172,,121.1652,2.86,,,,
1992-11,34860.10525655959,142.0,100.17929979605711,,123.88,3.13,,,,
1992-12,36000.4950161882,141.9,95.88120326308633,,124.0409,3.22,,,,
1993-01,36052.09773657369,142.6,96.44108316338091,,124.9932,3.0,,,,
1993-02,36673.95562649499,143.1,96.04209154769997,,120.7595,2.93,,,,
1993-03,37462.732122876485,143.6,105.32205982324949,,117.0174,2.95,,,,
1993-04,36960.16996536048,144.0,118.50883752549285,,112.4114,2.87,,,,
1993-05,37228.122438879895,144.2,116.43071606616813,,110.343,2.96,,,,
1993-06,37550.306302172765,144.4,110.97892590074778,,107.4118,3.07,,,,
1993-07,37573.21339137792,144.4,115.45513256288238,,107.6914,3.04,,,,
1993-08,38235.4284321092,144.8,119.11738046680262,,103.765,3.02,,,,
1993-09,38753.50769638502,145.1,113.9004645365964,,105.5748,2.95,,,,
1993-10,39234.93083332404,145.7,111.61891003852254,,107.02,3.02,,,,
1993-11,39238.03196315926,145.8,92.94436891003852,,107.8765,3.1,,,,
1993-12,39586.28514350156,145.8,98.67006571493316,,109.913,3.06,,,,
1994-01,40273.762147860936,146.2,114.59959211420801,,111.4415,2.98,6.91,,,
1994-02,40243.58244135842,146.7,113.28574665760253,,106.3011,3.25,6.86,,,
1994-03,39670.89493446624,147.2,108.27056424201223,,105.0974,3.5,6.75,,,
1994-04,38343.66567539578,147.4,111.74512803081804,,103.4843,3.68,6.57,,,
1994-05,38749.74446835331,147.5,118.81707455245864,,103.7533,4.14,6.24,,,
1994-06,39179.437798009036,148.0,116.94952413324269,,102.5264,4.14,6.3,,,
1994-07,38976.36077008914,148.4,115.84743938363924,,98.445,4.33,6.34,,,
1994-08,40177.858466402366,149.0,116.86228189440288,,99.9404,4.48,6.43,,,
1994-09,40506.44268141494,149.4,110.83055744391571,,98.7743,4.62,6.38,,,
1994-10,40327.265834930695,149.5,113.24269204622703,,98.353,4.95,6.43,,,
1994-11,40178.7060745415,149.7,108.06492182188985,,98.044,5.29,6.4,,,
1994-12,39767.12294307576,149.7,111.73272150464537,,100.1824,5.6,6.69,,,
1995-01,40741.95721778849,150.3,105.65273056877407,,99.766,5.71,6.66,,,
1995-02,42297.93072987463,150.9,96.60905279854974,,98.2368,5.77,6.59,,,
1995-03,43379.91060427811,151.4,91.43411511443462,,90.5196,5.73,7.58,,,
1995-04,44775.35197376262,151.9,95.21159075458871,,83.6895,5.65,7.29,,,
1995-05,46274.78910053428,152.2,87.45065714933152,,85.1127,5.67,7.04,,,
1995-06,47745.98951255563,152.5,82.24223883979151,,84.6355,5.47,7.08,,,
1995-07,49440.35910423138,152.5,94.47954905959664,,87.397,5.42,6.92,,,
1995-08,49694.56695383376,152.9,102.63550872422388,,94.7383,5.4,6.66,,,
1995-09,51542.56264564478,153.2,101.4789259007478,,100.5455,5.28,6.5,,,
1995-10,52013.4427879964,153.7,100.01495581237252,,100.839,5.28,6.75,,,
1995-11,53240.640716490154,153.6,106.18864717878992,,101.94,5.36,6.45,,,
1995-12,55045.560987283134,153.5,112.55466802628598,,101.8495,5.14,6.32,,,
1996-01,55135.824977103584,154.4,117.90584636301836,,105.7514,5.0,5.81,,,
1996-02,58392.03431271109,154.9,114.01184001812824,,105.788,4.83,5.58,,,
1996-03,58275.61702596207,155.7,121.27152730568773,,105.94,4.96,5.5,,,
1996-04,58390.87003413513,156.3,124.86573759347381,,107.1995,4.95,5.27,,,
1996-05,59766.29876553691,156.6,124.38358259687286,,106.3423,5.02,5.06,,,
1996-06,60530.89366036544,156.7,127.63851121685927,,108.96,5.09,5.08,,,
1996-07,58427.47906091849,157.0,117.22654656696126,,109.1909,5.15,5.06,,,
1996-08,60225.54654512561,157.3,114.24711080897349,,107.8659,5.05,5.08,,,
1996-09,61445.33167602815,157.8,122.11874008610923,,109.931,5.09,4.86,,,
1996-10,63977.17773017737,158.3,115.94640833899841,,112.4123,4.99,4.69,,,
1996-11,67209.9651516214,158.6,119.08203036483118,,112.2958,5.03,4.57,,,
1996-12,68015.90247303712,158.6,109.68360525719464,,113.981,4.91,4.5,,,
1997-01,70231.9542223496,159.1,103.84098119193291,,117.9124,5.03,4.39,,,
1997-02,73295.29258855255,159.6,105.12689780194879,,122.9621,5.01,4.43,,,
1997-03,72838.56833019755,160.0,101.99070926807161,,122.7738,5.14,4.5,,,
1997-04,70358.49075283948,160.2,108.4926353954226,,125.6377,5.16,4.39,,,
1997-05,76844.27374644573,160.1,113.69142306820757,,119.1924,5.05,4.3,,,
1997-06,80945.57439625083,160.3,116.72875594833445,,114.2857,4.93,4.29,,,
1997-07,85588.98794151086,160.5,115.17918649444822,,115.3759,5.05,4.3,,,
1997-08,85887.09345503982,160.8,103.27113075005664,,117.9295,5.14,4.36,,,
1997-09,86911.31214262782,161.2,101.33531611148877,,120.89,4.95,4.31,,,
1997-10,88341.76806769756,161.6,93.24121912531157,,121.0605,4.97,4.44,,,
1997-11,87324.47072664526,161.5,94.24575118966688,,125.3817,5.14,4.49,,,
1997-12,89625.57513017459,161.3,86.44198957625197,,129.7341,5.16,4.37,,,
1998-01,89838.45492396672,161.6,94.20162021300703,,129.5475,5.04,4.26,,,
1998-02,95590.44369214297,161.9,95.35276455925673,,125.8516,5.09,4.24,,,
1998-03,100669.35324654933,162.2,93.6277475640154,,129.0823,5.03,4.11,,,
1998-04,104098.6815067822,162.5,88.60899614774529,,131.7536,4.95,4.09,,,
1998-05,103868.51066735997,162.8,88.77622932245637,,134.896,5.0,4.06,,,
1998-06,103990.2537852894,163.0,89.67975300249263,,140.3305,4.98,4.02,,,
1998-07,108636.71281270451,163.2,92.7881826421935,,140.7874,4.96,3.95,,,
1998-08,101064.16105505332,163.4,79.9223317471108,,144.68,4.9,3.93,,,
1998-09,96114.02787575951,163.6,75.94827781554497,,134.4805,4.61,3.93,,,
1998-10,97354.93178994585,164.0,76.84404033537275,,121.0486,3.96,3.81,,,
1998-11,108039.16652364789,164.0,84.31735780648086,,120.2895,4.41,3.69,,,
1998-12,112473.33868936857,163.9,78.41700657149332,,117.0709,4.39,3.37,,,
1999-01,118151.29719522223,164.3,82.13941762973033,1.1591,113.29,4.34,3.1321,,101933.65300252111,0.6255170280987176
1999-02,118073.1354045223,164.5,81.39326988443236,1.1203,116.6684,4.44,3.0934,,105394.21173303784,0.622731620083601
1999-03,121525.67289090452,165.0,89.71555631089961,1.0886,119.473,4.44,3.04669565217391,,111634.82720090439,0.6898102691668238
1999-04,126690.54085414099,166.2,94.61551099025606,1.0701,119.7723,4.29,2.69645454545455,,118391.31002162506,0.7382128246093594
1999-05,126565.33037549557,166.2,91.27379333786538,1.063,121.9995,4.5,2.57895238095238,,119064.28069190553,0.7038089494033435
1999-06,125791.0452617616,166.2,99.30738726489916,1.0377,120.7245,4.57,2.62668181818182,,121221.0130690581,0.7927099762636357
1999-07,131480.30550913248,166.7,101.1888737820077,1.037,119.3305,4.55,2.67645454545455,,126789.108494824,0.817716094192356
1999-08,126518.23416060675,167.1,98.77951506911398,1.0605,113.2268,4.72,2.69504545454545,,119300.55083508416,0.8226346216572124
1999-09,125762.13707185973,167.9,99.73634715612961,1.0497,106.8752,4.68,2.72668181818182,,119807.69464786103,0.8890195685237732
1999-10,124161.98263337013,168.2,101.64332653523681,1.0706,105.965,4.86,3.37566666666667,,115974.2038421167,0.8959611705678985
1999-11,132985.00320766686,168.3,105.13386585089508,1.0328,104.6485,5.07,3.46768181818182,,128761.62200587419,0.9727324345137645
1999-12,136720.32664128265,168.3,107.26455925674144,1.011,102.5843,5.2,3.44604545454545,,135232.76621294033,1.0342468282264663
2000-01,136557.9076415031,168.8,110.69397235440744,1.0131,105.296,5.32,3.34314285714286,,134792.1307289538,1.0376712493999876
2000-02,133174.08338615042,169.8,113.07228642646726,0.9834,109.3885,5.55,3.53676190476191,,135422.09008150338,1.051124848931907
2000-03,138422.59866183973,171.2,115.21255381826421,0.9643,106.3074,5.69,3.747043478260871,,143547.23494953825,1.1238908617647672
2000-04,140394.49754584933,171.3,101.82245637888057,0.9449,105.627,5.66,3.92527777777778,,148581.32876055597,1.0201940248893921
2000-05,136408.82685449417,171.5,92.52464309993202,0.9059,108.3205,5.79,4.36204545454546,,150578.23915939304,0.942901882633308
2000-06,140723.9327488359,172.4,98.6349988669839,0.9505,106.1255,5.69,4.501727272727271,,148052.5331392277,0.9778205795375539
2000-07,141919.63227181174,172.8,89.09749603444368,0.9386,108.2115,5.96,4.58290476190476,,151203.5289492987,0.8772260741498618
2000-08,143252.3300934545,172.8,95.5203942895989,0.9045,108.0804,6.09,4.77708695652174,,158377.3688153173,0.9771035517937685
2000-09,141704.76787893864,173.7,89.20949467482438,0.8695,106.8375,6.0,4.85280952380952,,162972.70601373047,0.9603239852306629
2000-10,134315.74119817355,174.0,82.36800362565148,0.8525,108.4429,6.11,5.0412727272727285,,157555.12164008626,0.8909698937567448
2000-11,133277.85132379748,174.1,82.98498753682301,0.8552,109.0095,6.17,5.09195454545454,,155844.07311014674,0.89015880753906
2000-12,128852.7134305257,174.0,78.09704282800816,0.8983,112.209,5.77,4.93915789473684,,143440.62499223612,0.7747926600690321
2001-01,129438.19635184472,175.1,78.42482438250622,0.9376,116.6719,5.15,4.77072727272727,,138052.68382235998,0.7169183321558248
2001-02,126672.25519370564,175.8,72.98629050532517,0.9205,116.2337,4.88,4.7558,,137612.44453417233,0.6821587212849786
2001-03,115169.72887694897,176.2,73.64434624971675,0.9083,121.505,4.42,4.70863636363636,,126797.01516783988,0.667292044631798
2001-04,115685.73272890452,176.9,78.93904373442102,0.8925,123.771,3.87,4.682,,129619.8686038146,0.7146028377057778
2001-05,123643.3832786616,177.7,75.13108996147744,0.8753,121.7682,3.62,4.63668181818182,,141258.2923325278,0.7049022140600425
2001-06,120689.2157597769,178.0,73.47071153410377,0.853,122.351,3.49,4.45357142857143,,141487.94344639732,0.7039757373820879
2001-07,117478.74377003494,177.5,67.19221617946975,0.8615,124.4981,3.51,4.46713636363636,,136365.34390021468,0.6264709831175984
2001-08,115075.45296218964,177.5,60.692895989123045,0.9014,121.367,3.36,4.35352173913043,,127663.02747081166,0.5547785866312726
2001-09,102132.67867477631,178.3,55.37434851574892,0.9114,118.6117,2.64,3.98285,,112061.31081278945,0.5122383324781282
2001-10,105384.61533607032,177.7,58.726150011330155,0.905,121.4536,2.16,3.59986956521739,,116447.08876913847,0.5342844797781415
2001-11,110709.85402053497,177.4,60.60185814638568,0.8883,122.4055,1.87,3.38568181818182,,124631.15391256892,0.557346587206229
2001-12,112332.91515200888,176.7,59.724790392023564,0.8912,127.5945,1.69,3.34488888888889,,126046.8078456114,0.5252275545441611
2002-01,111998.48490498011,177.1,56.63834126444595,0.8832,132.6833,1.65,3.33877272727273,,126809.87874205176,0.48332048332599153
2002-02,108243.40677449855,177.8,59.98090867890323,0.8707,133.6426,1.72,3.3571,,124317.68321407896,0.5154654724636726
2002-03,113596.30894642558,178.8,62.45717199184228,0.8766,131.061,1.79,3.3908,,129587.39327678025,0.5436349533802021
2002-04,109604.89155353032,179.8,65.10616360752323,0.886,130.7718,1.71,3.40690476190476,0.1,123707.55254348795,0.5619197306761147
2002-05,106514.47536651707,179.8,66.64230682075686,0.917,126.375,1.73,3.46713636363636,0.08,116155.37117395537,0.5750684181377312
2002-06,100208.64735686408,179.9,60.17357806480852,0.9561,123.2905,1.7,3.464,0.09,104809.7974656041,0.5104731506052596
2002-07,89427.04203681728,180.1,55.95932472241106,0.9935,117.8991,1.68,3.41,0.09,90012.12082216132,0.47774274852776855
2002-08,90444.76919435398,180.7,54.494108316338085,0.9781,118.9927,1.62,3.35190909090909,0.07,92469.85910883753,0.46821570062785606
2002-09,86140.99037567794,181.0,53.15709268071607,0.9806,121.078,1.63,3.31014285714286,0.08,87845.18700354674,0.44771752325746067
2002-10,84964.15071600323,181.3,48.949014276002714,0.9812,123.9077,1.58,3.26126086956522,0.08,86592.08185487488,0.4026132981727817
2002-11,90594.26136267504,181.3,52.20688873782007,1.0013,121.6079,1.23,3.12414285714286,0.08,90476.64172842808,0.4287477038708279
2002-12,89657.3019321248,180.9,48.600441876274644,1.0194,121.8929,1.19,2.94105,0.1,87951.0515323963,0.3911264435318243
2003-01,89458.21415638342,181.7,47.24643099932019,1.0622,118.8133,1.17,2.83181818181818,0.1,84219.74595780777,0.37436707990473156
2003-02,83720.03252689468,183.1,47.37729435757988,1.0785,119.3379,1.17,2.68745,0.09,77626.36302910958,0.3681049982925349
2003-03,84815.42204645436,184.2,45.16604350781781,1.0797,118.6871,1.13,2.52995238095238,0.08,78554.61891863884,0.3524564225084665
2003-04,89298.50638839629,183.8,44.36562429186494,1.0862,119.895,1.13,2.53335,0.08,82211.84532166846,0.34067144026805185
2003-05,94042.09274108184,183.5,47.7255268524813,1.1556,117.3681,1.07,2.4005238095238095,0.08,81379.4502778486,0.35187881769229473
2003-06,99406.28803384487,183.7,51.45654883299343,1.1674,118.329,0.92,2.15185714285714,0.09,85151.8657134186,0.3725029973408309
2003-07,99999.82473508608,183.9,54.176353954226144,1.1365,118.6959,0.9,2.13004347826087,0.09,87989.28705242946,0.401610090518559
2003-08,99834.6763487457,184.6,58.59704282800815,1.1155,118.6624,0.95,2.14042857142857,0.09,89497.69282720369,0.44268315536236075
2003-09,102991.80812811888,185.2,57.891740312712436,1.1267,114.8,0.94,2.14731818181818,0.09,91410.14300889224,0.4475756210183082
2003-10,105082.55094807477,185.0,59.82092680716066,1.1714,109.4955,0.92,2.1435652173913,0.09,89706.80463383539,0.4663925950717913
2003-11,106356.91392630145,184.5,57.220541581690455,1.171,109.1778,0.93,2.15905,0.08,90825.7164187032,0.4475697542138223
2003-12,109617.73917492137,184.3,60.484024473147514,1.2298,107.7377,0.9,2.14633333333333,0.1,89134.60658230718,0.45649759285738856
2004-01,115029.10743124921,185.2,61.09001812825742,1.2638,106.2685,0.88,2.08947619047619,0.09,91018.44234154867,0.4548700604509876
2004-02,116280.86271283418,186.2,62.553365057783815,1.264,106.7079,0.93,2.07055,0.09,91994.35341205235,0.4637746757543746
2004-03,114462.61821952708,187.4,66.36862678450034,1.2261,108.5157,0.94,2.02882608695652,0.08,93355.04299773842,0.498820580207372
2004-04,115572.41392516153,188.0,66.63148651710854,1.1989,107.6564,0.94,2.04875,0.08,96398.71042218828,0.5162459873888666
2004-05,112610.48728556815,189.1,63.654939950147295,1.2,112.196,1.02,2.08585714285714,0.08,93842.07273797346,0.472795672678076
2004-06,115830.17631158781,189.7,67.18145252662588,1.2146,109.4336,1.27,2.11268181818182,0.09,95364.87428913866,0.5054351327271368
2004-07,113238.58456353948,189.4,64.16145479265806,1.2266,109.4871,1.33,2.11604545454546,0.09,92319.08084423568,0.4777583536774593
2004-08,111668.91265441118,189.5,62.77923181509178,1.2191,110.2336,1.48,2.11427272727273,0.09,91599.46899713819,0.4671568003169369
2004-09,114777.83435989807,189.9,61.31639474280534,1.2224,110.0914,1.65,2.1185909090909094,0.09,93895.479679236,0.45562744445571135
2004-10,114896.38976424477,190.9,61.020960797643326,1.2507,108.7835,1.76,2.14733333333333,0.09,91865.66703785463,0.44850043019435626
2004-11,120382.22390047288,191.0,61.74512803081804,1.2997,104.699,2.07,2.17031818181818,0.09,92623.08525080624,0.4537504229742737
2004-12,123666.38657792944,190.3,65.08474960344437,1.3406,103.8104,2.19,2.17317391304348,0.1,92247.04354612072,0.4676696199453037
2005-01,122000.11599589544,190.7,64.51161341491049,1.3123,103.341,2.33,2.14542857142857,0.1,92966.63567468981,0.47569886476947887
2005-02,124053.45628495167,191.8,66.51144346249717,1.3013,104.9442,2.54,2.13835,0.1,95330.40519861037,0.4870353700349852
2005-03,123738.65972558965,193.3,66.10554044867438,1.3185,105.2543,2.74,2.13719047619048,0.08,93848.0543993854,0.47634090643267374
2005-04,120759.90989283657,194.6,62.36630410151824,1.2943,107.1938,2.78,2.1372380952381,0.08,93301.32882085805,0.4495162437004098
2005-05,122375.12253091829,194.4,63.882789485610694,1.2697,106.5952,2.84,2.12563636363636,0.08,96381.13139396573,0.47200337420338
2005-06,125045.7732222767,194.5,65.62434851574892,1.2155,108.7473,2.97,2.11104545454545,0.09,102875.996069335,0.4964683402629554
2005-07,127307.89953774646,195.4,67.4121912531158,1.2041,111.9535,3.22,2.1194285714285694,0.09,105728.67663628142,0.500078533576217
2005-08,127704.1396115657,196.4,70.32404260140494,1.2295,110.6065,3.44,2.13247826086957,0.09,103866.72599558007,0.5171239420613135
2005-09,128062.88059202545,198.8,76.8995014729209,1.2234,111.239,3.42,2.13913636363636,0.09,104677.84910252203,0.5650644328553477
2005-10,124704.40564175656,199.2,77.08191706322229,1.2022,114.8695,3.71,2.19661904761905,0.09,103730.16606368039,0.5581758634947233
2005-11,129646.8030735954,197.6,84.251926127351,1.1789,118.454,3.88,2.36086363636364,0.09,109972.68900975095,0.6033275259965882
2005-12,132428.78316007648,196.8,91.27254702016768,1.1861,118.4624,3.89,2.47285714285714,0.1,111650.6054802095,0.6495885138791068
2006-01,134372.84132977008,198.3,94.32256968048945,1.2126,115.4765,4.24,2.51168181818182,0.1036,110813.82263711866,0.6736036748210709
2006-02,134352.11661824118,198.7,91.80506458191707,1.194,117.8605,4.43,2.60035,0.11,112522.71073554538,0.6523700799160926
2006-03,136350.41119732396,199.8,96.64434624971673,1.2028,117.2778,4.51,2.72260869565217,0.1255,113360.83405164945,0.6851209103870255
2006-04,137440.87161017483,201.5,95.77515295717198,1.2273,117.0695,4.6,2.79377777777778,0.14,111986.36976303661,0.6665893282101241
2006-05,136361.64776673345,202.5,87.62366870609561,1.2767,111.7305,4.72,2.889,0.27,106807.90143865705,0.6142721590199518
2006-06,132673.92181751181,202.9,87.83809200090641,1.2661,114.625,4.79,2.98568181818182,0.35,104789.44934642747,0.6052510284824816
2006-07,133631.16893995594,203.5,87.56407205982325,1.2681,115.767,4.95,3.10219047619048,0.44,105379.0465578077,0.5964687127627657
2006-08,136695.61760240496,203.9,91.43870382959437,1.281,115.9243,4.96,3.22647826086957,0.432,106710.08399875485,0.6157528764758549
2006-09,140157.56788621732,202.9,91.36403806934058,1.2722,117.2145,4.81,3.3353809523809494,0.436,110169.44496637111,0.6126868447524465
2006-10,145227.848261053,201.8,92.90386358486289,1.2617,118.609,4.92,3.502,0.447,115104.89677502813,0.6208118926215119
2006-11,148137.09922734497,201.5,92.19538862451846,1.2888,117.3205,4.94,3.59718181818182,0.502,114941.8833235141,0.6097471326272937
2006-12,151321.78798920335,201.8,97.58571266711988,1.3205,117.322,4.85,3.6842105263157903,0.54,114594.31123756406,0.6298953099959823
2007-01,152371.99570285034,202.416,98.47847269431225,1.2993,120.4471,4.98,3.75186363636364,0.54,117272.37412672235,0.6292678128313174
2007-02,154805.7388543896,203.499,99.72875594833445,1.308,120.5047,5.03,3.8182,0.66,118353.01135656697,0.6327157883484589
2007-03,150977.8290915467,205.352,97.93592794017675,1.3246,117.26,4.94,3.8909090909090898,0.66,113979.94042846649,0.6305323916951321
2007-04,157291.12167948528,206.686,98.57472241105823,1.3513,118.9324,4.87,3.97526315789474,0.65,116399.85323724213,0.613357391347642
2007-05,162628.07813493264,207.949,101.26756174937684,1.3518,120.7732,4.73,4.07136363636364,0.67,120304.83661409428,0.6202793710623923
2007-06,163191.01761905994,208.352,102.75526852481305,1.3421,122.6886,4.61,4.147761904761911,0.73,121593.78408394303,0.6240437118377082
2007-07,164131.1702047308,208.299,97.71634942216178,1.3726,121.4148,4.82,4.21618181818182,0.77,119576.83972368555,0.5863428187291447
2007-08,157238.27122389292,207.917,93.86522773623385,1.3626,116.7335,4.2,4.5436086956521695,0.84,115395.76634661156,0.5901206967084017
2007-09,162075.37684150014,208.49,95.09228416043507,1.391,115.0435,3.89,4.7417,0.85,116517.16523472332,0.5942320387029738
2007-10,166926.33239179244,208.936,94.8200203942896,1.4233,115.8661,3.9,4.68739130434783,0.85,117281.20030337416,0.5749726752786612
2007-11,158905.59400127453,210.177,88.83225696804894,1.4683,111.0729,3.27,4.63854545454545,0.87,108224.20077727613,0.5446879738588838
2007-12,160875.4584232751,210.036,86.71980512123272,1.4559,112.449,3.0,4.848368421052631,0.86,110498.97549507185,0.5297014351078494
2008-01,150202.7762079156,211.08,77.00243598459097,1.4728,107.8181,2.75,4.48154545454545,0.85,101984.50312867707,0.48491879195817594
2008-02,147855.3812150669,211.693,77.06220258327669,1.4759,107.03,2.12,4.36209523809524,0.85,100179.80975341616,0.48784174404830416
2008-03,143973.48676360273,213.528,70.95819170632222,1.552,100.7562,1.26,4.59636842105263,0.84,92766.42188376465,0.45377340895009044
2008-04,150084.68235144284,214.823,78.4613075005665,1.5754,102.6777,1.29,4.7835,0.84,95267.66684743103,0.4850522998294109
2008-05,153932.00600811854,216.632,81.22898255155224,1.5554,104.3595,1.73,4.85738095238095,0.84,98966.18619526716,0.5004226162992939
2008-06,147396.40639583487,218.815,76.3731021980512,1.5562,106.9152,1.86,4.9405238095238095,0.86,94715.59336578516,0.4590241846808785
2008-07,138437.38509914197,219.964,75.78070473600724,1.5759,106.8518,1.63,4.961,0.85,87846.55441280662,0.45003691780992044
2008-08,141359.58265695133,219.086,74.05886018581464,1.4955,109.3624,1.72,4.96519047619048,0.85,94523.2916462396,0.452816844434771
2008-09,134507.55469188874,218.783,63.788012689780196,1.4342,106.5748,1.13,5.01918181818182,0.87,93785.77234129742,0.41732540879509744
2008-10,107344.2449215363,216.573,48.589281667799675,1.3266,99.9659,0.67,5.11308695652174,0.89,80916.81359983138,0.3663942127603344
2008-11,98105.48332906442,212.425,48.222694312259236,1.2744,96.9656,0.19,4.2383,0.88,76981.70380497836,0.3902366186138764
2008-12,97759.50033169102,210.228,50.19012009970541,1.3511,91.275,0.03,3.29261904761905,0.74,72355.48836628748,0.4069854651007487
2009-01,96684.99295722925,211.143,45.286936324495805,1.3244,90.1205,0.13,2.45652380952381,0.72,73002.86390609275,0.3794286991385159
2009-02,90201.16891462222,212.193,42.87570813505552,1.2797,92.9158,0.3,1.94305,0.71,70486.18341378622,0.3605899061042934
2009-03,85067.5186084046,212.709,45.941139814185355,1.305,97.855,0.21,1.63545454545455,0.65,65185.838014103145,0.35975615507568653
2009-04,95544.11364823524,213.24,50.01280308180376,1.3199,98.92,0.16,1.4223,0.6,72387.38817200942,0.38305052305488535
2009-05,101901.95555612903,213.856,53.94572852934511,1.3646,96.6445,0.18,1.2817,0.57,74675.33017450463,0.40904826231949476
2009-06,104820.14272876593,215.693,56.41536369816451,1.4014,96.6145,0.18,1.22790909090909,0.56,74796.73378676033,0.41667070599038325
2009-07,106154.05584528553,215.351,58.672275096306365,1.4092,94.367,0.18,0.9749565217391312,0.55,75329.30446017992,0.4412047157415113
2009-08,114769.2308845674,215.834,59.44102651257648,1.4266,94.8971,0.17,0.860476190476191,0.54,80449.481904225,0.4390673470481198
2009-09,118953.36592156974,215.969,57.40556310899614,1.4575,91.2748,0.12,0.772090909090909,0.54,81614.65929438747,0.4315136398277849
2009-10,121807.23064091892,216.177,56.84760933605257,1.4821,90.3671,0.07,0.7375,0.53,82185.56820789348,0.42444786455072
2009-11,124353.54880076186,216.33,52.94329254475413,1.4908,89.2674,0.05,0.716190476190476,0.51,83413.9715594056,0.3978310507179797
2009-12,127116.75146798955,215.949,59.74643099932019,1.4579,89.9509,0.05,0.712045454545454,0.46,87191.68082035088,0.45559475797581717
2010-01,128840.06315596854,216.687,57.772716972581016,1.4266,91.1011,0.06,0.67975,0.45,90312.67570164625,0.44452577902444906
2010-02,125104.04380323822,216.741,57.364774529798325,1.368,90.1395,0.11,0.6617,0.44,91450.3244175718,0.46520465184258686
2010-03,132537.39445394752,217.631,62.82540222071153,1.357,90.7161,0.15,0.64495652173913,0.43,97669.41374646095,0.5103534547195672
2010-04,137955.87803973746,218.009,62.64106050305914,1.3417,93.4527,0.16,0.6447,0.4,102821.70234757209,0.49958780483344406
2010-05,129841.2142242442,218.178,55.34047133469296,1.2563,91.973,0.16,0.68652380952381,0.39,103352.0769117601,0.47894885713241586
2010-06,125240.65638463938,217.965,53.15341037842737,1.2223,90.8059,0.12,0.727590909090909,0.38,102463.10757149586,0.4788938453390494
2010-07,125042.42778414792,218.011,54.029571719918415,1.2811,87.5005,0.16,0.848818181818182,0.37,97605.51696522358,0.4819899236707098
2010-08,126123.30584243107,218.312,49.98900974393836,1.2903,85.3727,0.16,0.8955,0.36,97747.27260515468,0.45380034295930277
2010-09,130376.1162504659,218.439,53.07812145932472,1.3103,84.3571,0.15,0.8805,0.36,99500.9663821002,0.48020111220340034
2010-10,136345.22670894727,218.711,52.13261953319737,1.3901,81.7285,0.13,0.997666666666667,0.34,98083.03482407545,0.4588703284236346
2010-11,139742.698094083,218.803,56.29413097665987,1.3654,82.518,0.14,1.04204545454545,0.34,102345.61161131025,0.4996369255763665
2010-12,144933.6035210793,219.179,57.94765465669612,1.3221,83.3376,0.14,1.02169565217391,0.34,109623.78301269139,0.5259331780229293
2011-01,149953.7547238311,220.223,57.9986403806934,1.3371,82.625,0.15,1.0172380952381,0.34,112148.49654014742,0.5249796288935503
2011-02,154680.8668034126,221.309,60.18632449580784,1.3656,82.5368,0.13,1.08675,0.34,113269.5275361838,0.5339820855067744
2011-03,152962.37913953114,223.467,55.26342624065261,1.402,81.647,0.1,1.17552173913043,0.33615,109102.98084132037,0.48278032357496087
2011-04,156362.61147450368,224.906,55.79956945388624,1.446,83.1771,0.06,1.32121052631579,0.33286,108134.58608195276,0.4639367550506615
2011-05,157396.37671518666,225.964,54.9157602537956,1.4335,81.1257,0.04,1.42509090909091,0.33214,109798.65832939425,0.47221616069788697
2011-06,151634.54961789865,225.722,55.608939496940856,1.4403,80.4259,0.04,1.48859090909091,0.33214,105279.83726855423,0.48006022308778823
2011-07,156340.60107598847,225.922,55.70490595966463,1.4275,79.2425,0.04,1.59761904761905,0.33214,109520.56117407249,0.4924466188934408
2011-08,140082.91988968567,226.545,50.731928393383185,1.4333,76.9657,0.02,1.55208695652174,0.32857,97734.5425868176,0.459882672288325
2011-09,138980.08002998322,226.889,49.28784273736687,1.3747,76.7957,0.01,1.53645454545455,0.32929,101098.479690102,0.46686893141896646
2011-10,143179.86884998114,226.421,50.91995241332426,1.3732,76.643,0.02,1.57585714285714,0.32929,104267.30909552952,0.48381763986743265
2011-11,145714.1506046222,226.23,47.78274416496714,1.3558,77.5595,0.01,1.48468181818182,0.32929,107474.66485073183,0.45440223357089266
2011-12,147983.76832279772,225.672,47.900237933378655,1.3155,77.7967,0.01,1.42609523809524,0.32929,112492.41225602261,0.4680428798586612
2012-01,155064.21955925095,226.665,49.8669272603671,1.291,76.964,0.03,1.22222727272727,0.33077,120111.71150987681,0.501878666223289
2012-02,161521.9830843361,227.663,55.08293677770224,1.3238,78.47,0.09,1.04828571428571,0.33167,122013.88660245965,0.5302626739422718
2012-03,166183.06627025915,229.392,57.12417856333559,1.3208,82.4659,0.08,0.858454545454546,0.33167,125820.00777578675,0.5244553315149605
2012-04,166122.7902915837,230.085,53.93660774983004,1.316,81.2524,0.08,0.744315789473684,0.33167,126233.1233218721,0.5044191217439881
2012-05,160991.24271199168,229.815,48.3952526625878,1.2806,79.6668,0.09,0.684909090909091,0.33167,125715.47923785077,0.4743641840202187
2012-06,159139.19586456646,229.478,51.024133242692045,1.2541,79.3152,0.09,0.658857142857143,0.33455,126895.1406303855,0.5129641857203736
2012-07,163792.0318645903,229.104,49.258214366644,1.2278,78.9348,0.1,0.497045454545455,0.32727,133402.86029043028,0.5082560096307931
2012-08,169345.06519684326,230.379,50.07880126897802,1.2406,78.6909,0.1,0.332391304347826,0.32727,136502.55134357832,0.5129766952833246
2012-09,174465.51762658122,231.407,50.25016995241332,1.2885,78.1353,0.11,0.2463,0.32727,135402.03153013677,0.4991209831545328
2012-10,174092.26575882293,231.317,50.57948107863132,1.2974,79.0132,0.1,0.207913043478261,0.32636,134185.49850379446,0.4934019083487086
2012-11,169157.99141126135,230.221,53.51240652617267,1.2837,81.0305,0.09,0.192,0.31818,131773.77222969645,0.514449112444453
2012-12,172843.6764217943,229.601,58.88953093133922,1.3119,83.7905,0.07,0.185473684210526,0.30818,131750.64899900474,0.5357258234205196
2013-01,180224.86367680805,230.28,63.10140493995014,1.3304,89.0581,0.07,0.204909090909091,0.29182,135466.67444137705,0.5325781774622674
2013-02,184432.45738520133,232.166,65.48470428280082,1.3347,93.0016,0.1,0.22335,0.26909,138182.70576549138,0.527552626973601
2013-03,189456.45959089848,232.773,70.23515748923634,1.2953,94.77,0.09,0.20605,0.25,146264.54071713,0.5721544952749346
2013-04,192214.6977407938,232.531,78.52288692499434,1.3025,97.7582,0.06,0.208904761904762,0.22818,147573.6642923561,0.6166877617122718
2013-05,201011.05978738438,232.945,78.03387718105597,1.2983,100.9186,0.04,0.201227272727273,0.22818,154826.35738071662,0.5955756200409401
2013-06,198768.1581223075,233.504,77.48311806027645,1.3197,97.235,0.05,0.21025,0.22818,150616.16891892665,0.6038224472028293
2013-07,205240.8766690488,233.596,77.43213233627917,1.3088,99.6727,0.04,0.221434782608696,0.228,156816.07324957885,0.5935696815650053
2013-08,205763.02862916977,233.877,75.84896895535917,1.3314,97.8123,0.04,0.225863636363636,0.228,154546.36369924125,0.5824352586359731
2013-09,208220.5528011544,234.149,81.89326988443236,1.3364,99.21,0.02,0.223238095238095,0.228,155807.05836662257,0.617669697497633
2013-10,212631.74953093272,233.546,81.16893269884432,1.3646,97.77,0.05,0.225826086956522,0.221,155819.83697122431,0.608385497989036
2013-11,220841.34840862645,233.069,88.72575345569906,1.3491,100.0737,0.07,0.223380952380952,0.22,163695.3142158672,0.6571819044769761
2013-12,224203.83584961083,233.049,92.29158169045999,1.3708,103.46,0.07,0.2735,0.22,163556.92723198922,0.6507520114122841
2014-01,226377.96960553632,233.916,84.49201223657376,1.3618,103.7614,0.04,0.292045454545455,0.22,166234.3733334824,0.5979522447433407
2014-02,226087.87574823137,234.781,84.07585542714706,1.3665,102.1253,0.05,0.2881,0.212,165450.32985600538,0.6024601330659849
2014-03,232246.88239804335,236.293,84.00084976206662,1.3828,102.3395,0.05,0.305333333333333,0.212,167954.06595172358,0.593582403215016
2014-04,232719.3612211202,237.072,81.03393383186041,1.381,102.4582,0.03,0.32975,0.212,168515.1058806084,0.5726991282188314
2014-05,236288.69040495125,237.9,82.893609789259,1.3739,101.7738,0.03,0.324571428571429,0.21,171983.90742044637,0.5928296800192812
2014-06,243845.22215464737,238.343,85.89451620213006,1.3595,102.0629,0.04,0.241428571428571,0.21,179363.9000769749,0.6190394432842542
2014-07,247496.5739957387,238.25,88.49291864944482,1.3533,101.74,0.03,0.20504347826087,0.21,182883.7463945457,0.6427213165671242
2014-08,246443.75293020517,237.852,87.38154316791298,1.3315,102.9438,0.03,0.191571428571429,0.21,185087.30974855815,0.6374972914078088
2014-09,250829.48004394348,238.031,91.62429186494448,1.2889,107.4257,0.02,0.0970909090909091,0.21,194607.4016944243,0.6617336431891812
2014-10,244194.38874251855,237.433,92.98527079084522,1.2677,108.0264,0.02,0.0826086956521739,0.192,192627.899930992,0.6789968608414796
2014-11,258130.59766081464,236.151,98.91145479265805,1.2473,116.2994,0.02,0.0809,0.182,206951.49335429698,0.6818646769648062
2014-12,259770.18741723703,234.812,98.86001586222524,1.2329,119.3233,0.03,0.0809047619047619,0.179,210698.50548887745,0.6719973610015666
2015-01,256891.432202519,233.707,100.12684115114433,1.1615,118.25,0.03,0.0626666666666667,0.173,221172.13276153165,0.7290044032595769
2015-02,264159.5957615188,234.722,106.49184228416043,1.135,118.76,0.02,0.0482,0.171,232739.7319484747,0.7900422002703444
2015-03,264310.6715716968,236.119,108.80914343983684,1.0819,120.3945,0.03,0.0271818181818182,0.17,244302.31220232628,0.8353560518475062
2015-04,266635.68479492876,236.599,110.58242692046225,1.0822,119.5095,0.02,0.0047,0.17,246383.00202820988,0.8550197725822907
2015-05,269249.08005668933,237.805,116.49189893496488,1.1167,120.798,0.02,-0.0103684210526316,0.169,241111.38180056357,0.8635738137552916
2015-06,268079.7936126679,238.638,114.6370382959438,1.1226,123.7186,0.02,-0.0139090909090909,0.169,238802.59541481192,0.8254008704863286
2015-07,267869.05277835234,238.654,116.61704056197598,1.0997,123.3109,0.03,-0.0187391304347826,0.169,243583.75264013128,0.859975984470318
2015-08,261377.57809365098,238.316,107.01608882846135,1.1136,123.0038,0.07,-0.0276666666666667,0.169,234714.06078812052,0.7812703160225275
2015-09,249599.78169759482,237.945,98.50526852481306,1.1229,120.1476,0.02,-0.0370454545454546,0.169,222281.3978961571,0.7301351848641039
2015-10,260378.44000687494,237.838,108.10729662361204,1.1228,120.0481,0.02,-0.0535909090909091,0.169,231900.99751235743,0.8020423715851991
2015-11,268017.10288049304,237.336,111.87100611828689,1.0727,122.6432,0.12,-0.0876190476190476,0.169,249852.80402768066,0.8503462283038266
2015-12,265064.1039013668,236.525,107.82749830047585,1.0889,121.635,0.23,-0.126318181818182,0.169,243423.7339529496,0.8141097799958337
2016-01,248049.74742195476,236.916,99.24257874461816,1.0855,118.2258,0.26,-0.14615,0.169,228511.9736729201,0.7733141400614859
2016-02,246687.4590825179,237.111,90.79288465896215,1.1092,114.6155,0.31,-0.183571428571429,0.098,222401.24331276407,0.7141650626357934
2016-03,262385.27304933197,238.132,94.93921368683434,1.1134,112.9317,0.29,-0.22852380952381,0.098,235661.28350038797,0.7550549302472779
2016-04,269816.1737060176,239.261,94.41451393609788,1.1346,109.5519,0.23,-0.249190476190476,0.06,237807.3098061146,0.7595844551123448
2016-05,268997.0414849588,240.229,97.63754815318377,1.1312,108.8481,0.27,-0.257181818181818,0.06,237797.95039335112,0.7929697420700065
2016-06,271867.96679760475,241.018,88.23883979152504,1.1232,105.3509,0.27,-0.267909090909091,0.059,242047.69123718372,0.7457005171490017
2016-07,280834.71260215226,240.628,93.8662474507138,1.1055,104.191,0.3,-0.294523809523809,0.058,254034.11361569632,0.8149303699651261
2016-08,284204.7117283567,240.849,95.66847949240879,1.1207,101.2383,0.3,-0.298217391304348,0.058,253595.70958182984,0.8432078786236804
2016-09,282960.06017177674,241.428,93.18966689326987,1.1218,101.7843,0.29,-0.301636363636364,0.056,252237.52912442214,0.8161529025095844
2016-10,281530.77688464767,241.729,98.71414004078858,1.1014,103.9075,0.33,-0.309,0.056,255611.74585495522,0.862556194516488
2016-11,284914.8585122363,241.353,103.71901200997053,1.0792,108.443,0.45,-0.312681818181818,0.056,264005.6138919906,0.8862472712259263
2016-12,296159.9450030622,241.432,108.28444368910037,1.0545,115.9981,0.51,-0.315761904761905,0.056,280853.43290949473,0.8852554515349675
2017-01,300420.1332654752,242.839,107.87072286426466,1.0635,114.8721,0.51,-0.325545454545455,0.056,282482.49484294804,0.8829813572526924
2017-02,308162.7878569557,243.603,108.31061636075232,1.065,112.9116,0.52,-0.3286,0.056,289354.7303821181,0.9007055896730041
2017-03,313555.8449599629,243.801,107.12247903920235,1.0691,112.9165,0.74,-0.329347826086957,0.056,293289.5378916499,0.887370275474354
2017-04,313076.0472770677,244.524,108.75107636528439,1.0714,110.091,0.8,-0.330388888888889,0.056,292212.1031146796,0.921998268461867
2017-05,318377.55910982005,244.733,111.32205982324948,1.105,112.2436,0.89,-0.329454545454545,0.056,288124.4878821901,0.897547348280011
2017-06,324036.4083715566,244.955,113.4909925220938,1.1233,110.9141,0.98,-0.33,0.056,288468.27060585475,0.9109171437145782
2017-07,327241.025646102,244.786,112.87774756401541,1.153,112.417,1.07,-0.330428571428571,0.075,283817.0213756305,0.8708573787746499
2017-08,328055.4649372549,245.519,111.29753002492636,1.1813,109.827,1.01,-0.329086956521739,0.056,277707.15731588495,0.8578595723559169
2017-09,333482.60926397296,246.819,115.31996374348515,1.1913,110.776,1.03,-0.329380952380952,0.056,279931.6790598279,0.8738515807656133
2017-10,342605.5129291961,246.663,124.69754135508724,1.1755,112.9148,1.07,-0.329545454545455,0.063,291455.13647741056,0.9394731824675746
2017-11,348054.2923677006,246.669,128.73872648991613,1.1743,112.819,1.23,-0.329,0.063,296392.99358571117,0.9717351262476865
2017-12,358093.22323097487,246.524,128.96521640607295,1.1836,112.9405,1.32,-0.327894736842105,0.063,302545.81212485203,0.9647569784434039
2018-01,375507.34613970254,247.867,130.85367097212782,1.2197,110.871,1.41,-0.328454545454546,0.068,307868.6120682976,0.9676424722417013
2018-02,364671.62718214147,248.991,125.01835486063902,1.234,107.97,1.57,-0.3285,0.068,295519.9571978456,0.9383298204468452
2018-03,364911.13239598967,249.554,121.54033537276229,1.2334,106.0468,1.7,-0.327904761904762,0.097,295857.89881302876,0.9292207905862364
2018-04,358842.82656968996,250.546,127.2822909585316,1.227,107.6562,1.76,-0.32845,0.097,292455.4413770904,0.9635724506202239
2018-05,365885.68200889096,251.588,125.77509630636754,1.1823,109.6882,1.86,-0.325227272727273,0.078,309469.4087870177,0.9698555586194272
2018-06,373620.4603700149,251.989,126.3568434171765,1.1679,110.0638,1.9,-0.322047619047619,0.078,319907.9205154679,0.9829888839315106
2018-07,379531.52260298847,252.006,127.76863811466123,1.1685,111.521,1.96,-0.320727272727273,0.091,324802.3299982785,0.9804803490551947
2018-08,388838.1944288676,252.146,129.53291411738047,1.1547,110.9965,2.03,-0.319,0.091,336743.91134395736,1.0106521066455143
2018-09,395374.7974773522,252.439,136.6419669159302,1.1667,112.0974,2.13,-0.31885,0.05,338883.00118055387,1.044790866600504
2018-10,380162.2133273009,252.885,124.18116927260365,1.1488,112.7218,2.25,-0.317695652173913,0.05,330921.1466985558,0.9589664263752102
2018-11,372274.979510199,252.038,126.62055291185135,1.1364,113.338,2.33,-0.316363636363636,0.05,327591.4990410058,0.983099410980923
2018-12,351572.4927110031,251.233,113.38528212100611,1.138,112.1994,2.37,-0.311894736842105,0.05,308938.9215386671,0.888022333820911
2019-01,357679.03953323717,251.712,117.68349195558577,1.1418,108.9605,2.37,-0.308,0.03,313258.9240963717,0.9459243829216412
2019-02,378532.33671928674,252.776,121.14865171085428,1.1349,110.44,2.39,-0.30845,0.03,333538.05332565575,0.966572847906624
2019-03,385910.7717739166,254.202,120.13261953319737,1.1296,111.1443,2.4,-0.309190476190476,0.05,341634.89002648427,0.9568614728353378
2019-04,400283.42517454026,255.548,126.09749603444368,1.1234,111.6414,2.38,-0.31045,0.05,356314.2470843335,1.0054182617493137
2019-05,394156.2842853014,256.092,116.70739859506004,1.1187,109.9714,2.35,-0.311863636363636,0.049,352334.21318074677,0.948647784442711
2019-06,399697.55328560114,256.143,120.52979832313618,1.1295,108.0685,2.17,-0.3289,0.049,353871.22911518475,0.9874362602192532
2019-07,414999.74267703184,256.571,121.92119873102196,1.1211,108.2864,2.1,-0.364869565217391,0.049,370171.92282314855,1.0042942025804933
2019-08,401996.3292698002,256.558,117.29192159528664,1.1129,106.1886,1.95,-0.407681818181818,0.009,361215.1399674726,0.9925081094456711
2019-09,414403.2342595586,256.759,123.24858372988896,1.1011,107.54,1.89,-0.417571428571429,0.009,376353.859104131,1.0408428007474373
2019-10,414447.794404563,257.346,129.88352594606843,1.1058,108.1368,1.65,-0.412869565217391,0.009,374794.5328310391,1.0861854241648177
2019-11,432827.07761405007,257.208,131.96187400861092,1.1051,108.8579,1.54,-0.401285714285714,0.018,391663.26813324593,1.0969502803745932
2019-12,443518.91234840074,256.974,134.01665533650578,1.1114,109.101,1.54,-0.3947,0.021,399063.26466474787,1.1052477801024776
2020-01,458366.0172326741,257.971,131.45921142080218,1.1098,109.2667,1.52,-0.391136363636364,0.021,413016.7753042658,1.0840728684521306
2020-02,458930.78271984216,258.678,119.77656922728302,1.0911,110.0295,1.52,-0.40885,0.021,420612.9435613988,0.9976958694009505
2020-03,372116.80775690486,258.115,107.16638341264445,1.1046,107.6673,0.29,-0.416636363636364,0.006,336879.23932365095,0.901093202357229
2020-04,388187.4849472025,256.389,114.39887831407205,1.0871,107.7386,0.14,-0.25405,-0.039,357085.35088510945,0.9767444284847303
2020-05,411041.88849116117,256.394,123.94000679809652,1.0907,107.2,0.13,-0.27195,-0.042,376860.6294042002,1.060013550777473
2020-06,437794.00075792253,257.797,126.2641060503059,1.1259,107.5782,0.16,-0.376,-0.042,388839.15157467144,1.042451397194665
2020-07,453010.3730528193,259.101,122.98889644232948,1.1488,106.6818,0.13,-0.444130434782609,-0.065,394333.5420028023,1.0035318092891452
2020-08,479705.30526050867,259.918,131.08860185814638,1.1831,106.0129,0.1,-0.479714285714286,-0.065,405464.7157979111,1.0451647699111515
2020-09,476694.2794963439,260.28,131.34556990709268,1.1785,105.589,0.11,-0.491363636363636,-0.055,404492.3882022434,1.0555216984436304
2020-10,484919.782086706,260.388,130.16728982551552,1.1768,105.2095,0.1,-0.509136363636364,-0.055,412066.4361715721,1.0513425613526324
2020-11,504091.8252208578,260.229,149.74858372988896,1.1826,104.4061,0.09,-0.520857142857143,-0.055,426257.25115918973,1.2128273322313883
2020-12,525564.2890623915,260.474,155.47343077271697,1.2168,103.7952,0.09,-0.538090909090909,-0.055,431923.3144825702,1.2310046996829718
2021-01,540252.8363677218,261.582,156.71532970768183,1.2178,103.7883,0.08,-0.54715,-0.055,443630.18259789934,1.2399012919129202
2021-02,553710.8368093257,263.014,164.09477679583048,1.2094,105.3774,0.04,-0.5411,-0.055,457839.2895727846,1.287589167503951
2021-03,558256.2267843778,264.877,165.30024926353954,1.1902,108.6991,0.03,-0.539086956521739,-0.065,469044.04871818004,1.277696232712739
2021-04,591872.4665811609,267.054,163.22586675730795,1.1965,109.0445,0.02,-0.53815,-0.065,494669.8425249987,1.2510438002924757
2021-05,596372.9873170536,269.195,163.4946748243825,1.2146,109.112,0.02,-0.540095238095238,-0.065,491003.61214972305,1.2336666334608317
2021-06,607170.7805839451,271.696,163.10633355993653,1.2048,110.1073,0.04,-0.542909090909091,-0.072,503959.8112416543,1.2295317653008873
2021-07,625805.5322792026,273.003,154.5637321549966,1.1821,110.2143,0.05,-0.544818181818182,-0.072,529401.5161823895,1.1863570948060174
2021-08,639485.9311100814,273.567,159.12950373895308,1.1767,109.8527,0.05,-0.547590909090909,-0.072,543457.0673154426,1.2310458241365674
2021-09,638951.1141006419,274.31,166.85168819397234,1.1765,110.161,0.04,-0.545045454545454,-0.072,543094.8696138052,1.2873919940372736
2021-10,641844.8600502325,276.589,163.67941309766596,1.16,113.1215,0.05,-0.549809523809524,-0.072,553314.5345260625,1.2473574194611468
2021-11,672303.3229275205,277.948,157.61250849762064,1.1416,113.965,0.05,-0.567363636363636,-0.072,588913.2120948848,1.2114492522340368
2021-12,674092.212279409,278.802,163.10735327441648,1.1301,113.8329,0.06,-0.58195652173913,-0.049,596488.9941415883,1.2679112799583763
2022-01,660266.4577082982,281.148,152.9683888511217,1.1317,114.8255,0.15,-0.560142857142857,-0.049,583428.8748858339,1.1771506083233911
2022-02,641108.069584069,283.716,150.276569227283,1.1349,115.2763,0.33,-0.53150000005,-0.049,564902.695906308,1.1486656846370746
2022-03,635391.9584144903,287.504,157.6106390210741,1.1019,118.5774,0.44,-0.495434782608696,-0.049,576633.0505622019,1.2062613792474794
2022-04,636151.8783838983,289.109,152.09551325628823,1.0803,126.3743,0.76,-0.447894736842105,-0.049,588865.943149031,1.114072011382587
2022-05,586077.6062122281,292.296,154.54226150011328,1.0567,128.8486,0.98,-0.385727272727273,-0.049,554630.0806399432,1.1350522441861712
2022-06,566338.6562529797,296.311,149.51869476546565,1.0567,133.9619,1.49,-0.239227272727273,0.005,535950.2756250399,1.0562397103725478
2022-07,568975.5873837762,296.276,157.4985270790845,1.0168,136.709,2.23,0.0366190476190476,-0.031,559574.7318880568,1.133036374688787
2022-08,605664.930105171,296.171,159.14077724903692,1.0129,135.2835,2.63,0.394739130434783,-0.02,597951.3575922314,1.161368582010051
2022-09,561593.4978581215,296.808,146.93638114661226,0.9899,143.2843,3.13,1.01086363636364,-0.016,567323.4648531382,1.0359514650925528
2022-10,544240.1482989957,298.012,156.2851801495581,0.9853,147.0515,3.72,1.42766666666667,-0.016,552359.8379163663,1.0786482818087568
2022-11,573010.2513849937,297.711,158.44657829141173,1.0192,142.445,4.15,1.82522727272727,-0.016,562215.7097576468,1.0913806268682107
2022-12,573078.8588842122,296.797,147.8274416496714,1.0591,134.9148,4.25,2.06347619047619,-0.015,541099.8573167899,1.034566708334885
2023-01,580972.2877739086,299.17,154.81027645592567,1.0777,130.4475,4.54,2.34486363636364,-0.006,539085.3556406315,1.1011998485312355
2023-02,599260.5771538708,300.84,155.48130523453432,1.0702,133.0463,4.65,2.64035,0.001,559951.9502465621,1.0919693028473787
2023-03,583772.3955636849,301.836,158.8572399728076,1.0711,133.6643,4.69,2.9105652173913095,-0.008,545021.375748002,1.109587524328763
2023-04,607103.2753337048,303.363,163.4740539315658,1.0962,133.4745,4.92,3.167,-0.001,553825.2830995299,1.1172766750797407
2023-05,611583.8932212611,304.127,174.98232494901427,1.0867,137.0532,5.14,3.3664347826087,-0.019,562790.0002036083,1.1748849358041469
2023-06,641811.5597729154,305.109,188.01858146385678,1.084,141.3581,5.16,3.53586363636364,-0.003,592077.0846613611,1.2270175949532904
2023-07,666690.9198043885,305.691,187.9232948107863,1.1067,140.936,5.25,3.67180952380952,-0.003,602413.4090579096,1.204838306345674
2023-08,660042.2439642978,307.026,184.7911851348289,1.091,144.7804,5.3,3.78030434782609,-0.003,604988.3079416112,1.1698945775108536
2023-09,653750.7127223754,307.789,180.47598005891683,1.0672,147.845,5.32,3.88004761904762,0.024,612585.0006768885,1.1438444010111997
2023-10,633898.3400141096,307.671,174.81786766372082,1.0565,149.5933,5.34,3.96763636363636,-0.012,599998.4287876097,1.1061249144222662
2023-11,663072.6756392348,307.051,189.70592567414457,1.0819,149.679,5.27,3.97163636363636,0.024,612877.9699040898,1.171474671075669
2023-12,697392.4148400695,306.746,189.57721504645363,1.0909,143.9815,5.24,3.93309523809524,0.052,639281.7076176272,1.2069645194968255
2024-01,717701.4986827763,308.417,205.56713120326307,1.0899,146.2943,5.22,3.9252727272727297,0.025,658502.1549525427,1.2892573539316246
2024-02,747841.8908052652,310.326,221.87961704056198,1.0793,149.615,5.24,3.92319047619048,0.027,692895.2939917217,1.3740422713028666
2024-03,772389.1193587614,312.332,228.69612508497622,1.087,149.8186,5.24,3.9223809523809514,0.109,710569.5670273794,1.4043117436513373
2024-04,764599.4990909802,313.548,217.57115341037843,1.0724,153.89,5.24,3.88636363636364,0.109,712979.7641654048,1.3183602773614778
2024-05,783847.0553577553,314.069,218.03704962610468,1.081,155.8691,5.25,3.81365217391304,0.129,725112.9096741492,1.294030685742227
2024-06,811682.991371404,314.175,224.24133242692045,1.0763,157.86,5.24,3.7245,0.149,754141.959835923,1.3198063895254541
2024-07,831004.2271168822,314.54,221.51495581237253,1.0847,157.5182,5.2,3.68482608695652,0.166,766114.3423221925,1.2964706003775828
2024-08,822944.3488743163,314.796,218.94261273510082,1.102,146.2641,5.05,3.54759090909091,0.255,746773.4563287806,1.35834772182065
2024-09,845351.7473380448,315.301,214.8173011556764,1.1104,142.954,4.72,3.43371428571428,0.256,761303.8070407463,1.3532981591738498
2024-10,872002.2551247432,315.664,221.3984251076365,1.0895,149.8909,4.51,3.16660869565217,0.256,800369.2107615817,1.3557263134173563
2024-11,893649.4608944369,315.493,216.45156356220255,1.0621,153.7126,4.42,3.0067619047619,0.362,841398.6073763646,1.3258239193613042
2024-12,906794.9733757664,315.605,226.00577838205302,1.0472,153.8143,4.27,2.81609090909091,0.386,865923.3893962629,1.4031147695762807
2025-01,903005.3278653529,317.671,224.18133922501698,1.0356,156.4819,4.21,2.7031304348,0.76727,871963.4297656941,1.3833857787744983
2025-02,912894.4101340269,319.082,210.48889644232946,1.0413,151.5716,4.22,2.52495,0.79182,876687.2276327927,1.3336304033112925
2025-03,860231.1644740832,319.799,201.77634262406525,1.0813,149.0576,4.2,2.4424285714,0.82091,795552.7277111656,1.2519008044411515
2025-04,813601.0633986634,320.795,204.19997733967818,1.1232,144.1286,4.21,2.2481818182,0.78364,724359.9211170437,1.2613872203518688
2025-05,881458.4583659528,321.465,215.07534556990709,1.1274,144.8762,4.25,2.0912727273,0.77545,781850.6815380104,1.3167870677882394
2025-06,915661.1902338159,322.561,229.3643213233628,1.1534,144.4835,4.23,1.9836190476,0.77273,793879.998468715,1.3763461161850628
2025-07,957120.4611642571,323.048,232.66383412644458,1.1671,147.2014,4.25,1.9863478261,0.77273,820084.3639484681,1.3542812668344584
2025-08,975203.3704077277,323.976,242.0035690006798,1.1647,147.4786,4.12,2.0210952381,0.77273,837300.0518654826,1.408895198861279
2025-09,1002837.4296703452,324.8,254.5469635168819,1.1739,147.8629,3.92,2.0272727273,0.81818,854278.4135534076,1.4664849098329542
2025-10,1026939.9659245556,325.21200000000005,296.9144572852934,1.1641,151.3545,3.82,2.0344347826,0.80909,882175.0415982782,1.6851777553028167
2025-11,1028737.7767564328,324.122,284.6924427826875,1.1558,155.1411,3.78,2.04165,0.80636,890065.5621703002,1.587692460074564
2025-12,1046862.9039106277,324.054,285.17720371629275,1.171,155.915,3.59,2.0457826087,1.07273,893990.5242618511,1.5619603748834372
2026-01,1059503.2251175405,325.252,302.0782347609336,1.1744,156.6505,3.57,2.0277272727,1.11636,902165.5527227012,1.6419941548109094
2026-02,1055123.687397683,326.785,333.39151370949463,1.1824,155.1016,3.6,,1.22909,892357.651723345,1.8179161252150189
2026-03,1019509.5661784962,330.213,289.2800815771584,1.1557,158.6827,3.61,,1.26882,882157.6241053009,1.577407264488273
2026-04,1066897.395335058,333.02,335.8538409245411,1.1697,159.1173,3.61,,1.24182,912111.990540359,1.8045064081966633
2026-05,1137790.3859722358,335.123,375.76195331973713,1.1681,158.153,3.6,,,974052.2095473298,2.034020597023033
2026-06,1144580.0602137812,336.17449999999997,396.90867890324046,1.1516,160.77,3.66,,,993904.1856667083,2.143798325841062
